GO:0005765	7.602	15	0.0012200000	0.3716650000	15	25	25	lysosomal membrane	108011239,108013190,108016277,108009094,108018907,108005607,108014616,108005886,118877622,108005852,108014034,108009491,108019882,108011983,108011973
GO:0000463	3.335	8	0.0015600000	0.3716650000	8	12	12	maturation of LSU-rRNA from tricistronic rRNA transcript (SSU-rRNA, 5.8S rRNA, LSU-rRNA)	108018637,108016070,108019123,108018066,108020354,108015378,108018575,108008316
GO:0008235	7.249	13	0.0028900000	0.4851466667	13	16	16	metalloexopeptidase activity	108008513,108009918,108009919,108006107,108008893,108010292,108008915,108008111,108008168,108009569,108009572,108009570,108009571
GO:0005262	6.816	11	0.0055400000	0.6526370588	11	15	15	calcium channel activity	108021379,108015667,108013141,108005659,108020464,108012769,108007551,108020476,108017025,108021198,108012266
GO:0005938	6.260	9	0.0097500000	0.6526370588	9	9	10	cell cortex	108013725,108011139,108019093,108019161,108006869,108013190,108019533,108012860,108008927
GO:1902600	11.699	18	0.0121600000	0.6526370588	18	44	44	proton transmembrane transport	108006749,108017517,108009960,108015727,108014400,108009094,108008702,108020422,108020430,108005602,108018907,108015182,108016495,108014616,108018387,108006557,108011983,108011973
GO:0046513	3.321	7	0.0143200000	0.6526370588	7	10	11	ceramide biosynthetic process	108021398,108010045,108005756,108019858,108017225,108021235,108004755
GO:0018279	1.159	4	0.0145900000	0.6526370588	4	7	7	protein N-linked glycosylation via asparagine	108015167,108005046,108020728,108021263
GO:0005925	5.499	9	0.0155200000	0.6526370588	9	11	11	focal adhesion	108019071,108013737,108006797,108017505,108008811,108012911,108009431,108006504,108009618
GO:0000339	1.705	4	0.0160500000	0.6526370588	4	5	5	RNA cap binding	108016064,108016920,108014795,108018590
GO:0046680	1.285	4	0.0161700000	0.6526370588	4	5	5	response to DDT	108017524,108009231,108019629,108015390
GO:0046701	1.285	4	0.0161700000	0.6526370588	4	5	5	insecticide catabolic process	108017524,108009231,108019629,108015390
GO:0071035	2.359	5	0.0172000000	0.6526370588	5	7	7	nuclear polyadenylation-dependent rRNA catabolic process	108006686,108008678,108015722,108012947,108009204
GO:0071038	2.359	5	0.0172000000	0.6526370588	5	7	7	TRAMP-dependent tRNA surveillance pathway	108006686,108008678,108015722,108012947,108009204
GO:0006310	1.924	5	0.0172000000	0.6526370588	5	7	7	DNA recombination	108011170,108013158,108010093,108018376,108013678
GO:0005230	2.611	5	0.0181400000	0.6526370588	5	5	5	extracellular ligand-gated monoatomic ion channel activity	108008458,108017645,108018976,108018926,108012887
GO:0031012	30.343	38	0.0183300000	0.6526370588	38	77	77	extracellular matrix	108014254,108014242,108009739,108009783,108008364,108019066,108020044,108015555,108015689,108018782,108006786,108013912,108008648,108020289,108012666,108019288,108013129,108018973,108021735,108012733,108012770,108010222,108010258,108014649,108019682,108005828,108013484,108006437,108020758,108017100,108008175,108021145,108009482,108009492,108015473,108014183,108010645,108010653
GO:0050982	1.716	4	0.0214000000	0.7187294444	4	6	6	detection of mechanical stimulus	108007551,108016593,108017025,108012266
GO:0019752	1.389	4	0.0237000000	0.7419015789	4	6	6	carboxylic acid metabolic process	108006691,108009973,108015229,108005883
GO:0031167	1.955	5	0.0258500000	0.7901320000	5	9	9	rRNA methylation	108010704,108008366,108019123,108020453,108008253
GO:0003727	2.184	5	0.0289400000	0.7967183333	5	9	28	single-stranded RNA binding	108015722,108005670,108014681,108019749,108011936
GO:0043928	0.833	3	0.0293600000	0.7967183333	3	5	5	obsolete exonucleolytic catabolism of deadenylated mRNA	108008678,108009204,108014668
GO:0030008	0.792	3	0.0302600000	0.7967183333	3	7	7	TRAPP complex	108012838,108012981,108006422
GO:0000467	0.839	3	0.0307200000	0.7967183333	3	5	5	exonucleolytic trimming to generate mature 3'-end of 5.8S rRNA from tricistronic rRNA transcript (SSU-rRNA, 5.8S rRNA, LSU-rRNA)	108008678,108015722,108009204
GO:0008194	9.726	15	0.0370100000	0.9257940299	15	36	37	UDP-glycosyltransferase activity	108021477,139352909,108006012,108006010,108006011,108006058,108006051,108006062,108010195,108010196,108015384,108020709,108011867,139352512,108013688
GO:0016791	5.026	9	0.0386100000	0.9257940299	9	25	25	phosphatase activity	108021440,108012700,108008870,108017022,108009557,108010514,108005171,108013516,108014993
GO:0000400	1.662	4	0.0472400000	0.9257940299	4	6	6	four-way junction DNA binding	108017497,108014474,108008644,108017037
GO:0005385	4.802	8	0.0472600000	0.9257940299	8	14	16	zinc ion transmembrane transporter activity	108013070,108017507,108021705,108013239,108011517,108017882,108013459,108021107
GO:0005829	107.866	121	0.0474900000	0.9257940299	121	397	413	cytosol	108020935,108014269,108018618,108017311,108020943,108009746,108008420,108020021,108008385,108007086,108012445,108016847,108013779,108016804,108019082,108016813,108017410,108013076,108005454,108021503,118876786,108016136,108013927,108021546,108021536,108021534,108021470,108020136,108019124,108004911,108007183,108016900,108016935,108006710,139353140,108013015,108013002,108011297,108016984,108009901,108009900,108013168,108010923,108005563,108013194,108018889,108007332,108021615,108007276,139352172,108010070,108018985,108018149,108018137,108018125,108015099,108015826,108011472,108014502,108011459,108018095,108018075,108020392,108011441,108015840,108013224,108016439,108005772,108018214,108018203,108019524,108020562,108012921,108012877,108012855,108006181,108014623,108009292,108005884,108016595,108016583,108015249,108006353,118877643,108005076,108008108,108018297,108012981,108021009,108005820,108021056,108013466,108014795,108015330,108004683,108005113,108009509,108009517,108014070,108020751,108017106,108020786,118877356,108017060,108021167,108012277,108017969,108005960,108005965,108004635,108013590,108013593,108016614,108007859,108011094,108007895,108005238,108011968,108013609,108008262,108012352
GO:0046961	5.942	10	0.0477900000	0.9257940299	10	33	33	proton-transporting ATPase activity, rotational mechanism	108006749,108017517,108015727,108009094,108008700,108018907,108016495,108014616,108011983,108011973
GO:0070979	0.959	3	0.0483600000	0.9257940299	3	6	6	protein K11-linked ubiquitination	108005356,108006805,108015002
GO:0000176	1.534	4	0.0485500000	0.9257940299	4	10	10	nuclear exosome (RNase complex)	108017596,108008678,108015722,108009204
GO:0005524	257.381	274	0.0525500000	0.9257940299	274	635	650	ATP binding	108020935,108020933,108018621,108020927,108005319,108005314,108014253,108015585,108016890,108020977,108017310,108014288,108020942,108014275,108014276,108008419,108009754,108005367,108005376,108005370,108019113,108013728,108021353,108010678,108013707,108008360,108020068,108013774,108021385,108013767,108013766,108008396,108007064,108020092,108019097,108019092,108013779,139353265,108015543,108011170,108016854,108005428,108005439,108015691,108018724,108013093,108008508,108005443,108006787,108017497,108010847,108009855,108007248,108016188,108019216,108007233,118877214,108019204,108021457,108020117,108016094,108016091,108020105,108016912,108004911,108020167,108016900,108020148,108004950,139353140,108013002,108013006,108016979,108009900,108013153,108010923,108017563,108021622,108021631,108009960,108007309,108021602,108021600,108008644,108007314,108018021,108018029,108012701,108007342,108019338,108007289,108007276,108021561,108020298,108019280,108009063,108010068,108009049,108011371,108014463,108010093,136117703,108014444,108014446,108009096,108018985,108006984,108021708,108016353,108005682,108015014,108015071,108020422,108019439,108020405,108016394,108021791,108019454,108015099,108018128,108020430,108009103,108020372,108020358,108018043,108018047,108020353,108020350,108009123,108011450,108006091,108009167,108009162,108015840,108014583,108014587,108018946,108005638,108005634,108014574,108013229,108013238,108006947,108016432,108013390,108016422,108016413,108012059,108021829,108017782,108015191,108006240,108015174,108006288,108012921,108020545,108018174,108018179,108009201,108011530,108009265,108010268,108015938,108009274,108009243,108010246,108009287,108009295,108017705,108005880,108005888,108016537,108016536,108020609,108020607,108016583,108008963,108008966,108015249,108019603,108006343,108005015,108018387,108009433,108009431,108017046,108018376,108009404,108017037,108010328,108011645,108009329,108010304,108021016,108014722,108009374,108005820,108012113,108013426,108012158,108012147,108021087,108015357,108015358,108015346,108007704,108015332,108004681,108012292,108007760,108019753,108019755,108015371,108014046,108020707,108019720,108014095,108017117,108005134,108018430,108011857,108009551,108020792,118877370,108009478,108021143,108005903,108021144,108005905,108014836,108013508,108010485,108021126,108021122,108014830,108016605,108014895,108021181,108014882,108015318,108017962,108013593,108012254,108014149,108016798,108019803,108007895,108005238,108017201,108018575,108010610,108011912,108011990,108009672,108011983,108011973,108005298,108018599,108013609,108013612,108021216,108021207,108014910,108008297,108012321,108014965,108013615,108014952,108013678,108014991,108012392,108012399,108011050,108012375
GO:0046933	2.525	5	0.0542700000	0.9257940299	5	14	14	proton-transporting ATP synthase activity, rotational mechanism	108009960,108020422,108015214,108014146,108020894
GO:0050482	1.834	4	0.0561300000	0.9257940299	4	7	7	arachidonate secretion	108006635,108005479,108016997,108018218
GO:0007399	7.406	10	0.0566300000	0.9257940299	10	14	14	nervous system development	108016094,108006869,108007294,108018047,108011413,108018288,108020590,108005802,108012261,108008308
GO:0090630	9.039	12	0.0568400000	0.9257940299	12	19	19	activation of GTPase activity	108016890,108020030,108016199,108006869,108006825,108011409,108015239,108015211,108015240,108005135,108013573,108021187
GO:0005634	474.270	496	0.0582300000	0.9257940299	496	1476	1549	nucleus	108020938,108007964,108007963,108014269,108020927,108005318,108014253,108018617,108018618,108020918,108019929,108020900,108016891,108016895,108014234,108014239,108009712,108019980,108019987,108020954,108007991,108020945,118877962,108018634,108017308,108018636,108009749,108009746,108017376,108009754,108016021,108009733,108008407,108009735,108016010,108009784,108019114,108019116,108019111,108019105,108016077,108009791,108007106,108016060,108016064,108013725,108013729,108019012,108008360,108019008,108004810,108004813,108021391,108020060,108016803,108011114,108012429,108012428,108021385,108021384,108013767,108013746,108019058,108020029,108015508,108019092,108011134,108020082,108016813,108019911,108007937,108015545,108011170,108016862,108016855,108005428,108017410,108017414,108014379,108005406,108005418,108006743,108009820,108010810,108010811,118876752,108017455,108017453,108017456,108013089,108005440,118876778,118876773,108021508,108009874,118876781,108021500,108016154,108005482,108017475,108005491,108007248,108021546,108007252,108021542,108010896,108009883,108008559,108016188,108019210,108009895,108009896,108021521,108019150,108008490,108013854,108013834,108007149,108013831,108016091,108019123,108010795,108019196,108016920,108011235,108019185,108004940,108016913,108016912,108004911,108020162,108021494,108013874,108013859,108020156,108015630,108011277,108016967,108016952,108012588,108016925,108020198,108012572,108016935,108006710,139353140,108013002,108014320,108015659,108009900,108013177,108006852,108006854,108013153,108013158,108006869,108013148,108010938,108016245,108017563,108009926,108013190,108013194,108018889,118877723,139352927,108010978,108008656,108021622,108010982,108009997,108006002,108021606,108007309,108017595,108009975,108007313,108007314,108017585,108020340,108021672,108018013,108007342,108021653,108016291,108021640,108007283,108007279,108021563,108007272,108010021,108010024,108012687,108009037,108020297,108019299,108013978,108013979,108011394,108009075,108009072,108014460,108013132,139352175,108010093,108009089,108015776,108013111,139352163,108010076,118877818,108013266,108015032,108005682,108017674,108015016,108008719,108015007,108015071,108020406,108006127,108019428,118877875,108015044,108012837,108007485,108021790,108007480,108020447,108021784,108021780,108015099,108012810,108009103,108009104,108020388,108018066,108006087,108020372,108006084,108012755,108011407,108007385,108021693,108015829,108011472,108015832,108015807,108010122,108020399,108020393,108011441,108010114,108006905,108013212,108009181,136116533,108015848,108009167,108010152,108015840,108017609,108014583,108013253,108017611,108006962,108013246,108014568,108013238,108015885,108017774,108017776,108008821,108016435,108015108,108005762,108016421,108021829,108015191,108006238,108015193,108007573,108018214,108020513,108015174,108006222,108019524,108006275,108009305,108009315,108020566,108018247,108012921,108012877,108009228,108010220,108011552,108012866,108018178,108010210,108012855,108009201,108020484,108011531,108006181,108011520,108010268,108009278,108009243,108013329,108013324,108009292,108005755,108013361,108013352,108012022,108017715,108017891,108016568,108005882,108016542,108016546,108016537,118877613,108020607,108019620,108019622,108019617,108016572,108006356,108005021,108005000,108007664,108006335,108015293,108018321,108007671,108006348,108010419,108017058,108010423,108011735,108009439,108018373,108018376,108006381,108008019,108009358,108009353,108012977,108011646,108012972,108009396,108014733,108011694,108014722,108011680,108005820,108014785,108013458,108012108,108013427,108021051,108005870,108005876,108012141,108013475,108012148,108012147,108005857,108015358,108014025,108017994,108017992,108007712,108017980,108015328,108015329,108007768,108019754,108020725,108014052,108015363,108015369,108014036,108005142,108019790,108018462,108009517,108014096,108020770,108007787,108018449,108018447,136117283,108020742,108018430,108009557,108009551,108011846,108009522,108018485,108009534,108005174,108011840,108008132,108017094,108021115,108021101,108008140,118877356,108010431,108005903,108005905,108013508,108014839,108013574,108012235,108005921,108012220,108013555,108021164,108012284,108015314,108004660,108012270,108016630,108017962,108005965,108012261,108013595,108014149,108020801,108007859,108006519,108019808,108016773,108014119,108005222,108020854,108007895,108018536,108015495,108018587,108008308,108020895,108019897,108018567,108011911,108020870,108017295,108009675,108009644,108005286,108011967,108009648,108011972,108005298,108011956,108010626,108005293,108018597,108005291,108009589,108010584,108010587,108011899,108009597,108009595,108021224,108009590,108008242,108021273,108012320,108021272,108014974,108014965,108012304,108013619,108008285,108021244,108021243,118879229,108014952,108004729,108011039,108011007,108004712,108012342,108021288,108012333,108007800,108011067,108016759,108015426,108004767
GO:0006607	1.017	3	0.0589000000	0.9257940299	3	6	6	NLS-bearing protein import into nucleus	108017475,108021640,108005857
GO:0007131	1.660	4	0.0592900000	0.9257940299	4	8	8	reciprocal meiotic recombination	108021385,108008644,108019454,108008966
GO:0006888	9.359	14	0.0604400000	0.9257940299	14	55	56	endoplasmic reticulum to Golgi vesicle-mediated transport	108005359,108006745,108009875,108014692,108006373,108012981,108009392,108021003,108019707,108006422,108010449,108021146,108017958,108004705
GO:0043565	14.998	19	0.0607100000	0.9257940299	19	35	35	sequence-specific DNA binding	108020954,108017308,108004813,108006743,108021508,108020162,108013874,108016282,108021790,108013300,108005730,108016535,108007654,108007671,108006381,108016630,108013595,108011911,108017295
GO:0006955	4.092	7	0.0622700000	0.9257940299	7	13	13	immune response	108018102,108019639,108019640,108013407,108005800,108015332,108008326
GO:0046512	1.841	4	0.0625000000	0.9257940299	4	6	6	sphingosine biosynthetic process	108021398,108016824,108019858,108021235
GO:0060090	7.686	11	0.0628300000	0.9257940299	11	21	22	molecular adaptor activity	118877942,108005356,108005457,108013878,108019299,108009071,108014531,108012955,108009228,108019729,108013512
GO:0005801	1.058	3	0.0657900000	0.9257940299	3	6	6	cis-Golgi network	108014692,108006422,108011872
GO:0043066	5.491	8	0.0659400000	0.9257940299	8	14	14	negative regulation of apoptotic process	108014269,108013190,108013186,108017774,108009404,108014025,108015330,108021201
GO:0043231	16.858	22	0.0693000000	0.9257940299	22	59	65	intracellular membrane-bounded organelle	108020922,108009788,108016824,139353265,108015543,108008506,118877214,108016982,108009901,108012701,108009059,108020353,108008850,108017794,108012863,108015229,108018297,108021016,108021052,108009509,108016775,108019871
GO:0004653	5.283	8	0.0703100000	0.9257940299	8	12	12	polypeptide N-acetylgalactosaminyltransferase activity	108021635,108006110,108018924,108007520,108017738,108009386,108010462,108021266
GO:0033180	1.099	3	0.0730200000	0.9257940299	3	6	6	proton-transporting V-type ATPase, V1 domain	108016495,108011983,108011973
GO:0006108	3.364	6	0.0740100000	0.9257940299	6	11	11	malate metabolic process	108016132,108021534,108010177,108014689,108015255,108009622
GO:0005657	1.109	3	0.0740300000	0.9257940299	3	5	5	replication fork	108017497,108008644,108007768
GO:0005730	22.819	29	0.0741900000	0.9257940299	29	116	118	nucleolus	108005314,118877953,108018637,108016070,108009761,108008366,108015516,108005413,108019123,108016979,108017589,108015722,108020370,108020354,108006091,108010158,108017608,108014589,108015230,108004565,108013453,108005876,108016604,108017954,108018575,108008253,108021213,108008290,108004700
GO:0031507	4.563	7	0.0752000000	0.9257940299	7	13	58	heterochromatin formation	108016010,108021367,108018895,108013266,108012756,108011972,108021232
GO:0033041	3.975	7	0.0755500000	0.9257940299	7	21	21	sweet taste receptor activity	108013710,108016177,108009006,108019510,108019509,108011843,108011847
GO:0035725	23.741	29	0.0759200000	0.9257940299	29	58	58	sodium ion transmembrane transport	108020921,108009732,108011109,108012418,108016840,108009858,108016906,108019178,108016237,108008654,108021614,108012652,108013130,108013269,108020419,108018142,108009124,108018089,108011499,108007560,118878006,108010247,118878093,108011707,108018359,108021072,108018416,108008144,108008272
GO:0016311	6.661	10	0.0777500000	0.9257940299	10	21	21	dephosphorylation	108013914,108016911,108012571,108016431,108008870,108009254,108017022,108012160,108005171,108008113
GO:0004473	2.041	4	0.0789000000	0.9257940299	4	5	5	malate dehydrogenase (decarboxylating) (NADP+) activity	108016132,108010177,108014689,108009622
GO:0000177	1.088	3	0.0793200000	0.9257940299	3	8	8	cytoplasmic exosome (RNase complex)	108017596,108008678,108009204
GO:0005200	6.034	9	0.0798100000	0.9257940299	9	18	18	structural constituent of cytoskeleton	108016809,108021437,108017674,108012756,108012911,108014809,108014833,108021232,108012396
GO:0061575	1.156	3	0.0829900000	0.9257940299	3	6	7	cyclin-dependent protein serine/threonine kinase activator activity	108021431,108004810,108005560
GO:0090575	6.728	9	0.0841100000	0.9257940299	9	16	16	RNA polymerase II transcription regulator complex	108020196,108015737,108006100,108015808,108021039,108014871,108006520,108006521,108008240
GO:0097250	0.522	2	0.0847600000	0.9257940299	2	6	6	mitochondrial respirasome assembly	108006111,108006101
GO:0140662	6.518	10	0.0850800000	0.9257940299	10	29	30	ATP-dependent protein folding chaperone	108015585,108014275,108007064,108016854,108004911,108013002,108010068,108012921,108017046,108014830
GO:0031398	2.132	4	0.0857000000	0.9257940299	4	5	5	positive regulation of protein ubiquitination	108010737,108015547,108017774,108014025
GO:0007165	71.632	78	0.0881900000	0.9257940299	78	137	138	signal transduction	108014254,108018618,108009749,108017376,108005393,108019113,108016079,108016077,108010678,108013769,108013779,108019082,108015555,108004869,139353246,108011165,108005407,108018782,108017459,108013087,108021510,108010847,108010821,108010877,108016944,108020196,108018862,108016201,108018853,108018889,108007342,108010060,108011393,108006836,108018807,136117703,108005671,108017645,108018976,108018969,108005682,108015077,108007438,108015099,108019446,108009103,108020372,108018039,108009142,108011450,108009167,108018926,108019507,108012908,108015189,108019524,108012955,108012887,108009260,108013301,108005893,108006372,108009320,108013441,108012147,108017100,108009461,108018394,108017962,108016794,108014177,108014169,108014157,108005298,108014942,108011881,108011018,108012399
GO:0000149	6.035	9	0.0884800000	0.9257940299	9	22	22	SNARE binding	108005352,108010910,108020403,108010151,108009392,108017128,108018438,118877357,108021146
GO:0006635	2.602	5	0.0905100000	0.9285221037	5	13	13	fatty acid beta-oxidation	108006643,108013728,108009187,108013318,108020882
GO:0008270	140.746	152	0.0917700000	0.9285221037	152	480	574	zinc ion binding	108007963,108015585,108005341,108006676,108006686,108019980,108005334,108016021,108009739,108010782,108009791,108008366,108008360,108020060,108012428,108008393,108012424,108011148,108020082,108020074,108007937,108016862,108014385,108014386,108006743,108006745,108017455,108017453,108013089,108016115,108018764,108014396,108016162,108019229,108009896,108007235,108021521,108020144,108008490,108019196,108020162,108020156,108021480,108016204,108021615,108021606,118877764,108018020,108021672,108007269,108012607,108013993,108019289,108009075,108010042,108010031,108006837,108009089,139352163,108015016,108008763,108012832,108015090,108009108,108006087,108011423,108007385,108018041,108015829,108010133,108015808,108006908,108015891,108017776,108013389,108009305,108018268,108009315,108010220,108006194,108011527,108018150,108011520,108011523,108009243,108009250,108015976,108013300,108005757,108014681,108017712,108012009,108005730,108013342,108013348,108016535,108020611,108015276,108008984,108019622,108006381,108008011,108013407,108009392,108011680,108021039,108013426,108013475,108013466,108007739,108014019,108015328,108015329,108006437,108007777,108014036,108019790,108018447,108009548,108021115,118877376,108021101,108021146,108010479,108013508,108009482,108017922,108005934,108015314,108012286,108015318,108016630,108005222,108014173,108010615,108011941,108009600,108011912,108011972,108009651,108010626,108010587,118877474,108012320,108014974,108014960,108013619,108004729,108021299,108013673,139352489,108004776
GO:0006334	2.920	5	0.0927400000	0.9285221037	5	15	114	nucleosome assembly	108008407,108006791,108012022,108015369,108016604
GO:0043005	45.494	50	0.0932900000	0.9285221037	50	69	72	neuron projection	108019986,108005323,108009788,108016807,108016887,139353246,108021510,108009858,108011228,108020196,108018853,108018890,108016232,108009923,108021627,108007298,108013130,108018807,108017645,108018976,108020419,108015077,108021783,108021698,108021679,108018039,108018926,108015189,108019526,108018250,108012887,108012866,108018150,108010247,108015991,108006324,108006308,108006364,108015359,108007747,108007757,108021192,108013569,108014897,108004656,108014177,108014169,108021221,108011881,108013617
GO:0042734	5.942	8	0.0968900000	0.9285221037	8	9	9	presynaptic membrane	108021532,108020331,108019327,108011396,108014531,108010247,108012968,108021079
GO:0015280	8.370	12	0.0977800000	0.9285221037	12	30	30	ligand-gated sodium channel activity	108016840,108016906,108012652,108011499,108007560,118878006,118878093,108011707,108021072,108018416,108008144,108008272
GO:0005747	4.047	7	0.0980200000	0.9285221037	7	39	41	obsolete mitochondrial respiratory chain complex I	108021372,108012490,108008640,108007492,108021798,108017975,108018578
GO:0030514	4.215	6	0.0995100000	0.9285221037	6	7	7	negative regulation of BMP signaling pathway	108019111,108013795,108015549,108019182,108020393,108009578
GO:0043014	1.241	3	0.1002600000	0.9285221037	3	6	6	alpha-tubulin binding	108019225,108018071,108009283
GO:0044666	1.305	3	0.1018100000	0.9285221037	3	4	5	MLL3/4 complex	108016886,108016855,108021291
GO:0003678	1.970	4	0.1026900000	0.9285221037	4	8	8	DNA helicase activity	108011170,108015191,108010268,108021087
GO:0006166	1.269	3	0.1034600000	0.9285221037	3	5	5	purine ribonucleoside salvage	108017410,108006710,108008656
GO:0005881	4.430	7	0.1055500000	0.9285221037	7	18	18	cytoplasmic microtubule	108009721,108013005,108006856,108007294,108020590,108005284,108013604
GO:0090090	3.822	6	0.1081600000	0.9285221037	6	10	10	negative regulation of canonical Wnt signaling pathway	108007294,108019299,108015099,108005014,108020590,108005298
GO:0035064	3.570	6	0.1097300000	0.9285221037	6	24	24	obsolete methylated histone binding	108004837,108011394,108008725,108019617,108009358,108011972
GO:0072487	1.293	3	0.1149500000	0.9285221037	3	6	6	MSL complex	108021496,108005870,108011757
GO:0047617	0.621	2	0.1185000000	0.9285221037	2	6	6	fatty acyl-CoA hydrolase activity	108010845,108012612
GO:0031011	2.270	4	0.1190100000	0.9285221037	4	10	12	Ino80 complex	108018612,108008559,108017563,108016790
GO:0022008	3.585	5	0.1240600000	0.9285221037	5	6	6	neurogenesis	108016094,108009404,108020786,108017060,108013590
GO:0003341	5.488	8	0.1259900000	0.9285221037	8	16	16	cilium movement	108021329,108018789,108008483,108009939,108018992,108021736,108014675,108010656
GO:0099078	0.652	2	0.1270000000	0.9285221037	2	6	6	BORC complex	108011739,108005227
GO:0006614	1.316	3	0.1271500000	0.9285221037	3	9	9	SRP-dependent cotranslational protein targeting to membrane	108005896,108013405,108004726
GO:0003729	38.076	43	0.1280400000	0.9285221037	43	115	134	mRNA binding	108006630,108016064,108015508,108013055,108010811,108016920,108009926,108010982,108021615,108010024,108014460,108015776,118877818,108017697,118877893,108020406,108020374,108010139,108010114,108013209,108009181,108015848,108017609,108013253,108016435,108012077,108015108,108013397,108009316,108010211,108019491,108009291,108014695,108015204,108015378,108014808,108013555,108014887,108012270,108012261,108018567,108011895,108008242
GO:0051231	2.196	4	0.1284700000	0.9285221037	4	7	7	spindle elongation	108020942,108008508,108020350,108012392
GO:0006814	5.597	8	0.1287700000	0.9285221037	8	18	18	sodium ion transport	108010856,108014436,108016300,108021818,108008877,108018206,108020794,108013553
GO:0008173	2.131	4	0.1290300000	0.9285221037	4	9	9	RNA methyltransferase activity	108004868,108006889,108009104,108019837
GO:0008139	3.694	6	0.1297100000	0.9285221037	6	13	13	nuclear localization sequence binding	108009773,108011137,108017475,108021640,108018321,108005857
GO:0003700	10.960	14	0.1301400000	0.9285221037	14	35	35	DNA-binding transcription factor activity	108016021,108021403,108019012,108012428,118877875,108021790,108007385,108015193,108010220,108006381,108018447,108005222,108010626,108004767
GO:0140664	2.134	4	0.1334800000	0.9285221037	4	8	8	ATP-dependent DNA damage sensor activity	108014253,108017497,108008644,108019454
GO:0015986	2.317	4	0.1363200000	0.9285221037	4	12	12	proton motive force-driven ATP synthesis	108009960,108015214,108014146,108020894
GO:0006086	1.398	3	0.1369800000	0.9285221037	3	5	5	pyruvate decarboxylation to acetyl-CoA	108016982,108008850,108021149
GO:0006090	3.136	5	0.1423400000	0.9285221037	5	8	8	pyruvate metabolic process	108016132,108010177,108009274,108014689,108009622
GO:0030968	3.139	5	0.1431500000	0.9285221037	5	11	11	endoplasmic reticulum unfolded protein response	108016081,108007086,108016854,108008744,108007817
GO:1990573	7.692	10	0.1435900000	0.9285221037	10	17	17	potassium ion import across plasma membrane	108016237,108008702,108013269,108018109,108020430,108018387,108020696,108021156,108005228,108011028
GO:0045892	11.255	14	0.1443300000	0.9285221037	14	30	30	negative regulation of DNA-templated transcription	108021384,108020029,108017455,108020162,108018895,108021606,108011624,108007671,108021051,108013418,108020742,108008140,108011967,108011972
GO:0006120	2.107	4	0.1446500000	0.9285221037	4	16	18	mitochondrial electron transport, NADH to ubiquinone	108021372,108007492,108017975,108018578
GO:0006508	118.926	128	0.1446900000	0.9285221037	128	483	535	proteolysis	108020983,118877974,108018657,108014281,108020943,108005387,108005373,108009739,108020991,139352732,108007135,108008464,108021416,108019107,108011107,108019072,108012427,108019066,108011148,108020074,108011181,108011183,108014385,108014386,108005406,108015689,108016115,108006771,108018764,108014396,108021501,108008513,108009888,108007235,108019120,108019189,108015656,139353139,108013161,108017567,108009918,108009919,108008651,108021615,108006040,108013967,108011308,108012607,136116457,108012678,108019281,108017634,108016347,108006107,108012832,108018069,108013212,108009173,108008826,108016437,108016418,108019514,108016451,108008893,108012952,108019571,118877563,108011527,108011523,108010259,108015949,108011591,108010252,108010258,108010292,108014645,108010272,108005757,108008941,108008915,108017870,108017869,108020611,108016587,108015293,136117164,108019640,108008108,108019691,108009405,108012989,108010318,108005833,108013491,108013478,108021082,108006437,108007777,108014047,108014078,108009548,108020788,108008146,108014802,108008111,108010426,118877361,108008176,108009482,108008168,108004607,108017919,108019830,108015473,108020800,108004794,108005208,108018512,108014195,108021234,108009568,108009569,118877474,108009572,108009570,108009571,108012353,108013673
GO:0006351	7.350	10	0.1451600000	0.9285221037	10	32	32	DNA-templated transcription	108018685,108008547,108019147,108017563,108007269,108015940,108016533,108021012,108008140,108013574
GO:0030594	9.259	11	0.1453900000	0.9285221037	11	13	13	neurotransmitter receptor activity	108020130,118878561,108010941,108017645,108018976,139352873,108018926,108012887,118878130,108012222,108010545
GO:0031080	1.403	3	0.1456600000	0.9285221037	3	8	8	nuclear pore outer ring	108006188,108021117,108007887
GO:0005759	8.051	11	0.1457500000	0.9285221037	11	35	36	mitochondrial matrix	108015585,108010704,108007064,108010923,108019251,108014466,108011573,108017046,108013524,108010485,108011936
GO:0000166	5.727	8	0.1472800000	0.9285221037	8	16	16	nucleotide binding	108013777,108015722,108008702,108020389,108015829,108010184,108019536,108014873
GO:0043984	1.433	3	0.1475600000	0.9285221037	3	6	6	obsolete histone H4-K16 acetylation	108021496,108005870,108011757
GO:0004386	3.921	6	0.1487100000	0.9285221037	6	12	12	helicase activity	108005314,108004858,108016979,108019491,108015371,108012277
GO:0030182	15.237	18	0.1488600000	0.9285221037	18	27	28	neuron differentiation	118877962,108010711,108008500,108012572,108008603,108021672,108007283,108007279,108007272,108015783,108005646,108010122,136116533,108006227,108011840,108012284,108018597,108014974
GO:0006303	1.419	3	0.1498000000	0.9285221037	3	7	7	double-strand break repair via nonhomologous end joining	108013158,108016276,108013678
GO:0032508	2.357	4	0.1580100000	0.9285221037	4	7	7	obsolete DNA duplex unwinding	108011170,108014583,108015191,108010210
GO:0015293	4.961	7	0.1603500000	0.9285221037	7	15	15	symporter activity	108010856,108014436,108016300,108021818,108018206,108020794,108013553
GO:0070971	2.349	4	0.1625600000	0.9285221037	4	7	7	endoplasmic reticulum exit site	108006745,108009392,108019707,108021146
GO:2001235	2.550	4	0.1638800000	0.9285221037	4	7	7	positive regulation of apoptotic signaling pathway	108018102,108015832,108019639,108019640
GO:0010952	1.550	3	0.1638800000	0.9285221037	3	6	6	positive regulation of peptidase activity	108018102,108019639,108019640
GO:0008656	1.550	3	0.1638800000	0.9285221037	3	6	6	cysteine-type endopeptidase activator activity involved in apoptotic process	108018102,108019639,108019640
GO:0030425	21.756	25	0.1646800000	0.9285221037	25	58	58	dendrite	108020919,108016014,108017387,108013710,108010686,108016804,108009834,108016177,108020130,118878561,108013143,108010941,108009006,108020405,139352873,108019510,108019509,108012908,108012948,108009292,108016595,118878130,108011805,108012222,108010545
GO:0031105	0.891	2	0.1653200000	0.9285221037	2	5	5	septin complex	118877942,108005457
GO:0005940	0.891	2	0.1653200000	0.9285221037	2	5	5	septin ring	118877942,108005457
GO:0032153	0.891	2	0.1653200000	0.9285221037	2	5	5	cell division site	118877942,108005457
GO:0005794	35.242	40	0.1655600000	0.9285221037	40	126	127	Golgi apparatus	108020903,108005359,108013736,108015547,108016129,108009813,108009875,108017507,108006035,108007349,108021635,136116463,108017634,108006110,108012838,108018924,108014568,108007520,108019518,108015141,108012913,108007568,108018156,108005743,108017738,118877610,108009386,108012107,108013492,108016661,108004687,108012297,108019729,108017117,108011872,108005171,108010462,108016799,108011092,108021266
GO:0005911	11.319	13	0.1661200000	0.9285221037	13	15	15	cell-cell junction	108020905,108006625,108009752,118876762,108016188,108019217,108018884,108010140,108021083,108019824,108004791,108006504,108021217
GO:0004879	12.933	15	0.1683300000	0.9285221037	15	21	21	nuclear receptor activity	108020082,108013089,108009896,108004940,108013993,108019289,108015808,108006908,108018268,108013300,108016535,108021039,108019790,108010479,108013619
GO:0045292	1.471	3	0.1685300000	0.9285221037	3	10	11	mRNA cis splicing, via spliceosome	118878586,108015327,108018590
GO:0009253	3.189	5	0.1686700000	0.9285221037	5	14	14	peptidoglycan catabolic process	108006676,108012424,108013389,118877376,108010615
GO:0008745	3.189	5	0.1686700000	0.9285221037	5	14	14	N-acetylmuramoyl-L-alanine amidase activity	108006676,108012424,108013389,118877376,108010615
GO:0008380	1.713	3	0.1694000000	0.9285221037	3	7	7	RNA splicing	108009820,108005000,108009471
GO:0018105	20.034	23	0.1720100000	0.9285221037	23	45	45	peptidyl-serine phosphorylation	108020927,108005376,108019092,108013779,108016188,139353140,108013153,108021602,108007342,108007276,108011371,108005682,108009103,108020372,108011450,108009243,108016537,108015249,108014722,108012158,108012147,108014095,108005298
GO:0031519	2.410	4	0.1720300000	0.9285221037	4	9	9	PcG protein complex	108006659,108013156,108017585,108012977
GO:0008143	1.695	3	0.1723400000	0.9285221037	3	5	5	poly(A) binding	108007172,108017595,108006181
GO:0007179	1.820	3	0.1757500000	0.9285221037	3	5	5	transforming growth factor beta receptor signaling pathway	108020099,108010809,108018281
GO:0140326	4.588	6	0.1769800000	0.9285221037	6	6	6	ATPase-coupled intramembrane lipid transporter activity	108020933,108019280,108006288,108006343,108019755,108020707
GO:0004035	4.045	6	0.1783500000	0.9285221037	6	13	13	alkaline phosphatase activity	108013914,108016911,108012571,108016431,108012160,108008113
GO:0003676	35.300	40	0.1784100000	0.9285221037	40	199	495	nucleic acid binding	108009794,108007107,108021353,108008366,139352763,108013774,108018724,118876781,108009855,108007248,108016967,108015660,108017519,108010978,118877764,108007269,139353417,108013135,136117703,108021706,108020453,108009108,108018043,108006091,108014531,108012059,108006202,108015183,108009315,108014668,108009287,108017872,108009332,108017120,108018485,118877370,108013508,108018575,108011912,108012345
GO:0046777	4.558	6	0.1790300000	0.9285221037	6	8	8	protein autophosphorylation	108010678,108016188,108007276,108016537,108015249,108014722
GO:0006493	5.999	8	0.1792100000	0.9285221037	8	15	16	protein O-linked glycosylation	108021635,108006110,108018924,108007520,108017738,108009386,108010462,108021266
GO:0006020	1.571	3	0.1821400000	0.9285221037	3	7	7	inositol metabolic process	108013769,108013301,108005076
GO:0007052	5.838	8	0.1837100000	0.9285221037	8	21	21	mitotic spindle organization	108020942,108008508,108019225,108017674,108020350,108018071,108005937,108012392
GO:0008299	2.633	4	0.1849000000	0.9285221037	4	7	7	isoprenoid biosynthetic process	108010765,108018985,108007833,108012305
GO:0006820	11.468	14	0.1862700000	0.9285221037	14	27	28	monoatomic anion transport	108010812,108005497,108021524,108009898,108021473,108006880,108005596,108015745,108008786,108013214,118877099,108018182,108008123,108021168
GO:0005525	45.448	50	0.1870300000	0.9285221037	50	149	150	GTP binding	118877942,108007993,108020997,108019041,108019080,108014358,108009816,108009813,108005457,108016197,108016199,108021462,108016986,108011297,108016201,108016263,108021598,136116463,108010031,108017674,108015011,108006109,108010162,108015141,108018203,108019528,108009235,108011521,108011573,108018194,108009252,108013306,108005740,108017709,108005893,108008014,108011645,108009383,108013419,108016661,108014809,108008141,108014833,108014891,108005928,108009614,108008292,108008290,108004726,108012396
GO:0005654	15.079	18	0.1878100000	0.9285221037	18	57	58	nucleoplasm	108015516,108020136,108016225,108017542,108013979,108021703,108011427,108017608,108011624,108012034,108005730,108015230,108016533,108005857,108004699,108021166,108011967,108021213
GO:0005753	0.818	2	0.1896000000	0.9285221037	2	9	9	obsolete mitochondrial proton-transporting ATP synthase complex	108019003,108020422
GO:0005774	1.563	3	0.1900400000	0.9285221037	3	8	8	vacuolar membrane	108016036,118877872,108009157
GO:0090263	3.636	5	0.1901500000	0.9285221037	5	7	7	positive regulation of canonical Wnt signaling pathway	108007342,108012147,108014025,108012245,108010587
GO:0048471	4.456	6	0.1915400000	0.9285221037	6	10	10	perinuclear region of cytoplasm	108015547,108013190,108018889,108012895,108019729,108014830
GO:0090158	0.835	2	0.1918200000	0.9285221037	2	5	5	endoplasmic reticulum membrane organization	108019043,108021003
GO:0005929	11.421	14	0.1921800000	0.9285221037	14	32	34	cilium	108006633,108012474,108013063,108007166,108009932,108021570,108020404,108020489,108009201,108014675,108012107,108005802,108013604,108004768
GO:0008104	7.304	9	0.1930800000	0.9285221037	9	16	16	intracellular protein localization	118877942,108020021,108011139,108005457,108016188,118877610,108009320,108013424,108004635
GO:0006744	3.309	5	0.1931900000	0.9285221037	5	12	12	ubiquinone biosynthetic process	108010765,108013493,108005167,108009457,108012305
GO:0006898	4.537	6	0.1935300000	0.9285221037	6	9	9	receptor-mediated endocytosis	108019093,108019080,108009496,108006561,108014963,108016740
GO:0006623	3.449	5	0.1939500000	0.9285221037	5	9	10	protein targeting to vacuole	108013724,108007274,108013290,108006951,108017918
GO:0006883	3.439	5	0.1944000000	0.9285221037	5	9	9	intracellular sodium ion homeostasis	108008702,108020430,108018387,108020696,108021156
GO:0030007	3.439	5	0.1944000000	0.9285221037	5	9	9	intracellular potassium ion homeostasis	108008702,108020430,108018387,108020696,108021156
GO:0036376	3.439	5	0.1944000000	0.9285221037	5	9	9	sodium ion export across plasma membrane	108008702,108020430,108018387,108020696,108021156
GO:0032580	2.645	4	0.1945000000	0.9285221037	4	6	6	Golgi cisterna membrane	108005467,108005450,108019151,108008479
GO:0000079	3.377	5	0.1960600000	0.9285221037	5	12	13	regulation of cyclin-dependent protein serine/threonine kinase activity	108021431,108010810,108021500,108007485,108009382
GO:0034475	0.829	2	0.1964400000	0.9285221037	2	7	7	U4 snRNA 3'-end processing	108008678,108009204
GO:0006265	1.652	3	0.2000400000	0.9285221037	3	5	5	DNA topological change	108005413,108021780,108008966
GO:0046592	1.620	3	0.2009100000	0.9285221037	3	6	6	polyamine oxidase activity	108009753,108007048,108010501
GO:0007635	7.620	10	0.2030500000	0.9285221037	10	35	35	chemosensory behavior	108020919,108017387,108013710,108010686,108016177,108013143,108009006,108019510,108019509,108011805
GO:0008049	7.620	10	0.2030500000	0.9285221037	10	35	35	male courtship behavior	108020919,108017387,108013710,108010686,108016177,108013143,108009006,108019510,108019509,108011805
GO:0047498	1.721	3	0.2042700000	0.9285221037	3	6	6	calcium-dependent phospholipase A2 activity	108005479,108016997,108018218
GO:0006897	9.899	12	0.2058900000	0.9285221037	12	22	22	endocytosis	108018626,108007342,108015011,118877610,108020607,108012147,108005848,108014019,108020707,108009509,108014891,118877437
GO:0005666	2.427	4	0.2059600000	0.9285221037	4	17	17	RNA polymerase III complex	108018685,108019147,108012578,108021012
GO:0009880	3.825	5	0.2065100000	0.9285221037	5	6	6	embryonic pattern specification	108007964,108006389,108007787,108018449,108007800
GO:0005875	4.411	6	0.2066700000	0.9285221037	6	10	10	microtubule associated complex	108020942,108008508,108020350,108013324,108016595,108012392
GO:0048619	2.826	4	0.2067200000	0.9285221037	4	5	5	embryonic hindgut morphogenesis	108007964,108007787,108018449,108007800
GO:0007163	3.641	5	0.2086400000	0.9285221037	5	9	9	establishment or maintenance of cell polarity	108013737,108015011,108005740,108009551,108004745
GO:0051082	11.301	14	0.2086900000	0.9285221037	14	61	73	unfolded protein binding	108015585,108014275,108016061,108021503,108013186,108009975,108010068,108010152,108008807,108013329,108012037,108020728,108014830,108011968
GO:0000813	0.875	2	0.2095400000	0.9285221037	2	6	6	ESCRT I complex	108006951,108016614
GO:0043001	1.676	3	0.2109700000	0.9285221037	3	7	7	Golgi to plasma membrane protein transport	108021470,108020105,108016661
GO:0005795	1.706	3	0.2112800000	0.9285221037	3	5	5	Golgi stack	108020105,108013414,108004705
GO:0005686	2.534	4	0.2117500000	0.9285221037	4	16	16	U2 snRNP	108021552,118878586,108013108,108004565
GO:0015630	5.100	7	0.2119000000	0.9285221037	7	22	22	microtubule cytoskeleton	118877942,108020014,108005457,108016197,108021736,108006109,108010656
GO:0008028	6.084	8	0.2122400000	0.9285221037	8	14	16	monocarboxylic acid transmembrane transporter activity	108016915,108010136,108012878,108015287,108015288,108017996,108015370,108015413
GO:0031124	0.900	2	0.2154300000	0.9285221037	2	5	5	mRNA 3'-end processing	108012435,108014695
GO:0030976	2.623	4	0.2159800000	0.9285221037	4	6	6	thiamine pyrophosphate binding	108010762,108006828,108012820,108018072
GO:0004713	4.532	6	0.2161400000	0.9285221037	6	8	8	protein tyrosine kinase activity	108020068,108013153,108009049,108009096,108009431,108010304
GO:0005543	7.276	9	0.2169200000	0.9285221037	9	17	17	phospholipid binding	108016071,108007072,108016809,108006039,108020331,108005848,108018495,108017967,108019869
GO:0042026	3.356	5	0.2172900000	0.9285221037	5	17	19	protein refolding	108007064,108010152,108013329,108017046,108011968
GO:0030127	1.686	3	0.2186900000	0.9285221037	3	6	6	COPII vesicle coat	108006745,108009392,108021146
GO:0007155	11.174	13	0.2187500000	0.9285221037	13	19	19	cell adhesion	118877974,108013709,108008364,108021378,108012480,108011139,108015555,108019288,108013119,108021735,108010222,108020703,108017100
GO:0043248	0.910	2	0.2188700000	0.9285221037	2	7	7	proteasome assembly	108005454,108009228
GO:0061640	0.991	2	0.2199600000	0.9285221037	2	6	6	cytoskeleton-dependent cytokinesis	118877942,108005457
GO:0006612	1.784	3	0.2254300000	0.9285221037	3	8	8	protein targeting to membrane	108020307,108006951,108012913
GO:0006783	0.919	2	0.2265000000	0.9285221037	2	5	5	heme biosynthetic process	108008385,108013466
GO:0045944	40.802	44	0.2278700000	0.9285221037	44	100	101	positive regulation of transcription by RNA polymerase II	108016895,108009712,108006654,108013767,108015545,108016855,108010896,108013834,108020196,108016976,108013177,108013148,108016245,108009924,108021606,108013979,108015737,108012755,108013246,108021829,108007505,108018268,136117103,108013345,108005882,108010419,108017058,108011735,108006389,108005050,108012969,108009380,108019790,108010479,108004660,108006520,108006521,108008308,108020895,108011956,108008240,108012320,108014960,108021244
GO:0051787	0.943	2	0.2284600000	0.9285221037	2	5	5	misfolded protein binding	108005826,108007817
GO:0004176	0.930	2	0.2297200000	0.9285221037	2	5	5	ATP-dependent peptidase activity	108013426,108015318
GO:0071051	0.934	2	0.2306300000	0.9285221037	2	6	6	poly(A)-dependent snoRNA 3'-end processing	108008678,108015722
GO:0016811	1.755	3	0.2306400000	0.9285221037	3	6	6	hydrolase activity, acting on carbon-nitrogen (but not peptide) bonds, in linear amides	108004579,108004576,108021131
GO:0071577	3.549	5	0.2319300000	0.9285221037	5	11	13	zinc ion transmembrane transport	108013070,108021705,108011517,108017882,108021107
GO:0006414	1.731	3	0.2328700000	0.9285221037	3	11	11	translational elongation	108014358,108018095,108014785
GO:0051056	3.835	5	0.2345200000	0.9285221037	5	7	8	regulation of small GTPase mediated signal transduction	108020030,108016154,108006222,108015211,108005135
GO:0016706	1.769	3	0.2347800000	0.9285221037	3	7	7	2-oxoglutarate-dependent dioxygenase activity	108013869,108012191,108013585
GO:0036158	2.618	4	0.2351000000	0.9285221037	4	10	10	outer dynein arm assembly	108018789,108009939,108018992,108014675
GO:0019898	4.637	6	0.2362300000	0.9285221037	6	8	8	extrinsic component of membrane	108007274,108010215,108012888,108010303,108017918,108021167
GO:0046856	4.325	6	0.2364900000	0.9285221037	6	15	16	phosphatidylinositol dephosphorylation	108006632,108020922,108021546,108016944,108017034,108013516
GO:0007005	3.464	5	0.2374300000	0.9285221037	5	19	19	mitochondrion organization	108013186,108007274,108018140,108012148,108005244
GO:0005768	10.862	13	0.2391700000	0.9285221037	13	34	34	endosome	108013868,108016277,108012602,136116463,108013107,108013270,108015141,108009252,108013306,108005848,108020707,108018495,108017238
GO:0000070	0.949	2	0.2399000000	0.9285221037	2	5	5	mitotic sister chromatid segregation	108010825,108017674
GO:0000413	3.407	5	0.2405000000	0.9285221037	5	21	23	protein peptidyl-prolyl isomerization	108009059,108006933,108017794,108012863,108014832
GO:0051726	4.430	6	0.2408100000	0.9285221037	6	14	14	regulation of cell cycle	139353140,108017774,108006222,108016533,108014025,108019868
GO:0006099	10.694	13	0.2439500000	0.9285221037	13	39	39	tricarboxylic acid cycle	108006691,108010762,108021534,108006003,108019251,108011350,108006828,108012820,108020562,108015255,118877643,108017106,108007842
GO:0006886	18.164	21	0.2441400000	0.9285221037	21	89	91	intracellular protein transport	108018627,108019093,108006745,108009875,108021533,108016908,108006039,108012602,108011396,118877872,108014529,108009426,108009392,108016661,108018403,108010449,118877357,108021146,108013573,108004726,108004705
GO:0032502	2.625	4	0.2450600000	0.9285221037	4	12	12	developmental process	108021550,108016932,108004997,108014810
GO:0046854	6.213	8	0.2452200000	0.9285221037	8	22	22	phosphatidylinositol phosphate biosynthetic process	108009755,108013769,108019914,108016277,108013301,108009433,108009439,108009617
GO:0016603	0.963	2	0.2456300000	0.9285221037	2	5	5	glutaminyl-peptide cyclotransferase activity	108011423,108015891
GO:0017186	0.963	2	0.2456300000	0.9285221037	2	5	5	peptidyl-pyroglutamic acid biosynthetic process, using glutaminyl-peptide cyclotransferase	108011423,108015891
GO:0034614	1.885	3	0.2463100000	0.9285221037	3	10	10	cellular response to reactive oxygen species	108005498,108019437,108011804
GO:0061564	1.781	3	0.2468100000	0.9285221037	3	8	8	axon development	108010896,108013177,108012755
GO:0070888	1.781	3	0.2468100000	0.9285221037	3	8	8	E-box binding	108010896,108013177,108012755
GO:0045116	0.996	2	0.2485200000	0.9285221037	2	6	6	protein neddylation	108017781,108005853
GO:0045087	10.165	12	0.2509900000	0.9285221037	12	26	26	innate immune response	108006676,108008351,108018759,108016137,108013834,108012558,108020187,108005888,108009350,108009325,108010615,108020895
GO:0006509	3.016	4	0.2529000000	0.9285221037	4	5	5	membrane protein ectodomain proteolysis	108020995,108015523,108013190,108015444
GO:0000796	2.729	4	0.2539500000	0.9285221037	4	7	7	condensin complex	108010938,108008902,108021126,108015405
GO:0032436	3.699	5	0.2558700000	0.9285221037	5	11	11	positive regulation of proteasomal ubiquitin-dependent protein catabolic process	108019299,108010042,108012147,108005905,108009651
GO:0061608	2.630	4	0.2563100000	0.9285221037	4	12	12	nuclear import signal receptor activity	108017475,108021640,108018321,108005857
GO:0048468	2.845	4	0.2563500000	0.9285221037	4	5	5	cell development	108007283,108007279,108007272,108019299
GO:0008308	0.988	2	0.2576100000	0.9285221037	2	5	5	voltage-gated monoatomic anion channel activity	108008479,108021279
GO:0035194	2.738	4	0.2593300000	0.9285221037	4	7	7	regulatory ncRNA-mediated post-transcriptional gene silencing	108005670,108018125,108019749,108012277
GO:0008239	4.652	6	0.2596700000	0.9285221037	6	12	12	dipeptidyl-peptidase activity	108020991,108013161,108017567,108006107,108016437,108014195
GO:0008420	1.062	2	0.2598700000	0.9285221037	2	7	7	RNA polymerase II CTD heptapeptide repeat phosphatase activity	108010423,108009534
GO:0051256	1.010	2	0.2604500000	0.9285221037	2	5	5	mitotic spindle midzone assembly	108011277,108019620
GO:0046983	26.479	29	0.2611500000	0.9285221037	29	73	74	protein dimerization activity	108005318,108015585,108020918,108020900,108020952,108021432,108005440,108010896,108004940,108013872,108016932,108004997,108013177,108006854,108016245,108009924,108014406,108012801,108012755,108016473,108020566,108006312,108009380,108021012,108018462,108014810,108010431,108014871,108021243
GO:0008080	2.713	4	0.2616400000	0.9285221037	4	15	15	N-acetyltransferase activity	108004892,108009842,108008875,108017109
GO:0045197	6.086	7	0.2617300000	0.9285221037	7	8	8	establishment or maintenance of epithelial cell apical/basal polarity	108009694,108011139,108019090,108016807,108010888,108018886,108017587
GO:0042802	2.758	4	0.2631300000	0.9285221037	4	8	8	identical protein binding	108010848,108006268,108013361,108005223
GO:0005802	10.265	12	0.2634000000	0.9285221037	12	26	28	trans-Golgi network	108005319,108009813,108021470,108016277,108021598,108019280,108018817,108013107,108021023,108012101,108006422,108020707
GO:0071712	1.023	2	0.2673800000	0.9285221037	2	7	7	obsolete ER-associated misfolded protein catabolic process	108018925,108020728
GO:0003994	1.865	3	0.2709300000	0.9285221037	3	5	5	aconitate hydratase activity	108020562,118877643,108017106
GO:0031145	2.734	4	0.2710500000	0.9285221037	4	13	13	anaphase-promoting complex-dependent catabolic process	108005356,108006805,108015002,108016687
GO:0006816	1.038	2	0.2714400000	0.9285221037	2	4	5	calcium ion transport	108013190,108021720
GO:0005096	24.667	27	0.2722900000	0.9285221037	27	58	61	GTPase activator activity	108016890,108005393,108016077,108020030,108006745,108017459,108016154,108010821,108016199,108011277,108006869,108005671,108013232,108005772,108006222,108019590,108015239,108015211,108019620,108015240,108007711,108005135,108018394,108013573,108021187,108016794,108012388
GO:0005770	3.722	5	0.2739900000	0.9285221037	5	10	11	late endosome	108009813,108013290,118877622,108006358,108009426
GO:0005769	4.521	6	0.2742000000	0.9285221037	6	18	20	early endosome	108021533,108018945,108018907,108017034,108010445,108021187
GO:0003746	2.709	4	0.2743800000	0.9285221037	4	15	15	translation elongation factor activity	108014358,108021462,108018095,108014785
GO:0004672	20.999	23	0.2749600000	0.9285221037	23	46	48	protein kinase activity	108018621,108016890,108019113,108021631,108015014,108009162,108014587,108006947,108017782,108006240,108015174,108011530,108009265,108010246,108011645,108005134,108005905,108014895,108012254,108011990,108012339,108012399,108011050
GO:0005665	1.877	3	0.2768800000	0.9285221037	3	12	12	RNA polymerase II, core complex	108013872,108007269,108015940
GO:0006627	1.308	2	0.2777100000	0.9285221037	2	4	5	protein processing involved in protein targeting to mitochondrion	108007646,108019605
GO:0004568	5.555	7	0.2786200000	0.9285221037	7	16	17	chitinase activity	108020907,108007102,108009767,118876761,108015177,139352551,108015400
GO:0006032	5.555	7	0.2786200000	0.9285221037	7	16	17	chitin catabolic process	108020907,108007102,108009767,118876761,108015177,139352551,108015400
GO:0042995	3.780	5	0.2792000000	0.9285221037	5	10	10	cell projection	108007072,108016809,108021546,108012870,108005740
GO:0006383	2.065	3	0.2792600000	0.9285221037	3	6	6	transcription by RNA polymerase III	108012578,108020801,108020840
GO:0035249	6.515	8	0.2794500000	0.9285221037	8	13	13	synaptic transmission, glutamatergic	108014284,108017428,108005596,108007365,108020331,108013538,108011995,108013611
GO:0043087	6.623	8	0.2805300000	0.9285221037	8	14	14	regulation of GTPase activity	108016831,108019122,108016305,108013262,108015225,108004683,108006422,108014942
GO:0008236	4.045	5	0.2809500000	0.9285221037	5	6	6	serine-type peptidase activity	108005373,108020991,108013161,108016437,108005208
GO:0000175	2.828	4	0.2817800000	0.9285221037	4	10	10	3'-5'-RNA exonuclease activity	108017596,108006022,108015722,108009560
GO:0006488	1.055	2	0.2820500000	0.9285221037	2	7	7	dolichol-linked oligosaccharide biosynthetic process	108018921,108021252
GO:0003712	13.043	15	0.2824700000	0.9285221037	15	44	45	transcription coregulator activity	108009733,108019105,108016060,108020029,108013040,108017489,108005482,108013185,108021606,108007505,108005882,108009396,108014733,108014036,108021154
GO:0006261	2.770	4	0.2826600000	0.9285221037	4	14	14	DNA-templated DNA replication	108013777,108017792,108014882,108016778
GO:0008076	5.991	7	0.2850800000	0.9285221037	7	7	7	voltage-gated potassium channel complex	108010674,108019327,108009281,108021079,108012318,108014955,108016735
GO:0006139	2.813	4	0.2856600000	0.9285221037	4	11	11	nucleobase-containing compound metabolic process	108009794,108017519,108015191,108012113
GO:0005788	1.057	2	0.2857100000	0.9285221037	2	6	6	endoplasmic reticulum lumen	108015548,108017840
GO:0016887	76.377	80	0.2883100000	0.9285221037	80	185	189	ATP hydrolysis activity	108020933,108005319,108015585,108020977,108017310,108014288,108014275,108014276,108008419,108013728,108019097,139353265,108015543,108015691,108018724,108005443,108007233,118877214,108021457,108016094,108020105,108013006,108017563,108007314,108018021,108012701,108021561,108019280,108009063,108010068,108014444,108014446,108021708,108016353,108020422,108016394,108019454,108018128,108020430,108020358,108020353,108009123,108005634,108014574,108013229,108016432,108006288,108018174,108018179,108010210,108017705,108006343,108018387,108010328,108021016,108013426,108007704,108012292,108019755,108014046,108020707,108020792,108009478,108021143,108005903,108021144,108021126,108021122,108014830,108016605,108021181,108015318,108013593,108016798,108006559,108010610,108011983,108011973,108013612,108004726
GO:0008934	1.063	2	0.2892900000	0.9285221037	2	6	6	inositol monophosphate 1-phosphatase activity	108013769,108013301
GO:0009790	9.684	11	0.2921600000	0.9285221037	11	16	16	embryo development	108007964,108009694,108016807,108005491,108010888,108017585,108007787,108018449,108017094,108018587,108007800
GO:0004674	44.321	47	0.2930100000	0.9285221037	47	102	103	protein serine/threonine kinase activity	108020927,108009754,108013766,108020092,108019092,108004880,108005428,108020117,108016912,108004950,139353140,108009900,108013153,108007309,108021602,108007342,108007276,108020298,108011371,108005682,108015099,108009103,108020372,108011450,108009167,108020545,108009201,108016537,108016536,108008963,108015249,108009329,108012158,108012147,108015358,108015346,108014095,108017117,108009551,108014149,108011092,108016773,108019803,108007895,108005298,108018599,108021207
GO:0045202	31.182	33	0.2943200000	0.9285221037	33	50	50	synapse	108006625,108019970,108019080,108004869,139353246,108009834,108021510,108020196,108018853,108016232,108019326,108013990,108018807,108017645,108018976,108015077,108011409,108018039,108018926,108014568,108015189,108012887,108012866,108009292,108016595,108013451,108021095,108015326,108018438,108014177,108014169,108009600,108011881
GO:0007094	1.918	3	0.2949400000	0.9285221037	3	9	9	mitotic spindle assembly checkpoint signaling	108010825,108011427,108015174
GO:0043186	6.584	8	0.2959300000	0.9285221037	8	17	17	P granule	108021354,139353041,108018125,108010278,108007671,108009428,108018430,108012277
GO:0008081	2.032	3	0.2966600000	0.9285221037	3	6	6	phosphoric diester hydrolase activity	108019348,108013217,108017958
GO:0000462	5.690	7	0.2977600000	0.9285221037	7	19	19	maturation of SSU-rRNA from tricistronic rRNA transcript (SSU-rRNA, 5.8S rRNA, LSU-rRNA)	118877953,108016979,108020370,108005876,108017954,108015488,108004700
GO:0043025	18.091	20	0.2984600000	0.9285221037	20	52	52	neuronal cell body	108020919,108009788,108017387,108013710,108010686,108021376,108016887,108016177,108013143,108005593,108013190,108009006,108014433,108019510,108019509,108017782,108016595,108011805,108004656,108009593
GO:0006811	10.388	12	0.2985100000	0.9285221037	12	23	23	monoatomic ion transport	108005324,108014284,108008458,108017428,108016093,108016232,108007365,108020349,108011769,108013548,108006527,108011995
GO:0005793	3.685	5	0.2988600000	0.9285221037	5	22	22	endoplasmic reticulum-Golgi intermediate compartment	108009875,108006373,108013414,108011872,108017958
GO:0000226	15.254	17	0.3010600000	0.9285221037	17	37	37	microtubule cytoskeleton organization	108020014,108013766,108011139,108007166,108013005,108021570,108020404,108019526,108009283,108016595,108008963,108014809,108014833,108012278,108013604,108021207,108012396
GO:0017056	4.645	6	0.3046200000	0.9285221037	6	19	19	structural constituent of nuclear pore	108009773,108011137,108006188,108021073,108021136,108021117
GO:0006357	223.005	228	0.3053000000	0.9285221037	228	556	567	regulation of transcription by RNA polymerase II	108007964,108014269,108005318,108018617,108020918,108019929,108020900,108016891,108014234,108014239,108019980,108020954,108014280,108007991,108020945,118877962,108017308,108016021,108021403,118878410,108019008,108004810,108004813,108016803,108011114,108012428,108013746,108020099,108019094,108011134,108020082,108007937,108013040,108005416,108006743,118876752,108017453,108017456,108010809,108013089,108005440,118876778,118876773,108017425,108021508,108008547,108017489,108005491,108013929,108021547,108021542,108009883,108009896,108021521,108013854,108007149,108010795,108019196,108004940,108016913,108013874,108013859,108020156,108014302,108012588,108016925,108012572,108016932,108004997,108014320,108006852,108006854,108013156,108009926,118877723,108008655,108006002,108017585,108020340,108021672,108021653,108007283,108007279,108021563,108007272,108012687,108011357,108020297,108013993,108019289,108020277,108010054,108013132,139352175,108009089,108013111,108010076,108021703,108015032,108006115,108006127,118877875,108006100,108008761,108015044,108018146,108021784,108012801,108020428,108012810,108020388,108006087,108020368,108011407,108007385,108020361,108010139,108015808,108018087,108010122,108020394,108006908,108010181,108006905,136116533,108013253,108017611,108008821,108016421,108016473,108015131,108009305,108020568,108020566,108018247,108010220,108010204,108020499,108020484,108011531,108011520,108011596,108009278,108010279,108013361,108012034,108017715,108013348,108016568,108016546,108016533,108006356,108005000,108007664,108009353,108012977,108011646,108018281,108010308,108009396,108011694,108013452,108013458,108021039,108012141,108013475,108017992,108004686,108007712,108020725,108016692,108015363,108005142,108018462,108011800,108007787,108018449,108018447,108019767,108009522,108005174,108011840,108017094,108021115,108014810,108010431,108021154,108008188,108005921,108021164,108014871,108012283,108012284,108016630,108013595,108006519,108005222,108015495,108018587,108009634,108019897,108011911,108017295,108009648,108010626,108018597,108010584,108009595,108021273,108014974,108013627,108012301,108012304,108013619,108008285,108021243,118879229,108011039,108011007,108004712,108013672,108012333,108007800,108007806,108011067,108016759,108015426,108004767
GO:0071013	8.344	10	0.3062600000	0.9285221037	10	44	44	catalytic step 2 spliceosome	118877925,108009820,108021552,118878586,108009102,108010133,108014589,108019491,108014764,108021092
GO:0005681	4.763	6	0.3070200000	0.9285221037	6	25	25	spliceosomal complex	108021438,108015676,108006202,108011720,108015327,108006559
GO:0005044	5.718	7	0.3079900000	0.9285221037	7	13	14	scavenger receptor activity	108020920,108013081,108015672,108006812,108008009,108013568,108006546
GO:0016020	263.205	269	0.3085200000	0.9285221037	269	762	773	membrane	108020930,108014260,108018627,108020920,108020919,108015566,108020977,118877974,108006680,108014297,108005324,108014288,108007997,108009745,108016047,108016030,108016037,108009722,108018670,108009781,108008458,108007101,108010757,108021406,108008436,108008443,108017387,108020021,108013709,108013710,108010686,108010674,108021398,108011110,108021379,108004855,108012480,108012484,108016824,108019086,139353265,108016887,108015543,108015549,108014201,108011161,108005419,108015694,108014365,108014357,108010812,108005472,108013070,108010856,108009877,108005485,108005486,108005498,108018792,108007233,108009898,118877214,108016177,108007174,108021457,108007155,108016093,108016915,108011232,108007183,108012597,108015605,108011256,108016944,108015672,108016998,108011296,108016983,108006880,108013143,108017507,108016237,108005563,108005564,108005569,108009989,108009995,108016269,108007361,108018021,108012701,108018008,108021638,108007268,108021561,108009006,108012648,108015727,108006812,108014436,108013291,108017647,108016300,108013269,108021708,108008744,108016353,108017673,108019437,108008786,108016393,108015045,108006151,108018140,108019478,108020448,108011417,108007389,108011409,108020358,108009146,108018098,108010135,108010136,108009124,108018083,108015810,108014528,108009163,118877099,108009172,108014580,108005602,108010194,108019510,108021818,108019509,108012910,108015182,108008877,118877513,108018206,108007551,108015167,108016495,108006276,108006286,108012952,108007597,108007598,108006268,108012878,108018182,108009234,108018174,108018179,108009202,108019490,108012862,139352310,108012893,108012895,108015992,108015997,108009281,108005759,108013355,108017705,118877610,118877629,108008952,108007632,108006308,108015249,108020663,108006364,108017000,108005001,108019656,108015287,108015288,108011746,108005046,108009401,108009408,118877679,108017025,108010328,108018297,108006298,108008009,108021016,108017812,108013438,108013440,108021061,108021042,108013426,108005865,108013497,108017996,108015337,108012292,108007769,108020729,108015370,108014046,108018403,108020703,108011804,108011805,108010526,108011843,108011847,108008205,108008207,108020794,108020792,108014805,108009478,108009473,108017072,118877357,108008123,108021155,108021143,108021144,108010491,108021131,108014840,108008165,108017919,108021189,108021185,108013568,108013548,108013553,108017914,108021169,108021168,108012287,108015318,136116855,108004635,139353001,108012266,108007842,108016794,108016775,108006557,108019874,108006565,108020848,108020839,108006546,108018511,108010610,108017238,108019883,108008326,108008258,108013612,108021204,108012318,108021263,108012390,108004755,108015413,108016735
GO:0005313	2.930	4	0.3096800000	0.9285221037	4	6	6	L-glutamate transmembrane transporter activity	108005596,108021007,108021161,108017267
GO:0019901	11.605	13	0.3107700000	0.9285221037	13	27	28	protein kinase binding	108009749,108021431,108020021,108009877,108005560,108019299,108015011,108005740,108018373,108014022,108019729,108011801,108004635
GO:0004029	2.010	3	0.3114200000	0.9285221037	3	5	5	aldehyde dehydrogenase (NAD+) activity	108016112,108019318,108021633
GO:0036297	2.001	3	0.3123400000	0.9285221037	3	13	15	interstrand cross-link repair	108016276,108019428,108017037
GO:0030054	2.999	4	0.3127200000	0.9285221037	4	6	6	cell junction	108021381,108007072,108016809,108012870
GO:0042273	3.944	5	0.3132500000	0.9285221037	5	16	16	ribosomal large subunit biogenesis	108016061,139352168,108020720,108021213,108008290
GO:0030479	2.010	3	0.3133000000	0.9285221037	3	8	8	actin cortical patch	108018626,108011159,118877437
GO:0050877	13.704	15	0.3134200000	0.9285221037	15	22	22	nervous system process	139353246,108021510,108020196,108018853,108018807,108017645,108018976,108015077,108018039,108018926,108015189,108012887,108014177,108014169,108011881
GO:0018345	2.936	4	0.3146600000	0.9285221037	4	12	12	protein palmitoylation	108016129,108007568,108014028,108014964
GO:0006281	12.393	14	0.3160400000	0.9285221037	14	37	38	DNA repair	108016010,108011170,108004880,108016091,108017563,108007314,108010093,108019388,108017792,108018244,108018464,108006487,108006495,108018485
GO:0015031	7.524	9	0.3165200000	0.9285221037	9	27	27	protein transport	108007940,108007945,108007941,108013808,108013816,108021639,108012068,108012112,108017132
GO:0003887	3.863	5	0.3178300000	0.9285221037	5	9	9	DNA-directed DNA polymerase activity	108013777,108015829,108007768,108014882,108014873
GO:0033540	2.039	3	0.3183500000	0.9285221037	3	5	5	fatty acid beta-oxidation using acyl-CoA oxidase	108016987,108021566,108010033
GO:0006302	2.063	3	0.3192500000	0.9285221037	3	6	6	double-strand break repair	108010210,108018376,108016790
GO:0036157	1.159	2	0.3195200000	0.9285221037	2	5	5	outer dynein arm	108009939,108018992
GO:0008284	5.119	6	0.3200300000	0.9285221037	6	6	6	positive regulation of cell population proliferation	108014269,108015573,108004855,108009404,108006389,108014836
GO:1990269	1.141	2	0.3205800000	0.9285221037	2	5	5	RNA polymerase II C-terminal domain phosphoserine binding	108010041,108005021
GO:0051321	2.916	4	0.3226500000	0.9285221037	4	10	10	meiotic cell cycle	108006084,108015801,108005770,108015345
GO:0050661	3.952	5	0.3231100000	0.9285221037	5	14	14	NADP binding	108021387,108016847,108008562,108021112,108007833
GO:0045910	0.326	1	0.3238000000	0.9285221037	1	3	47	negative regulation of DNA recombination	108011170
GO:0006355	39.527	42	0.3265600000	0.9285221037	42	127	134	regulation of DNA-templated transcription	108007963,108018612,108009733,108019105,108009791,108019012,108020060,108021360,108004837,108013055,108008500,108008546,108009895,108019201,108013878,108010036,108015071,108018113,108018060,108018919,108015193,108010275,108013300,108016535,108008962,108006335,108006348,108014733,108016527,108016526,108005870,108012159,108011816,108014095,108020770,108013512,108015314,108016790,108005286,108008242,108014965,108014952
GO:0019773	1.163	2	0.3272000000	0.9285221037	2	11	11	proteasome core complex, alpha-subunit complex	108008719,108006275
GO:0015035	1.165	2	0.3274200000	0.9285221037	2	11	12	protein-disulfide reductase activity	108013168,108011459
GO:0009306	2.040	3	0.3280000000	0.9285221037	3	10	11	protein secretion	108009252,108017840,108019707
GO:0007411	22.683	24	0.3288000000	0.9285221037	24	32	32	axon guidance	108007024,108009836,108013085,108010887,108009916,108005560,108020405,108007529,108015176,108010215,108018150,108012888,108014655,108010303,108005846,108014859,108009498,108017950,108007872,108009621,108009640,108011955,108005291,108016740
GO:0004722	5.768	7	0.3316100000	0.9285221037	7	28	31	protein serine/threonine phosphatase activity	108019116,108016889,108005418,108009874,108017536,108012220,108009589
GO:0005635	5.789	7	0.3339200000	0.9285221037	7	16	16	nuclear envelope	108005460,108006816,108008744,108018141,108012756,108012895,108021232
GO:0005516	12.651	14	0.3347600000	0.9285221037	14	24	25	calmodulin binding	108017306,108005367,108011132,108016188,108010798,108020331,108010019,108018275,108014722,108019729,108021112,108004656,108011912,108008292
GO:0000930	2.964	4	0.3352400000	0.9285221037	4	10	10	gamma-tubulin complex	108017674,108015801,108005770,108015345
GO:0008408	2.096	3	0.3356500000	0.9285221037	3	9	9	3'-5' exonuclease activity	108009794,108013717,108017519
GO:0042834	1.217	2	0.3363200000	0.9285221037	2	8	8	peptidoglycan binding	108006676,108010615
GO:0032012	5.004	6	0.3367700000	0.9285221037	6	8	8	regulation of ARF protein signal transduction	108016071,108006251,108009209,108021114,108004709,108012388
GO:0007193	4.925	6	0.3386100000	0.9285221037	6	11	11	adenylate cyclase-inhibiting G protein-coupled receptor signaling pathway	118877293,108012599,108005554,108011938,108011924,108011978
GO:0045893	15.503	17	0.3386200000	0.9285221037	17	43	49	positive regulation of DNA-templated transcription	108012482,108007209,108020198,108010021,108011394,108021790,108021784,108011624,108006188,108012034,108016568,108016537,108006381,108015329,108019729,108009527,108009595
GO:0051233	2.068	3	0.3389600000	0.9285221037	3	14	14	spindle midzone	108011277,108006856,108019620
GO:0006457	11.383	13	0.3398700000	0.9285221037	13	63	73	protein folding	108015585,108014275,108013002,108013186,108021634,108010068,108009059,108006109,108008807,108017794,108012037,108014830,108014832
GO:0061077	1.251	2	0.3407000000	0.9285221037	2	4	6	obsolete chaperone-mediated protein folding	108009975,108016356
GO:0035329	2.168	3	0.3410500000	0.9285221037	3	5	5	hippo signaling	108019094,108020513,108012158
GO:0003924	41.770	44	0.3423200000	0.9285221037	44	138	139	GTPase activity	118877942,108007993,108020997,108019041,108019080,108014358,108009816,108009813,108005457,108016197,108016199,108021462,108016986,108011297,108016201,108016263,108021598,136116463,108015011,108006109,108019472,108010162,108015141,108019528,108009235,108011521,108018194,108009252,108013306,108005740,108017709,108005893,108019612,108008014,108009383,108013419,108016661,108017131,108008141,108014833,108009614,108008292,108008290,108004726
GO:0006954	4.017	5	0.3427800000	0.9285221037	5	8	8	inflammatory response	108015546,108018759,108013834,108005800,108020895
GO:0000977	37.001	39	0.3430100000	0.9285221037	39	98	99	RNA polymerase II transcription regulatory region sequence-specific DNA binding	108007964,108007991,108020060,118876778,108005491,108021547,108021521,108020156,108016925,108012572,108016932,108004997,108021672,108009089,108013111,108006127,108008761,108015044,108012801,108017611,108016473,108017058,108013475,108020725,108016692,108018462,108007787,108018449,108011840,108021101,108014810,108008188,108012284,108019897,108010584,108014974,108012304,108004712,108007800
GO:0007283	4.908	6	0.3438100000	0.9285221037	6	26	28	spermatogenesis	108020286,118878363,108010278,108007671,108009428,108005823
GO:0005975	26.042	28	0.3439500000	0.9285221037	28	85	97	carbohydrate metabolic process	108020907,108007102,108009767,118876761,108019210,108018867,108008656,108020321,108019276,108019251,108008760,108011456,108015177,108019580,108020563,108018232,108020663,108015285,108009347,108014745,108014744,108017805,108005098,139352551,108005223,108007881,108008262,108015400
GO:0042393	17.440	19	0.3451800000	0.9285221037	19	48	49	histone binding	108019105,108013767,108015516,108016855,108014379,108017455,108020162,108017563,108009997,108009063,108015131,108012022,108015230,108005000,108021051,108020770,108016604,108021213,108015405
GO:0006730	3.923	5	0.3472500000	0.9285221037	5	14	14	one-carbon metabolic process	108010782,108016162,108021633,108009250,108012286
GO:0005776	3.084	4	0.3475100000	0.9285221037	4	10	10	autophagosome	108008351,108020198,108007276,108015249
GO:0005751	1.220	2	0.3486800000	0.9285221037	2	15	15	obsolete mitochondrial respiratory chain complex IV	108006111,108006101
GO:0006486	6.804	8	0.3489200000	0.9285221037	8	22	23	protein glycosylation	108014260,108012597,108009408,108009361,108006411,108005928,108014914,108013688
GO:0007204	3.101	4	0.3490000000	0.9285221037	4	5	5	positive regulation of cytosolic calcium ion concentration	108015546,108011385,108012041,108010545
GO:0034451	2.127	3	0.3491700000	0.9285221037	3	5	5	centriolar satellite	108008535,108013145,108013625
GO:0005762	3.915	5	0.3498400000	0.9285221037	5	36	36	mitochondrial large ribosomal subunit	108020961,108021615,108018967,108018934,108005221
GO:0016818	2.129	3	0.3550100000	0.9295030882	3	6	6	hydrolase activity, acting on acid anhydrides, in phosphorus-containing anhydrides	108011170,108015191,108010268
GO:0007423	2.122	3	0.3556600000	0.9295030882	3	13	13	sensory organ development	108010896,108013177,108012755
GO:0031514	4.016	5	0.3561800000	0.9295030882	5	12	12	motile cilium	108008483,108008767,108020518,108014872,108011004
GO:0050909	11.549	13	0.3565400000	0.9295030882	13	56	56	sensory perception of taste	108020919,108017387,108013710,108010686,108019054,108016177,108013143,108009006,108019510,108019509,108011805,108008205,108008258
GO:0004693	2.235	3	0.3569100000	0.9295030882	3	7	7	cyclin-dependent protein serine/threonine kinase activity	108015840,108021829,108017962
GO:0070085	3.130	4	0.3569100000	0.9295030882	4	11	11	glycosylation	108005429,108018707,108021538,108015157
GO:0061817	1.236	2	0.3571700000	0.9295030882	2	5	5	endoplasmic reticulum-plasma membrane tethering	108007992,108019043
GO:0016255	1.237	2	0.3594000000	0.9295030882	2	5	5	attachment of GPI anchor to protein	108011110,108005569
GO:0042765	1.237	2	0.3594000000	0.9295030882	2	5	5	GPI-anchor transamidase complex	108011110,108005569
GO:0046034	1.234	2	0.3600600000	0.9295030882	2	5	5	ATP metabolic process	108011983,108011973
GO:0031490	4.011	5	0.3605500000	0.9295030882	5	13	13	chromatin DNA binding	108017489,108009358,108020770,108014960,108021291
GO:0070475	1.241	2	0.3613700000	0.9295030882	2	6	6	rRNA base methylation	108010926,108010158
GO:0008083	9.953	11	0.3644500000	0.9354853079	11	20	20	growth factor activity	108015573,108009776,108004855,108009879,108016137,108012558,108020187,108009350,108008156,108021185,108021265
GO:0008301	1.254	2	0.3677000000	0.9382018028	2	5	5	DNA binding, bending	108010054,108020499
GO:0030628	1.362	2	0.3697700000	0.9382018028	2	5	5	pre-mRNA 3'-splice site binding	108021438,108011720
GO:0051295	3.178	4	0.3714300000	0.9382018028	4	5	6	establishment of meiotic spindle localization	108017306,108010798,108019161,108018275
GO:0005839	3.081	4	0.3734500000	0.9382018028	4	25	25	proteasome core complex	108011238,108008719,108008866,108006275
GO:0030335	4.184	5	0.3746600000	0.9382018028	5	5	5	positive regulation of cell migration	108009916,108014655,108007872,108009621,108009640
GO:0001755	4.184	5	0.3746600000	0.9382018028	5	5	5	neural crest cell migration	108009916,108014655,108007872,108009621,108009640
GO:0048843	4.184	5	0.3746600000	0.9382018028	5	5	5	negative regulation of axon extension involved in axon guidance	108009916,108014655,108007872,108009621,108009640
GO:0030215	4.184	5	0.3746600000	0.9382018028	5	5	5	semaphorin receptor binding	108009916,108014655,108007872,108009621,108009640
GO:0045499	4.184	5	0.3746600000	0.9382018028	5	5	5	chemorepellent activity	108009916,108014655,108007872,108009621,108009640
GO:0071526	4.184	5	0.3746600000	0.9382018028	5	5	5	semaphorin-plexin signaling pathway	108009916,108014655,108007872,108009621,108009640
GO:0018401	8.820	10	0.3753000000	0.9382018028	10	28	30	peptidyl-proline hydroxylation to 4-hydroxy-L-proline	108007297,108015013,108020608,108008035,108008044,108007748,108007749,108017243,108017229,108017273
GO:0005085	36.547	38	0.3755000000	0.9382018028	38	68	71	guanyl-nucleotide exchange factor activity	108016071,108016844,108019082,108016849,108009860,108006869,108010949,108018004,108018821,108006809,108006825,108013106,108011409,108021684,108018095,108018076,108009162,108017753,108021812,108006223,108006251,108010215,108019490,108009209,108012888,108012036,108013339,108015225,108016542,108010303,108004683,108005113,108009509,108021114,108005913,108009491,108016794,108004709
GO:0043123	1.271	2	0.3761000000	0.9382018028	2	5	5	positive regulation of canonical NF-kappaB signal transduction	108009325,108015332
GO:0000724	8.853	10	0.3764800000	0.9382018028	10	33	33	double-strand break repair via homologous recombination	108019116,108007248,108008644,108019454,108006084,108010275,108020607,108013508,108021166,108016776
GO:0006995	1.296	2	0.3780000000	0.9413959551	2	5	5	cellular response to nitrogen starvation	108021826,108018176
GO:0009966	4.188	5	0.3808000000	0.9525114846	5	11	12	regulation of signal transduction	108010847,108019617,108006353,108013451,108005874
GO:0007051	2.208	3	0.3813300000	0.9546056983	3	4	5	spindle organization	108017306,108010798,108018275
GO:0050650	2.260	3	0.3823500000	0.9550791111	3	5	5	chondroitin sulfate proteoglycan biosynthetic process	108020563,108005171,108005098
GO:0004865	1.297	2	0.3828900000	0.9550791111	2	4	5	protein serine/threonine phosphatase inhibitor activity	108020984,108009291
GO:0061574	1.406	2	0.3851400000	0.9584240166	2	5	5	ASAP complex	108005000,108004699
GO:0003713	16.806	18	0.3869900000	0.9586680716	18	55	56	transcription coactivator activity	108016895,108009712,108016855,108020196,108010021,108015737,108006087,108013246,108005730,108016537,108010419,108012969,108015329,108015314,108006520,108006521,108008240,108014960
GO:0034751	2.322	3	0.3872200000	0.9586680716	3	5	5	aryl hydrocarbon receptor complex	108005318,108005440,108004940
GO:0061024	1.327	2	0.3892600000	0.9603168919	2	4	5	membrane organization	108009995,108005865
GO:0009986	13.055	14	0.3903700000	0.9603168919	14	19	19	cell surface	108019970,108019071,108011156,108013085,108020199,108013190,108009989,108019326,108013990,108015783,108008811,108013451,108021095,108012245
GO:0005885	1.314	2	0.3906200000	0.9603168919	2	7	8	Arp2/3 protein complex	108011159,108021437
GO:0001055	1.318	2	0.3913900000	0.9603168919	2	9	9	obsolete RNA polymerase II activity	108013872,108015940
GO:0005504	2.238	3	0.3916400000	0.9603168919	3	6	6	fatty acid binding	108016987,108021566,108010033
GO:0019888	2.244	3	0.3926400000	0.9603168919	3	7	7	protein phosphatase regulator activity	108013927,108013194,136117283
GO:0070588	12.053	13	0.3927800000	0.9603168919	13	16	16	calcium ion transmembrane transport	108021379,108015667,108016269,108018021,108021646,108005659,108020464,108021783,108020353,108020476,108007704,108015496,108009669
GO:0000281	6.045	7	0.3946000000	0.9609046917	7	19	19	mitotic cytokinesis	108019225,108013868,108011277,108006869,108018071,108019620,108009452
GO:0003796	2.248	3	0.3947700000	0.9609046917	3	18	18	lysozyme activity	108008519,108012689,108015342
GO:0016592	6.067	7	0.3951900000	0.9609046917	7	29	30	mediator complex	108013040,108013185,108010181,108007505,108005050,108012969,108021154
GO:0005604	5.206	6	0.4003900000	0.9620471429	6	6	6	basement membrane	108019517,108013332,108006349,108009555,108021153,108016740
GO:0031047	2.304	3	0.4009300000	0.9620471429	3	5	5	regulatory ncRNA-mediated gene silencing	108021354,139353041,108012855
GO:0005615	126.515	129	0.4009700000	0.9620471429	129	457	465	extracellular space	108014254,108014242,108015573,108005341,108018646,108010711,108009739,108009783,108019118,108021407,108021325,108011107,108020044,108004855,108011148,108004893,108015551,108018785,108018782,108008501,108006771,108018764,108018765,108009810,108006786,108021501,108016163,108009879,108008570,108013912,108010865,108019126,108013891,108019182,118877277,118877293,108016964,108015665,108016980,108015656,139353139,108009933,108008603,108017540,108008665,108019307,108008648,108012607,108020289,108012666,108019288,108010045,108012697,108018809,108014452,108013129,108006994,108018973,108005646,108008742,108016347,108018102,108021735,108007427,108020376,108011413,108012733,108012770,108009182,108013217,108013252,108018944,108008822,108019517,108019514,108021801,108016451,118877537,108006227,108018232,118877569,108010259,108015949,108015934,108005757,108017716,108017870,108019639,108006308,108006364,118877663,108019640,108019682,108008022,108011654,108005828,108005807,108013484,108005854,108020727,108007777,108020758,108009555,108011839,108010445,108008175,108021145,108009482,108009492,108017937,108017942,108019830,108014183,108017240,108009612,108017225,108010645,108010653,108011966,108008326,108021234,108009568,118877474,108021265,108011026,108013675,108011013,108012347,108004759
GO:0000082	2.282	3	0.4010900000	0.9620471429	3	5	5	G1/S transition of mitotic cell cycle	108021500,108012158,108017962
GO:0005509	95.172	97	0.4012500000	0.9620471429	97	192	197	calcium ion binding	108006635,108020905,108020973,108005352,108009715,108009709,108007992,108009720,108010757,108009775,108011109,108019061,108021378,108016816,108006744,108015681,108018762,108019130,108015611,108020199,108006876,108008615,108010910,108018886,108009983,108017587,108020338,108020331,108020249,108006802,108020403,108018121,108014531,108013241,108008818,108016479,108015122,108019534,108015178,108006224,108021831,108012870,108011527,108018158,108011523,108005702,108009292,108005743,108015210,108019601,108005015,108005016,108015285,108015286,108017025,108012989,108006298,108018279,108016507,108014792,108014002,108020739,108015395,108019741,108018438,118877337,118877338,108009555,108009550,108009537,108010461,108010456,108018390,108014867,108014847,108005912,108021140,108014854,108009498,108014891,108013545,108012266,108017937,108004791,108014180,108006561,108017267,108021209,108014963,108008289,108004729,108004743,108011026,108011013,108012346,108004719,108016740
GO:0042826	2.252	3	0.4014200000	0.9620471429	3	8	8	histone deacetylase binding	108009784,108009072,108005730
GO:0043235	18.023	19	0.4022100000	0.9620471429	19	24	24	receptor complex	108021631,108007289,108010246,108005880,108019603,108005015,108009404,108018288,108014712,108004681,108019753,108019741,108011857,108014836,108006561,108014910,108014963,108013615,108016740
GO:0004553	2.265	3	0.4035200000	0.9620471429	3	7	7	hydrolase activity, hydrolyzing O-glycosyl compounds	108018867,108014745,108014744
GO:0034427	1.355	2	0.4038900000	0.9620471429	2	8	8	obsolete nuclear-transcribed mRNA catabolic process, exonucleolytic, 3'-5'	108008678,108009204
GO:0006405	2.267	3	0.4062800000	0.9620471429	3	9	9	RNA export from nucleus	108009773,108011137,108021073
GO:0015813	2.258	3	0.4063600000	0.9620471429	3	5	5	L-glutamate transmembrane transport	108021007,108021161,108017267
GO:0006511	14.893	16	0.4067200000	0.9620471429	16	59	59	ubiquitin-dependent protein catabolic process	108020993,108004803,108019911,108015547,108008505,108016204,108010042,108010034,108008719,108018925,108006275,108009315,108012108,108013517,108007859,108009651
GO:0051480	3.226	4	0.4083000000	0.9622381395	4	5	5	regulation of cytosolic calcium ion concentration	108021646,108020353,108015496,108009669
GO:0034587	3.228	4	0.4085700000	0.9622381395	4	12	12	piRNA processing	108009104,108010278,108007671,108009428
GO:0042981	6.174	7	0.4114400000	0.9649464286	7	13	14	regulation of apoptotic process	108021480,108016204,108010243,108015346,108005113,108008132,108008311
GO:0000993	2.305	3	0.4151500000	0.9649464286	3	12	16	RNA polymerase II complex binding	108012435,108009316,108011543
GO:0005198	6.214	7	0.4187100000	0.9649464286	7	20	20	structural molecule activity	108011153,108019093,108018038,108015871,108020545,108010449,108007859
GO:0030036	22.079	23	0.4196800000	0.9649464286	23	34	34	actin cytoskeleton organization	108019922,108021316,108013737,108007072,108016845,108016809,108016881,108016849,108005428,108017459,108020155,108005581,108006251,108012870,108012036,108011801,108017934,108014149,108014138,108020893,108021202,108014978,108014971
GO:0003684	5.222	6	0.4196900000	0.9649464286	6	20	20	damaged DNA binding	108016276,108006084,108010268,108020607,108017980,108007768
GO:0005324	2.288	3	0.4207500000	0.9649464286	3	5	5	long-chain fatty acid transmembrane transporter activity	108020947,108008448,108013728
GO:0004252	60.353	62	0.4218600000	0.9649464286	62	301	305	serine-type endopeptidase activity	108020983,108020943,108009726,108007135,108021416,108019107,108011107,108012427,108012484,108011181,108011183,108006771,108015656,139353139,108008651,108006040,108013967,108011308,136116457,108012678,108019281,108017634,108018069,108009173,108008826,108016418,108019514,108016451,108012952,108019571,108010259,108015949,108010252,108010272,108017870,108017869,108016587,108006308,108006364,136117164,108008108,108019691,108009405,108010318,108005833,108012101,108013491,108013478,108021082,108014047,108008146,108014802,108010426,118877361,108008176,108017919,108019830,108020800,108004794,108021234,108009568,108012353
GO:0001056	1.393	2	0.4232200000	0.9649464286	2	10	10	obsolete RNA polymerase III activity	108019147,108021012
GO:0030496	2.372	3	0.4238600000	0.9649464286	3	7	7	midbody	108011277,108013112,108019620
GO:0017171	7.142	8	0.4246100000	0.9649464286	8	23	24	serine hydrolase activity	108009959,108013956,108013955,108009166,136117065,108007868,108008231,108008295
GO:0016272	0.527	1	0.4251400000	0.9649464286	1	7	16	prefoldin complex	108008807
GO:0005930	11.127	12	0.4257000000	0.9649464286	12	33	34	axoneme	108021329,108013096,108019225,108020148,108005535,108010984,108021736,108012831,108018071,108019653,108021122,108010656
GO:0006468	83.571	85	0.4258200000	0.9649464286	85	175	181	protein phosphorylation	108018621,108016890,108009754,108005367,108019113,108008360,108020068,108013766,108020092,108005428,108010847,108020117,108016912,108004950,108009900,108021631,108007309,108018029,108007289,108020298,108009049,108009096,108015014,108019439,108020405,108015099,108018047,108009167,108009162,108015840,108014587,108005638,108013238,108006947,108016422,108021829,108017782,108006240,108015174,108020545,108009201,108011530,108009265,108010246,108005880,108005888,108016536,108008963,108019603,108005015,108009431,108018373,108009404,108011645,108009329,108010304,108015357,108015358,108015346,108015332,108004681,108019753,108017117,108005134,108011857,108009551,108005905,108014836,108014895,108017962,108012254,108014149,108011092,108016773,108019803,108007895,108011912,108011990,108018599,108021207,108014910,108012321,108013615,108012399,108011050
GO:0016787	4.265	5	0.4269900000	0.9649464286	5	17	19	hydrolase activity	108020160,108012542,108006194,118877382,108009480
GO:0006777	1.432	2	0.4275800000	0.9649464286	2	5	5	Mo-molybdopterin cofactor biosynthetic process	108016804,108015418
GO:0005680	3.303	4	0.4279600000	0.9649464286	4	17	17	anaphase-promoting complex	108005356,108006805,108015002,108016687
GO:0007389	2.356	3	0.4289400000	0.9649464286	3	5	5	pattern specification process	108007294,108020590,108013506
GO:0000981	173.108	175	0.4289500000	0.9649464286	175	414	419	DNA-binding transcription factor activity, RNA polymerase II-specific	108007964,108007963,108005318,108020918,108019929,108020900,108016891,108014234,108014239,108019980,108019987,108020954,108006654,108014280,108007991,118877962,108019111,108009791,108019008,108004813,108020060,108016803,108021360,108020099,108019094,108005416,108006743,108017456,108008500,108010809,108005440,118876778,118876773,108021508,108008547,108008546,108005491,108013929,108021547,108021542,108010896,108021521,108013854,108013834,108019196,108016913,108013874,108020156,108014302,108012588,108016925,108012572,108016932,108004997,108014320,108015659,108013177,108006852,108006854,108013156,108009924,118877723,108008655,108006002,108017585,108020340,108021672,108021653,108007283,108007279,108021563,108007272,108012687,108011357,108013978,108013979,108020277,108009089,108013111,108010076,108015032,108006115,108015071,108006127,108006100,108008761,108015044,108021784,108012801,108020428,108012810,108020388,108020368,108012755,108020361,108010122,108020393,108020394,108006905,136116533,108017611,108018919,108016421,108016473,108009305,108020568,108020566,108010204,108011596,108010279,108017715,108013345,108016568,108016546,108008962,108006356,108017058,108012977,108011646,108010308,108009380,108013452,108016527,108016526,108012159,108012141,108013475,108004686,108016692,108015363,108005142,108018462,108011816,108011800,108007787,108018449,108019767,108011840,108017094,108021115,108021101,108014810,108010431,108008188,108005921,108014871,108012283,108012284,108016630,108013595,108015495,108018587,108020895,108019897,108011911,108017295,108018597,108010584,108009595,108021273,108014974,108013627,108014965,108012301,108021243,118879229,108014952,108011039,108011007,108004712,108013672,108007800,108007806,108011067,108015426
GO:0005121	3.320	4	0.4296500000	0.9649464286	4	6	6	Toll binding	108016137,108012558,108020187,108009350
GO:0021556	3.320	4	0.4296500000	0.9649464286	4	6	6	central nervous system formation	108016137,108012558,108020187,108009350
GO:0015297	3.333	4	0.4306900000	0.9649464286	4	12	12	antiporter activity	108015534,108005602,108013492,108011872
GO:0010498	1.436	2	0.4309400000	0.9649464286	2	13	13	proteasomal protein catabolic process	108008719,108006275
GO:0016409	4.307	5	0.4312800000	0.9649464286	5	21	21	palmitoyltransferase activity	108016129,108007568,108014028,108017983,108014964
GO:0030136	2.334	3	0.4314500000	0.9649464286	3	6	6	clathrin-coated vesicle	108017449,108017128,118877437
GO:0034314	1.421	2	0.4323000000	0.9649464286	2	8	9	Arp2/3 complex-mediated actin nucleation	108011159,108021437
GO:0048018	1.393	2	0.4326600000	0.9649464286	2	5	5	receptor ligand activity	118877663,108008326
GO:0003779	18.116	19	0.4327000000	0.9649464286	19	34	34	actin binding	108020924,108019922,108013737,108016881,108019161,108016976,108009082,108018038,108006061,108005749,108016595,108021034,108011801,108017934,108015316,108017967,108020893,108021202,108014971
GO:0016593	2.369	3	0.4332300000	0.9649464286	3	13	15	Cdc73/Paf1 complex	108010041,108011543,108005021
GO:0070403	1.433	2	0.4351700000	0.9649464286	2	9	9	NAD+ binding	108020882,108011967
GO:0045041	1.413	2	0.4368700000	0.9649464286	2	5	5	protein import into mitochondrial intermembrane space	108007064,108017046
GO:0042391	20.227	21	0.4382000000	0.9649464286	21	29	29	regulation of membrane potential	108005330,139353246,108021510,108020196,108018853,108016232,108011396,108018807,108017645,108018976,108015077,108018039,108018926,108015189,108012887,108016593,108009334,108012968,108014177,108014169,108011881
GO:0004181	7.256	8	0.4387900000	0.9649464286	8	24	24	metallocarboxypeptidase activity	108005341,108011148,108018764,108012607,108005757,108007777,118877474,108013673
GO:0000978	140.479	142	0.4403300000	0.9649464286	142	335	340	RNA polymerase II cis-regulatory region sequence-specific DNA binding	108007963,108005318,108020918,108019929,108020900,108016891,108014234,108014239,108019980,108019987,108014280,118877962,108016021,108019111,108009791,108021403,108019008,108016803,108012428,108021360,108020099,108019094,108007937,108005416,108017453,108017456,108010809,108005440,118876773,108008547,108008546,108013929,108021542,108009896,108013834,108019196,108016913,108014302,108012588,108014320,108015659,108006852,108006854,108013156,108009924,108008655,108006002,108017585,108020340,108007283,108007279,108007272,108012687,108013993,108013978,108013979,108019289,108020277,139352175,108021703,108015032,108006115,108015071,118877875,108006100,108021784,108020428,108020388,108020368,108011407,108007385,108020361,108015808,108010122,108020393,108020394,108006908,136116533,108018919,108008821,108016421,108009305,108018268,108020568,108020566,108010220,108010204,108011596,108009278,108010279,108017715,108013345,108016568,108016546,108008962,108006356,108007664,108006389,108012977,108011646,108010308,108009380,108013452,108021039,108012141,108004686,108005142,108019790,108011816,108011800,108018447,108019767,108017094,108021115,108010431,108010479,108005921,108014871,108012283,108005222,108015495,108018587,108020895,108009648,108010626,108018597,108009595,108021273,108013627,108014965,108012301,108021243,118879229,108014952,108011039,108011007,108013672,108021291,108007806,108011067,108015426,108004767
GO:0005834	5.326	6	0.4415400000	0.9660027027	6	14	15	heterotrimeric G-protein complex	108019054,108009816,108019472,108018932,108018194,108019612
GO:0050767	2.406	3	0.4433100000	0.9660027027	3	13	13	regulation of neurogenesis	108020566,108010431,108021243
GO:0000076	2.453	3	0.4445300000	0.9660027027	3	5	5	DNA replication checkpoint signaling	108019388,108017994,108018464
GO:0005891	6.310	7	0.4474300000	0.9660027027	7	8	8	voltage-gated calcium channel complex	108016046,108021430,108010018,108021783,108015997,108006298,108019835
GO:0036211	1.455	2	0.4528900000	0.9660027027	2	6	6	protein modification process	108016247,108016238
GO:0098703	4.427	5	0.4531000000	0.9660027027	5	6	6	calcium ion import across plasma membrane	108012769,108015997,108018359,108006298,108009626
GO:0052689	1.475	2	0.4538600000	0.9660027027	2	7	7	carboxylic ester hydrolase activity	108014500,108004568
GO:0000045	6.341	7	0.4539700000	0.9660027027	7	22	22	autophagosome assembly	108009746,108008351,108020198,108007276,108021826,108018176,108015249
GO:0051260	6.378	7	0.4541800000	0.9660027027	7	11	12	protein homooligomerization	108008439,108010674,108019327,108011521,108021079,108012318,108016735
GO:0071004	2.448	3	0.4548200000	0.9660027027	3	15	15	U2-type prespliceosome	118878586,108015204,108007625
GO:0019843	3.458	4	0.4560000000	0.9660027027	4	19	19	rRNA binding	108018637,108014405,108008787,108011573
GO:0070740	2.414	3	0.4575400000	0.9660027027	3	7	7	tubulin-glutamic acid ligase activity	108007166,108021570,108020404
GO:0006406	4.389	5	0.4589700000	0.9660027027	5	17	17	mRNA export from nucleus	108016064,108016920,108010211,108006188,108021117
GO:0006272	1.447	2	0.4590100000	0.9660027027	2	5	5	leading strand elongation	108015829,108014873
GO:0005643	5.373	6	0.4596800000	0.9660027027	6	25	25	nuclear pore	108009773,108011137,108019177,108021073,108021136,108021117
GO:0033181	0.579	1	0.4605000000	0.9660027027	1	7	7	plasma membrane proton-transporting V-type ATPase complex	108018907
GO:0009755	6.327	7	0.4606500000	0.9660027027	7	8	8	hormone-mediated signaling pathway	108019976,108005453,108021632,108015808,108021039,108010479,108017240
GO:0071028	0.576	1	0.4608100000	0.9660027027	1	5	5	nuclear mRNA surveillance	108009204
GO:0016323	3.441	4	0.4608500000	0.9660027027	4	7	7	basolateral plasma membrane	108006625,108009694,108016807,108010888
GO:0005847	2.444	3	0.4609300000	0.9660027027	3	10	10	mRNA cleavage and polyadenylation specificity factor complex	108005526,108013397,108014695
GO:0004656	9.324	10	0.4610500000	0.9660027027	10	30	32	procollagen-proline 4-dioxygenase activity	108007297,108015013,108020608,108008035,108008044,108007748,108007749,108017243,108017229,108017273
GO:0005789	41.110	42	0.4627000000	0.9660027027	42	159	161	endoplasmic reticulum membrane	108020903,108007992,108009721,108016081,108008351,108019043,108016883,118876772,108016974,108016205,108009964,108021639,108013958,108008596,108006820,108021700,108021790,108018127,108015815,108005617,108018921,108016480,108018229,108007580,108018151,108005756,108013342,108012193,108012198,118877649,108009438,108006373,108019707,108021125,108021198,108021181,108007817,108007832,108007833,108018598,108014914,108004726
GO:0019894	3.416	4	0.4627500000	0.9660027027	4	7	8	kinesin binding	118877253,108007589,108012895,108021227
GO:0035145	0.567	1	0.4629200000	0.9660027027	1	5	5	exon-exon junction complex	108009820
GO:0016573	4.414	5	0.4635200000	0.9660027027	5	19	19	obsolete histone acetylation	108014379,108017425,108021606,108015131,108014960
GO:0005249	4.362	5	0.4638600000	0.9660027027	5	5	5	voltage-gated potassium channel activity	108005330,108009124,108009281,108009334,108014955
GO:0005506	45.140	46	0.4681200000	0.9660027027	46	139	143	iron ion binding	108007968,108006666,108009751,108007023,108012461,108021549,108013829,108016946,108017524,108008671,108007297,108019259,108005504,108015013,108019387,108013229,108015897,108016480,108017783,108006224,108019594,108009231,108019485,108009272,108008947,108008948,108008943,108020608,108019629,108008035,108008044,108021052,108015390,108007748,108007749,108019793,108011869,108005183,108013569,108005981,108014135,108017243,108017229,108007018,108017273,108014959
GO:0006260	7.397	8	0.4693400000	0.9660027027	8	30	30	DNA replication	108011170,108005413,108007248,108007314,108006084,108015829,108013508,108014873
GO:0033179	1.532	2	0.4700000000	0.9660027027	2	14	14	proton-transporting V-type ATPase, V0 domain	108015727,108018907
GO:0006487	4.454	5	0.4721400000	0.9660027027	5	20	20	protein N-linked glycosylation	108016883,108005467,108007580,108013414,108014835
GO:0006171	8.415	9	0.4747700000	0.9660027027	9	14	14	cAMP biosynthetic process	108021327,108012599,108005554,108005621,108006301,108013541,108011938,108011924,108011978
GO:0005737	372.761	374	0.4750000000	0.9660027027	374	1174	1238	cytoplasm	108006630,108005305,108018627,108020927,108005318,108020920,108018612,108007940,108007945,108007941,108015573,108014248,108016895,108020979,118877974,108006684,108009718,108014276,108018636,108008411,108008419,108009749,108017376,108005393,108006691,108009735,108009784,108013808,108007121,108019113,108019116,108021432,139352732,108007138,108016077,108010756,108008444,108017382,108013729,108010678,108013707,108008366,108021321,108008360,108019075,108021398,108004803,108021391,108013766,108008396,108019058,108021375,108013737,108020030,108015516,108020092,108011132,108016824,108016804,108019080,108020074,108012451,108016813,108015557,139353272,108015545,108004869,108015526,108005428,108005429,108014385,108013052,108014386,108013041,108005406,108005418,108010810,108013093,108018789,108016111,108016115,108017449,108014396,108009874,108010847,118876789,108021500,108016154,108017475,108005498,108010825,108018792,108016136,108007248,108021538,108016197,108019229,108016188,108019210,108007235,108009899,108012521,108013834,108020117,108013831,108013816,118877253,108016921,108013878,108004911,108019177,108021494,108004950,108015611,108015672,108016984,108009900,108018862,108006854,108013153,108016247,108009956,108016238,108005563,108005560,108009926,108008652,108021622,108010982,108009995,108009967,108021600,108017595,108009975,108020335,108019351,108018029,108007342,108021633,108021640,108007276,108020298,108010010,108010060,108006802,108009072,108010042,108010031,108006836,108014460,108018821,136117703,108006812,108014440,108013106,108006984,108016356,108005682,108017674,118877833,108019437,108020406,108006109,108006107,108007485,108012832,108015099,108019441,108011427,108009103,108009104,108009108,108020372,108011407,108018043,108014500,108010105,108013209,108013212,108014531,108013201,108015848,108009167,108010152,108015840,108017609,108006962,108018932,108014560,108013232,108013238,108015885,108017774,108016435,108012077,108015108,108013390,108012068,108013380,108021829,108021826,108015157,108016479,108006238,108020513,108006222,108015168,108012948,108009316,108007589,108012921,108020545,118877563,108010215,108009228,108011552,108006194,108012866,108018176,108009201,108019490,108018161,108006189,108011590,108011591,108009260,108009274,108009243,108015929,108010243,108012888,108013329,108013324,108009283,108013361,108012037,108013355,108015230,108007611,108015225,108005883,108016536,118877613,108020609,108020607,108008963,108015249,108011700,108018321,108009439,108018373,108008011,108012989,108009351,108012996,108009320,108010303,108008009,108020591,108013407,108021033,108021034,108009383,108014722,108009374,108017805,108014785,108012113,108012112,108005802,108021052,108021041,108017830,108012147,108005857,108021087,108004695,108004699,108014022,108014025,108014019,108004671,108017980,108015327,108007760,108014052,108020718,108017132,108018462,108009519,108011804,108017117,108005135,136117283,108020747,108020751,108009551,108018495,108011846,108011832,108010449,108014809,108018390,108018394,108005913,108013508,108013512,108014833,108021198,108005937,108021195,108021193,108014891,108021186,108014897,108013568,108012220,108013555,108021166,108005928,108012270,108017962,108012261,108013599,108014149,108006523,108014136,108016799,108019808,108006504,108016771,108019803,108016775,108014119,108005223,108005238,108019869,108014165,108006546,108020895,108018578,108005244,108011912,108021306,108009672,108009644,108011968,108005297,108005298,108009651,108005293,108009589,108010583,108010587,108014942,108014928,108021216,108021207,108009578,108008242,108021201,108008297,108012304,108014955,108004745,108004743,108011020,108004705,108016764,108012396,108012399,108015410,108016748,108012375
GO:0019003	1.544	2	0.4752100000	0.9660027027	2	8	8	GDP binding	108016201,108008292
GO:0004497	25.343	26	0.4782700000	0.9660027027	26	81	82	monooxygenase activity	108007968,108009751,108012461,108021549,108013829,108016946,108017524,108008671,108019259,108005504,108019387,108017783,108019594,108009231,108019485,108009272,108008947,108008948,108008943,108019629,108015390,108019793,108011869,108005183,108005981,108014959
GO:0016705	25.343	26	0.4782700000	0.9660027027	26	81	82	oxidoreductase activity, acting on paired donors, with incorporation or reduction of molecular oxygen	108007968,108009751,108012461,108021549,108013829,108016946,108017524,108008671,108019259,108005504,108019387,108017783,108019594,108009231,108019485,108009272,108008947,108008948,108008943,108019629,108015390,108019793,108011869,108005183,108005981,108014959
GO:0031418	10.421	11	0.4787100000	0.9660027027	11	30	32	L-ascorbic acid binding	108007297,108015013,108015897,108020608,108008035,108008044,108007748,108007749,108017243,108017229,108017273
GO:0005832	1.546	2	0.4789500000	0.9660027027	2	8	9	chaperonin-containing T-complex	108014275,108010068
GO:0000132	4.445	5	0.4793400000	0.9660027027	5	8	8	establishment of mitotic spindle orientation	108016079,108019533,108013324,108019729,108009616
GO:0000923	2.475	3	0.4796000000	0.9660027027	3	7	7	equatorial microtubule organizing center	108015801,108005770,108015345
GO:0007160	9.385	10	0.4804400000	0.9660027027	10	15	15	cell-matrix adhesion	108005353,108019071,108010865,108009983,108017684,108018136,108008811,108019517,108011829,108009555
GO:0043022	5.506	6	0.4814200000	0.9660027027	6	24	24	ribosome binding	108009715,108005426,108013076,108011297,108010056,108012866
GO:0098839	7.444	8	0.4820500000	0.9660027027	8	15	15	postsynaptic density membrane	108014284,108016807,108017428,108007365,108020349,108013538,108011995,108013611
GO:0016281	3.533	4	0.4821400000	0.9660027027	4	10	10	eukaryotic translation initiation factor 4F complex	108015766,108020374,108014928,108011895
GO:0008066	5.442	6	0.4821700000	0.9660027027	6	11	11	glutamate receptor activity	108014284,108017428,108007365,108013538,108011995,108013611
GO:0007020	3.484	4	0.4822300000	0.9660027027	4	11	11	microtubule nucleation	108017674,108015801,108005770,108015345
GO:0007268	31.390	32	0.4822700000	0.9660027027	32	46	46	chemical synaptic transmission	108019970,108019075,108016807,108004869,139353246,108009834,108021510,108020130,118878561,108020196,108018853,108016232,108019326,108013990,108018807,108017645,108018976,108015077,108018109,139352873,108018039,108018926,108015189,108012887,108006298,118878130,108021095,108012222,108014177,108014169,108010545,108011881
GO:0006338	14.432	15	0.4827000000	0.9660027027	15	41	43	chromatin remodeling	108015516,108013045,108008559,108017563,108009063,108006087,108015131,108010204,108012034,108015230,108011735,108009358,108012972,108019754,108010583
GO:0070008	1.554	2	0.4828500000	0.9660027027	2	7	7	serine-type exopeptidase activity	108017567,108014195
GO:0016579	9.462	10	0.4836900000	0.9660027027	10	32	33	protein deubiquitination	108019159,108010010,108015089,108011472,108011441,108012877,108005743,108007739,108009525,108005965
GO:0001784	2.482	3	0.4842100000	0.9660027027	3	4	5	phosphotyrosine residue binding	108005386,108012346,108016748
GO:0004867	17.470	18	0.4855600000	0.9660027027	18	82	84	serine-type endopeptidase inhibitor activity	108020965,108016031,108007109,108021325,108008364,108004893,108015689,108013891,108008742,108019517,118877537,108010222,108013317,108017716,108008022,108005807,108020727,108013675
GO:0006891	4.511	5	0.4855700000	0.9660027027	5	19	19	intra-Golgi vesicle-mediated transport	108006619,108004889,108020105,108012981,108010449
GO:0030688	1.573	2	0.4868400000	0.9660027027	2	9	9	preribosome, small subunit precursor	108009517,108007895
GO:0000338	0.624	1	0.4873100000	0.9660027027	1	5	5	protein deneddylation	108008464
GO:0000151	4.527	5	0.4881200000	0.9660027027	5	15	15	ubiquitin ligase complex	108006659,108010042,108017781,108005853,108009651
GO:0007059	3.509	4	0.4889100000	0.9660027027	4	6	6	chromosome segregation	108009712,108019092,108005413,108019729
GO:0045503	3.516	4	0.4897000000	0.9660027027	4	10	10	dynein light chain binding	108009939,108018992,108005769,108005000
GO:0032482	0.609	1	0.4903500000	0.9660027027	1	5	5	Rab protein signal transduction	108021598
GO:0042776	0.620	1	0.4907700000	0.9660027027	1	6	6	proton motive force-driven mitochondrial ATP synthesis	108020422
GO:0006805	1.589	2	0.4908000000	0.9660027027	2	5	5	xenobiotic metabolic process	108004940,108021052
GO:0015937	1.525	2	0.4913900000	0.9660027027	2	6	6	coenzyme A biosynthetic process	108013831,108005820
GO:0006869	8.482	9	0.4946500000	0.9697903934	9	17	17	lipid transport	108007992,139353265,108015543,118877214,108012701,108020355,108014551,108015201,108021016
GO:0061668	0.634	1	0.4955200000	0.9697903934	1	5	5	mitochondrial ribosome assembly	108011804
GO:0006094	2.546	3	0.4966800000	0.9719140273	3	9	9	gluconeogenesis	108018203,108009274,108016583
GO:0007417	3.529	4	0.4976600000	0.9719140273	4	8	8	central nervous system development	118877962,108016887,108010122,108018597
GO:0008273	3.479	4	0.4997200000	0.9719140273	4	5	5	calcium, potassium:sodium antiporter activity	108015667,108005659,108020464,108020476
GO:0007267	2.487	3	0.5022000000	0.9719140273	3	5	5	cell-cell signaling	108011385,108012041,108011013
GO:0097602	2.606	3	0.5027500000	0.9719140273	3	14	14	cullin family protein binding	108017781,108005853,108011846
GO:0060070	9.495	10	0.5032800000	0.9719140273	10	15	15	canonical Wnt signaling pathway	108016895,108010711,118876780,108008603,108005646,108020361,108006227,108013488,108019728,108015419
GO:0007275	27.514	28	0.5041000000	0.9719140273	28	47	50	multicellular organism development	108010711,108016024,108010757,108009877,108019182,108007183,108018886,108008603,108021631,108007289,108005646,108010182,108016422,108006227,108010246,108005880,108019603,108005015,108009404,108014792,108004681,108019753,108009550,108014867,108014836,108021272,108013615,108011013
GO:0009331	1.572	2	0.5052100000	0.9719140273	2	6	16	glycerol-3-phosphate dehydrogenase (FAD) complex	108018121,108008262
GO:0031204	0.637	1	0.5072400000	0.9719140273	1	6	6	post-translational protein targeting to membrane, translocation	108021125
GO:0043138	2.583	3	0.5075700000	0.9719140273	3	8	8	3'-5' DNA helicase activity	108007248,108017037,108013508
GO:0031624	3.599	4	0.5078200000	0.9719140273	4	11	11	ubiquitin conjugating enzyme binding	108010042,108017781,108005853,108009651
GO:1904263	1.614	2	0.5091500000	0.9719140273	2	7	7	positive regulation of TORC1 signaling	108016036,108005772
GO:0008237	7.596	8	0.5097900000	0.9719140273	8	23	23	metallopeptidase activity	108018657,108021501,108019229,108016984,108021615,108016347,108009102,108008011
GO:0005689	1.626	2	0.5100200000	0.9719140273	2	10	10	U12-type spliceosomal complex	108004565,108009560
GO:0030686	4.616	5	0.5126200000	0.9719140273	5	15	15	90S preribosome	118877953,108009761,108016485,108013453,108005876
GO:0016310	2.596	3	0.5134700000	0.9719140273	3	9	9	phosphorylation	108021398,108016824,108011251
GO:0047952	0.592	1	0.5163300000	0.9719140273	1	3	13	glycerol-3-phosphate dehydrogenase [NAD(P)+] activity	108008262
GO:0046168	0.592	1	0.5163300000	0.9719140273	1	3	6	glycerol-3-phosphate catabolic process	108008262
GO:0006116	0.592	1	0.5163300000	0.9719140273	1	3	13	obsolete NADH oxidation	108008262
GO:0005179	1.650	2	0.5164600000	0.9719140273	2	12	15	hormone activity	118877293,108010597
GO:0003714	10.633	11	0.5196000000	0.9719140273	11	33	33	transcription corepressor activity	108015807,108005730,108019617,108019723,108020742,108008140,108013574,108015314,108011967,108021213,108012342
GO:0005544	5.576	6	0.5197800000	0.9719140273	6	11	11	calcium-dependent phospholipid binding	108005352,108007992,108010910,108020403,108018438,108018390
GO:0050830	0.642	1	0.5202400000	0.9719140273	1	6	6	defense response to Gram-positive bacterium	108009325
GO:0018095	2.620	3	0.5211200000	0.9719140273	3	8	8	protein polyglutamylation	108007166,108021570,108020404
GO:0050916	1.628	2	0.5219800000	0.9719140273	2	6	6	sensory perception of sweet taste	108011843,108011847
GO:0050912	1.628	2	0.5219800000	0.9719140273	2	6	6	detection of chemical stimulus involved in sensory perception of taste	108011843,108011847
GO:0006376	3.649	4	0.5259000000	0.9719140273	4	6	6	mRNA splice site recognition	108015204,108014052,108012270,108014119
GO:0005777	13.730	14	0.5262700000	0.9719140273	14	43	43	peroxisome	108009726,108016015,108015662,108016987,108012702,108021566,108010033,108018072,108015929,108012016,108018345,108013593,108020808,108008247
GO:0031410	5.663	6	0.5276200000	0.9719140273	6	15	15	cytoplasmic vesicle	108017507,108012910,108005740,108009491,108017245,108005282
GO:0005102	5.594	6	0.5277500000	0.9719140273	6	10	10	signaling receptor binding	108016188,108020199,108013119,108011413,108006189,108005888
GO:0016570	1.675	2	0.5279500000	0.9719140273	2	9	11	obsolete histone modification	108011543,108005021
GO:0016192	11.757	12	0.5280700000	0.9719140273	12	54	56	vesicle-mediated transport	108018627,108007993,108019082,108016908,108021598,108017673,108007589,108013306,108005802,108004683,118877357,108009491
GO:0031210	2.555	3	0.5283000000	0.9719140273	3	5	5	phosphatidylcholine binding	108007992,108010756,108013012
GO:0009408	1.710	2	0.5287600000	0.9719140273	2	13	15	response to heat	108010152,108013329
GO:0006906	2.695	3	0.5297200000	0.9719140273	3	14	14	vesicle fusion	108014692,108018438,118877357
GO:0045332	5.532	6	0.5308400000	0.9719140273	6	9	9	phospholipid translocation	108020933,108019280,108006288,108006343,108019755,108020707
GO:0007189	15.664	16	0.5329900000	0.9719140273	16	25	25	adenylate cyclase-activating G protein-coupled receptor signaling pathway	108019976,108005381,108021327,108015546,108005453,108012599,108005554,108021632,108005621,108016484,108006301,108017914,108013541,108011938,108011924,108011978
GO:0007064	1.676	2	0.5337100000	0.9719140273	2	7	7	mitotic sister chromatid cohesion	108010230,108005755
GO:0030433	4.740	5	0.5340400000	0.9719140273	5	23	23	obsolete ubiquitin-dependent ERAD pathway	108009228,108013342,108005826,108014830,108007817
GO:0007076	2.646	3	0.5356200000	0.9719140273	3	7	7	mitotic chromosome condensation	108008902,108021126,108015405
GO:0031072	0.711	1	0.5381600000	0.9719140273	1	5	5	heat shock protein binding	108013186
GO:0032456	5.720	6	0.5394700000	0.9719140273	6	16	16	endocytic recycling	108021533,108013112,108013270,108010151,108009509,108019883
GO:0006123	1.744	2	0.5396600000	0.9719140273	2	16	16	mitochondrial electron transport, cytochrome c to oxygen	108006111,108006101
GO:0005216	2.576	3	0.5403000000	0.9719140273	3	5	5	monoatomic ion channel activity	108005324,108016093,108013548
GO:0007187	7.564	8	0.5404800000	0.9719140273	8	10	10	G protein-coupled receptor signaling pathway, coupled to cyclic nucleotide second messenger	108009834,108020130,118878561,108010941,139352873,118878130,108012222,108010545
GO:0004993	7.564	8	0.5404800000	0.9719140273	8	10	10	G protein-coupled serotonin receptor activity	108009834,108020130,118878561,108010941,139352873,118878130,108012222,108010545
GO:0022848	7.607	8	0.5409600000	0.9719140273	8	10	10	acetylcholine-gated monoatomic cation-selective channel activity	139353246,108021510,108020196,108018853,108018807,108015077,108018039,108015189
GO:0016082	1.655	2	0.5427100000	0.9719140273	2	5	5	synaptic vesicle priming	139353199,108020331
GO:0035267	2.733	3	0.5447300000	0.9719140273	3	13	14	NuA4 histone acetyltransferase complex	108004837,108015131,108005870
GO:0030139	5.629	6	0.5447700000	0.9719140273	6	8	8	endocytic vesicle	108019082,108013112,108006223,118877610,108020607,108004683
GO:0050839	11.530	12	0.5454000000	0.9719140273	12	13	13	cell adhesion molecule binding	118876762,108019217,108018884,108019288,108021735,108019446,108010140,118877642,108021083,108015316,108019824,108021217
GO:0043113	2.654	3	0.5455900000	0.9719140273	3	5	5	receptor clustering	108009694,108016807,108010888
GO:0009952	6.722	7	0.5486200000	0.9719140273	7	19	19	anterior/posterior pattern specification	108019987,108015659,108013978,108013979,108020566,108010431,108021243
GO:0000278	13.856	14	0.5486300000	0.9719140273	14	39	42	mitotic cell cycle	108017306,108010798,108017674,108015829,108015801,108005770,108017792,108018275,108015345,108017994,108014809,108014833,108012396,108016748
GO:0008569	9.567	10	0.5496600000	0.9719140273	10	12	15	minus-end-directed microtubule motor activity	108015691,108019204,108020148,108013006,108014444,108014446,108016394,108012831,108021122,108016798
GO:0000956	0.736	1	0.5496700000	0.9719140273	1	6	6	nuclear-transcribed mRNA catabolic process	108015183
GO:0004089	5.779	6	0.5502700000	0.9719140273	6	17	17	carbonate dehydratase activity	108010782,108016162,108009250,108015276,108012286,108004776
GO:0050804	9.724	10	0.5505400000	0.9719140273	10	17	17	modulation of chemical synaptic transmission	108014284,108019970,108017428,108007365,108019326,108013990,108021095,108013538,108011995,108013611
GO:0045454	1.781	2	0.5515400000	0.9719140273	2	15	15	cell redox homeostasis	108021536,108019124
GO:0016477	18.777	19	0.5523600000	0.9719140273	19	32	32	cell migration	108017378,108019071,108010821,108013878,108013015,108009989,108007294,108013201,108013224,108008811,108015225,108020590,108013451,108009449,108013512,108012245,108004745,108016740,108015410
GO:0006096	4.831	5	0.5545600000	0.9719140273	5	23	23	glycolytic process	108015611,108020517,108016583,108014070,108013599
GO:0035861	2.735	3	0.5546000000	0.9719140273	3	9	9	site of double-strand break	108020607,108007768,108018485
GO:0007219	8.745	9	0.5560000000	0.9719140273	9	20	20	Notch signaling pathway	108009712,108020995,108010757,108015523,108018762,108018886,108017587,108014019,108015444
GO:0003730	9.759	10	0.5561100000	0.9719140273	10	21	21	mRNA 3'-UTR binding	118877925,108006962,108012866,108006181,108016572,108012996,108014764,108014052,108017922,108014119
GO:0008061	35.109	35	0.5562200000	0.9719140273	35	111	112	chitin binding	108020907,108007102,108009767,108010694,108007082,118876761,108013160,108020321,108020305,108012615,108013129,108006080,108006210,108006214,108015177,108012952,108012851,108015920,108014649,108015972,108009402,108012102,108020782,108014900,108009524,118877319,108008200,108017145,139352551,108014892,108012233,108014881,108007881,108016758,108015400
GO:0000027	3.730	4	0.5562300000	0.9719140273	4	12	14	ribosomal large subunit assembly	108018637,108010846,139352928,108014405
GO:0007200	3.566	4	0.5567800000	0.9719140273	4	5	5	phospholipase C-activating G protein-coupled receptor signaling pathway	108019054,108011385,108012041,108010545
GO:0008474	0.746	1	0.5586500000	0.9719140273	1	5	5	palmitoyl-(protein) hydrolase activity	108014500
GO:0043161	13.987	14	0.5591800000	0.9719140273	14	58	60	proteasome-mediated ubiquitin-dependent protein catabolic process	108009746,108021391,108018041,108020509,118877613,108021041,108018485,118877356,108012235,108005934,108016775,108009644,108021224,108009578
GO:0006915	5.798	6	0.5605200000	0.9719140273	6	17	17	apoptotic process	108021432,108017382,108014769,108008311,108010635,108011039
GO:0055088	3.731	4	0.5607700000	0.9719140273	4	9	9	lipid homeostasis	108019086,108016987,108021566,108010033
GO:0004596	0.755	1	0.5611300000	0.9719140273	1	6	6	protein-N-terminal amino-acid acetyltransferase activity	108021729
GO:0004000	2.724	3	0.5620000000	0.9719140273	3	7	7	adenosine deaminase activity	108015551,108017540,108008665
GO:0006154	2.724	3	0.5620000000	0.9719140273	3	7	7	adenosine catabolic process	108015551,108017540,108008665
GO:0046103	2.724	3	0.5620000000	0.9719140273	3	7	7	inosine biosynthetic process	108015551,108017540,108008665
GO:0051879	1.766	2	0.5623200000	0.9719140273	2	8	8	Hsp90 protein binding	108020934,108016356
GO:0031683	3.724	4	0.5633300000	0.9719140273	4	8	9	G-protein beta/gamma-subunit complex binding	108009816,108019472,108018194,108019612
GO:1902476	10.813	11	0.5639300000	0.9719140273	11	20	20	chloride transmembrane transport	108016237,108017645,108018976,108013269,108018109,108018926,108012887,108006312,108014177,108014169,108011881
GO:0031594	2.705	3	0.5646400000	0.9719140273	3	6	6	neuromuscular junction	108016807,108013190,108020331
GO:0140359	27.050	27	0.5683100000	0.9719140273	27	49	49	ABC-type transporter activity	108020977,108017310,108014288,108013728,139353265,108015543,108007233,118877214,108021457,108012701,108021561,108021708,108016353,108020358,108005634,108018174,108018179,108017705,108010328,108021016,108014046,108020792,108009478,108021143,108021144,108010610,108013612
GO:0007265	6.784	7	0.5692900000	0.9719140273	7	16	17	Ras protein signal transduction	108016844,108009860,108018004,108021684,108013339,108004695,108008292
GO:0051225	3.839	4	0.5702000000	0.9719140273	4	17	17	spindle assembly	108006856,108015801,108005770,108015345
GO:0005739	80.895	80	0.5705500000	0.9719140273	80	405	411	mitochondrion	108006643,108017313,108018647,108009740,108008419,108006691,108005370,108021432,108010765,108013716,108021398,108021359,108016848,118876754,108016111,108018761,108010845,108005498,108016132,108021536,108021534,108021462,108019124,108019189,108016943,108005536,108017568,108013186,108006003,108011350,108009036,108006828,108014463,108010093,108015786,108019437,108018140,108018121,108012820,108018043,108009187,108010177,108018934,108012912,108020562,108021798,108015929,108013318,108009287,108014689,108004568,108007646,108015255,108016572,108019605,108007697,108015297,118877643,108012109,108012113,108013493,108012148,108015346,108007760,108019720,108011804,108017106,108010516,108008141,108009457,108010485,108006537,108009622,108018571,108017245,108020882,108012305,108013684,108004704,108012375
GO:0051378	3.636	4	0.5715800000	0.9719140273	4	5	5	serotonin binding	108009858,108020130,118878561,139352873
GO:0003682	21.150	21	0.5718600000	0.9719140273	21	77	78	chromatin binding	108006659,108015516,139353049,108017455,108020162,108010938,108018895,108013266,108018128,108006087,108017792,108012022,108012009,108005730,108015230,108021051,108008902,108005951,108014873,108011972,108011899
GO:0007097	4.730	5	0.5722300000	0.9719140273	5	8	8	nuclear migration	108012756,108012895,108013324,108021033,108021232
GO:0016575	2.755	3	0.5728600000	0.9719140273	3	9	9	obsolete histone deacetylation	108005313,108007106,108005730
GO:0048856	13.863	14	0.5730100000	0.9719140273	14	24	24	anatomical structure development	108020199,108013993,108019289,108006115,108020428,108020368,108020394,108006908,108017611,108018268,108012283,108017937,108013627,108011026
GO:0034220	7.700	8	0.5731900000	0.9719140273	8	11	11	monoatomic ion transmembrane transport	139353246,108021510,108020196,108018853,108018807,108015077,108018039,108015189
GO:0003690	3.886	4	0.5734700000	0.9719140273	4	19	63	double-stranded DNA binding	108019454,108009396,108006487,108006495
GO:0006644	4.837	5	0.5739100000	0.9719140273	5	18	18	phospholipid metabolic process	108006635,108005479,108016997,108007438,108018218
GO:1905515	3.855	4	0.5754300000	0.9719140273	4	13	13	non-motile cilium assembly	108012107,108021227,108013625,108012344
GO:0005786	0.785	1	0.5759800000	0.9719140273	1	6	6	signal recognition particle, endoplasmic reticulum targeting	108013405
GO:0008312	0.785	1	0.5759800000	0.9719140273	1	6	6	7S RNA binding	108013405
GO:0004185	0.772	1	0.5760000000	0.9719140273	1	5	5	serine-type carboxypeptidase activity	108008941
GO:0010923	0.786	1	0.5776200000	0.9719140273	1	5	5	negative regulation of phosphatase activity	108018753
GO:0000287	15.074	15	0.5782800000	0.9719140273	15	45	45	magnesium ion binding	108020933,108013093,108015611,108017536,108008656,108019280,108011371,108018072,108006288,108006343,108015332,108019755,108020707,108008141,108013599
GO:0000184	3.872	4	0.5795100000	0.9719140273	4	13	13	nuclear-transcribed mRNA catabolic process, nonsense-mediated decay	108016064,108016920,108015371,108016773
GO:0000398	17.212	17	0.5795300000	0.9719140273	17	79	79	mRNA splicing, via spliceosome	118877925,108021552,108021438,108015676,108013108,108009102,108015848,108005791,108019491,108011720,108018274,108014764,108004699,108006559,108020870,108009560,108021288
GO:0017148	5.837	6	0.5811300000	0.9719140273	6	15	15	negative regulation of translation	108013055,108021615,108009071,108020406,108015108,108017922
GO:0004222	27.223	27	0.5814500000	0.9719140273	27	76	80	metalloendopeptidase activity	118877974,108014281,108005387,108020995,108009739,108019072,108019066,108013794,108015523,108015689,108009888,108011527,108011523,108010258,108012008,108007646,108020611,108004594,108019605,108013426,108006437,108009548,108009482,108015318,108015473,108015444,108018512
GO:0034599	0.781	1	0.5824600000	0.9719140273	1	6	6	cellular response to oxidative stress	108019124
GO:0005319	7.889	8	0.5824800000	0.9719140273	8	16	16	lipid transporter activity	139353265,108015543,118877214,108012701,108020355,108014551,108015201,108021016
GO:0006196	0.757	1	0.5868700000	0.9747835237	1	4	6	AMP catabolic process	108010184
GO:0044772	1.796	2	0.5884400000	0.9747835237	2	8	8	mitotic cell cycle phase transition	108010810,108007485
GO:0050829	0.739	1	0.5905400000	0.9747835237	1	6	6	defense response to Gram-negative bacterium	108005800
GO:0022857	36.602	36	0.5911600000	0.9747835237	36	112	114	transmembrane transporter activity	108015568,108009781,108010697,108014201,108005419,108015694,108010812,108007206,108005497,108021524,108021473,108007155,108011296,108006880,108007361,108007268,108008786,108015045,108011417,108007389,108014528,118877099,108006928,108006276,108018182,139352310,108005886,108021061,108015337,108007769,108014805,108017072,108008123,108014840,108021168,108014197
GO:0004407	1.754	2	0.5915100000	0.9747835237	2	5	5	histone deacetylase activity	108005313,108007106
GO:0019902	0.825	1	0.5917800000	0.9747835237	1	6	6	phosphatase binding	108018753
GO:0005685	1.911	2	0.5936400000	0.9747835237	2	16	16	U1 snRNP	108015204,108007625
GO:0000775	1.815	2	0.5938700000	0.9747835237	2	6	6	chromosome, centromeric region	108009712,108010230
GO:0060285	1.842	2	0.5942100000	0.9747835237	2	7	7	cilium-dependent cell motility	108019225,108018071
GO:0008241	2.814	3	0.5949300000	0.9747835237	3	7	7	peptidyl-dipeptidase activity	108018657,108021501,108016347
GO:0042594	2.721	3	0.5950800000	0.9747835237	3	5	5	response to starvation	108005305,108007276,108018203
GO:0032922	1.773	2	0.5958700000	0.9747835237	2	5	5	circadian regulation of gene expression	108006854,108006238
GO:0030154	31.266	31	0.5969000000	0.9747835237	31	65	65	cell differentiation	108015573,108020954,108016024,108004813,108020099,108017456,108010809,108021508,108008546,108013874,108018860,108018886,108012687,108013993,108019289,108006908,108016421,108018268,108013345,108005888,108016546,108018281,108019790,108018430,108010479,108013595,108011911,108017295,108021272,108021244,108016748
GO:0030490	1.908	2	0.5973000000	0.9747835237	2	14	14	maturation of SSU-rRNA	118877370,108007895
GO:0030527	1.859	2	0.5982200000	0.9747835237	2	16	245	structural constituent of chromatin	108006791,108017891
GO:0009058	3.961	4	0.5986500000	0.9747835237	4	14	14	biosynthetic process	108018647,108020160,108021633,108017830
GO:0031428	0.824	1	0.5987600000	0.9747835237	1	5	5	box C/D methylation guide snoRNP complex	108008253
GO:0006896	1.821	2	0.5993200000	0.9747835237	2	7	7	Golgi to vacuole transport	108013724,108021484
GO:0015116	4.981	5	0.5999400000	0.9747835237	5	15	15	sulfate transmembrane transporter activity	108018644,108015514,108015534,108017293,108007008
GO:0016055	1.776	2	0.6020300000	0.9747835237	2	5	5	Wnt signaling pathway	108007294,108020590
GO:0051011	2.879	3	0.6025400000	0.9747835237	3	8	8	microtubule minus-end binding	108015801,108005770,108015345
GO:0070382	4.768	5	0.6026700000	0.9747835237	5	7	7	exocytic vesicle	108005352,108010910,108020403,108014529,108018438
GO:0051539	4.016	4	0.6031200000	0.9747835237	4	19	22	4 iron, 4 sulfur cluster binding	108020562,118877643,108017106,108017975
GO:0071277	3.770	4	0.6033700000	0.9747835237	4	6	6	cellular response to calcium ion	108005352,108010910,108020403,108018438
GO:0014059	3.770	4	0.6033700000	0.9747835237	4	6	6	regulation of dopamine secretion	108005352,108010910,108020403,108018438
GO:0001786	3.770	4	0.6033700000	0.9747835237	4	6	6	phosphatidylserine binding	108005352,108010910,108020403,108018438
GO:0017158	3.770	4	0.6033700000	0.9747835237	4	6	6	regulation of calcium ion-dependent exocytosis	108005352,108010910,108020403,108018438
GO:0003677	63.001	62	0.6061100000	0.9756758935	62	205	393	DNA binding	108006654,108020952,108011114,108013777,108013767,108013746,108012482,108011170,108005413,108006791,108008500,108017425,108009883,108019147,108007149,108013872,108013859,108013158,108017563,108009997,108007314,108021653,108021563,108010041,108010093,108010095,108007480,108021780,108018060,108019388,108015829,108020399,108014574,108015191,108006238,108015193,108007573,108011531,108015940,108009270,108013361,108012034,108017891,108004552,108016533,108008966,108018376,108009353,108012972,108013458,108012159,108017994,108018464,108005174,108016604,108014882,108021164,108011899,108012320,108013678,108012333,108004755
GO:0005109	3.783	4	0.6063900000	0.9756758935	4	8	8	frizzled binding	108010711,108008603,108005646,108006227
GO:0033674	11.925	12	0.6074300000	0.9756758935	12	17	17	positive regulation of kinase activity	108021631,108007289,108016422,108010246,108005880,108019603,108005015,108009404,108004681,108019753,108014836,108013615
GO:0005576	68.049	67	0.6091700000	0.9756758935	67	209	213	extracellular region	108006635,108020907,108020969,108010711,108007102,108009767,108010694,108007082,108021378,108016835,108015689,118876761,108009879,108016137,108012558,108020187,118877293,108020199,108013160,108008603,108020321,108020305,108012615,108009033,108018809,108015783,108013129,108005646,108021701,108020376,108006080,108019517,108006210,108006214,108015177,108006227,108012952,108012851,108011587,108015920,108014649,108015972,108009402,108009350,108013451,108012102,108020782,108014900,108009524,118877319,108008200,108017145,108010445,139352551,108012245,108012233,108016638,108007881,108009628,108011966,108014912,108014907,108021265,108010597,108004741,108016758,108015400
GO:0030198	12.848	13	0.6097200000	0.9756758935	13	16	16	extracellular matrix organization	108018646,108009739,108019066,108015689,108019307,108019288,108006994,108021735,108010258,108005854,108006437,108009482,108015473
GO:0001228	9.030	9	0.6101000000	0.9756758935	9	20	20	DNA-binding transcription activator activity, RNA polymerase II-specific	108007937,108017453,139352175,108008821,108009278,108007664,108006389,108020725,108009648
GO:0030687	2.967	3	0.6106100000	0.9756758935	3	16	16	preribosome, large subunit precursor	108019123,108014405,108008316
GO:0000054	0.864	1	0.6107700000	0.9756758935	1	6	6	ribosomal subunit export from nucleus	108013229
GO:0030659	2.791	3	0.6114700000	0.9756758935	3	5	5	cytoplasmic vesicle membrane	108019910,108019161,108005634
GO:0008250	0.874	1	0.6128400000	0.9756758935	1	7	7	oligosaccharyltransferase complex	108021263
GO:0042274	1.857	2	0.6132900000	0.9756758935	2	7	7	ribosomal small subunit biogenesis	108016485,108009517
GO:0031965	1.805	2	0.6135600000	0.9756758935	2	6	6	nuclear membrane	108008965,108009463
GO:0006882	1.853	2	0.6137200000	0.9756758935	2	6	6	intracellular zinc ion homeostasis	108013070,108017507
GO:0005622	7.103	7	0.6138100000	0.9756758935	7	20	20	intracellular anatomical structure	108005314,108016979,108015871,108017805,108021087,108015371,108006559
GO:0006101	1.856	2	0.6142400000	0.9756758935	2	5	5	citrate metabolic process	108020562,118877643
GO:0007266	3.894	4	0.6149100000	0.9756758935	4	9	10	Rho protein signal transduction	108011277,108005563,108006223,108019620
GO:0045211	17.954	18	0.6155000000	0.9756758935	18	24	24	postsynaptic membrane	108019970,108009694,108016804,108021510,108010888,108020196,108018853,108019326,108019327,108013990,108018807,108015077,108011506,108018039,108015189,108009307,108021079,108021095
GO:0043408	1.851	2	0.6173300000	0.9756758935	2	5	5	regulation of MAPK cascade	108020092,108004950
GO:0003993	1.833	2	0.6198700000	0.9756758935	2	5	5	acid phosphatase activity	108019463,108004595
GO:0042147	5.101	5	0.6205300000	0.9756758935	5	21	23	retrograde transport, endosome to Golgi	108021484,108010151,118877610,108009426,108019883
GO:0047389	1.869	2	0.6212000000	0.9756758935	2	5	5	glycerophosphocholine phosphodiesterase activity	108020732,118877320
GO:2001070	1.869	2	0.6212000000	0.9756758935	2	5	5	starch binding	108020732,118877320
GO:0072583	1.807	2	0.6225500000	0.9756758935	2	6	6	clathrin-dependent endocytosis	108017449,108017128
GO:0000243	0.869	1	0.6229700000	0.9756758935	1	5	5	commitment complex	108007625
GO:0036159	1.858	2	0.6237700000	0.9756758935	2	6	6	inner dynein arm assembly	108018789,108005769
GO:0016616	3.989	4	0.6246500000	0.9756758935	4	10	10	oxidoreductase activity, acting on the CH-OH group of donors, NAD or NADP as acceptor	108021387,108021654,108018175,108011010
GO:0048280	0.784	1	0.6249700000	0.9756758935	1	6	6	vesicle fusion with Golgi apparatus	108004705
GO:0035098	2.904	3	0.6266400000	0.9756758935	3	7	7	ESC/E(Z) complex	108021367,108013266,108018087
GO:0071011	5.186	5	0.6289800000	0.9756758935	5	29	30	precatalytic spliceosome	108021552,108014681,108005000,108004694,108009471
GO:0032036	1.899	2	0.6319000000	0.9756758935	2	7	7	myosin heavy chain binding	108016479,108015395
GO:0007023	0.885	1	0.6321800000	0.9756758935	1	6	6	post-chaperonin tubulin folding pathway	108009283
GO:0016485	6.110	6	0.6323700000	0.9756758935	6	17	19	protein processing	108005341,108009726,108013794,108013190,108012008,108004594
GO:1904262	1.812	2	0.6325600000	0.9756758935	2	5	5	negative regulation of TORC1 signaling	108010189,108012902
GO:0030992	3.014	3	0.6336300000	0.9756758935	3	10	10	intraciliary transport particle B	108020489,108007660,108012107
GO:1990904	13.274	13	0.6341100000	0.9756758935	13	32	32	ribonucleoprotein complex	108016832,108005468,108010827,108011297,108014460,118877818,108015007,108016435,108006181,108014052,108013555,108012270,108014119
GO:0015276	5.169	5	0.6348800000	0.9756758935	5	16	18	ligand-gated monoatomic ion channel activity	108017647,108020349,108017812,108010491,108012287
GO:0060294	4.964	5	0.6350900000	0.9756758935	5	11	11	cilium movement involved in cell motility	108015691,108020148,108012831,108005769,108021122
GO:0000276	1.904	2	0.6354200000	0.9756758935	2	9	9	obsolete mitochondrial proton-transporting ATP synthase complex, coupling factor F(o)	108014146,108020894
GO:0031083	0.905	1	0.6355000000	0.9756758935	1	6	6	BLOC-1 complex	108010710
GO:0006368	5.162	5	0.6355400000	0.9756758935	5	20	24	transcription elongation by RNA polymerase II	108018113,108010139,108011543,108005021,108008019
GO:0007169	14.139	14	0.6358900000	0.9756758935	14	23	23	cell surface receptor protein tyrosine kinase signaling pathway	108021631,108007289,108013201,108016422,108010246,108005880,108005888,108019603,108005015,108009404,108004695,108004681,108019753,108013615
GO:0005125	6.016	6	0.6374800000	0.9756758935	6	15	15	cytokine activity	108010711,108009879,108008603,108005646,108006227,108021265
GO:0035091	9.243	9	0.6386200000	0.9756758935	9	24	24	phosphatidylinositol binding	108018621,108007992,108010756,108011139,108021533,108021558,108019871,108011932,108015410
GO:0030117	1.968	2	0.6386800000	0.9756758935	2	8	8	membrane coat	108013724,108016908
GO:0031593	1.952	2	0.6389200000	0.9756758935	2	10	10	polyubiquitin modification-dependent protein binding	108005826,118877356
GO:0005667	21.631	21	0.6416200000	0.9756758935	21	60	61	transcription regulator complex	108005318,108019929,108019094,118876752,108012588,108013156,108017585,108020393,108010181,108011531,108013361,108017715,108005050,108012977,108007712,108018462,108005174,108021115,108008308,108014960,108013672
GO:0055085	111.159	109	0.6425000000	0.9756758935	109	273	276	transmembrane transport	108015568,108020977,108005324,108017310,108014288,108018644,108009781,108013726,108010697,108015514,139353265,108015543,108015549,108014201,108005419,108015694,108014357,108010812,108006782,108010856,108007206,108005497,108021524,108007233,118877214,108021473,108021457,108007155,108016093,108016915,108014304,108016998,108011296,108006880,108005596,108007361,108012701,108018008,108007268,108021561,108015745,108006820,108014436,108016300,108021708,108007405,108016353,108008786,108015045,108019477,108010101,108011417,108007389,108010136,108015810,108013214,108014528,118877099,108005634,108013241,108016432,108005777,108021818,108018206,108006276,108012878,108018182,108009234,108018174,108018179,139352310,108017705,108005886,108008952,108019656,108015287,108015288,108010328,108021016,108021061,108017996,108015337,108012292,108007769,108015370,108020794,108020792,108014805,108009478,108017072,108008123,108021143,108021144,108014840,108021181,108013548,108014883,108013553,108021168,108006527,108020848,108020839,108010610,108014197,108017293,108007008,108009652,108013612,108015413
GO:0070125	0.907	1	0.6428400000	0.9756758935	1	5	5	mitochondrial translational elongation	108021462
GO:0016757	5.035	5	0.6429700000	0.9756758935	5	12	12	glycosyltransferase activity	108005429,108021538,108015157,108009408,108009351
GO:0017157	2.909	3	0.6431400000	0.9756758935	3	7	7	regulation of exocytosis	108005457,108009252,108013419
GO:0044877	3.863	4	0.6443600000	0.9756758935	4	8	8	protein-containing complex binding	108005324,108010086,108009425,108010323
GO:0006396	3.146	3	0.6450500000	0.9756758935	3	18	18	RNA processing	108015007,108007625,108009590
GO:0071805	20.156	20	0.6456800000	0.9756758935	20	29	29	potassium ion transmembrane transport	118877935,108005330,108009731,108010674,108019327,108014400,108013272,108011506,108021788,108009124,108010163,108006268,108009281,108016561,108009334,108021079,108008193,108004656,108012318,108016735
GO:0005750	0.962	1	0.6457100000	0.9756758935	1	10	11	obsolete mitochondrial respiratory chain complex III	108021638
GO:0006506	6.384	6	0.6463400000	0.9756758935	6	31	31	GPI anchor biosynthetic process	108018127,108015815,118877649,108014879,108017958,108014914
GO:0030955	1.947	2	0.6470900000	0.9756758935	2	6	6	potassium ion binding	108015611,108013599
GO:0004743	1.947	2	0.6470900000	0.9756758935	2	6	6	pyruvate kinase activity	108015611,108013599
GO:0004725	12.179	12	0.6473200000	0.9756758935	12	23	26	protein tyrosine phosphatase activity	108005337,108010724,108016858,108021546,108015626,108007284,108013270,108012802,108015265,108014712,108015326,108021272
GO:1904315	9.242	9	0.6473900000	0.9756758935	9	19	19	transmitter-gated monoatomic ion channel activity involved in regulation of postsynaptic membrane potential	108014284,108017428,108007365,108013538,108014177,108014169,108011995,108013611,108011881
GO:0030286	6.845	7	0.6474300000	0.9756758935	7	10	11	dynein complex	108015691,108019204,108020148,108013006,108014446,108012831,108016798
GO:0070286	2.064	2	0.6479400000	0.9756758935	2	11	11	axonemal dynein complex assembly	108014248,108018245
GO:0009922	5.149	5	0.6512000000	0.9756758935	5	18	18	fatty acid elongase activity	118876772,108016205,108005617,108012193,108012198
GO:0034626	5.149	5	0.6512000000	0.9756758935	5	18	18	fatty acid elongation, polyunsaturated fatty acid	118876772,108016205,108005617,108012193,108012198
GO:0034625	5.149	5	0.6512000000	0.9756758935	5	18	18	fatty acid elongation, monounsaturated fatty acid	118876772,108016205,108005617,108012193,108012198
GO:0019367	5.149	5	0.6512000000	0.9756758935	5	18	18	fatty acid elongation, saturated fatty acid	118876772,108016205,108005617,108012193,108012198
GO:0030015	1.943	2	0.6524500000	0.9756758935	2	6	7	CCR4-NOT core complex	108009071,108014668
GO:0043539	1.886	2	0.6528600000	0.9756758935	2	5	5	protein serine/threonine kinase activator activity	108020298,108008744
GO:0043015	4.136	4	0.6532200000	0.9756758935	4	12	12	gamma-tubulin binding	108015801,108005770,108015345,108019729
GO:0055064	2.847	3	0.6538200000	0.9756758935	3	5	5	chloride ion homeostasis	108016237,108013269,108018109
GO:0055075	2.847	3	0.6538200000	0.9756758935	3	5	5	potassium ion homeostasis	108016237,108013269,108018109
GO:0020037	43.398	42	0.6543100000	0.9756758935	42	129	130	heme binding	108007968,108009751,108012461,108010848,108021549,108013829,108004915,108016946,108017524,108008671,108018008,108019259,108005504,108019387,108011479,108015840,108013252,108014549,108017783,108019594,108009231,108019485,108009272,108015929,108008947,108008948,108008943,108019629,108021052,108014750,108007725,108015390,108019793,108011869,108005183,108020789,108021112,108017081,108021140,108005981,108007842,108014959
GO:0034975	1.959	2	0.6546100000	0.9756758935	2	8	8	protein folding in endoplasmic reticulum	108018792,118878009
GO:0042800	1.890	2	0.6548700000	0.9756758935	2	5	10	histone H3K4 methyltransferase activity	108016855,108006381
GO:0005245	3.911	4	0.6564100000	0.9756758935	4	6	6	voltage-gated calcium channel activity	108016046,108021430,108010018,108019835
GO:0004714	8.045	8	0.6571100000	0.9756758935	8	12	12	transmembrane receptor protein tyrosine kinase activity	108007289,108005880,108019603,108005015,108009404,108004681,108019753,108013615
GO:0043130	6.385	6	0.6577400000	0.9756758935	6	29	29	ubiquitin binding	108009746,108021391,108012108,108013512,108010587,108021224
GO:0005694	10.453	10	0.6581200000	0.9756758935	10	29	29	chromosome	118878410,108005413,108007248,108017585,108015044,108008821,108011520,108013508,108021126,108009634
GO:0010008	3.048	3	0.6582200000	0.9756758935	3	8	8	endosome membrane	108013724,108009433,108009496
GO:0071949	9.517	9	0.6594100000	0.9756758935	9	26	26	FAD binding	108021432,108008444,108007023,108016987,108021566,108010033,108006238,108014135,108007018
GO:0006400	0.969	1	0.6596400000	0.9756758935	1	6	6	tRNA modification	108017313
GO:0006884	2.878	3	0.6621600000	0.9756758935	3	6	6	cell volume homeostasis	108016237,108013269,108018109
GO:0007274	3.818	4	0.6632400000	0.9756758935	4	5	5	neuromuscular synaptic transmission	108021532,108009122,108006392,108014897
GO:0016442	0.993	1	0.6640400000	0.9756758935	1	9	10	RISC complex	108012855
GO:0006893	3.070	3	0.6640800000	0.9756758935	3	8	8	Golgi to plasma membrane transport	108004869,108020591,108018403
GO:0019887	2.917	3	0.6644700000	0.9756758935	3	6	6	protein kinase regulator activity	108009127,108018373,108005297
GO:0051453	3.849	4	0.6651900000	0.9756758935	4	6	6	regulation of intracellular pH	108015745,108014400,108013214,108010526
GO:0006367	4.359	4	0.6664800000	0.9756758935	4	26	26	transcription initiation at RNA polymerase II promoter	108014492,108007269,108010044,108016607
GO:0060271	17.894	17	0.6682500000	0.9756758935	17	58	59	cilium assembly	108011143,108008535,108016197,108008483,108005535,108013145,108021736,108008767,108020518,108020489,108009201,108019653,108005802,108021122,108014872,108005253,108010656
GO:0004550	0.988	1	0.6683100000	0.9756758935	1	6	6	nucleoside diphosphate kinase activity	108017201
GO:0001671	3.160	3	0.6687900000	0.9756758935	3	13	13	ATPase activator activity	108020696,108005865,108021156
GO:0030145	7.346	7	0.6693600000	0.9756758935	7	22	22	manganese ion binding	108016813,108019189,108017536,108018203,108006224,118877563,108011591
GO:0071363	2.940	3	0.6698200000	0.9756758935	3	5	5	cellular response to growth factor stimulus	108018047,108011857,108014910
GO:0008146	3.106	3	0.6710100000	0.9756758935	3	11	11	sulfotransferase activity	108020448,108013440,108021189
GO:0005178	10.191	10	0.6729400000	0.9756758935	10	16	16	integrin binding	108005353,108019071,108015555,108017684,108018136,108008811,108012911,108011829,108017100,108016740
GO:0006470	16.730	16	0.6732100000	0.9756758935	16	48	52	protein dephosphorylation	108018618,108005337,108010724,108016858,108021546,108015626,108017536,108017542,108007284,108013270,108012802,108019524,108015265,108015326,108020751,108004704
GO:0001664	6.264	6	0.6739300000	0.9756758935	6	16	17	G protein-coupled receptor binding	108009816,118877293,108018862,108019472,108018194,108019612
GO:0007035	3.133	3	0.6744300000	0.9756758935	3	9	9	vacuolar acidification	108017517,108018907,108004655
GO:0005254	10.372	10	0.6745300000	0.9756758935	10	21	21	chloride channel activity	108006769,108017645,108018976,108018926,108013396,108012887,108006312,108014177,108014169,108011881
GO:0032418	0.939	1	0.6751400000	0.9756758935	1	5	5	lysosome localization	108011739
GO:0000159	3.134	3	0.6763100000	0.9756758935	3	9	9	protein phosphatase type 2A complex	108018618,108013927,108019524
GO:0006268	2.090	2	0.6765200000	0.9756758935	2	7	7	obsolete DNA unwinding involved in DNA replication	108007248,108013508
GO:0007010	7.133	7	0.6769900000	0.9756758935	7	12	12	cytoskeleton organization	108020012,108007086,108012451,108012895,108021034,108018495,108004651
GO:0030170	10.697	10	0.6773400000	0.9756758935	10	33	33	pyridoxal phosphate binding	108018647,108005536,108009956,108009973,108015229,108005883,108007697,108019858,108021235,108015418
GO:0032958	2.983	3	0.6775600000	0.9756758935	3	6	6	inositol phosphate biosynthetic process	108005076,108009439,108005293
GO:0000502	0.979	1	0.6776700000	0.9756758935	1	5	5	proteasome complex	108012235
GO:0019001	2.000	2	0.6778600000	0.9756758935	2	5	6	guanyl nucleotide binding	108019472,108019612
GO:0009888	7.850	8	0.6789700000	0.9756758935	8	9	9	tissue development	108013119,108015808,108013332,108006347,108006349,108021039,108021153,108016740
GO:0000307	2.114	2	0.6792500000	0.9756758935	2	10	11	cyclin-dependent protein kinase holoenzyme complex	108010810,108017962
GO:0003723	83.574	81	0.6792600000	0.9756758935	81	321	355	RNA binding	108020938,108017333,108006686,108017308,108016089,108016070,108021355,108008371,108020010,108021321,108012429,108020039,108011158,108015516,108016832,108011119,108007902,108005426,108005439,108005404,139353050,108005468,108010846,108009852,108010827,108021552,108007223,118878586,108021494,108011263,108016979,108006889,108017596,108017589,108008678,108009037,108020269,108009059,108006837,108013124,108013108,108010085,139352168,108015007,108018125,108018058,108020354,108015832,108010133,108010158,108005762,108009302,108012947,108012855,108015230,108005896,108004565,108005000,108018274,108014733,108021092,108014798,108014799,108004694,108004699,108020720,108015371,108006457,108018430,108005903,108009484,108004659,108006559,108020870,108009675,108008253,108010587,108009590,108008290,108021288,108012391
GO:0042254	3.312	3	0.6793800000	0.9756758935	3	18	18	ribosome biogenesis	108020354,108005903,108008316
GO:0004017	0.995	1	0.6811200000	0.9756758935	1	5	5	AMP kinase activity	108012113
GO:0006605	1.835	2	0.6812200000	0.9756758935	2	7	7	protein targeting	108009491,108017245
GO:0000445	0.964	1	0.6814700000	0.9756758935	1	5	5	THO complex part of transcription export complex	108010211
GO:0000932	6.500	6	0.6824700000	0.9756758935	6	26	27	P-body	108016008,108013055,108007172,108009071,108014668,108006457
GO:0006606	8.730	8	0.6825300000	0.9756758935	8	36	37	protein import into nucleus	108016061,108009773,108011137,108008652,108006188,108018321,108021073,108021117
GO:0000028	3.174	3	0.6846100000	0.9756758935	3	15	19	ribosomal small subunit assembly	108011119,108007902,108011573
GO:0007021	1.029	1	0.6847100000	0.9756758935	1	8	8	tubulin complex assembly	108009283
GO:0045505	12.320	12	0.6848700000	0.9756758935	12	30	33	dynein intermediate chain binding	108015691,108018789,108019204,108020148,108013006,108019351,108014444,108014446,108016394,108012831,108021122,108016798
GO:0003724	8.747	8	0.6881500000	0.9756758935	8	35	36	RNA helicase activity	108005439,108009855,108006091,108012059,108021087,108018430,118877370,108018575
GO:0000785	22.101	21	0.6885700000	0.9756758935	21	68	115	chromatin	108009712,108020082,108016862,108013089,108017489,108013156,108021606,108017585,108020361,108009270,108010230,108005755,108012022,108013348,108005882,108016535,108012977,108012972,108019754,108019723,108013619
GO:0015631	3.276	3	0.6887200000	0.9756758935	3	13	14	tubulin binding	108007166,108021570,108020404
GO:0005840	34.023	33	0.6891000000	0.9756758935	33	115	124	ribosome	108016089,108008443,108007117,108021355,108008371,108008387,108011119,108007902,108005404,139353050,108010846,108008470,108021494,108011263,108006717,139352928,108021615,139352168,108018967,108008787,108009151,108010120,108015851,108018934,108016485,108020720,108015378,108018501,108005221,108015488,108018571,108004706,108012391
GO:0005515	435.464	430	0.6896700000	0.9756758935	430	1054	1099	protein binding	108006633,108018626,108018627,108014254,108018617,108014248,108020906,108006625,108016896,108016899,108017333,108016008,108009710,108020970,108019976,108020946,108020945,108005337,108010737,108009752,108010724,108009758,108016036,108010714,108016024,108008408,108008407,108009783,108016081,108019113,108019114,118879759,108013811,108009795,108016071,108016079,108016077,108019107,108021407,108021405,108008439,108016064,108009773,108016053,108021354,108021351,108020012,108013709,108009696,108009694,108021323,108021321,108010674,108019075,108004803,108011114,108020053,108007094,108013749,108019058,108021379,108021376,108021367,108021366,108021362,108016843,108016845,108011139,108012476,108012477,108019097,108019090,108011134,108019914,108015559,139353272,108011178,108004880,108004889,108015526,108016858,108005428,108013055,108013045,139353041,108015693,139353049,108005412,108005467,108018782,108013081,108013085,108009805,108005453,108013063,108018759,118876793,108017475,108010821,108013927,108013929,108013912,108010888,108016199,108010877,108019207,118878586,108020136,108019130,108007149,108008483,108016094,108016093,108020111,108021443,108019122,108010795,108016920,108020180,108019183,108004938,108012553,108013888,108013868,108020167,108013859,108021480,108014304,108016943,108004967,108014333,108016984,108016204,108014484,108017511,108006862,108005535,108017505,108005593,108005563,108009927,108018886,118877720,108021627,108008657,108021632,108009995,108009998,108009967,108017589,108010999,108021646,108020321,108021640,108019327,108007284,108019277,108007282,108007297,108007274,108010021,108020297,108009007,108019282,108010060,108009049,108011371,108010044,108010036,108006836,108013132,108014466,108018821,108013137,108015783,108014457,108013129,108006805,108013110,108010085,108006825,108014433,108009096,108013290,108005670,108018973,108013270,108018969,108013266,108021701,108007403,108007405,108021700,108008735,108015013,118877833,108015002,108020417,108019439,108020405,108007430,108021720,108012838,108019478,108021793,108018146,108021791,108006161,108007463,108009102,108018066,108020374,108011407,108011409,108018041,108018040,108019369,108021683,108007392,108009149,108010139,108015826,108018098,108015807,108010125,108012769,108020392,108015871,108014531,108013201,108009163,108009162,108013252,108005638,108018932,108013221,108005792,108012072,108016439,108019518,108019507,108017792,108017782,108019553,108006240,108012908,108019531,108006224,118877578,108012963,108012952,108006251,108012939,108019577,108018180,108020489,108012872,108020484,108012863,108018150,108018154,108009270,108012888,108013336,108005713,108010294,108010299,108009291,108005756,108012036,108012009,108015225,108016542,108017872,108016544,108015273,108015277,108018304,108007625,108016572,108007660,108006347,108006349,108018315,108006392,108011735,108018378,108006384,108006381,108009353,108012996,118879475,108021032,108009396,108009391,108008035,108011694,108014712,108021079,108013458,108005828,108012111,108013441,108005800,108005802,108014761,108021041,108013491,108005876,108013484,108021092,108017835,108005857,108012134,108004699,108015359,108014028,108019707,108014019,108004681,108015327,108019741,108019749,108007748,108007749,108009513,108009519,108005135,108009549,108009555,108009551,108018495,108005192,108006495,108018485,108020786,108021109,108009472,108009449,108009456,108017060,108018394,108014847,108021145,108014854,108021126,108010471,108013501,108021194,108017919,108014891,108013565,108017922,108013548,108014887,108021167,108021166,108005980,108004651,108004655,108012277,108017954,108016607,108017937,108013580,108017946,108019829,108006519,108019808,108007832,108007833,108016773,108016771,108016778,108007883,108007887,108006561,108014173,108019863,108019869,108005206,108020840,108015496,108014157,108010603,108017243,108011941,108009607,108017238,108019881,108017229,108009669,108017296,108011990,108009644,108011966,108008316,108017273,108011971,108011974,108009587,108008265,108021221,108009561,108011892,108011895,108014920,108009578,108009576,108014978,108012318,108021260,108014960,108014963,108008285,108011026,108012359,108012339,108004705,108021291,108012344,108014991,108012333,108016766,136116981,108012399,108016759,108004748,108004768,108016735
GO:0017080	2.005	2	0.6901400000	0.9756758935	2	5	5	sodium channel regulator activity	108020017,108013893
GO:0005663	0.976	1	0.6903700000	0.9756758935	1	5	5	DNA replication factor C complex	108007314
GO:0030897	0.952	1	0.6907300000	0.9756758935	1	4	5	HOPS complex	108013290
GO:0043035	6.335	6	0.6909700000	0.9756758935	6	18	18	chromatin insulator sequence binding	118878410,108017585,108015044,108008821,108011520,108009634
GO:0043666	1.044	1	0.6924300000	0.9756758935	1	6	6	obsolete regulation of phosphoprotein phosphatase activity	108013194
GO:0016301	1.021	1	0.6938300000	0.9756758935	1	5	5	kinase activity	108009672
GO:0032367	1.048	1	0.6940900000	0.9756758935	1	7	7	intracellular cholesterol transport	108015744
GO:0009166	2.022	2	0.6965400000	0.9756758935	2	5	5	nucleotide catabolic process	108016136,108009480
GO:0010508	1.933	2	0.6968700000	0.9756758935	2	5	5	positive regulation of autophagy	108007276,108012902
GO:0005749	1.019	1	0.6981400000	0.9756758935	1	5	5	obsolete mitochondrial respiratory chain complex II, succinate dehydrogenase complex (ubiquinone)	108007842
GO:0070847	1.107	1	0.6981700000	0.9756758935	1	9	9	core mediator complex	108013040
GO:0051603	5.522	5	0.6988800000	0.9756758935	5	22	22	proteolysis involved in protein catabolic process	108015585,108011238,108018102,108008866,108019639
GO:0001708	6.268	6	0.6989400000	0.9756758935	6	11	11	cell fate specification	108007294,108021784,108016568,108020590,108009595,108011013
GO:0031122	6.481	6	0.6991200000	0.9756758935	6	18	18	cytoplasmic microtubule organization	108013725,108017674,108015801,108005770,108013324,108015345
GO:0000447	1.018	1	0.7003300000	0.9756758935	1	6	6	endonucleolytic cleavage in ITS1 to separate SSU-rRNA from 5.8S rRNA and LSU-rRNA from tricistronic rRNA transcript (SSU-rRNA, 5.8S rRNA, LSU-rRNA)	108013453
GO:0004067	1.073	1	0.7003400000	0.9756758935	1	7	7	asparaginase activity	108019207
GO:0016538	3.244	3	0.7004000000	0.9756758935	3	13	14	cyclin-dependent protein serine/threonine kinase regulator activity	108010810,108021500,108007485
GO:0005740	1.078	1	0.7014800000	0.9756758935	1	7	7	mitochondrial envelope	108007842
GO:0007030	7.672	7	0.7020300000	0.9756758935	7	31	31	Golgi organization	108005359,108009746,108009875,108021470,108016277,108019280,108019883
GO:0007229	6.277	6	0.7028600000	0.9756758935	6	11	11	integrin-mediated signaling pathway	108005353,108019071,108017684,108018136,108008811,108011829
GO:0007254	1.042	1	0.7037100000	0.9756758935	1	5	5	JNK cascade	108015332
GO:0051959	10.117	10	0.7044500000	0.9756758935	10	14	17	dynein light intermediate chain binding	108015691,108019204,108020148,108013006,108014444,108014446,108016394,108012831,108021122,108016798
GO:0016604	2.308	2	0.7045400000	0.9756758935	2	13	18	nuclear body	108012482,108009527
GO:0043171	8.662	8	0.7056500000	0.9756758935	8	20	20	peptide catabolic process	108020074,108014385,108014386,108016115,108014396,108007235,108021615,108012832
GO:0043495	2.090	2	0.7066100000	0.9756758935	2	5	6	protein-membrane adaptor activity	108018141,118879475
GO:0003697	8.820	8	0.7083000000	0.9756758935	8	34	34	single-stranded DNA binding	108018685,108005370,108008644,108019454,108014583,108020607,108017980,108014873
GO:0030332	2.009	2	0.7089100000	0.9756758935	2	5	5	cyclin binding	108015840,108017962
GO:0048487	2.159	2	0.7096700000	0.9756758935	2	7	7	beta-tubulin binding	108013563,108016732
GO:0010506	3.201	3	0.7111100000	0.9756758935	3	9	9	regulation of autophagy	108012877,108015249,108011654
GO:0033617	1.163	1	0.7114200000	0.9756758935	1	15	15	mitochondrial cytochrome c oxidase assembly	108011749
GO:0035372	1.042	1	0.7119900000	0.9756758935	1	8	8	protein localization to microtubule	108006856
GO:0046475	2.190	2	0.7142500000	0.9756758935	2	6	6	glycerophospholipid catabolic process	108020732,118877320
GO:0008045	9.922	10	0.7143000000	0.9756758935	10	14	14	motor neuron axon guidance	108005304,108021489,108021623,108021589,108007430,108018098,108006349,108012104,108020879,108021236
GO:0008134	5.439	5	0.7144300000	0.9756758935	5	19	19	transcription factor binding	108005313,108013767,108020029,136117103,108013672
GO:0005890	2.105	2	0.7144300000	0.9756758935	2	6	6	sodium:potassium-exchanging ATPase complex	108020696,108021156
GO:0016342	9.276	9	0.7149800000	0.9756758935	9	14	14	catenin complex	108016895,108007294,108018279,108020590,108016507,108014792,108020739,108009550,108014867
GO:0007017	1.988	2	0.7154700000	0.9756758935	2	7	7	microtubule-based process	108018636,108011645
GO:0000407	3.318	3	0.7157700000	0.9756758935	3	12	12	phagophore assembly site	108007276,108018176,108015249
GO:0030126	1.136	1	0.7167200000	0.9756758935	1	7	7	COPI vesicle coat	108010449
GO:0005242	2.055	2	0.7167400000	0.9756758935	2	5	5	inward rectifier potassium channel activity	108005228,108011028
GO:0008360	4.233	4	0.7171000000	0.9756758935	4	10	10	regulation of cell shape	108013015,108013224,108005740,108015316
GO:0000290	1.036	1	0.7178900000	0.9756758935	1	5	5	deadenylation-dependent decapping of nuclear-transcribed mRNA	108006457
GO:0008013	3.150	3	0.7182300000	0.9756758935	3	7	7	beta-catenin binding	108007294,108019299,108020590
GO:0032968	2.209	2	0.7189200000	0.9756758935	2	8	8	positive regulation of transcription elongation by RNA polymerase II	108011543,108005021
GO:0034968	1.078	1	0.7193400000	0.9756758935	1	5	5	obsolete histone lysine methylation	108016862
GO:0010181	3.187	3	0.7195400000	0.9756758935	3	10	14	FMN binding	108006666,108021112,108012352
GO:0001054	1.120	1	0.7196200000	0.9756758935	1	10	10	obsolete RNA polymerase I activity	108021012
GO:0070006	12.023	11	0.7197200000	0.9756758935	11	36	36	metalloaminopeptidase activity	108020074,108014385,108014386,108016115,108014396,108007235,108019189,108012832,118877583,118877563,108011591
GO:0006364	5.664	5	0.7199600000	0.9756758935	5	30	34	rRNA processing	139352927,108017589,108014405,108016485,108016778
GO:0030041	7.274	7	0.7200100000	0.9756758935	7	14	15	actin filament polymerization	108016898,108021375,108021437,108019161,108009082,108012947,108021202
GO:0061631	2.311	2	0.7200300000	0.9756758935	2	12	12	ubiquitin conjugating enzyme activity	108016952,108007853
GO:0010468	9.709	9	0.7207600000	0.9756758935	9	28	29	regulation of gene expression	108007313,108018013,108017609,108012972,108011680,108019754,108017962,108021291,108011013
GO:0008541	1.191	1	0.7220500000	0.9756758935	1	10	10	proteasome regulatory particle, lid subcomplex	108007859
GO:0000145	3.274	3	0.7227400000	0.9757095063	3	8	8	exocyst	108004869,108020591,108018403
GO:0004439	1.112	1	0.7233600000	0.9761227307	1	5	5	phosphatidylinositol-4,5-bisphosphate 5-phosphatase activity	108016944
GO:0002028	2.122	2	0.7245600000	0.9761407980	2	6	6	regulation of sodium ion transport	108020017,108013893
GO:0018344	1.141	1	0.7275600000	0.9761407980	1	5	5	protein geranylgeranylation	108019441
GO:0032222	4.558	4	0.7286400000	0.9761407980	4	17	17	regulation of synaptic transmission, cholinergic	108009985,108006299,108006453,108019873
GO:1903818	4.558	4	0.7286400000	0.9761407980	4	17	17	positive regulation of voltage-gated potassium channel activity	108009985,108006299,108006453,108019873
GO:0030431	4.558	4	0.7286400000	0.9761407980	4	17	17	sleep	108009985,108006299,108006453,108019873
GO:0005675	1.173	1	0.7286600000	0.9761407980	1	8	8	transcription factor TFIIH holo complex	108021829
GO:0006397	6.526	6	0.7287900000	0.9761407980	6	22	22	mRNA processing	108020938,108012429,108010811,108007172,108009181,108005620
GO:0005819	2.174	2	0.7311800000	0.9761407980	2	9	9	spindle	108016079,108017674
GO:0008540	2.343	2	0.7317800000	0.9761407980	2	12	12	proteasome regulatory particle, base subcomplex	118877356,108012235
GO:0000422	5.560	5	0.7318200000	0.9761407980	5	18	19	autophagy of mitochondrion	108007276,108021826,108018176,108015346,108021167
GO:0000922	7.708	7	0.7320700000	0.9761407980	7	18	19	spindle pole	108017306,108010798,108015801,108005770,108013324,108018275,108015345
GO:0004989	4.705	5	0.7345300000	0.9772896502	5	5	5	octopamine receptor activity	108010943,108010944,108007433,108012181,108010545
GO:0097730	2.185	2	0.7346000000	0.9772896502	2	5	5	non-motile cilium	108021227,108012344
GO:0032981	2.484	2	0.7356100000	0.9772896502	2	20	21	mitochondrial respiratory chain complex I assembly	108008640,108021195
GO:0072546	1.205	1	0.7364300000	0.9772896502	1	9	9	EMC complex	118878009
GO:0016614	5.669	5	0.7372200000	0.9772896502	5	15	15	oxidoreductase activity, acting on CH-OH group of donors	108005102,108005276,108005277,108005280,108010629
GO:0032588	1.128	1	0.7373300000	0.9772896502	1	5	5	trans-Golgi network membrane	108006039
GO:0016279	1.010	1	0.7375300000	0.9772896502	1	4	9	protein-lysine N-methyltransferase activity	108016899
GO:0003755	5.882	5	0.7378500000	0.9772896502	5	34	37	peptidyl-prolyl cis-trans isomerase activity	108009059,108006933,108017794,108012863,108014832
GO:0006402	0.988	1	0.7412200000	0.9772896502	1	5	5	mRNA catabolic process	108012855
GO:0045842	1.140	1	0.7420500000	0.9772896502	1	5	5	positive regulation of mitotic metaphase/anaphase transition	108006805
GO:0015131	1.143	1	0.7430000000	0.9772896502	1	5	5	oxaloacetate transmembrane transporter activity	108015534
GO:0071422	1.143	1	0.7430000000	0.9772896502	1	5	5	succinate transmembrane transport	108015534
GO:0015729	1.143	1	0.7430000000	0.9772896502	1	5	5	oxaloacetate transport	108015534
GO:0031175	4.195	4	0.7433200000	0.9772896502	4	8	9	neuron projection development	108016014,108019526,108012948,108012860
GO:0042744	1.152	1	0.7451400000	0.9772896502	1	7	7	hydrogen peroxide catabolic process	108015929
GO:0006952	2.252	2	0.7464100000	0.9772896502	2	21	21	defense response	108009709,108007806
GO:0016324	7.465	7	0.7484200000	0.9772896502	7	13	14	apical plasma membrane	108009765,108011139,108013190,118879475,108006561,108014963,108016740
GO:1902975	1.166	1	0.7492500000	0.9772896502	1	5	5	mitotic DNA replication initiation	108014873
GO:0033962	1.211	1	0.7494200000	0.9772896502	1	6	6	P-body assembly	108006457
GO:0003688	2.425	2	0.7497600000	0.9772896502	2	10	10	DNA replication origin binding	108018128,108014873
GO:0080025	2.171	2	0.7498800000	0.9772896502	2	5	5	phosphatidylinositol-3,5-bisphosphate binding	108021167,118877437
GO:0016471	2.352	2	0.7501500000	0.9772896502	2	8	8	vacuolar proton-transporting V-type ATPase complex	108017517,108018907
GO:0000122	22.512	21	0.7510500000	0.9772896502	21	65	65	negative regulation of transcription by RNA polymerase II	108005313,108019987,108007106,108021367,108016862,108015659,108013978,108018108,108015807,108020393,108005772,108013353,108005730,108007642,108019723,108019790,108021101,108010479,108008308,108021213,108021244
GO:0045504	4.570	4	0.7514100000	0.9772896502	4	14	14	dynein heavy chain binding	108009939,108018992,108005769,108005000
GO:0072686	4.379	4	0.7518800000	0.9772896502	4	9	9	mitotic spindle	108019225,108018071,108012278,108016766
GO:0003824	3.639	3	0.7519500000	0.9772896502	3	28	64	catalytic activity	118877915,108018072,108018569
GO:0006298	2.412	2	0.7520200000	0.9772896502	2	10	10	mismatch repair	108014253,108017980
GO:0004888	14.857	14	0.7539000000	0.9794366231	14	26	26	transmembrane signaling receptor activity	139353246,108018759,108021510,108020196,108018853,108018807,108017645,108015077,108018039,108015189,108005800,108014177,108014169,108011881
GO:0016607	4.459	4	0.7550900000	0.9794366231	4	14	14	nuclear speck	108009712,108009291,108018274,108005934
GO:0030865	1.190	1	0.7567300000	0.9794366231	1	5	5	cortical cytoskeleton organization	108005740
GO:0006904	2.177	2	0.7567900000	0.9794366231	2	7	7	vesicle docking involved in exocytosis	108004869,108009252
GO:0043547	11.780	11	0.7571500000	0.9794366231	11	20	22	positive regulation of GTPase activity	108005393,108016844,108009860,108016154,108018004,108021684,108017753,108006222,108019590,108013339,108016794
GO:0044804	2.238	2	0.7575000000	0.9794366231	2	7	7	nucleophagy	108021826,108021167
GO:0017025	2.179	2	0.7589300000	0.9794366231	2	8	8	TBP-class protein binding	108014574,108020801
GO:0030134	3.605	3	0.7590600000	0.9794366231	3	19	19	COPII-coated ER to Golgi transport vesicle	108009875,108014560,108006373
GO:0030276	5.546	5	0.7594400000	0.9794366231	5	11	11	clathrin binding	108005352,108010910,108020403,108005848,108018438
GO:0042761	5.736	5	0.7600100000	0.9794366231	5	21	21	very long-chain fatty acid biosynthetic process	118876772,108016205,108005617,108012193,108012198
GO:0050660	14.499	13	0.7600100000	0.9794366231	13	45	48	flavin adenine dinucleotide binding	108006666,108008562,108019124,108008696,108012912,108005102,108010516,108021112,108005276,108005277,108005280,108010629,108012352
GO:0002161	2.381	2	0.7604100000	0.9794366231	2	7	7	aminoacyl-tRNA deacylase activity	108018043,108013609
GO:0051377	2.407	2	0.7610600000	0.9797276841	2	7	7	mannose-ethanolamine phosphotransferase activity	108015815,118877649
GO:0004601	6.367	6	0.7622900000	0.9812375765	6	10	10	peroxidase activity	108011479,108013252,108014750,108007725,108020789,108021140
GO:0015114	2.330	2	0.7627200000	0.9812375765	2	6	6	obsolete phosphate ion transmembrane transporter activity	108009898,108016799
GO:0030148	5.763	5	0.7631100000	0.9812375765	5	22	22	sphingolipid biosynthetic process	118876772,108016205,108005617,108012193,108012198
GO:0007409	6.144	6	0.7638500000	0.9812375765	6	8	8	axonogenesis	108006654,108016887,108021631,108010246,108016595,108009618
GO:0051287	8.106	7	0.7644300000	0.9812375765	7	28	33	NAD binding	108021387,108016132,108010177,108014689,108013427,108009622,108008262
GO:0008285	1.242	1	0.7648600000	0.9812375765	1	6	6	negative regulation of cell population proliferation	108021546
GO:0038023	13.145	12	0.7655600000	0.9812375765	12	50	50	signaling receptor activity	108019970,108012473,108021461,108015605,108019326,108012640,108013990,108020349,108007632,108006358,108018288,108021095
GO:0046907	3.307	3	0.7656300000	0.9812375765	3	8	8	intracellular transport	108010710,108019161,108017733
GO:0005874	12.226	11	0.7666100000	0.9824694477	11	33	34	microtubule	108019080,108013064,108019225,108017674,108018071,108016595,108011645,108009383,108014809,108014833,108012396
GO:0006611	2.317	2	0.7682900000	0.9826325469	2	7	7	protein export from nucleus	108019177,108020298
GO:0000492	1.224	1	0.7695600000	0.9833098246	1	6	6	box C/D snoRNP assembly	108018066
GO:0034198	2.464	2	0.7706200000	0.9833098246	2	9	9	cellular response to amino acid starvation	108016036,108012902
GO:0050684	1.274	1	0.7712300000	0.9833098246	1	5	5	regulation of mRNA processing	108017308
GO:0005736	1.306	1	0.7721800000	0.9840323776	1	11	11	RNA polymerase I complex	108021012
GO:0005664	1.286	1	0.7724200000	0.9840323776	1	6	6	nuclear origin of replication recognition complex	108018128
GO:0005813	15.820	14	0.7725900000	0.9840323776	14	62	63	centrosome	108014248,108011143,108021618,108008644,108017674,108015801,108005770,108015178,108020489,108012107,108015345,108019729,108009472,108017201
GO:0006388	1.321	1	0.7748300000	0.9850243423	1	8	8	tRNA splicing, via endonucleolytic cleavage and ligation	108013135
GO:0004046	1.336	1	0.7755300000	0.9864666591	1	7	7	aminoacylase activity	108011020
GO:0012507	1.059	1	0.7756400000	0.9864666591	1	6	6	ER to Golgi transport vesicle membrane	108004705
GO:0001934	3.184	3	0.7761300000	0.9864666591	3	6	6	positive regulation of protein phosphorylation	108015573,108017376,108020513
GO:0048193	2.208	2	0.7762900000	0.9864666591	2	5	5	Golgi vesicle transport	108019161,108019883
GO:0004683	3.217	3	0.7763900000	0.9864666591	3	6	6	calcium/calmodulin-dependent protein kinase activity	108016188,108014722,108011912
GO:0015117	1.289	1	0.7794200000	0.9864666591	1	6	6	thiosulfate transmembrane transporter activity	108015534
GO:0015709	1.289	1	0.7794200000	0.9864666591	1	6	6	thiosulfate transport	108015534
GO:0008272	1.289	1	0.7794200000	0.9864666591	1	6	6	obsolete sulfate transport	108015534
GO:0008188	6.553	6	0.7796200000	0.9864666591	6	11	13	neuropeptide receptor activity	108004832,108008607,108010973,108016307,108018289,108010457
GO:0017108	1.270	1	0.7797200000	0.9864666591	1	5	5	5'-flap endonuclease activity	108014474
GO:0051537	4.891	4	0.7804200000	0.9864666591	4	20	20	2 iron, 2 sulfur cluster binding	108007023,108021638,108014135,108007018
GO:0014069	5.272	5	0.7809100000	0.9864666591	5	8	8	postsynaptic density	108009694,108010888,108009301,108009307,108012948
GO:0031297	2.469	2	0.7810600000	0.9864666591	2	9	9	replication fork processing	108009358,108016776
GO:0006914	2.377	2	0.7816600000	0.9864666591	2	7	7	autophagy	108005305,108018627
GO:0070534	2.253	2	0.7819000000	0.9864666591	2	6	6	protein K63-linked ubiquitination	108021480,108013352
GO:0031209	1.233	1	0.7823000000	0.9864666591	1	5	5	SCAR complex	108020893
GO:0007032	2.477	2	0.7827200000	0.9864666591	2	9	11	endosome organization	108016277,108009496
GO:0000381	7.555	7	0.7832800000	0.9864666591	7	19	19	regulation of alternative mRNA splicing, via spliceosome	118878586,108010024,108015848,108014052,108012270,108012261,108014119
GO:0035102	2.261	2	0.7850400000	0.9881789515	2	6	6	PRC1 complex	108018108,108007642
GO:0016226	1.439	1	0.7857200000	0.9881789515	1	12	15	iron-sulfur cluster assembly	108016848
GO:0062129	11.300	10	0.7869300000	0.9881789515	10	59	60	chitin-based extracellular matrix	108008433,108009831,108012509,108006843,108012736,108012742,108019678,108019688,108011870,108009573
GO:0008010	11.300	10	0.7869300000	0.9881789515	10	59	60	structural constituent of chitin-based larval cuticle	108008433,108009831,108012509,108006843,108012736,108012742,108019678,108019688,108011870,108009573
GO:0008053	1.327	1	0.7889600000	0.9881789515	1	5	5	mitochondrial fusion	108009383
GO:0017121	1.313	1	0.7897900000	0.9881789515	1	6	6	plasma membrane phospholipid scrambling	108007114
GO:0017128	1.313	1	0.7897900000	0.9881789515	1	6	6	phospholipid scramblase activity	108007114
GO:0004402	2.439	2	0.7898900000	0.9881789515	2	8	8	histone acetyltransferase activity	108021606,108014960
GO:0048278	1.363	1	0.7902100000	0.9881789515	1	8	8	vesicle docking	118877357
GO:0009116	1.213	1	0.7905100000	0.9881789515	1	5	5	nucleoside metabolic process	108013380
GO:0044545	1.318	1	0.7910700000	0.9885116329	1	5	5	NSL complex	108017425
GO:0000470	1.434	1	0.7941500000	0.9902531348	1	11	11	maturation of LSU-rRNA	108010158
GO:0005261	4.246	4	0.7945800000	0.9902531348	4	6	7	monoatomic cation channel activity	108021720,108016593,108017972,108006527
GO:0005844	4.668	4	0.7963300000	0.9906146914	4	15	15	obsolete polysome	108011158,108010114,108013209,108012077
GO:0003689	1.318	1	0.7970000000	0.9916961771	1	6	6	DNA clamp loader activity	108007314
GO:0006378	3.844	3	0.7975500000	0.9917163046	3	15	15	obsolete mRNA polyadenylation	108013069,108009316,108006447
GO:0070573	2.929	3	0.7986900000	0.9928149499	3	4	5	metallodipeptidase activity	108019120,108014645,108014078
GO:0006826	1.386	1	0.8001000000	0.9928149499	1	6	6	iron ion transport	108010445
GO:0016758	2.556	2	0.8006400000	0.9928149499	2	9	9	hexosyltransferase activity	108009361,108013688
GO:0031146	4.972	4	0.8008700000	0.9928149499	4	23	23	SCF-dependent proteasomal ubiquitin-dependent protein catabolic process	108009758,108015660,108014484,108011846
GO:0016042	8.571	7	0.8009000000	0.9928149499	7	37	37	lipid catabolic process	108006635,108009810,108016980,108012697,108011839,108017942,108004759
GO:0006646	2.543	2	0.8013100000	0.9928149499	2	7	7	phosphatidylethanolamine biosynthetic process	108020903,108021186
GO:0030234	3.561	3	0.8035500000	0.9933415198	3	13	15	enzyme regulator activity	108009775,108006802,108012235
GO:0016558	1.371	1	0.8038200000	0.9933415198	1	6	6	protein import into peroxisome matrix	108013593
GO:0006289	3.960	3	0.8040400000	0.9933415198	3	19	19	nucleotide-excision repair	108006084,108010268,108017980
GO:0017196	1.437	1	0.8048100000	0.9933415198	1	9	9	N-terminal peptidyl-methionine acetylation	108021729
GO:0004843	10.524	9	0.8053500000	0.9933415198	9	34	35	cysteine-type deubiquitinase activity	108019159,108010010,108011472,108011441,108012877,108005743,108007739,108009525,108005965
GO:0030424	35.209	33	0.8059400000	0.9933415198	33	74	74	axon	108020919,108017387,108013710,108010686,108021376,108009836,108010887,108016177,108013143,108005593,108007289,108013958,108009006,108014433,108015099,108016422,108019510,108019509,108017782,108015176,108006223,108013324,108018359,108005846,108011805,108018438,108014859,108017950,108009618,108011955,108018598,108009593,108016740
GO:0007099	2.299	2	0.8071300000	0.9933415198	2	8	9	centriole replication	108019729,108016766
GO:0006325	3.838	3	0.8073400000	0.9933415198	3	22	22	chromatin organization	108009997,108012009,108005870
GO:0006122	1.493	1	0.8083100000	0.9933415198	1	12	13	mitochondrial electron transport, ubiquinol to cytochrome c	108021638
GO:0016459	8.527	8	0.8095800000	0.9938572338	8	11	11	myosin complex	108020167,108021600,136117703,108021791,108013390,108020607,108021216,108014991
GO:0030544	2.751	2	0.8098200000	0.9938572338	2	11	11	Hsp70 protein binding	108013076,108011968
GO:0003725	3.976	3	0.8103300000	0.9938572338	3	19	20	double-stranded RNA binding	108005314,108010848,108014681
GO:1902936	6.191	5	0.8113100000	0.9941869737	5	22	22	phosphatidylinositol bisphosphate binding	108007997,108008436,108011232,108009146,108011746
GO:0000902	6.428	6	0.8128500000	0.9947229792	6	10	10	cell morphogenesis	108009765,108012860,108021034,108014792,108009550,108014867
GO:0000139	19.323	17	0.8140600000	0.9962675301	17	69	70	Golgi membrane	108006820,108014576,108020563,108005756,108014692,108015285,108006373,108009361,108012101,108014028,108007704,108006411,108005098,108013506,108013688,108004705,108012388
GO:0004197	3.877	3	0.8143700000	0.9962675301	3	15	15	cysteine-type endopeptidase activity	108018102,108019639,108004607
GO:0000900	2.296	2	0.8189300000	0.9999975437	2	6	6	mRNA regulatory element binding translation repressor activity	108012866,108014136
GO:0043169	1.495	1	0.8213500000	1.0000000000	1	9	10	cation binding	108016889
GO:0034551	1.321	1	0.8217200000	1.0000000000	1	7	7	mitochondrial respiratory chain complex III assembly	108010923
GO:0030050	5.349	5	0.8219100000	1.0000000000	5	7	7	vesicle transport along actin filament	108021600,136117703,108013390,108020607,108021216
GO:0006801	1.485	1	0.8220200000	1.0000000000	1	7	7	superoxide metabolic process	108016481
GO:0006352	2.699	2	0.8225400000	1.0000000000	2	17	20	DNA-templated transcription initiation	108004552,108020801
GO:0031982	4.351	4	0.8225500000	1.0000000000	4	6	6	vesicle	108021600,136117703,108013390,108021216
GO:0004032	1.477	1	0.8249300000	1.0000000000	1	6	7	aldose reductase (NADPH) activity	108014502
GO:0000812	1.305	1	0.8253500000	1.0000000000	1	6	7	Swr1 complex	108009063
GO:0034045	3.576	3	0.8257700000	1.0000000000	3	8	8	phagophore assembly site membrane	108007276,108021826,108021167
GO:0042073	4.930	4	0.8258700000	1.0000000000	4	12	12	intraciliary transport	108009201,108005000,108012107,108021227
GO:0017053	1.413	1	0.8264400000	1.0000000000	1	5	5	transcription repressor complex	108016533
GO:0006729	1.379	1	0.8265100000	1.0000000000	1	6	6	tetrahydrobiopterin biosynthetic process	108010031
GO:0005049	1.440	1	0.8273300000	1.0000000000	1	5	5	nuclear export signal receptor activity	108019177
GO:0007346	1.533	1	0.8285300000	1.0000000000	1	7	8	regulation of mitotic cell cycle	108009382
GO:0008305	5.743	5	0.8286100000	1.0000000000	5	9	9	integrin complex	108005353,108019071,108017684,108018136,108008811
GO:0033627	5.743	5	0.8286100000	1.0000000000	5	9	9	cell adhesion mediated by integrin	108005353,108019071,108017684,108018136,108008811
GO:0005783	51.552	47	0.8286200000	1.0000000000	47	182	185	endoplasmic reticulum	108020947,108021406,108008448,108007086,108019086,108015547,108009875,108005486,108016907,108011256,108009927,108009969,108016269,108009973,108021634,108007297,108015013,108016393,108015897,108018925,108012913,108006288,108012866,108012031,108020608,108006343,108015285,108013414,108008035,108008044,108017840,108007704,108020728,108020729,108007748,108007749,108013525,108021125,108014830,108021198,108019858,108017243,108017229,108017273,108021209,108021252,108004705
GO:0016274	1.600	1	0.8299000000	1.0000000000	1	9	9	protein-arginine N-methyltransferase activity	108020854
GO:0018216	1.600	1	0.8299000000	1.0000000000	1	9	9	peptidyl-arginine methylation	108020854
GO:0043328	1.370	1	0.8312100000	1.0000000000	1	6	6	protein transport to vacuole involved in ubiquitin-dependent protein catabolic process via the multivesicular body sorting pathway	108013270
GO:0018107	5.759	5	0.8315400000	1.0000000000	5	11	11	peptidyl-threonine phosphorylation	108020927,139353140,108013153,108021602,108016537
GO:0000786	2.526	2	0.8321700000	1.0000000000	2	18	247	nucleosome	108006791,108017891
GO:0006121	1.536	1	0.8332800000	1.0000000000	1	7	7	mitochondrial electron transport, succinate to ubiquinone	108007842
GO:0006072	1.408	1	0.8340100000	1.0000000000	1	4	11	glycerol-3-phosphate metabolic process	108018121
GO:0008643	6.294	5	0.8348000000	1.0000000000	5	19	19	carbohydrate transport	108014357,108016998,108019656,108020848,108020839
GO:0051119	6.294	5	0.8348000000	1.0000000000	5	19	19	sugar transmembrane transporter activity	108014357,108016998,108019656,108020848,108020839
GO:0003735	39.892	37	0.8368900000	1.0000000000	37	152	161	structural constituent of ribosome	108020961,108016089,108008443,108007117,108021355,108008371,108008387,108011119,108007902,108005404,139353050,108010846,108008470,108020183,108021494,108011263,108006717,139352928,108021615,139352168,108018967,108008787,108015832,108009151,108010120,108015851,108018934,108016485,108020720,108015378,108018501,108005221,108006537,108015488,108018571,108004706,108012391
GO:0004467	6.407	5	0.8377900000	1.0000000000	5	20	20	long-chain fatty acid-CoA ligase activity	108015574,108020947,108008467,108008448,108020729
GO:0000064	2.567	2	0.8387400000	1.0000000000	2	5	5	L-ornithine transmembrane transporter activity	108007996,108008027
GO:0030864	4.780	4	0.8392200000	1.0000000000	4	10	10	cortical actin cytoskeleton	108009765,108007072,108016809,108012870
GO:0005912	16.200	15	0.8406700000	1.0000000000	15	25	26	adherens junction	108016895,108019922,108009765,108009694,108011139,108019090,108016881,108010888,108018875,108019446,108014792,108009550,108014867,108017934,108015316
GO:0031491	3.812	3	0.8409000000	1.0000000000	3	13	13	nucleosome binding	108021367,108012034,108005000
GO:0005484	4.098	3	0.8413700000	1.0000000000	3	25	25	SNAP receptor activity	139353199,108014692,118877357
GO:0009653	7.310	6	0.8417300000	1.0000000000	6	22	22	anatomical structure morphogenesis	108020099,108010809,108008546,108013345,108018281,108012141
GO:0030422	1.486	1	0.8425300000	1.0000000000	1	9	10	siRNA processing	108009104
GO:0042277	11.684	10	0.8432200000	1.0000000000	10	23	23	peptide binding	108020074,108014385,108014386,108016115,108014396,108007235,108013852,108012832,108007747,108007757
GO:0012505	11.303	9	0.8445500000	1.0000000000	9	54	54	endomembrane system	108016016,108020160,108011319,108010142,108011446,108009382,108013424,118877357,108021169
GO:0061709	2.508	2	0.8449500000	1.0000000000	2	5	5	reticulophagy	108008351,108007276
GO:0006366	2.952	2	0.8453400000	1.0000000000	2	16	16	transcription by RNA polymerase II	108013872,108010268
GO:0035556	52.138	49	0.8453500000	1.0000000000	49	93	97	intracellular signal transduction	108009718,108005381,108009754,108005376,108013811,108021327,108013766,108020092,108019092,108015549,108016188,108016912,108012599,108004950,108009900,108005554,108018029,108011371,108013262,108019439,108011413,108005621,108014587,108013238,108006947,108019531,108020545,108009201,108009243,108012888,108016536,108008963,108006301,108009433,108011645,108014722,108009537,108013541,108012278,108019803,108019871,108011938,108011924,108011912,108011978,108021207,108014920,108011050,108016748
GO:0000822	1.507	1	0.8456600000	1.0000000000	1	5	5	inositol hexakisphosphate binding	108016799
GO:0051301	1.595	1	0.8461300000	1.0000000000	1	6	6	cell division	108013795
GO:0006629	9.731	8	0.8463300000	1.0000000000	8	27	27	lipid metabolic process	108016816,108009812,108019348,108020249,108006816,108021686,108018375,108013497
GO:0070822	1.479	1	0.8464800000	1.0000000000	1	6	6	Sin3-type complex	108019723
GO:0006412	30.619	28	0.8470100000	1.0000000000	28	113	119	translation	108016089,108008443,108007117,108021355,108008371,108008387,108011119,108007902,108005404,108008470,108021494,108011263,108006717,139352928,108021615,139352168,108018967,108015832,108010120,108015851,108018934,108016485,108015378,108018501,108005221,108015488,108018571,108004706
GO:0031573	1.500	1	0.8477600000	1.0000000000	1	6	6	mitotic intra-S DNA damage checkpoint signaling	108019428
GO:0032934	2.834	2	0.8482100000	1.0000000000	2	13	13	sterol binding	108009901,108018151
GO:1990817	2.612	2	0.8493600000	1.0000000000	2	9	9	poly(A) RNA polymerase activity	108009302,108006447
GO:0005184	2.531	2	0.8504100000	1.0000000000	2	5	5	neuropeptide hormone activity	108015934,108009628
GO:0006974	4.152	3	0.8510200000	1.0000000000	3	17	17	DNA damage response	108017542,108009557,108005934
GO:0006979	10.350	9	0.8510600000	1.0000000000	9	25	25	response to oxidative stress	108017414,108011235,108011479,108013252,108017866,108014750,108007725,108020789,108021140
GO:0006417	3.550	3	0.8534600000	1.0000000000	3	7	7	regulation of translation	118877893,108013209,108012077
GO:0031902	2.925	2	0.8534800000	1.0000000000	2	12	12	late endosome membrane	108013407,108005852
GO:0006013	2.631	2	0.8552200000	1.0000000000	2	8	8	mannose metabolic process	108014576,108021302
GO:0005856	27.109	25	0.8567600000	1.0000000000	25	45	48	cytoskeleton	108020927,108019968,108010771,108021375,108013052,108020167,108010034,108021791,108012802,108018038,108015121,108012911,108009301,108005740,108019601,108005014,108009431,108009519,108018394,108015316,108014138,108014157,108020893,108017244,108014991
GO:0043065	3.501	3	0.8568800000	1.0000000000	3	7	7	positive regulation of apoptotic process	108009754,108016912,108012158
GO:0008289	4.966	4	0.8570400000	1.0000000000	4	11	11	lipid binding	108018626,108017459,108013086,108012866
GO:0080019	6.481	5	0.8590200000	1.0000000000	5	20	20	alcohol-forming very long-chain fatty acyl-CoA reductase activity	108015662,108012702,108012016,108018345,108008247
GO:0004521	8.953	7	0.8596600000	1.0000000000	7	34	35	RNA endonuclease activity	108021354,139353041,118876781,108010978,108005670,108019749,108011936
GO:0033554	2.222	2	0.8607100000	1.0000000000	2	6	6	cellular response to stress	108013834,108020895
GO:0005815	3.651	3	0.8608800000	1.0000000000	3	12	13	microtubule organizing center	108016845,108006856,108014978
GO:0016251	3.156	2	0.8609800000	1.0000000000	2	21	21	RNA polymerase II general transcription initiation factor activity	108010044,108016607
GO:0015267	3.907	3	0.8611200000	1.0000000000	3	8	8	channel activity	108006782,108010101,108009652
GO:0005669	3.174	2	0.8614300000	1.0000000000	2	20	20	transcription factor TFIID complex	108010044,108016607
GO:0009887	9.863	9	0.8637800000	1.0000000000	9	14	14	animal organ morphogenesis	108015573,108013119,108013332,118877663,108006347,108006349,108006389,108021153,108016740
GO:0004143	4.107	4	0.8642200000	1.0000000000	4	6	6	ATP-dependent diacylglycerol kinase activity	108013811,108021398,108009537,108014920
GO:0032956	1.550	1	0.8646900000	1.0000000000	1	6	6	regulation of actin cytoskeleton organization	108005740
GO:0005112	4.611	4	0.8652200000	1.0000000000	4	8	8	Notch binding	108010757,108018762,108017587,108006110
GO:0030031	2.354	2	0.8654700000	1.0000000000	2	5	5	cell projection assembly	108013737,108017967
GO:0022627	13.110	12	0.8658200000	1.0000000000	12	33	34	cytosolic small ribosomal subunit	108008443,108021355,108011119,108007902,108008470,108020183,108011263,108006717,108015832,108016485,108018501,108015488
GO:0004016	15.429	14	0.8667900000	1.0000000000	14	22	22	adenylate cyclase activity	108005381,108021327,108012599,108005554,108005621,108014587,108006947,108006301,108011645,108013541,108011938,108011924,108011978,108011050
GO:0006633	2.733	2	0.8693700000	1.0000000000	2	8	8	fatty acid biosynthetic process	108015114,108019720
GO:0000776	4.329	3	0.8698300000	1.0000000000	3	16	16	kinetochore	108011427,108013324,108017120
GO:0030027	2.449	2	0.8707500000	1.0000000000	2	5	5	lamellipodium	108017378,108009449
GO:0080008	2.919	2	0.8708500000	1.0000000000	2	13	14	Cul4-RING E3 ubiquitin ligase complex	139353272,108007252
GO:0004559	2.752	2	0.8719700000	1.0000000000	2	8	8	alpha-mannosidase activity	108014576,108021302
GO:0008333	1.670	1	0.8730500000	1.0000000000	1	7	7	endosome to lysosome transport	108009813
GO:0035591	3.761	3	0.8734000000	1.0000000000	3	7	7	signaling adaptor activity	108016036,108012908,108009618
GO:0031201	5.616	4	0.8736000000	1.0000000000	4	30	30	SNARE complex	139353199,118877872,108014692,118877357
GO:0034727	2.704	2	0.8736900000	1.0000000000	2	6	6	piecemeal microautophagy of the nucleus	108007276,108018176
GO:0048513	3.581	3	0.8741400000	1.0000000000	3	5	5	animal organ development	108007183,108011413,108005142
GO:0006102	1.750	1	0.8752000000	1.0000000000	1	7	7	isocitrate metabolic process	108011350
GO:0005871	1.751	1	0.8752400000	1.0000000000	1	7	7	kinesin complex	118877253
GO:0016788	4.497	3	0.8754600000	1.0000000000	3	18	18	hydrolase activity, acting on ester bonds	108009812,108021686,108005294
GO:0032040	9.037	7	0.8755000000	1.0000000000	7	36	36	small-subunit processome	108009761,108017589,108020370,108016485,108005876,108008253,108004700
GO:0061512	2.709	2	0.8757300000	1.0000000000	2	7	7	protein localization to cilium	108009932,108012344
GO:0098609	25.879	24	0.8761300000	1.0000000000	24	38	39	cell-cell adhesion	108016896,108016895,108005353,108009694,108016807,108013085,118876762,108010888,108019217,108020180,108018884,108017684,108018136,108010140,108013221,108012911,108015176,108015277,118877642,108021083,108021194,108019824,108006504,108021217
GO:0030866	4.464	4	0.8766500000	1.0000000000	4	7	7	cortical actin cytoskeleton organization	108021375,108013052,108013015,108013224
GO:0005721	1.651	1	0.8766800000	1.0000000000	1	14	14	pericentric heterochromatin	108009358
GO:0042803	2.999	2	0.8769800000	1.0000000000	2	10	14	protein homodimerization activity	108009852,108008262
GO:0005231	3.800	3	0.8773900000	1.0000000000	3	8	8	excitatory extracellular ligand-gated monoatomic ion channel activity	108014177,108014169,108011881
GO:0005682	1.526	1	0.8778100000	1.0000000000	1	10	10	U5 snRNP	108009102
GO:0044183	1.297	1	0.8781500000	1.0000000000	1	8	17	protein folding chaperone	108009975
GO:0006887	6.292	5	0.8806300000	1.0000000000	5	18	18	exocytosis	139353199,108004869,108014529,108020591,108018403
GO:0008021	5.381	4	0.8807100000	1.0000000000	4	15	15	synaptic vesicle	108006787,108005457,108009252,108017128
GO:0005852	1.919	1	0.8822200000	1.0000000000	1	12	22	eukaryotic translation initiation factor 3 complex	108016984
GO:0008528	9.099	8	0.8823300000	1.0000000000	8	12	12	G protein-coupled peptide receptor activity	108019976,108012426,108016833,108005453,108021632,108010005,108010050,108013607
GO:0000124	1.883	1	0.8826800000	1.0000000000	1	15	16	SAGA complex	108008725
GO:0000723	3.081	2	0.8835300000	1.0000000000	2	9	9	telomere maintenance	108008644,108018178
GO:0030674	3.229	2	0.8843200000	1.0000000000	2	14	14	protein-macromolecule adaptor activity	108008505,108004745
GO:0035435	2.931	2	0.8843800000	1.0000000000	2	9	9	phosphate ion transmembrane transport	108015534,108009898
GO:0031901	2.758	2	0.8854600000	1.0000000000	2	6	6	early endosome membrane	108016153,108013407
GO:0072659	7.464	6	0.8857100000	1.0000000000	6	17	17	protein localization to plasma membrane	108019090,108019914,108007459,108009252,118879475,108005282
GO:0006207	1.497	1	0.8865500000	1.0000000000	1	5	5	'de novo' pyrimidine nucleobase biosynthetic process	108005238
GO:0044782	1.837	1	0.8901400000	1.0000000000	1	7	8	cilium organization	108016704
GO:0071880	11.859	11	0.8909600000	1.0000000000	11	14	14	adenylate cyclase-activating adrenergic receptor signaling pathway	108020130,108010943,108010944,108011385,108007433,108015841,108018183,108012041,108012181,108014886,108010545
GO:0016298	8.398	6	0.8916200000	1.0000000000	6	37	37	lipase activity	108009810,108016980,108012697,108011839,108017942,108004759
GO:0030983	1.837	1	0.8918200000	1.0000000000	1	6	6	mismatched DNA binding	108014253
GO:0032039	3.291	2	0.8919600000	1.0000000000	2	12	13	integrator complex	108011850,108013613
GO:0006520	3.336	2	0.8925400000	1.0000000000	2	13	13	amino acid metabolic process	108019207,108011020
GO:0007043	3.344	3	0.8932500000	1.0000000000	3	4	5	cell-cell junction assembly	108014792,108009550,108014867
GO:0007264	7.548	6	0.8949400000	1.0000000000	6	19	20	small GTPase-mediated signal transduction	108011409,108013232,108017753,108019528,108005740,108008014
GO:0055037	3.268	2	0.8950400000	1.0000000000	2	13	15	recycling endosome	108021812,108010445
GO:0007218	9.584	8	0.8951900000	1.0000000000	8	17	19	neuropeptide signaling pathway	108004832,108016124,108010050,108016307,108015934,108018289,108010457,108013575
GO:0008180	1.851	1	0.8956000000	1.0000000000	1	10	10	COP9 signalosome	108013517
GO:0005921	2.817	2	0.8957200000	1.0000000000	2	8	8	gap junction	108016937,108015282
GO:0005243	2.817	2	0.8957200000	1.0000000000	2	8	8	gap junction channel activity	108016937,108015282
GO:0048188	1.975	1	0.8957700000	1.0000000000	1	12	16	Set1C/COMPASS complex	108012491
GO:0007156	26.933	25	0.8959400000	1.0000000000	25	35	35	homophilic cell adhesion via plasma membrane adhesion molecules	108020905,108009720,108021376,108009836,108010887,108005593,108018875,108014433,108017782,108005015,108005016,108018279,108016507,108005846,108014792,108020739,108009550,108014859,108014867,108013545,108017950,108004791,108011955,108009593,108016740
GO:0030322	7.147	6	0.8982300000	1.0000000000	6	11	11	stabilization of membrane potential	118877935,108009731,108013272,108021788,108010163,108016561
GO:0015271	8.147	7	0.8982300000	1.0000000000	7	12	12	outward rectifier potassium channel activity	118877935,108009731,108013272,108021788,108010163,108016561,108008193
GO:0022841	7.147	6	0.8982300000	1.0000000000	6	11	11	potassium ion leak channel activity	118877935,108009731,108013272,108021788,108010163,108016561
GO:0051010	4.171	3	0.8982400000	1.0000000000	3	14	14	microtubule plus-end binding	108013725,108006856,108013324
GO:0034497	1.600	1	0.8985900000	1.0000000000	1	5	5	protein localization to phagophore assembly site	108021167
GO:0035615	1.906	1	0.9015500000	1.0000000000	1	8	8	clathrin adaptor activity	118877437
GO:0005778	4.629	3	0.9037400000	1.0000000000	3	20	21	peroxisomal membrane	108013728,108013593,108007833
GO:0006636	1.853	1	0.9045100000	1.0000000000	1	6	6	unsaturated fatty acid biosynthetic process	108016480
GO:0004768	1.853	1	0.9045100000	1.0000000000	1	6	6	stearoyl-CoA 9-desaturase activity	108016480
GO:0006559	2.009	1	0.9056400000	1.0000000000	1	8	8	L-phenylalanine catabolic process	108016111
GO:0005955	1.558	1	0.9064200000	1.0000000000	1	5	5	calcineurin complex	108011132
GO:0097720	1.558	1	0.9064200000	1.0000000000	1	5	5	calcineurin-mediated signaling	108011132
GO:0005764	14.289	11	0.9068200000	1.0000000000	11	55	55	lysosome	108009813,108010045,108018102,108019639,108019640,108017059,108009347,108013407,108010526,108017225,108021302
GO:0032504	6.204	4	0.9069400000	1.0000000000	4	32	32	obsolete multicellular organism reproduction	108016163,108008822,108021801,118877569
GO:0000712	1.977	1	0.9076900000	1.0000000000	1	8	8	resolution of meiotic recombination intermediates	108021166
GO:0031625	6.671	5	0.9081900000	1.0000000000	5	23	23	ubiquitin protein ligase binding	108020993,108021494,108019299,118877613,108012108
GO:0098632	8.613	8	0.9084200000	1.0000000000	8	10	10	cell-cell adhesion mediator activity	108009836,108010887,108015176,108005846,108014859,108017950,108011955,108016740
GO:0004438	1.750	1	0.9097800000	1.0000000000	1	5	6	phosphatidylinositol-3-phosphate phosphatase activity	108009254
GO:0004842	6.743	5	0.9109700000	1.0000000000	5	24	26	ubiquitin-protein transferase activity	108010034,108014769,108014019,108011824,108008241
GO:0000289	2.735	2	0.9119800000	1.0000000000	2	6	7	nuclear-transcribed mRNA poly(A) tail shortening	108013055,108007172
GO:0046540	2.181	1	0.9124100000	1.0000000000	1	18	18	U4/U6 x U5 tri-snRNP complex	108005791
GO:0035371	5.352	4	0.9143000000	1.0000000000	4	15	15	microtubule plus-end	108013725,108006856,108013324,108019729
GO:0032465	2.563	2	0.9143000000	1.0000000000	2	6	6	regulation of cytokinesis	108013112,108014769
GO:0035869	2.067	1	0.9145800000	1.0000000000	1	9	10	ciliary transition zone	108013625
GO:0046949	3.583	2	0.9148400000	1.0000000000	2	15	15	fatty-acyl-CoA biosynthetic process	108015574,108008467
GO:0034976	1.840	1	0.9152200000	1.0000000000	1	6	6	response to endoplasmic reticulum stress	108009969
GO:0015141	3.082	2	0.9158500000	1.0000000000	2	9	9	succinate transmembrane transporter activity	108015534,108015810
GO:0042043	5.160	5	0.9166800000	1.0000000000	5	6	6	neurexin family protein binding	108019970,108019326,108013990,108014529,108021095
GO:0016491	18.946	15	0.9171200000	1.0000000000	15	63	65	oxidoreductase activity	108019918,108007023,108016889,108015548,108008506,108016943,108013176,139352915,108020269,108013102,108015114,108015297,108021195,108007018,108015415
GO:0016460	6.519	5	0.9172200000	1.0000000000	5	20	21	myosin II complex	108008615,108016479,108019534,108015395,108008297
GO:0030991	1.912	1	0.9179300000	1.0000000000	1	5	5	intraciliary transport particle A	108012344
GO:0016925	1.841	1	0.9179500000	1.0000000000	1	11	11	protein sumoylation	108013348
GO:0097104	4.162	4	0.9181500000	1.0000000000	4	5	5	postsynaptic membrane assembly	108019970,108019326,108013990,108021095
GO:0097105	4.162	4	0.9181500000	1.0000000000	4	5	5	presynaptic membrane assembly	108019970,108019326,108013990,108021095
GO:0007158	4.162	4	0.9181500000	1.0000000000	4	5	5	neuron cell-cell adhesion	108019970,108019326,108013990,108021095
GO:0005507	5.729	4	0.9188100000	1.0000000000	4	20	22	copper ion binding	108005319,118877277,108007427,108018944
GO:0000220	1.907	1	0.9189000000	1.0000000000	1	5	5	vacuolar proton-transporting V-type ATPase, V0 domain	108017517
GO:0045165	7.613	6	0.9195000000	1.0000000000	6	13	13	cell fate commitment	108010711,108008603,108005646,108020388,108011407,108006227
GO:0044419	1.379	1	0.9196600000	1.0000000000	1	5	5	biological process involved in interspecies interaction between organisms	108012473
GO:0000127	1.667	1	0.9207600000	1.0000000000	1	5	5	transcription factor TFIIIC complex	108020840
GO:0042555	1.893	1	0.9209600000	1.0000000000	1	7	7	MCM complex	108014583
GO:0003333	8.472	6	0.9229400000	1.0000000000	6	23	23	amino acid transmembrane transport	108009157,108014580,108008800,108009312,108013347,108006565
GO:0004983	4.787	4	0.9236200000	1.0000000000	4	6	6	neuropeptide Y receptor activity	108019986,108016124,108013852,108015991
GO:0008157	1.684	1	0.9238600000	1.0000000000	1	4	5	protein phosphatase 1 binding	108020446
GO:0035721	3.089	2	0.9245700000	1.0000000000	2	7	7	intraciliary retrograde transport	108021122,108012344
GO:0006006	2.363	1	0.9249300000	1.0000000000	1	17	17	glucose metabolic process	108013525
GO:0005684	1.848	1	0.9249400000	1.0000000000	1	7	7	U2-type spliceosomal complex	108013108
GO:0019005	6.130	4	0.9254700000	1.0000000000	4	28	31	SCF ubiquitin ligase complex	108009758,108015660,108014484,108009456
GO:0048024	2.634	2	0.9256000000	1.0000000000	2	5	5	regulation of mRNA splicing, via spliceosome	108009926,108018567
GO:0008017	31.544	27	0.9256800000	1.0000000000	27	71	74	microtubule binding	108020942,108009721,108016087,108021375,108019080,108013096,108008508,108019216,108013005,108019338,108007294,108020350,108015885,108019526,108015938,108009295,108016595,108019601,108020590,108009383,108019729,108009463,108013563,108012278,108013604,108012392,108016732
GO:0006749	7.840	5	0.9260400000	1.0000000000	5	43	43	glutathione metabolic process	108016111,108019124,108010070,108018222,108017130
GO:0051117	1.990	1	0.9260800000	1.0000000000	1	6	6	ATPase binding	108017517
GO:0034472	2.172	1	0.9273500000	1.0000000000	1	8	8	snRNA 3'-end processing	108013613
GO:0061061	3.779	3	0.9275400000	1.0000000000	3	6	6	muscle structure development	108019922,108016881,108017934
GO:0051371	3.779	3	0.9275400000	1.0000000000	3	6	6	muscle alpha-actinin binding	108019922,108016881,108017934
GO:0030246	9.874	7	0.9291500000	1.0000000000	7	39	40	carbohydrate binding	108012473,108009964,108014576,108018232,108014745,108014744,108021302
GO:0008320	2.377	1	0.9293800000	1.0000000000	1	18	19	protein transmembrane transporter activity	108005896
GO:0003774	4.520	4	0.9308000000	1.0000000000	4	5	5	cytoskeletal motor activity	108020167,108021600,108021791,108014991
GO:0000014	3.794	2	0.9313800000	1.0000000000	2	17	17	single-stranded DNA endodeoxyribonuclease activity	118876781,108010978
GO:0045296	8.424	7	0.9315900000	1.0000000000	7	12	13	cadherin binding	108016895,108018279,108016507,108014792,108020739,108009550,108014867
GO:0007015	14.289	12	0.9329000000	1.0000000000	12	24	24	actin filament organization	108009765,108016876,108021600,136117703,108011512,108013390,108012948,108020607,108021034,108017244,118877437,108021216
GO:0017116	2.019	1	0.9332300000	1.0000000000	1	7	7	single-stranded DNA helicase activity	108014583
GO:0007259	1.803	1	0.9345800000	1.0000000000	1	5	5	cell surface receptor signaling pathway via JAK-STAT	108007806
GO:0000118	3.085	2	0.9351000000	1.0000000000	2	9	9	histone deacetylase complex	108005313,108017489
GO:0035336	7.295	5	0.9352700000	1.0000000000	5	21	21	long-chain fatty-acyl-CoA metabolic process	108015662,108012702,108012016,108018345,108008247
GO:0070593	7.703	7	0.9353700000	1.0000000000	7	9	9	dendrite self-avoidance	108009836,108010887,108005846,108014859,108017950,108011955,108016740
GO:0001676	4.900	3	0.9357700000	1.0000000000	3	16	16	long-chain fatty acid metabolic process	108015574,108008467,108020729
GO:1990837	5.480	4	0.9361100000	1.0000000000	4	10	10	sequence-specific double-stranded DNA binding	108013854,108016527,108016526,108015363
GO:0099536	2.923	2	0.9363400000	1.0000000000	2	8	8	synaptic signaling	108014173,108009600
GO:0005743	17.719	13	0.9367600000	1.0000000000	13	96	97	mitochondrial inner membrane	108009715,108007064,118876781,108013141,108013190,108010978,108013241,108019485,108011749,108017046,108013493,108011769,108016605
GO:0031966	2.283	1	0.9376100000	1.0000000000	1	9	9	mitochondrial membrane	108009383
GO:0006874	9.017	7	0.9382500000	1.0000000000	7	18	18	intracellular calcium ion homeostasis	108015667,108018021,108005659,108020464,108020476,108007704,108021181
GO:0035999	1.967	1	0.9387400000	1.0000000000	1	5	5	tetrahydrofolate interconversion	108010923
GO:0140658	8.364	6	0.9392100000	1.0000000000	6	19	19	ATP-dependent chromatin remodeler activity	108021385,108013767,108016091,108017563,108009063,108014574
GO:0007166	10.740	8	0.9407000000	1.0000000000	8	25	26	cell surface receptor signaling pathway	108009720,108016833,108011161,108013291,108005759,136116855,108005214,108012346
GO:0003777	10.909	8	0.9408800000	1.0000000000	8	26	29	microtubule motor activity	108020942,108008508,108019216,108019338,108020350,108015938,108009295,108012392
GO:0004866	3.501	2	0.9417400000	1.0000000000	2	9	9	endopeptidase inhibitor activity	108020376,108011966
GO:0000209	16.714	13	0.9435700000	1.0000000000	13	47	47	protein polyubiquitination	108004803,108019058,108016952,108010042,108018041,108013407,108021041,108005934,108009651,108010587,108011892,108009578,108021201
GO:0017119	2.390	1	0.9436200000	1.0000000000	1	8	8	Golgi transport complex	108006619
GO:0006309	4.049	2	0.9437800000	1.0000000000	2	19	19	apoptotic DNA fragmentation	118876781,108010978
GO:0030672	5.611	4	0.9439200000	1.0000000000	4	11	11	synaptic vesicle membrane	108006787,108005596,108020331,108018158
GO:0005884	8.827	7	0.9447500000	1.0000000000	7	17	17	actin filament	108016898,108021375,108009082,108011512,108012947,108021202,108004743
GO:0008253	1.870	1	0.9452000000	1.0000000000	1	6	6	5'-nucleotidase activity	108010184
GO:0006890	3.941	2	0.9452700000	1.0000000000	2	19	19	retrograde vesicle-mediated transport, Golgi to endoplasmic reticulum	108021470,108020707
GO:0006517	3.204	2	0.9454100000	1.0000000000	2	10	10	protein deglycosylation	108014576,108009347
GO:0006491	1.618	1	0.9458600000	1.0000000000	1	5	5	N-glycan processing	108014576
GO:0036064	8.016	5	0.9459900000	1.0000000000	5	28	28	ciliary basal body	108014675,108007660,108019653,108021227,108016704
GO:0015914	1.864	1	0.9459900000	1.0000000000	1	4	5	phospholipid transport	108010756
GO:0009897	7.842	6	0.9474300000	1.0000000000	6	15	15	external side of plasma membrane	108005353,108012473,108020269,108017684,108018136,108018288
GO:0007018	19.898	16	0.9481500000	1.0000000000	16	52	59	microtubule-based movement	108020942,108008508,108019216,108019204,118877253,108013006,108019351,108019338,108014444,108014446,108016394,108020350,108015938,108009295,108016798,108012392
GO:0048791	3.863	3	0.9485500000	1.0000000000	3	5	5	calcium ion-regulated exocytosis of neurotransmitter	108011396,108012968,108018438
GO:0048015	4.192	3	0.9486100000	1.0000000000	3	8	8	phosphatidylinositol-mediated signaling	108016816,108020249,108015410
GO:0001682	1.431	1	0.9488900000	1.0000000000	1	8	8	tRNA 5'-leader removal	108018058
GO:0032543	4.210	2	0.9493400000	1.0000000000	2	27	27	mitochondrial translation	108014463,108015786
GO:0006413	7.392	5	0.9495100000	1.0000000000	5	29	29	translational initiation	108005426,108015766,108013229,108005221,108014928
GO:0006631	5.092	3	0.9500900000	1.0000000000	3	19	19	fatty acid metabolic process	108009740,108021696,108005812
GO:0004364	5.890	3	0.9503200000	1.0000000000	3	38	38	glutathione transferase activity	108016111,108018222,108017130
GO:0061630	33.697	28	0.9512700000	1.0000000000	28	94	94	ubiquitin protein ligase activity	108006659,108005334,108004803,108019058,108017450,108021496,108006862,108020298,108010056,108010042,118877833,108018041,108018925,108017774,108009315,108012009,108013407,108021041,108014025,108005934,108016775,108009651,108005291,108011892,108009578,108021201,108012346,108011060
GO:0051568	1.428	1	0.9519400000	1.0000000000	1	4	8	obsolete histone H3-K4 methylation	108006381
GO:0051085	2.376	1	0.9522900000	1.0000000000	1	13	13	obsolete chaperone cofactor-dependent protein refolding	108021503
GO:0008033	1.925	1	0.9530600000	1.0000000000	1	7	7	tRNA processing	108008696
GO:0003743	10.268	7	0.9533000000	1.0000000000	7	45	55	translation initiation factor activity	108005426,108016984,108015766,108020374,108005221,108014928,108011895
GO:0000976	7.173	5	0.9548400000	1.0000000000	5	18	18	transcription cis-regulatory region binding	108004940,108018895,108010054,108020499,108019729
GO:0043410	2.473	2	0.9551100000	1.0000000000	2	5	5	positive regulation of MAPK cascade	108016422,108004695
GO:0033314	2.417	1	0.9554100000	1.0000000000	1	7	7	mitotic DNA replication checkpoint signaling	108018128
GO:0031941	6.388	5	0.9556200000	1.0000000000	5	10	10	filamentous actin	108019922,108016845,108016881,108017934,108014978
GO:0016514	2.908	2	0.9559400000	1.0000000000	2	7	7	SWI/SNF complex	108007209,108012034
GO:0022625	17.145	15	0.9561700000	1.0000000000	15	47	55	cytosolic large ribosomal subunit	108007117,108008371,108008387,108005404,139353050,108010846,139352928,139352168,108008787,108009151,108010120,108015851,108020720,108015378,108012391
GO:0008046	6.274	5	0.9567300000	1.0000000000	5	10	10	axon guidance receptor activity	108021376,108005593,108014433,108017782,108009593
GO:0006821	1.990	1	0.9578600000	1.0000000000	1	5	5	chloride transport	108019477
GO:0008201	5.048	4	0.9580500000	1.0000000000	4	9	9	heparin binding	108011156,108015555,108016887,108017100
GO:0016197	4.177	2	0.9591100000	1.0000000000	2	14	14	endosomal transport	108014531,108014891
GO:0000146	6.953	5	0.9597300000	1.0000000000	5	12	12	microfilament motor activity	136117703,108013390,108020607,108021216,108008297
GO:0005858	2.931	2	0.9607100000	1.0000000000	2	8	10	axonemal dynein complex	108014444,108016394
GO:0035970	1.747	1	0.9611200000	1.0000000000	1	6	6	peptidyl-threonine dephosphorylation	108016889
GO:0005549	20.011	14	0.9620400000	1.0000000000	14	105	107	odorant binding	108019118,108007058,108018785,108008501,108008570,108014407,108013104,108015021,108010234,108013308,108019608,108019602,108008103,108009448
GO:0009982	2.332	1	0.9630300000	1.0000000000	1	9	9	pseudouridine synthase activity	108013124
GO:0019432	3.901	2	0.9656200000	1.0000000000	2	10	10	triglyceride biosynthetic process	108008596,108009438
GO:0045727	2.141	1	0.9673800000	1.0000000000	1	6	6	positive regulation of translation	108014795
GO:0030488	4.271	2	0.9684000000	1.0000000000	2	17	17	tRNA methylation	108013729,108021693
GO:0008277	2.136	1	0.9684400000	1.0000000000	1	5	5	regulation of G protein-coupled receptor signaling pathway	108016077
GO:0051087	7.047	4	0.9687500000	1.0000000000	4	33	33	protein-folding chaperone binding	108007064,108021503,108009975,108017046
GO:0005886	422.370	402	0.9692700000	1.0000000000	402	869	886	plasma membrane	108020933,118877935,108005319,108020921,139353199,108020905,108016896,108005352,108009709,108019986,108018657,108014281,108017310,108014284,108019970,108018644,108019976,108005330,108007996,108005387,108005381,108017378,108009755,108009752,108009720,108020995,108009732,108009731,108005373,108020991,108021431,108010782,108016077,108007114,108013726,108020017,108007058,108021327,108021316,108011109,108019075,108012426,108021381,108012418,108021376,108019041,108019043,108007072,108016840,108015514,108016844,108016833,108004832,108019090,108013794,108013795,108016809,108019080,108019914,108019910,108015546,139353246,108015523,108006744,108016124,108009836,108009834,108013085,108017449,108018765,108006782,108005453,118876762,108005458,108013063,108018759,108017428,108009860,108021501,108021510,108021511,108016162,108009873,118876780,108005480,108005497,108009858,108021546,108010887,108021524,108016188,108019217,108021473,108013852,108020130,118878561,108020111,108019194,108013893,108016906,108004911,108019178,108014304,108012599,108016937,108020196,108015667,108016978,108009901,108016201,108005554,108013161,108018853,108017517,108010931,108005593,108016232,108010910,108013190,108018884,108018886,108008607,108008654,108021631,108021632,108021614,108016277,108010973,108010941,108010943,108010944,108017587,108007365,108020331,108007342,108021646,108018004,108019326,108007289,108013990,108019299,108010005,108020269,108019280,108012652,108010050,108011385,108015745,108014400,108013130,108018807,108014455,108013110,108010086,108014433,108013104,108018988,108008702,108017645,108018976,108013272,108016307,108005659,108021705,108007405,108016347,108020419,108020420,108015077,108019439,108018109,108020405,108020403,108007433,108007438,108021720,108021788,108019477,108018142,108020464,108021783,108006161,108020430,108010101,108018047,139352873,108020349,108021684,108020353,108018038,108018039,108010140,108018089,108012769,108018075,108010182,108010184,108013214,108014529,108014531,108013201,108010163,108011499,108015841,108005621,108014587,108017616,108005634,108018926,108013239,108006947,108005792,108016432,108013390,108017756,108016422,108005777,108016484,108017782,108012911,108007560,108015189,108015176,108006223,108009301,108006288,108011609,108019579,108012921,108018183,108012887,108012869,108009235,108012870,108011517,108018151,108020476,108011590,118878006,108010246,108010247,108012888,108009252,108015991,108005713,108013308,108012041,108016407,108005756,108013339,108012008,118878093,108016561,108017882,108005880,108012181,108015210,108016542,108006312,108016593,108004594,108006301,108019602,108019603,108011707,108006358,108006343,108005014,108005015,108005016,108015282,118877642,108009425,108018387,108008103,108009404,108018352,108009347,108008027,108011645,108009325,108018289,108010323,108009334,108018279,108021007,118878130,108005825,108013451,108021072,108013459,108005800,108016507,108005874,108013488,108005846,108021095,108013479,108005852,108005848,108014792,108021083,108007704,108004681,108020739,108019753,108019755,108019741,108018416,108007747,108020707,108007757,108014034,108010500,108018438,108011857,108009550,108018495,108009537,108010457,108021107,108008144,108009448,108009449,108010445,108014859,108014867,108014847,108014854,108014836,108012245,108013575,108014891,108008193,108012222,108014883,108014886,108013538,108021161,108013541,108013545,108004656,108017972,108012286,108015316,108017950,108006527,108016799,108019824,108004791,108015444,108005228,108006561,108014173,108014177,108019869,108019853,108015496,108014169,108005214,108007877,108018512,108009626,108011938,108009600,108011924,108009617,108009614,108017293,108009669,108007008,108017296,108011995,108011978,108005282,108011955,108009652,108005291,108009587,108013607,108013611,108021217,108021216,108009593,108010545,108011881,108014910,108008292,108021259,108008272,108014963,108013615,108014947,108011028,108013670,108012346,108004771,108015419,108016740,108011050,108015410,108004768
GO:0000062	1.971	1	0.9693800000	1.0000000000	1	11	11	fatty-acyl-CoA binding	108005812
GO:0003756	2.985	1	0.9695200000	1.0000000000	1	14	14	protein disulfide isomerase activity	108021634
GO:0051015	38.241	33	0.9696500000	1.0000000000	33	72	73	actin filament binding	108009765,108021375,108007072,108011159,108015513,108016809,108012451,108016876,108013052,108006797,108021437,108020155,108013015,108005581,108021600,136117703,108011512,108014589,108013224,108013390,108012911,108009301,108012948,108012870,108020607,108008965,108021033,108004671,118877437,108021216,108008297,108004745,108004743
GO:0042813	4.693	4	0.9702800000	1.0000000000	4	6	6	Wnt receptor activity	118876780,108013488,108019728,108015419
GO:0030018	8.420	6	0.9722000000	1.0000000000	6	16	16	Z disc	108019922,108016881,108005482,108013190,108014036,108017934
GO:0051536	2.042	1	0.9723800000	1.0000000000	1	6	6	iron-sulfur cluster binding	108006666
GO:0031629	1.389	1	0.9737000000	1.0000000000	1	5	5	synaptic vesicle fusion to presynaptic active zone membrane	139353199
GO:0005942	2.273	1	0.9737600000	1.0000000000	1	6	6	phosphatidylinositol 3-kinase complex	108015410
GO:0005246	3.872	3	0.9751800000	1.0000000000	3	7	7	calcium channel regulator activity	108019041,108009235,108009614
GO:0015179	13.603	9	0.9753400000	1.0000000000	9	35	35	L-amino acid transmembrane transporter activity	108009732,108012418,108008654,108021614,108009157,108008800,108009312,108013347,108006565
GO:0046872	34.391	27	0.9754400000	1.0000000000	27	110	111	metal ion binding	108020935,118876781,108016153,108021438,108010978,108017595,108009037,108018108,108010184,108014560,108018925,108016481,108009274,108010278,108007642,108007646,108018304,108019605,108011700,108011701,108009433,108004694,108019720,108012277,108005238,108011036,108007808
GO:0019941	1.490	1	0.9765400000	1.0000000000	1	5	5	modification-dependent protein catabolic process	108021494
GO:0005763	2.975	1	0.9770300000	1.0000000000	1	20	20	mitochondrial small ribosomal subunit	108016089
GO:1990124	2.063	1	0.9777600000	1.0000000000	1	5	5	obsolete messenger ribonucleoprotein complex	108012866
GO:0002181	7.786	6	0.9783300000	1.0000000000	6	24	27	cytoplasmic translation	139353050,108010846,108008787,108009151,108020720,108012391
GO:0043195	4.850	3	0.9786000000	1.0000000000	3	8	8	terminal bouton	108013724,108020331,108009292
GO:0001725	6.663	5	0.9787400000	1.0000000000	5	10	10	stress fiber	108019922,108013793,108016881,108019754,108017934
GO:0016263	3.151	1	0.9789100000	1.0000000000	1	12	12	glycoprotein-N-acetylgalactosamine 3-beta-galactosyltransferase activity	108010135
GO:0016267	3.151	1	0.9789100000	1.0000000000	1	12	12	obsolete core 1 and core 2 O-glycan biosynthetic process	108010135
GO:0006270	3.306	1	0.9793100000	1.0000000000	1	15	15	DNA replication initiation	108018128
GO:0005868	5.450	3	0.9795400000	1.0000000000	3	22	22	cytoplasmic dynein complex	108019351,108005000,108021122
GO:0004620	1.978	1	0.9796100000	1.0000000000	1	5	5	phospholipase activity	108014560
GO:0005879	2.181	1	0.9797100000	1.0000000000	1	5	5	axonemal microtubule	108011143
GO:0031386	1.643	1	0.9799700000	1.0000000000	1	8	8	protein tag activity	108021494
GO:0005741	6.641	3	0.9815700000	1.0000000000	3	32	33	mitochondrial outer membrane	108009123,108016461,108021279
GO:0000340	3.113	2	0.9816000000	1.0000000000	2	9	9	RNA 7-methylguanosine cap binding	108015766,108014928
GO:0031110	2.065	1	0.9829400000	1.0000000000	1	10	11	regulation of microtubule polymerization or depolymerization	108006856
GO:0006518	2.569	1	0.9842700000	1.0000000000	1	6	7	peptide metabolic process	108005341
GO:0001227	4.370	2	0.9845200000	1.0000000000	2	13	14	DNA-binding transcription repressor activity, RNA polymerase II-specific	108021703,108011407
GO:0000077	3.630	2	0.9845600000	1.0000000000	2	7	7	DNA damage checkpoint signaling	108016010,108020117
GO:0031267	23.706	18	0.9857800000	1.0000000000	18	49	51	small GTPase binding	108005359,108019082,108010825,108019177,108013015,108011396,108018817,108018076,108014529,108009167,108013224,108018321,108012968,108013410,108004683,108009491,108021202,108014971
GO:0030014	2.606	1	0.9860900000	1.0000000000	1	7	7	CCR4-NOT complex	108014668
GO:0004190	3.684	1	0.9872200000	1.0000000000	1	25	71	aspartic-type endopeptidase activity	108020788
GO:0007602	3.280	1	0.9875200000	1.0000000000	1	13	13	phototransduction	108016937
GO:0032589	13.688	11	0.9890400000	1.0000000000	11	19	21	neuron projection membrane	108016052,108021455,108019247,108019290,108010078,108019447,108021680,108010262,108013434,108006566,108013630
GO:0019905	6.291	3	0.9892300000	1.0000000000	3	20	20	syntaxin binding	139353199,108021484,118877872
GO:0017147	5.540	4	0.9893200000	1.0000000000	4	10	10	Wnt-protein binding	118876780,108013488,108019728,108015419
GO:0005814	6.347	3	0.9899100000	1.0000000000	3	19	20	centriole	108011143,108013145,108021227
GO:0006936	3.789	2	0.9901700000	1.0000000000	2	6	6	muscle contraction	108011512,108004684
GO:0070482	2.896	2	0.9901700000	1.0000000000	2	5	5	response to oxygen levels	108004915,108017081
GO:0008074	2.896	2	0.9901700000	1.0000000000	2	5	5	guanylate cyclase complex, soluble	108004915,108017081
GO:0007507	6.119	4	0.9915900000	1.0000000000	4	10	10	heart development	108016881,108017934,108009595,108021244
GO:0004930	25.509	20	0.9917700000	1.0000000000	20	47	47	G protein-coupled receptor activity	108009720,108015546,108011161,108021511,108016983,108013291,108018988,108015841,108016484,108019579,108018183,108012862,108016407,108005759,108021042,108008207,108017914,108014886,136116855,108019874
GO:0004571	2.222	1	0.9923500000	1.0000000000	1	6	6	mannosyl-oligosaccharide 1,2-alpha-mannosidase activity	108015285
GO:1904382	2.222	1	0.9923500000	1.0000000000	1	6	6	mannose trimming involved in glycoprotein ERAD pathway	108015285
GO:0015629	16.364	12	0.9926100000	1.0000000000	12	31	32	actin cytoskeleton	108013737,108015513,108012451,108021437,108021600,136117703,108013390,108012948,108020607,108017967,108021216,108004745
GO:0007608	17.609	10	0.9929300000	1.0000000000	10	87	89	sensory perception of smell	108019118,108007058,108018785,108008501,108008570,108013104,108013308,108019602,108008103,108009448
GO:0015347	4.350	2	0.9929700000	1.0000000000	2	8	8	sodium-independent organic anion transmembrane transporter activity	108014304,108007405
GO:0043252	4.350	2	0.9929700000	1.0000000000	2	8	8	sodium-independent organic anion transport	108014304,108007405
GO:0016567	17.666	11	0.9932200000	1.0000000000	11	66	69	protein ubiquitination	108020993,108017450,108007252,108021496,108021494,108020298,108010056,108009315,108014019,108011824,108011060
GO:0007188	6.858	4	0.9933400000	1.0000000000	4	11	12	adenylate cyclase-modulating G protein-coupled receptor signaling pathway	108016833,108009816,108019612,108005214
GO:0010494	3.161	1	0.9935200000	1.0000000000	1	7	7	cytoplasmic stress granule	108014795
GO:0005546	4.361	2	0.9935700000	1.0000000000	2	9	9	phosphatidylinositol-4,5-bisphosphate binding	108012451,108017128
GO:0030833	3.245	1	0.9939500000	1.0000000000	1	11	12	regulation of actin filament polymerization	108013410
GO:0048488	7.147	5	0.9940500000	1.0000000000	5	10	10	synaptic vesicle endocytosis	108019970,108019326,108013990,108013483,108021095
GO:0050808	19.891	16	0.9943400000	1.0000000000	16	29	31	synapse organization	108016052,108021376,108021455,108005593,108019247,108019290,108014433,108010078,108019447,108021680,108017782,108010262,108013434,108006566,108009593,108013630
GO:0046982	6.830	3	0.9953900000	1.0000000000	3	46	229	protein heterodimerization activity	108006791,108017603,108017891
GO:0035269	3.944	2	0.9955500000	1.0000000000	2	9	9	protein O-linked glycosylation via mannose	108021700,108016393
GO:0016747	9.263	4	0.9959000000	1.0000000000	4	31	31	acyltransferase activity, transferring groups other than amino-acyl groups	108005403,108005503,108008706,108005739
GO:0000049	6.439	2	0.9962300000	1.0000000000	2	31	31	tRNA binding	108013729,108014466
GO:0007205	3.979	3	0.9962300000	1.0000000000	3	5	5	obsolete protein kinase C-activating G protein-coupled receptor signaling pathway	108013811,108009537,108014920
GO:0062023	13.319	8	0.9963700000	1.0000000000	8	43	44	obsolete collagen-containing extracellular matrix	108018646,108021378,108009933,108019307,108006994,108013451,108005854,108012245
GO:0042383	3.845	2	0.9964600000	1.0000000000	2	6	6	sarcolemma	108018359,108009498
GO:0032982	2.947	1	0.9964900000	1.0000000000	1	6	6	myosin filament	108008297
GO:0007186	37.195	29	0.9967600000	1.0000000000	29	70	74	G protein-coupled receptor signaling pathway	108019986,108009720,108012426,108011161,108021511,108013852,108016983,108010931,108008607,108010973,108010005,108013291,108018988,108021698,108017616,108018932,108019579,108012862,108015991,108016407,118877629,108021042,108007747,108007757,108008207,108021155,108019874,108013607,108008296
GO:0007168	6.047	4	0.9969200000	1.0000000000	4	7	7	receptor guanylyl cyclase signaling pathway	108014587,108006947,108011645,108011050
GO:0001653	6.047	4	0.9969200000	1.0000000000	4	7	7	peptide receptor activity	108014587,108006947,108011645,108011050
GO:0043197	2.858	2	0.9972200000	1.0000000000	2	5	5	dendritic spine	108019075,108009307
GO:0032266	4.209	1	0.9974700000	1.0000000000	1	11	11	phosphatidylinositol-3-phosphate binding	108021167
GO:0005432	2.504	1	0.9977900000	1.0000000000	1	6	6	calcium:sodium antiporter activity	108018359
GO:1990246	2.215	1	0.9981800000	1.0000000000	1	6	6	uniplex complex	108013141
GO:0036444	2.215	1	0.9981800000	1.0000000000	1	6	6	calcium import into the mitochondrion	108013141
GO:0046839	2.405	1	0.9984800000	1.0000000000	1	8	8	phospholipid dephosphorylation	108007438
GO:0005811	4.234	1	0.9985200000	1.0000000000	1	13	13	lipid droplet	108021654
GO:0050911	14.265	6	0.9985700000	1.0000000000	6	65	67	detection of chemical stimulus involved in sensory perception of smell	108007058,108013104,108013308,108019602,108008103,108009448
GO:0006182	8.943	6	0.9985800000	1.0000000000	6	12	12	cGMP biosynthetic process	108004915,108014587,108006947,108011645,108017081,108011050
GO:0004383	8.943	6	0.9985800000	1.0000000000	6	12	12	guanylate cyclase activity	108004915,108014587,108006947,108011645,108017081,108011050
GO:0051560	2.569	1	0.9988600000	1.0000000000	1	7	7	mitochondrial calcium ion homeostasis	108013141
GO:0004984	14.529	6	0.9988800000	1.0000000000	6	66	68	olfactory receptor activity	108007058,108013104,108013308,108019602,108008103,108009448
GO:0004707	1.693	1	0.9990400000	1.0000000000	1	5	6	MAP kinase activity	108013238
GO:0015149	2.413	1	0.9992200000	1.0000000000	1	5	5	hexose transmembrane transporter activity	108012893
GO:0015749	2.413	1	0.9992200000	1.0000000000	1	5	5	monosaccharide transmembrane transport	108012893
GO:0030915	1.851	1	0.9992700000	1.0000000000	1	6	6	Smc5-Smc6 complex	108020607
GO:0004715	5.755	3	0.9995500000	1.0000000000	3	8	8	non-membrane spanning protein tyrosine kinase activity	108019439,108005638,108005888
GO:0008195	3.212	1	0.9996400000	1.0000000000	1	9	9	phosphatidate phosphatase activity	108007438
GO:0000030	2.811	1	0.9998500000	1.0000000000	1	6	6	mannosyltransferase activity	108021700
GO:0035092	1.939	1	0.9999100000	1.0000000000	1	14	16	sperm DNA condensation	118878363
GO:0051016	2.656	1	0.9999900000	1.0000000000	1	7	7	barbed-end actin filament capping	108012451
GO:0051014	2.391	1	0.9999900000	1.0000000000	1	6	6	actin filament severing	108012451
GO:0035023	3.519	1	1.0000000000	1.0000000000	1	6	6	regulation of Rho protein signal transduction	108017459
GO:0045214	2.755	1	1.0000000000	1.0000000000	1	5	5	sarcomere organization	108004684
