GO:1902600	22.291	32	0.0002500000	0.0333050000	32	44	44	proton transmembrane transport	108009734,108020028,139353066,108006749,108007205,108017510,108009960,108015727,108014400,108009094,108008702,108020422,108020430,108018092,108018081,108005602,108018907,108015182,108016495,108014616,108014633,108015292,108018387,108017056,108008064,108017064,108006557,108014182,108011975,108011983,108011973,108011016
GO:0016604	5.739	12	0.0002800000	0.0333050000	12	13	18	nuclear body	108008402,108012482,108016143,108007227,136117686,108020170,108012577,108005680,108006957,108009527,118877362,108012367
GO:0008080	5.943	12	0.0007100000	0.0488500000	12	15	15	N-acetyltransferase activity	108016834,108011123,108004892,108009842,108010796,108008838,108008875,136117151,108017109,108009545,108017148,108010497
GO:0046961	13.511	22	0.0008300000	0.0488500000	22	33	33	proton-transporting ATPase activity, rotational mechanism	108009734,108020028,108016836,139353066,108006749,108007205,108017510,108015727,108009094,108018092,108018081,108018907,108016495,108014616,108017056,108008064,108017064,108014182,108011975,108011983,108011973,108011016
GO:0062129	20.272	30	0.0010400000	0.0488500000	30	59	60	chitin-based extracellular matrix	108020936,108008433,108008441,108004812,108012440,108012443,108009832,108012509,118877292,108008614,108012622,108018827,108006843,108008728,108012736,108012738,108008891,108013338,108008934,108019678,108019688,108008903,108012290,108005104,108011870,108013581,108013583,108013582,136116902,108009573
GO:0008010	20.272	30	0.0010400000	0.0488500000	30	59	60	structural constituent of chitin-based larval cuticle	108020936,108008433,108008441,108004812,108012440,108012443,108009832,108012509,118877292,108008614,108012622,108018827,108006843,108008728,108012736,108012738,108008891,108013338,108008934,108019678,108019688,108008903,108012290,108005104,108011870,108013581,108013583,108013582,136116902,108009573
GO:0030527	3.349	8	0.0017600000	0.0810742857	8	16	245	structural constituent of chromatin	108006791,108018758,108006860,108017891,139352208,139352210,108019847,108016763
GO:0033179	3.859	9	0.0021900000	0.0918600000	9	14	14	proton-transporting V-type ATPase, V0 domain	108009734,108020028,139353066,108015727,108018081,108018907,108017056,108017064,108011016
GO:0046933	5.008	10	0.0025300000	0.0936177778	10	14	14	proton-transporting ATP synthase activity, rotational mechanism	108021424,108004921,108008611,108009960,108008639,108020422,108014633,108015214,108014146,108020894
GO:0005811	7.686	12	0.0037400000	0.1308300000	12	13	13	lipid droplet	108009686,108005494,108021611,108021654,108018940,108006936,108013227,108013387,108005747,108005114,108019800,108011886
GO:0045893	25.806	33	0.0044500000	0.1389100000	33	43	49	positive regulation of DNA-templated transcription	108012482,108007209,108009871,108016143,108007227,108013841,136117686,108020170,108020198,108012577,108012637,108012632,108010021,108012668,108020273,108011394,108005680,108021790,108021784,108006957,108006188,108012034,108014678,108016568,108016537,108006381,108019729,108005147,108009527,118877362,108008339,108009595,108012367
GO:0006801	3.470	7	0.0045900000	0.1389100000	7	7	7	superoxide metabolic process	108009764,108008495,108009993,108013936,108010023,108016481,108011766
GO:0006367	10.457	17	0.0050900000	0.1453215385	17	26	26	transcription initiation at RNA polymerase II promoter	108016017,108021352,108010681,108020040,108017441,108021516,108020159,108014492,108005530,108007269,108010044,108013265,108009116,108013398,108014679,108021188,108016607
GO:0006488	2.576	6	0.0063400000	0.1727606667	6	7	7	dolichol-linked oligosaccharide biosynthetic process	108005363,108016863,108018921,108015910,108011961,108021252
GO:0015276	10.615	15	0.0065200000	0.1727606667	15	16	18	ligand-gated monoatomic ion channel activity	108020333,108017647,108019423,108020349,108021806,108006225,108015901,108018287,108017812,108005868,108020735,108010491,108012232,108012287,108017953
GO:0005871	3.895	7	0.0080900000	0.2034021053	7	7	7	kinesin complex	108005354,108008428,108020070,118877253,108018153,108012990,108010455
GO:0006000	2.866	6	0.0083400000	0.2034021053	6	6	6	fructose metabolic process	108021396,136116458,108015887,108006219,108006221,108015903
GO:0071586	1.952	5	0.0088100000	0.2034021053	5	5	5	CAAX-box protein processing	108012596,108015893,108009288,108009289,108009290
GO:0003713	28.608	36	0.0089400000	0.2034021053	36	55	56	transcription coactivator activity	108016895,108009712,108021352,108010681,108016855,108006753,108018720,108017441,108020196,108016262,108019250,108010021,108020273,108008739,108009116,108006087,108018052,108012781,108013246,139353373,108013337,108005730,108016537,108010419,108012969,108019743,108004615,108017936,108004601,108015314,108006520,108006521,108014125,108010586,108008240,108014960
GO:0005839	8.111	14	0.0102700000	0.2219135000	14	25	25	proteasome core complex	108010719,108008401,108018673,108011125,108008553,108008552,108011238,108008719,108019442,108008866,108011553,108009206,108010228,108017086
GO:0046982	13.669	20	0.0130700000	0.2783538095	20	46	229	protein heterodimerization activity	108020944,108010681,108016882,108006791,108018758,108019138,108006860,108018011,108019250,139353451,108009116,108017603,108009225,108014679,108017891,108004580,139352210,108019847,108005254,108016763
GO:0005507	10.491	15	0.0140600000	0.2887350000	15	20	22	copper ion binding	108005319,108008372,108010838,108021537,118877277,108009993,108013936,108010023,108007427,108010171,108018944,108011593,108011766,108016789,108006545
GO:0005765	15.801	21	0.0154000000	0.3103386957	21	25	25	lysosomal membrane	108011239,108013190,108006001,108016277,108009094,108006983,108012830,108010124,108018907,108005607,108014616,108005886,108012992,108014034,108019725,108009491,108019882,108011975,108011983,108011973,108011016
GO:0005643	11.911	17	0.0175400000	0.3388879167	17	25	25	nuclear pore	108009773,108011137,108007928,108014204,108019132,108019177,108006899,108008068,108009373,108021073,108021136,108021117,108007851,108006568,108019889,108008314,108008266
GO:0030479	4.157	7	0.0202100000	0.3686396154	7	8	8	actin cortical patch	108018626,108009769,108011159,108008480,108004925,108013276,118877437
GO:0008061	60.916	70	0.0206500000	0.3686396154	70	111	112	chitin binding	108020907,108016893,108007102,108009767,108010694,108007082,108007079,108013781,139353243,118876761,108005487,108004970,108013160,108005586,108020321,108020305,108012615,108012693,108013129,108018981,108018951,108015087,108006080,108012728,108015820,108011438,108013251,108017795,108015177,108012952,108006195,108012851,108015920,108014648,108014649,108015972,108014641,108014647,108014673,108014674,108012176,108006369,108009402,108009387,118878120,108012102,108004698,108020782,108009524,118877319,108008200,118877322,108017145,108017097,139352547,139352551,108012244,108014892,108012233,108012237,136116881,108014881,108007881,118877419,108009631,139352486,139352488,108011065,108016758,108015400
GO:0050804	14.103	17	0.0216200000	0.3731450000	17	17	17	modulation of chemical synaptic transmission	108014284,108019970,108008383,108007032,108017428,108007365,108019326,108013990,108019422,108021718,108021712,108015295,108021095,108013538,108011995,108013611,108004750
GO:0008308	2.387	5	0.0219300000	0.3731450000	5	5	5	voltage-gated monoatomic anion channel activity	108010740,108011155,108008479,108021279,108021277
GO:0042802	5.282	8	0.0254300000	0.4335465517	8	8	8	identical protein binding	108010848,108019344,108011321,108006268,108013361,108008071,108005223,108009662
GO:0016251	7.591	12	0.0265300000	0.4407160000	12	21	21	RNA polymerase II general transcription initiation factor activity	108016017,108021352,108010681,108021516,108005530,108010044,108013398,108015989,108014679,108021188,108016607,108011937
GO:0000786	4.661	8	0.0275300000	0.4416377419	8	18	247	nucleosome	108006791,108018758,108006860,108017891,139352208,139352210,108019847,108016763
GO:0004568	10.348	14	0.0295100000	0.4441558824	14	16	17	chitinase activity	108020907,108016893,108007102,108009767,118876761,108013251,108017795,108015177,108009387,139352547,139352551,139352486,139352488,108015400
GO:0006032	10.348	14	0.0295100000	0.4441558824	14	16	17	chitin catabolic process	108020907,108016893,108007102,108009767,118876761,108013251,108017795,108015177,108009387,139352547,139352551,139352486,139352488,108015400
GO:0030688	3.868	7	0.0299400000	0.4441558824	7	9	9	preribosome, small subunit precursor	108007126,108010689,108013144,108015382,108009517,108021233,108004739
GO:0071004	6.115	10	0.0314300000	0.4457300000	10	15	15	U2-type prespliceosome	108019939,108004808,108021388,108015506,108010963,108008762,108006272,108007625,108020891,108021303
GO:0019915	1.673	4	0.0315000000	0.4457300000	4	5	5	lipid storage	108014472,108013227,108005114,108011886
GO:0006887	10.458	14	0.0320700000	0.4457300000	14	18	18	exocytosis	139353199,108004869,108014421,108013131,108015761,108014529,108020690,108020591,108018403,108009470,108021150,108011933,108008342,108012349
GO:0042776	1.609	4	0.0367600000	0.5078120513	4	6	6	proton motive force-driven mitochondrial ATP synthesis	108004921,108008639,108020422,108014633
GO:0098839	12.289	15	0.0373400000	0.5078120513	15	15	15	postsynaptic density membrane	108014284,108007032,108016807,108017428,108007365,108020333,108019422,108021718,108021712,108020349,108015295,108013538,108011995,108013611,108014948
GO:0033181	1.582	4	0.0407600000	0.5470791803	4	7	7	plasma membrane proton-transporting V-type ATPase complex	108020028,139353066,108018907,108011016
GO:0033180	2.639	5	0.0426700000	0.5470791803	5	6	6	proton-transporting V-type ATPase, V1 domain	108016495,108008064,108011975,108011983,108011973
GO:0008081	3.718	6	0.0432500000	0.5470791803	6	6	6	phosphoric diester hydrolase activity	108019348,108017639,108013217,108014008,108021121,108017958
GO:0015031	15.617	20	0.0446300000	0.5470791803	20	27	27	protein transport	108007940,108007946,108007945,108007941,108007944,108013808,108013807,108021389,108015539,108005470,108013814,108013816,108014465,108013122,108012068,118878002,108012112,108013498,108006409,108021184
GO:0034314	3.370	6	0.0464600000	0.5470791803	6	8	9	Arp2/3 complex-mediated actin nucleation	108011159,108021437,108013276,108021734,108005241,108008342
GO:0006636	3.822	6	0.0470800000	0.5470791803	6	6	6	unsaturated fatty acid biosynthetic process	108018676,108018737,108020216,108016480,108018338,118878101
GO:0004768	3.822	6	0.0470800000	0.5470791803	6	6	6	stearoyl-CoA 9-desaturase activity	108018676,108018737,108020216,108016480,108018338,118878101
GO:0018344	2.733	5	0.0471500000	0.5470791803	5	5	5	protein geranylgeranylation	108009851,108021525,108019441,108006302,108021045
GO:0051301	3.646	6	0.0478400000	0.5470791803	6	6	6	cell division	108013795,108013116,108005877,108014866,108005955,108015304
GO:0006893	5.619	8	0.0485300000	0.5470791803	8	8	8	Golgi to plasma membrane transport	108004869,108013131,108015172,108020690,108009346,108020591,108018403,108021150
GO:1990573	12.236	15	0.0498300000	0.5470791803	15	17	17	potassium ion import across plasma membrane	108020994,108010747,108011101,108021505,108021514,108016237,108008702,108013269,108018109,108020430,108018387,108020696,108021156,108005228,108011028
GO:0004521	18.299	23	0.0506400000	0.5470791803	23	34	35	RNA endonuclease activity	108015590,108021354,139353041,118876781,108021469,108021436,108010978,108009009,108005670,108014520,108009266,108014694,108007617,108007613,108008983,108014753,108015382,108019749,108020753,108020752,108015446,108009611,108013683
GO:0005858	4.615	7	0.0514300000	0.5470791803	7	8	10	axonemal dynein complex	108012606,108014444,108016394,136116540,108013202,108008120,108013502
GO:0006631	9.697	13	0.0541200000	0.5470791803	13	19	19	fatty acid metabolic process	108009740,108017495,108021535,108008718,108007490,108021696,108005776,108006329,108012123,108005812,108005810,108017819,108004696
GO:0005044	9.545	12	0.0542900000	0.5470791803	12	13	14	scavenger receptor activity	108020920,139353067,108013081,108021502,108015672,108006812,108018901,108008009,108013568,108006546,108008300,108008298
GO:0006883	5.885	8	0.0547400000	0.5470791803	8	9	9	intracellular sodium ion homeostasis	108020994,108010747,108021514,108008702,108020430,108018387,108020696,108021156
GO:0030007	5.885	8	0.0547400000	0.5470791803	8	9	9	intracellular potassium ion homeostasis	108020994,108010747,108021514,108008702,108020430,108018387,108020696,108021156
GO:0036376	5.885	8	0.0547400000	0.5470791803	8	9	9	sodium ion export across plasma membrane	108020994,108010747,108021514,108008702,108020430,108018387,108020696,108021156
GO:0016311	13.334	17	0.0554900000	0.5470791803	17	21	21	dephosphorylation	108008469,108015505,108013068,108013914,108016191,108008496,108016911,108012571,108008797,108011429,108011430,108016431,108008870,108009254,108018360,108017022,108005171
GO:0006020	3.549	6	0.0555900000	0.5470791803	6	7	7	inositol metabolic process	108013769,108013773,108013099,118877282,108013301,108005076
GO:0010498	3.867	7	0.0563600000	0.5470791803	7	13	13	proteasomal protein catabolic process	108010719,108018673,108008553,108008552,108008719,108010228,108017086
GO:0019773	3.125	6	0.0565600000	0.5470791803	6	11	11	proteasome core complex, alpha-subunit complex	108018673,108008553,108008552,108008719,108010228,108017086
GO:0071013	18.848	24	0.0583100000	0.5577994521	24	44	44	catalytic step 2 spliceosome	108019939,108005317,108020901,108009741,108008416,108021418,108021552,108008637,108021610,108015778,108009102,108010133,108014589,108019491,108009413,108014764,108021092,108005188,108021199,108021177,108010602,108008332,108021303,108004761
GO:0046854	12.388	16	0.0592700000	0.5577994521	16	22	22	phosphatidylinositol phosphate biosynthetic process	108020911,108009755,108013769,108013773,108019914,108013032,108013099,108021465,118877282,108016902,108016277,108015098,108013301,108009433,108009439,108009617
GO:0033617	3.144	6	0.0598600000	0.5577994521	6	15	15	mitochondrial cytochrome c oxidase assembly	108010707,108009771,108014227,108010088,108013428,108021139
GO:0008934	2.664	5	0.0618000000	0.5577994521	5	6	6	inositol monophosphate 1-phosphatase activity	108013769,108013773,108013099,118877282,108013301
GO:0070628	3.263	6	0.0635100000	0.5577994521	6	10	10	proteasome binding	108011128,108005589,108021661,108010038,108013485,108004639
GO:0048015	6.104	8	0.0638600000	0.5577994521	8	8	8	phosphatidylinositol-mediated signaling	108016816,108013032,108020249,108015098,108006331,108017076,108009581,108015410
GO:0016442	2.587	5	0.0664000000	0.5577994521	5	9	10	RISC complex	108021374,108012855,108015247,108005959,108009639
GO:0008046	8.145	10	0.0666400000	0.5577994521	10	10	10	axon guidance receptor activity	108014244,108021376,108009814,108008537,108005593,108014433,108017600,108017782,108015912,108009593
GO:0004185	1.951	4	0.0671000000	0.5577994521	4	5	5	serine-type carboxypeptidase activity	108015956,108010277,108013304,108008941
GO:0006309	9.399	13	0.0673700000	0.5577994521	13	19	19	apoptotic DNA fragmentation	118876781,108010978,108009009,108006089,108014520,108007617,108007613,108008983,108014753,108020753,108020752,108005959,108009639
GO:0005685	4.905	8	0.0675200000	0.5577994521	8	16	16	U1 snRNP	108004808,108021388,108015506,108010963,108007625,108020891,108008332,108021303
GO:0006633	4.822	7	0.0675600000	0.5577994521	7	8	8	fatty acid biosynthetic process	139353186,108012485,108006724,108018124,108015114,108017982,108019720
GO:0006506	14.769	19	0.0721200000	0.5937477027	19	31	31	GPI anchor biosynthetic process	139353183,108008404,108009698,108016863,108007164,108007165,108021499,108018127,108015815,108010249,118877649,108006290,108017989,108009554,108014879,108015311,108017958,108010630,108014914
GO:0070403	3.537	6	0.0770100000	0.6166325641	6	9	9	NAD+ binding	108013092,108008718,108006329,108018299,108020882,108011967
GO:0005881	9.051	12	0.0774600000	0.6166325641	12	18	18	cytoplasmic microtubule	108009721,108009779,108019231,108013005,108007294,108020240,108010066,108020590,108017818,108007701,108005284,108013604
GO:0043410	3.349	5	0.0778500000	0.6166325641	5	5	5	positive regulation of MAPK cascade	108004815,108016422,108010324,108004695,108019866
GO:0005669	7.651	11	0.0782000000	0.6166325641	11	20	20	transcription factor TFIID complex	108021352,108010681,108021516,108005530,108010044,108009116,108013398,108015989,108014679,108004580,108016607
GO:0015986	4.492	7	0.0802400000	0.6254125926	7	12	12	proton motive force-driven ATP synthesis	108021424,108014475,108008611,108009960,108015214,108014146,108020894
GO:0034472	4.760	7	0.0805800000	0.6254125926	7	8	8	snRNA 3'-end processing	108007053,108016942,108017547,108010039,108005683,108014684,108013613
GO:0000956	1.931	4	0.0809500000	0.6254125926	4	6	6	nuclear-transcribed mRNA catabolic process	108009991,108015183,108009319,108020890
GO:0035249	10.901	13	0.0819600000	0.6266741463	13	13	13	synaptic transmission, glutamatergic	108014284,108007032,108017428,108005596,108007365,108020331,108019422,108021718,108021712,108015295,108013538,108011995,108013611
GO:0006397	11.039	14	0.0837500000	0.6318202381	14	22	22	mRNA processing	108020938,108015590,108012429,108013048,108010811,108019234,108007172,108013866,108008762,108009181,108006272,108015290,108021038,108012369
GO:0030628	2.276	4	0.0839700000	0.6318202381	4	5	5	pre-mRNA 3'-splice site binding	108021438,108008762,108006272,108019493
GO:0051015	53.717	58	0.0864700000	0.6431850588	58	72	73	actin filament binding	108014262,108014236,108009765,108009769,108019039,108021375,108007072,108011159,108015513,139353230,108016809,108012451,108016876,108013052,108006797,108021451,108021437,108008480,108016914,108020155,108013015,108013000,108019312,108021600,108013998,108015742,136117703,108013276,108021734,108011512,108018059,108014539,108014589,108013224,108013390,108013385,108012911,108015190,108009301,108012948,108012870,108018152,108009248,108015216,108020607,108008965,108018374,108021033,108004671,108004602,108016643,108005241,118877437,108021216,108010559,108008297,108004745,108004743
GO:0005930	20.293	24	0.0896100000	0.6556903488	24	33	34	axoneme	108017312,108021329,108013096,108008504,108009864,108019225,108020148,108013864,108006879,108005535,108012645,108012606,108020284,108018804,108021736,108012831,108018071,136116540,108005809,108008120,108021122,108012285,108010656,108004742
GO:0030008	2.040	4	0.0954100000	0.6690641176	4	7	7	TRAPP complex	108009807,108012838,108012981,108018585
GO:0033499	2.836	5	0.0954100000	0.6690641176	5	7	7	galactose catabolic process via UDP-galactose, Leloir pathway	108017367,108013712,108008636,108013446,108013416
GO:0001671	6.534	9	0.0963800000	0.6690641176	9	13	13	ATPase activator activity	108020994,108010747,108021514,108021522,108016289,108016390,108020696,108005865,108021156
GO:0006886	40.019	46	0.0964300000	0.6690641176	46	89	91	intracellular protein transport	108018627,108014292,108013733,108021337,108019069,108012405,108016877,108006745,108008504,108009875,108009851,108021533,108021518,108020137,108012520,108016908,108004984,108011264,108006039,108021581,108012602,108014429,108015761,108006983,108020425,108011457,108014529,108015172,108013305,108017038,108009392,108016661,108018403,108011868,108005175,118877357,108021146,108016637,108015448,108019851,108015481,108020874,108021258,108004726,108014997,108004769
GO:0032504	14.163	18	0.0967000000	0.6690641176	18	32	32	obsolete multicellular organism reproduction	108016163,108016283,108006804,108006988,108006143,108014555,108008822,108021801,118877546,108006280,118877569,118877698,108015319,108006425,108005941,108005931,108005929,108006573
GO:0004438	3.312	5	0.0974700000	0.6690641176	5	5	6	phosphatidylinositol-3-phosphate phosphatase activity	108005437,108013228,108009254,108006310,108009629
GO:0048471	6.968	9	0.0984200000	0.6690641176	9	10	10	perinuclear region of cytoplasm	108015547,108007143,108013190,108018889,108006821,108012895,108005077,108019729,108014830
GO:0017056	10.083	13	0.1008600000	0.6690641176	13	19	19	structural constituent of nuclear pore	108009773,108011137,108014204,108019132,108006188,118877638,108008068,108009373,108021073,108021136,108021117,108006568,108008314
GO:0031047	3.600	5	0.1012300000	0.6690641176	5	5	5	regulatory ncRNA-mediated gene silencing	108021354,139353041,108021469,108021436,108012855
GO:0006751	4.404	6	0.1025200000	0.6690641176	6	6	6	glutathione catabolic process	108005475,108006284,108016681,108010424,108007860,108005203
GO:0008289	8.029	10	0.1030000000	0.6690641176	10	11	11	lipid binding	108018626,108017459,108013086,108021617,108010147,108010124,108021816,108012866,108006337,108021086
GO:0030433	10.828	14	0.1030600000	0.6690641176	14	23	23	obsolete ubiquitin-dependent ERAD pathway	108020928,108016866,108009876,108007242,108004945,108006863,108014461,108009228,108009200,108014686,108005826,108015375,108014830,108005296
GO:0016607	7.589	10	0.1036500000	0.6690641176	10	14	14	nuclear speck	108009712,108013731,108008762,108006272,108009291,108015252,108018274,108005122,108013554,108005934
GO:0016558	3.104	5	0.1037900000	0.6690641176	5	6	6	protein import into peroxisome matrix	108009840,108021497,108012609,108013558,108013593
GO:0070125	2.205	4	0.1048600000	0.6690641176	4	5	5	mitochondrial translational elongation	108019224,108021462,108016265,108017801
GO:0002098	4.158	6	0.1049400000	0.6690641176	6	8	8	tRNA wobble uridine modification	108008434,108013103,108016304,108018305,108020637,108009547
GO:0008066	9.148	11	0.1070500000	0.6735462162	11	11	11	glutamate receptor activity	108014284,108007032,108017428,108007365,108019422,108021718,108021712,108015295,108013538,108011995,108013611
GO:0007023	2.179	4	0.1082500000	0.6735462162	4	6	6	post-chaperonin tubulin folding pathway	108020916,108010794,108005606,108009283
GO:0005667	36.798	41	0.1087700000	0.6735462162	41	60	61	transcription regulator complex	108005318,108019929,108008410,108019094,118876752,108021447,108012588,108017585,108018012,108015824,108020393,108010181,108015890,108017742,108011555,108011531,108013319,108013320,108013311,108013361,108017715,108005050,108008017,108012977,108015321,108018462,108019796,108009541,108005174,108021115,108021111,108010452,108004615,108004601,108006518,108020883,108021305,108009676,108021200,108014960,108013672
GO:0000159	5.972	8	0.1089400000	0.6735462162	8	9	9	protein phosphatase type 2A complex	108018618,108015569,108021314,108019096,108006742,108013927,108019524,136117270
GO:0008146	5.804	8	0.1112800000	0.6735462162	8	11	11	sulfotransferase activity	108008569,108004953,108020448,108006963,118877521,108013440,108005180,108021189
GO:0060285	4.046	6	0.1116200000	0.6735462162	6	7	7	cilium-dependent cell motility	108019225,108012606,108018804,108018071,136116540,108008120
GO:0007030	15.524	19	0.1117900000	0.6735462162	19	31	31	Golgi organization	108005359,108005322,108010701,108021337,108013701,108009875,108021470,108012520,108016277,108019280,108019474,108017770,108006409,108011868,108005175,108016637,108015481,108004744,108021281
GO:0005912	20.782	23	0.1123700000	0.6735462162	23	25	26	adherens junction	108016895,108019922,108009765,108009694,108011139,139353230,108015501,108019090,108016881,108010888,108008487,108016914,108018875,108019312,108013117,108019446,108013215,108014792,108009550,108014867,108017934,108015316,108006518
GO:0005885	3.077	5	0.1128300000	0.6735462162	5	7	8	Arp2/3 protein complex	108011159,108021437,108013276,108021734,108005241
GO:0016573	9.367	12	0.1211900000	0.7190092857	12	19	19	obsolete histone acetylation	108013703,108014379,108017425,108021516,108005530,108021606,108021651,118877399,108004615,108021178,108004601,108014960
GO:0006811	17.483	20	0.1228300000	0.7258063717	20	23	23	monoatomic ion transport	108005324,108014284,108008458,108007032,108016871,108017428,108016093,108016232,108007365,108020333,108019422,108021718,108021712,108020349,108006225,108008972,108015295,108013548,108006527,108011995
GO:0050660	28.199	32	0.1297600000	0.7567055652	32	45	48	flavin adenine dinucleotide binding	108006666,108013806,108009763,108021395,108013738,108009866,108008562,108008474,108019124,108004954,108008696,108009165,108012912,108009224,108015957,108004571,108005102,108005103,108014060,108020744,108017141,108021112,108006564,108005277,108005278,108005273,108005288,108005283,108005280,108010629,108016750,108016742
GO:0005753	2.157	4	0.1300100000	0.7567055652	4	9	9	obsolete mitochondrial proton-transporting ATP synthase complex	108014475,108008639,108020422,108014633
GO:0031209	2.579	4	0.1321600000	0.7641593103	4	5	5	SCAR complex	108007448,108009141,108017206,108020893
GO:0051879	4.063	6	0.1339900000	0.7735759829	6	8	8	Hsp90 protein binding	108020934,108008461,108018010,108016356,108008820,108008876
GO:0000054	2.240	4	0.1369500000	0.7830377966	4	6	6	ribosomal subunit export from nucleus	108013229,108016575,108010540,108004754
GO:0072546	3.063	5	0.1384700000	0.7830873109	5	9	9	EMC complex	108009757,118877799,108009205,108014606,118878009
GO:0016575	5.175	7	0.1397900000	0.7840942149	7	9	9	obsolete histone deacetylation	108005313,108017314,108005335,108007106,108017772,108005730,108020889
GO:0032934	5.873	8	0.1403400000	0.7840942149	8	13	13	sterol binding	108010721,108013886,108013939,118877873,108018151,108008036,108009440,108009602
GO:0030117	4.212	6	0.1415500000	0.7887115574	6	8	8	membrane coat	108013724,108013733,108016877,108016908,108014429,108020874
GO:0000413	8.314	11	0.1451100000	0.7944080800	11	21	23	protein peptidyl-prolyl isomerization	108009741,108008416,108021330,108008395,108011147,108008589,108013115,108012863,108012106,108009536,108014832
GO:0043035	10.739	13	0.1458800000	0.7944080800	13	18	18	chromatin insulator sequence binding	118878410,108016958,108019306,108017585,139352164,108015044,108008821,108011520,108009282,136116924,108009634,108009664,108013669
GO:0006457	26.744	31	0.1459700000	0.7944080800	31	63	73	protein folding	108006675,108020967,108014275,108008416,108021330,108008395,108007242,108021522,108016172,108007143,108012527,108013002,108011282,108009990,108018010,108012618,108013115,108013277,108006109,108008807,108006311,108019626,108005157,108009479,118877386,108014830,108014832,108017924,108019876,108018520,108012384
GO:0005789	81.075	87	0.1534100000	0.8356317460	87	159	161	endoplasmic reticulum membrane	139353183,108007971,108020903,108007992,108010721,108009721,108008403,108018676,108019043,108016883,108016863,108016866,108018737,108014376,108018708,118876772,108009871,108007242,108020216,108008582,108021530,108007165,108021499,108012596,108011282,108016974,108016205,108016207,108006853,108014472,108009964,108018024,108013958,108008596,108012676,108010066,108006820,108014597,108021700,108021790,108018127,108015815,108010124,108005617,108017615,108015893,108018921,108016480,108019527,108012849,108018151,108010249,108009288,108009289,108013305,108009290,108005756,108012193,108012198,108012188,108006311,108018338,108020639,118877649,108017057,108009438,118878101,108021000,108004690,108017989,108017127,108009554,108009440,108015311,108017960,108007833,108019846,108018598,108010630,108014914,108021271,108021261,108021255,108004726,108011031,108013695,108004707
GO:0003755	13.849	17	0.1554600000	0.8381941732	17	34	37	peptidyl-prolyl cis-trans isomerase activity	108009741,108008416,108008370,108021330,108008395,108011147,108019096,108006742,108008589,108014337,108013115,108008876,108012863,108012106,108004680,108009536,108014832
GO:0005769	9.592	12	0.1572300000	0.8420478295	12	18	20	early endosome	108019069,108021533,108007483,108018907,108016573,108017034,108009501,108010445,108008342,108009658,108021295,108011016
GO:0016236	3.323	5	0.1576900000	0.8420478295	5	8	9	macroautophagy	108021400,108015001,108013305,108009540,108004757
GO:0016272	1.474	3	0.1598400000	0.8473457463	3	7	16	prefoldin complex	108012527,108012618,108008807
GO:0030422	3.303	5	0.1602900000	0.8473457463	5	9	10	siRNA processing	108021374,108009104,108015247,108005959,108009639
GO:0030968	6.023	8	0.1605200000	0.8473457463	8	11	11	endoplasmic reticulum unfolded protein response	108007086,108016854,108004945,108014461,108008744,108015241,108006414,108005296
GO:0009166	3.623	5	0.1633200000	0.8473457463	5	5	5	nucleotide catabolic process	108016140,108016149,108016136,108008568,108009480
GO:0017119	5.217	7	0.1643100000	0.8473457463	7	8	8	Golgi transport complex	108006619,108021337,108009893,108021675,108006409,108015481,108021281
GO:0003998	1.495	3	0.1677300000	0.8615034559	3	6	6	acylphosphatase activity	108009711,118878084,108021076
GO:0005802	16.675	19	0.1687700000	0.8615034559	19	26	28	trans-Golgi network	108005319,108020904,108009813,108021539,108021470,108016277,108021598,108019280,108018817,108013107,108013278,108015172,108021023,108013448,108012101,108017987,108020707,108017208,108011979
GO:0035102	3.753	5	0.1697700000	0.8621125547	5	6	6	PRC1 complex	108018108,108013393,108007642,108016747,108016746
GO:0003682	40.111	44	0.1706900000	0.8627848551	44	77	78	chromatin binding	108020951,108010673,108015516,108015524,108017441,108005456,108021456,108019136,108013895,108020162,108012595,108018895,108020231,108018802,108013266,108018954,108019414,108018128,108006087,108011494,108011481,108005787,108013393,108013398,108012022,108014685,108012009,108005730,108015230,108021051,108008902,108018466,108017115,108009535,108005951,108012221,108014873,108017965,108010606,108009643,108011972,108011899,108016747,108016746
GO:0019901	17.664	20	0.1727700000	0.8635740816	20	27	28	protein kinase binding	108007994,108009749,108021431,108009780,108020021,108009877,108005560,108019299,108015775,108015011,108013331,108018373,108014022,108007746,108019729,108011801,108004635,108009598,108013676,108012384
GO:0001708	9.539	11	0.1727800000	0.8635740816	11	11	11	cell fate specification	108012637,108007294,108012632,108012668,108021784,108014678,108016568,108020590,108005147,108009595,108011013
GO:0006914	4.462	6	0.1741100000	0.8635740816	6	7	7	autophagy	108005305,108018627,108005322,108010701,108018414,108004744
GO:0008798	1.564	3	0.1748200000	0.8635740816	3	5	5	beta-aspartyl-peptidase activity	108018649,108005436,108017707
GO:0010181	5.276	7	0.1758000000	0.8635740816	7	10	14	FMN binding	108006666,108019110,108013813,108004954,108010087,108006125,108021112
GO:0003924	75.060	80	0.1760200000	0.8635740816	80	138	139	GTPase activity	108007993,108009747,108020997,108007069,108019041,108016839,108019080,108005469,108008504,108005446,108009816,108009813,108005457,108008526,108021539,108016199,108021462,108004924,108019198,108016986,108011297,108016201,108006850,108013144,108016263,108008681,108021598,108014421,108014459,108015775,108014428,108015767,108013285,108015011,108006109,108019472,108020425,108009113,108010141,108010162,108010167,108013243,108005790,108015150,108015141,108019528,108009235,108010269,108018196,108009252,108013306,108017709,108005893,108019611,108016575,108017005,108020637,108019658,108019699,108008014,108013448,108017801,108013419,108014756,108016661,108017131,108019778,108019779,108010540,108014833,108021175,108015497,118877410,108009614,108009598,108008292,108008290,108004726,108013676,108004754
GO:0005736	3.246	5	0.1764000000	0.8635740816	5	11	11	RNA polymerase I complex	108020291,108009016,108011493,108008868,108020796
GO:0007389	3.726	5	0.1780600000	0.8635740816	5	5	5	pattern specification process	108019136,108007294,108020590,108013506,108014148
GO:0000276	3.433	5	0.1783400000	0.8635740816	5	9	9	obsolete mitochondrial proton-transporting ATP synthase complex, coupling factor F(o)	108021424,108014475,108008611,108014146,108020894
GO:0048278	3.312	5	0.1802800000	0.8703525676	5	8	8	vesicle docking	108012405,108021518,108011264,108015761,118877357
GO:0000398	35.156	39	0.1827900000	0.8762675333	39	79	79	mRNA splicing, via spliceosome	108014257,108020901,108013731,108004807,108021388,108021552,108021438,108020112,108016972,108009942,108016279,108015778,108008743,108009102,108011470,108015848,108019491,108019493,108004570,108016551,108016599,108015252,108019600,108009413,108018274,108014764,108017126,108005122,108005188,108021199,108021177,108006559,108020890,108020870,108008332,108021303,108009563,108021288,108021289
GO:0004298	3.272	5	0.1832800000	0.8762675333	5	8	8	threonine-type endopeptidase activity	108018649,108008401,108011125,108019442,108009206
GO:0032039	7.098	9	0.1850400000	0.8765375817	9	12	13	integrator complex	108007053,108016942,108017547,108007378,108010039,139352176,108005683,108014684,108013613
GO:0005874	21.439	24	0.1854600000	0.8765375817	24	33	34	microtubule	108005354,108009747,108008428,108019019,108019080,108020070,108013064,108019225,108018986,108017674,108010141,108018071,108012771,108018153,108016595,108017005,108009344,108011645,108014811,108010455,108014833,108021175,108010600,108012396
GO:0004402	4.618	6	0.1859900000	0.8765375817	6	8	8	histone acetyltransferase activity	108021606,108015989,108004615,108021178,108004601,108014960
GO:0005543	11.268	13	0.1890500000	0.8872092949	13	17	17	phospholipid binding	108014292,108016071,108007072,108016809,108007219,108006039,108020331,108020508,108018249,108005848,108017967,108019869,108019889
GO:0005975	50.066	54	0.1910000000	0.8872092949	54	85	97	carbohydrate metabolic process	108020907,108016893,108006687,108007102,108009767,118876761,108019210,108004970,108018867,108008656,108020321,108019276,108010074,108014594,108008760,108007499,108006069,108011456,108011480,108010150,108006956,108013251,108015152,108017795,108020514,108015177,108019595,108019580,108019586,108019587,108019582,108019583,108020563,108012868,108020663,108019665,108015285,108009419,108009347,108009387,139352547,108009443,108005098,139352551,108017923,108015475,108005223,108007881,108009631,108021208,139352486,139352488,108011065,108015400
GO:0005758	3.320	5	0.1917000000	0.8872092949	5	13	14	mitochondrial intermembrane space	108019301,108010088,108014680,108014671,108005860
GO:0004930	36.439	39	0.1927900000	0.8879691720	39	47	47	G protein-coupled receptor activity	108009720,108015546,108011161,108021511,108008527,108020209,108012514,108016983,108021586,108012631,108013291,108018988,108018107,108008755,136116597,108015841,108008852,108016484,108019579,108018183,108012862,108017731,108016407,108010408,108018283,108021042,108014083,108019771,108008207,108017085,108017914,108014886,108016644,136116855,108011082,108019874,136116904,108005292,108016751
GO:0006605	2.821	4	0.1944100000	0.8925119620	4	7	7	protein targeting	108017038,108009491,108017245,108014987
GO:0046872	62.915	67	0.1989100000	0.9072003145	67	110	111	metal ion binding	108020935,108005320,108008429,108008456,108013722,108013708,108021395,108012436,108016866,108005463,118876781,108016153,108013930,108009882,108008495,108021438,108020191,108015673,108018863,108018834,108010978,108006001,108017595,108009037,108009009,108021747,108018108,108018037,108011447,108010184,108006918,108014520,108014560,108016481,108021836,108019493,108009274,108010278,108007617,108007613,108006310,108007642,108007646,108018304,108008983,108016573,108011700,108009433,108021038,108014753,108004694,108007733,108004675,108019720,108018450,108020753,108020752,108017923,108012277,108005238,108009629,108020888,108008317,108010568,108012307,108011036,108021295
GO:0042254	7.877	10	0.2016200000	0.9133965269	10	18	18	ribosome biogenesis	108006674,108019221,108006850,108013144,108008606,108016520,108005903,108008316,108021253,108013683
GO:0035064	7.929	10	0.2030300000	0.9133965269	10	24	24	obsolete methylated histone binding	108004837,108011394,108008725,108013393,108012901,108019617,108009358,108017965,108011972,108008263
GO:0016791	11.566	14	0.2036600000	0.9133965269	14	25	25	phosphatase activity	108015505,108016191,108012700,108009060,108008784,108008870,108006281,108017022,108006294,108009559,108010517,108005171,108013516,108010489
GO:0008033	3.604	5	0.2050000000	0.9133965269	5	7	7	tRNA processing	108021395,108008696,108021001,108016756,108016742
GO:0032367	2.565	4	0.2052900000	0.9133965269	4	7	7	intracellular cholesterol transport	108013886,108015744,118877873,108008036
GO:0004707	2.725	4	0.2053700000	0.9133965269	4	5	6	MAP kinase activity	108015785,108013238,108020638,108015431
GO:0016592	12.664	15	0.2054500000	0.9133965269	15	29	30	mediator complex	108006753,108010922,108013185,108008598,108020408,108010181,108007505,108013337,108005050,108012969,108005869,108010488,108016780,108008339,108010586
GO:0007169	19.384	21	0.2059100000	0.9133965269	21	23	23	cell surface receptor protein tyrosine kinase signaling pathway	108008431,108021631,108010964,108007289,108009052,108021688,108013201,108016422,108006259,108010246,108005880,108005888,108019603,108005015,108009404,108012978,108004695,108004681,108019753,108009633,108013615
GO:0030018	12.377	14	0.2068900000	0.9154064881	14	16	16	Z disc	108019922,108006664,108016881,108005482,108008487,108013190,108013117,108013215,108010174,108005002,108019716,108014036,108017934,108016643
GO:0004029	3.749	5	0.2082700000	0.9178759412	5	5	5	aldehyde dehydrogenase (NAD+) activity	108016112,108019318,108021633,108018129,118877341
GO:0004222	45.637	49	0.2095900000	0.9178759412	49	76	80	metalloendopeptidase activity	118877974,108016005,108005320,108014281,108005387,108005362,108020995,108009739,108019072,108019066,108004852,108013794,108015689,108008581,108009888,108012596,118877716,108007300,108007303,108008594,139353436,108010161,108015893,108010205,108011527,108011523,108010258,108009288,108009289,108009290,108012008,108020610,108007646,108004594,108020647,108005013,108020598,108013426,108006437,108010425,108009482,108012217,108005963,108005964,108015473,108015444,108018512,108010560,108012307
GO:0005688	1.654	3	0.2125200000	0.9261338372	3	7	7	U6 snRNP	108009942,108015778,108020890
GO:0006207	2.795	4	0.2126200000	0.9261338372	4	5	5	'de novo' pyrimidine nucleobase biosynthetic process	108006139,108015341,108014053,108005238
GO:0070085	5.497	7	0.2142300000	0.9287669942	7	11	11	glycosylation	108005429,108018707,108021538,108009011,108015157,108018208,108009419
GO:0007021	2.579	4	0.2165600000	0.9393069540	4	8	8	tubulin complex assembly	108020916,108010794,108005606,108009283
GO:0070577	2.672	4	0.2175900000	0.9399178286	4	6	6	obsolete lysine-acetylated histone binding	108020902,108018855,108017878,108010327
GO:0015347	6.721	8	0.2214100000	0.9465414554	8	8	8	sodium-independent organic anion transmembrane transporter activity	108014279,108018739,108009891,108009890,108014304,108007405,108009300,108010315
GO:0043252	6.721	8	0.2214100000	0.9465414554	8	8	8	sodium-independent organic anion transport	108014279,108018739,108009891,108009890,108014304,108007405,108009300,108010315
GO:0004473	3.759	5	0.2228800000	0.9465414554	5	5	5	malate dehydrogenase (decarboxylating) (NADP+) activity	108016132,108010177,108014689,108009622,108009624
GO:0005788	2.619	4	0.2245100000	0.9465414554	4	6	6	endoplasmic reticulum lumen	108005464,108004945,108017840,108005296
GO:0007346	3.563	5	0.2250100000	0.9465414554	5	7	8	regulation of mitotic cell cycle	108008471,108007378,108012835,108009382,108018594
GO:0005890	3.865	5	0.2282300000	0.9465414554	5	6	6	sodium:potassium-exchanging ATPase complex	108020994,108010747,108021514,108020696,108021156
GO:0004867	36.626	40	0.2299400000	0.9465414554	40	82	84	serine-type endopeptidase inhibitor activity	108020964,108020965,118877969,108009744,108016031,108008466,108007109,108008364,108004893,108015689,108020115,108013891,108008660,108009965,139355192,108013113,108008742,108019473,108019459,108018033,108018078,108008810,108019517,108006209,108008842,108019550,118877537,108010222,108019484,108013317,108017716,108008022,108009322,108005807,108017842,108008210,118877383,108010440,108008245,108013675
GO:0006406	9.180	11	0.2301500000	0.9465414554	11	17	17	mRNA export from nucleus	108005399,108016064,108019234,108010211,108006188,108008068,108009373,108017138,108021117,108013592,108021289
GO:0030139	6.884	8	0.2308400000	0.9465414554	8	8	8	endocytic vesicle	108019082,108013112,108006223,118877610,108020607,108004683,108014175,108012379
GO:0002028	3.716	5	0.2313300000	0.9465414554	5	6	6	regulation of sodium ion transport	108020018,108020017,108020031,108013893,108009327
GO:0006072	2.837	4	0.2323100000	0.9465414554	4	4	11	glycerol-3-phosphate metabolic process	108017495,108018121,108018090,108018241
GO:0005942	3.815	5	0.2333400000	0.9465414554	5	6	6	phosphatidylinositol 3-kinase complex	108020911,108021465,108016902,108017076,108015410
GO:0004067	2.646	4	0.2335900000	0.9465414554	4	7	7	asparaginase activity	108018649,108005436,108019207,108017707
GO:0042744	2.679	4	0.2337400000	0.9465414554	4	7	7	hydrogen peroxide catabolic process	108007161,108015929,108005172,108007869
GO:0005694	18.928	21	0.2343200000	0.9465414554	21	29	29	chromosome	118878410,108011149,108005413,108016958,108019306,108017585,108021588,108015749,139352164,108015044,108010192,108008821,108011520,108009282,108004678,108013508,108021126,136116924,108009634,108009664,108013669
GO:0005576	117.437	122	0.2355700000	0.9465414554	122	209	213	extracellular region	108006610,108020907,108016893,108020969,108010711,108009723,108021433,108007102,108021409,108009767,108010694,108012437,108007082,108021378,108007079,108016835,108013781,108016875,139353243,108015689,118876761,108005487,108016137,108012558,108020187,108012539,108004970,108012573,108005546,108017530,108013160,108005586,108020321,108020305,108012615,108009035,108009033,108012693,108015783,108013129,108018981,108005646,108018951,108021701,108020421,108020434,108015087,108020376,108020371,108006080,108012728,108015820,108011438,108010171,108010168,108013251,108018935,108005789,108019517,108017795,108016457,108015177,108006227,108015166,108012952,108006195,108012851,108011586,108015920,108014648,108014649,108015972,108014641,108014647,108013362,108014673,108014674,108012176,108006369,108009402,108009350,108009387,118878120,108013451,108014760,108012102,108004698,108020782,108009511,108009524,108009529,118877319,108008200,118877322,108017145,108017097,139352547,108010445,108009453,139352551,108012245,108012244,108012233,108012237,136116881,108016638,108007881,108009628,118877419,108009631,108017227,108011966,108014912,108021265,108008270,108010597,108004741,139352486,139352488,108011065,108016758,108015400
GO:0015149	3.834	5	0.2368100000	0.9465414554	5	5	5	hexose transmembrane transporter activity	108010255,108012893,108019659,108019894,108019895
GO:0015749	3.834	5	0.2368100000	0.9465414554	5	5	5	monosaccharide transmembrane transport	108010255,108012893,108019659,108019894,108019895
GO:0000055	2.816	4	0.2389900000	0.9465414554	4	5	5	ribosomal large subunit export from nucleus	108016826,108010048,108009219,108008068
GO:0005525	81.957	86	0.2416300000	0.9465414554	86	149	150	GTP binding	108007993,108009747,108020997,108007069,108019041,108016839,108019080,108005469,108008504,108005446,108009816,108009813,108005457,108008526,108021539,108016199,108021462,108004924,108019198,108016986,108011297,108016201,108006850,108013144,108016263,108008681,108021598,108014421,108010031,108014459,108015775,108014428,108015767,108013285,108017674,108015011,108006109,108020425,108009113,108010141,108010162,108010167,108013243,108005790,108015150,108015141,108018203,108019528,108009235,108006182,108010269,108018196,108009252,108013306,108017709,108005893,108015279,108016575,108017005,108020637,108019658,108019699,108008014,108011645,108018280,108012115,108013448,108017801,108013419,108014756,108017990,108016661,108010540,108014833,108021175,108005928,108015497,108010600,108009614,108009598,108008292,108008290,108004726,108013676,108012396,108004754
GO:0014069	6.814	8	0.2428500000	0.9465414554	8	8	8	postsynaptic density	108014292,108009694,108010888,108013881,108013000,108009301,108009307,108012948
GO:0003729	64.498	68	0.2430600000	0.9465414554	68	115	134	mRNA binding	108019939,108005380,108016064,108004808,108021388,108013055,108006734,108005463,108006793,108010811,108019234,108013866,108012582,108009909,108018834,108009926,108016287,108021615,108010024,108010049,108014460,108015776,108009095,118877818,108017697,108020374,108011408,108018036,108010139,108018085,108010114,108013209,108009181,108015848,108017609,108013253,108016435,108012077,108015108,108013397,108009316,108010223,108010211,108019491,108009266,108009291,108017728,108014695,108016581,108015252,108011706,108015290,108009368,108014779,108015355,108015378,108017138,108019783,108014808,108014887,108012270,108012261,108016796,108018567,108008320,108011895,108008242,108004717
GO:0016298	18.605	21	0.2437900000	0.9465414554	21	37	37	lipase activity	108011169,108016122,108016158,108016146,108016139,108016980,108012697,108013261,108014567,108013227,108015101,108012067,108008012,108005835,108005803,108009552,108011839,108018524,108011946,108009564,108013677
GO:0031490	7.546	9	0.2448100000	0.9465414554	9	13	13	chromatin DNA binding	108005347,108020273,108012940,108009358,108004615,108012236,108004601,108014960,108021291
GO:0004035	8.357	10	0.2473300000	0.9465414554	10	13	13	alkaline phosphatase activity	108008469,108013914,108008496,108016911,108012571,108008797,108011429,108011430,108016431,108018360
GO:0008104	10.551	12	0.2475800000	0.9465414554	12	16	16	intracellular protein localization	108020021,108011139,108005457,108016188,118877610,108019658,108020690,108009320,108013424,108004635,108014175,108018594
GO:0005680	7.324	9	0.2494200000	0.9465414554	9	17	17	anaphase-promoting complex	108005356,108010062,108016597,108009435,108005877,108014866,108005955,108015304,108019864
GO:0007187	9.091	10	0.2507400000	0.9465414554	10	10	10	G protein-coupled receptor signaling pathway, coupled to cyclic nucleotide second messenger	108009834,108020130,118878561,108010941,139352873,118878130,108012222,108016774,108010545,136116999
GO:0004993	9.091	10	0.2507400000	0.9465414554	10	10	10	G protein-coupled serotonin receptor activity	108009834,108020130,118878561,108010941,139352873,118878130,108012222,108016774,108010545,136116999
GO:0003746	6.365	8	0.2509300000	0.9465414554	8	15	15	translation elongation factor activity	108008453,108019224,108021462,108008681,108009113,108010167,108017801,108015497
GO:0000407	6.497	8	0.2528800000	0.9465414554	8	12	12	phagophore assembly site	108007276,108006975,108015001,108006072,108010104,108013211,108018414,108009581
GO:0035970	2.944	4	0.2536000000	0.9465414554	4	6	6	peptidyl-threonine dephosphorylation	108019064,108016889,108019460,108016779
GO:0000127	2.940	4	0.2548800000	0.9465414554	4	5	5	transcription factor TFIIIC complex	108020587,108010235,108020840,108021284
GO:0030127	3.733	5	0.2570500000	0.9465414554	5	6	6	COPII vesicle coat	108006745,108015827,108009392,108021146,108019851
GO:0017108	2.825	4	0.2577900000	0.9465414554	4	5	5	5'-flap endonuclease activity	108013930,108014474,108010040,108015424
GO:0008241	4.799	6	0.2580200000	0.9465414554	6	7	7	peptidyl-dipeptidase activity	108018657,108008414,108021501,108021445,108008922,108009328
GO:0061061	5.046	6	0.2587700000	0.9465414554	6	6	6	muscle structure development	108019922,108016881,108008487,108013117,108013215,108017934
GO:0051371	5.046	6	0.2587700000	0.9465414554	6	6	6	muscle alpha-actinin binding	108019922,108016881,108008487,108013117,108013215,108017934
GO:0016281	5.694	7	0.2613000000	0.9479564220	7	10	10	eukaryotic translation initiation factor 4F complex	108012712,108015766,108020374,108017728,108014928,108011895,108012363
GO:0005829	208.230	214	0.2621000000	0.9479564220	214	397	413	cytosol	108020935,108014269,108018618,108019989,108020943,108008420,108009759,108010716,108009729,108010719,108008453,108021349,108020021,108013730,108010689,108008385,108013719,108013723,108010670,108007086,108021396,108007085,108012445,108019064,108012413,108016839,108016847,108013779,108019082,108016813,108015552,108004872,108015519,108013091,108013076,108005454,108021503,108009876,118876786,108009840,108010833,108016140,108016149,108009851,108016136,108013927,108021534,108008552,118877213,108008568,108021522,108019205,108020146,108021470,108007161,108020136,108021463,108007143,108019124,108010794,108004924,108004911,108007183,108012543,108016900,108004954,108012569,108013015,108013002,108014337,108011297,108013175,108010923,108018899,108005563,108013194,108018889,108009991,108021615,108019303,108009962,108018010,108020309,108021585,108021584,108021581,108007276,136116458,139352172,108014461,108014459,108015759,108010070,108013103,108006975,108013277,108013260,108013263,108008774,108019425,108007499,108019460,108018125,108006072,108015826,108011472,108014502,108011459,108011449,108020392,108011441,108010186,108009165,108015840,108006956,108013224,108012088,108016439,108005772,108017739,108019511,108018225,108020523,108018214,108020514,108015173,108018203,108019524,108019596,108012961,108012964,108012921,118877565,108012877,108012855,108006181,108015953,108014623,108010228,108009292,108013368,108016562,108012177,108016595,108016575,118877643,108005077,108005076,108011740,108012998,108009345,108009340,108018297,108012981,108012985,108021009,108009376,108005820,108021063,108017802,108021056,108008071,108013416,108021084,108013466,108014795,108015341,108004683,108017982,108005113,108005114,108015376,108009509,108005158,108009517,108019788,108017116,108014070,108020751,108017106,136117270,108005172,108011838,108020786,108017086,118877356,108017060,108021127,108017923,108013558,108021167,108005987,108012277,108005960,108005965,108004635,108013590,108013593,108017940,108016614,108011094,108005238,108019860,108015497,108006540,108009602,108018556,108011968,108013609,108009598,108011886,108021246,108004757,108012379
GO:0033674	15.832	17	0.2623100000	0.9479564220	17	17	17	positive regulation of kinase activity	108008431,108021631,108007289,108009052,108021688,108016422,108006259,108010246,108005880,108019603,108005015,108009404,108004681,108019753,108014836,108009633,108013615
GO:0043022	10.264	12	0.2623500000	0.9479564220	12	24	24	ribosome binding	108009715,108005426,108013076,108011297,108010056,108008731,108012866,108012115,108013473,108014865,108015497,108008310
GO:0005777	26.728	29	0.2625900000	0.9479564220	29	43	43	peroxisome	108009736,108016015,108008362,108016916,108013867,108015662,108015669,108012702,108021566,108010033,108010155,108012964,118877555,108015929,108012016,108018345,108018380,108012123,108019746,108019797,108005933,108017959,108013593,108007869,108008338,108011981,108008324,108009581,108008247
GO:0007166	18.222	20	0.2635800000	0.9522439269	20	25	26	cell surface receptor signaling pathway	108019917,108009720,108016833,108011161,108008523,108008527,108013291,108018107,108008755,136116597,108009349,108018283,108014083,108019771,108017085,136116855,108011082,136116904,108005214,108005292
GO:0008017	51.546	54	0.2686600000	0.9636946959	54	71	74	microtubule binding	108018660,108005354,108005321,108020942,108008428,108009721,108016087,108017383,108019019,108021375,108019080,108020070,108014352,108013096,108008576,108013005,108019338,108007294,108010066,108018986,108014593,108020350,108009155,108012771,108006950,108015885,108019526,108018153,108015938,108009295,108015216,108006314,108016595,108019601,108009344,108012990,108020590,108013404,108019729,108009463,108014811,108010455,108013528,108013561,108021175,108017978,108012278,108015487,108013604,108004701,108013628,108021242,108012392,108016732
GO:0007059	4.951	6	0.2703900000	0.9636946959	6	6	6	chromosome segregation	108017336,108009712,108019092,108005413,108012990,108019729
GO:0001054	2.778	4	0.2710000000	0.9636946959	4	10	10	obsolete RNA polymerase I activity	108009016,108011493,108008868,108020796
GO:0000166	10.498	12	0.2736900000	0.9636946959	12	16	16	nucleotide binding	108008429,108013777,108017441,108021575,108009064,108008702,108020389,108015829,108010184,108019536,108013460,108014873
GO:0035197	1.895	3	0.2774300000	0.9636946959	3	7	8	siRNA binding	108021374,118877869,108015247
GO:0006730	8.469	10	0.2778000000	0.9636946959	10	14	14	one-carbon metabolic process	108017315,108010782,108012416,108010803,108016162,108021633,108013945,108008823,108009250,108008071
GO:0050821	2.834	4	0.2787800000	0.9636946959	4	7	7	protein stabilization	108007143,108006236,108012998,108012384
GO:0035869	4.684	6	0.2800000000	0.9636946959	6	9	10	ciliary transition zone	108007973,108009057,108006200,108012010,108013625,108004742
GO:0005085	50.981	53	0.2819400000	0.9636946959	53	68	71	guanyl-nucleotide exchange factor activity	108020944,108020950,108008453,108016071,108008367,108004815,108020047,108016844,108019082,108016849,108009860,108004972,108006869,108010949,108018004,108009079,108018821,108006809,108006825,108017622,108009115,108011409,108021684,108018076,108011445,108010175,108009162,108017753,108017739,108021812,108006223,108012961,108006251,108018230,108010215,108009209,108012888,108012036,108013339,108007603,108015225,108016542,108021080,108004683,108005113,108009509,108021114,108005913,108009491,108005925,108016794,108004709,108012379
GO:0000062	3.784	5	0.2829500000	0.9636946959	5	11	11	fatty-acyl-CoA binding	108009866,108021535,108005776,108005812,108005810
GO:0006090	5.800	7	0.2849700000	0.9636946959	7	8	8	pyruvate metabolic process	108012439,108016132,108010177,108009274,108014689,108009622,108009624
GO:0004034	1.922	3	0.2851600000	0.9636946959	3	5	5	aldose 1-epimerase activity	108013712,108008636,108013446
GO:0070008	3.746	5	0.2853600000	0.9636946959	5	7	7	serine-type exopeptidase activity	108017569,108017567,108017566,108005246,108014195
GO:0046034	2.861	4	0.2854800000	0.9636946959	4	5	5	ATP metabolic process	108008064,108011975,108011983,108011973
GO:0016042	18.960	21	0.2864900000	0.9636946959	21	37	37	lipid catabolic process	108011169,108016122,108007219,108016158,108016146,108016139,108016980,108012697,108013261,108014567,108015101,108012067,108008012,108005835,108005803,108009552,108011839,108018524,108011946,108009564,108013677
GO:0003677	113.252	117	0.2889000000	0.9636946959	117	205	393	DNA binding	108006654,108020952,108005338,108016017,108011114,108013777,108013767,108013746,108020027,108012482,108011124,108005413,108010816,108006791,108008500,108018758,108017425,108013930,108009883,118877213,108019206,108013841,108013859,108015621,108004966,108012577,108006860,108017563,108017559,108009997,108016261,108007314,108018012,139352981,108021588,108021572,108021563,108020291,108009016,108015749,108009064,108010040,108010095,139352169,108017639,108013265,108019414,108016372,108011428,108018060,108019388,108015829,108020399,108020395,108010183,108011493,108006968,108005787,108008868,108008892,108006238,108015193,108007573,108020587,108011531,108009270,108009244,108013319,108013320,108015989,108009284,108013361,108012034,108014679,108017891,108016533,108005008,108009420,108018376,108009353,108012972,139352208,139352210,108021025,108013458,108013443,108017849,108005859,108012159,108005842,108004678,108014003,108014039,108018466,108018464,108017126,108009541,108005174,108020796,108012221,108014882,108016784,108019847,108011937,108020883,108009665,108008343,108009643,108005299,108011899,108013601,108012320,108012324,108013678,108012333,108016763,108012379
GO:0006122	3.731	5	0.2901000000	0.9636946959	5	12	13	mitochondrial electron transport, ubiquinol to cytochrome c	108021638,108006278,108014680,108014671,108014821
GO:0045944	63.415	66	0.2903500000	0.9636946959	66	100	101	positive regulation of transcription by RNA polymerase II	108016895,108009712,108006654,108014272,108013703,108013767,108015545,108016855,108006736,108006729,108010896,108012531,108004968,108020196,108016976,108013148,108016245,108009924,118877721,108021606,108013979,108005661,108008739,108017686,108018052,108012755,108014544,108013246,139353373,108007505,108018268,108013337,108013345,108013344,108005882,108008991,108010419,108017058,108011735,108009414,108006389,108005050,108008020,108012969,108009380,108021055,108019743,108019790,108011834,108010479,108010488,108004615,108017936,108004601,108005998,108006520,108006521,108020895,108009643,108011956,108008240,108012320,108014960,108021244,108012343,108011071
GO:0006366	6.612	8	0.2917600000	0.9636946959	8	16	16	transcription by RNA polymerase II	108020159,108019250,108011493,108010268,108015989,108004580,108013510,108016784
GO:0048018	2.954	4	0.2922500000	0.9636946959	4	5	5	receptor ligand activity	108021373,108020868,108008326,108021257
GO:0003724	19.026	21	0.2923600000	0.9636946959	21	35	36	RNA helicase activity	139353189,108007982,108005439,108009855,108018085,108012059,108018188,108012846,108019604,108009413,108013474,108021087,108014039,108018430,118877370,108016602,108021177,108004662,108011901,108014921,108021289
GO:0034497	2.990	4	0.2942700000	0.9636946959	4	5	5	protein localization to phagophore assembly site	108013091,108006072,108010104,108021167
GO:0006364	12.239	14	0.2954900000	0.9636946959	14	30	34	rRNA processing	108020067,108012464,108010043,108014405,108005669,108015051,108010137,108016485,108009319,108018312,108016602,108019813,108021233,108004739
GO:0043186	11.625	13	0.2959300000	0.9636946959	13	17	17	P granule	108007982,108021354,139353041,108021469,108021474,108021436,108018125,108010278,108007671,108009428,108009340,108018430,108012277
GO:0010997	3.053	4	0.2963900000	0.9636946959	4	5	5	anaphase-promoting complex binding	108020210,108010062,108016597,108019864
GO:0032981	6.472	8	0.2974900000	0.9636946959	8	20	21	mitochondrial respiratory chain complex I assembly	108009706,108009771,108013909,108008640,108006282,108021139,108015445,108008294
GO:0006888	21.788	24	0.2976100000	0.9636946959	24	55	56	endoplasmic reticulum to Golgi vesicle-mediated transport	108005359,108008403,108006745,108009807,108008539,108009875,108021518,108012520,108016922,108021581,108021832,108006277,108020639,108012981,108009392,108011868,108005175,108021146,108016637,108017958,108019851,108018585,108011979,108021258
GO:0030490	4.703	6	0.2997800000	0.9636946959	6	14	14	maturation of SSU-rRNA	108010689,108016104,108009942,108015382,118877370,108010658
GO:0090090	6.827	8	0.2999600000	0.9636946959	8	10	10	negative regulation of canonical Wnt signaling pathway	108011241,108007294,108009039,108019299,108015824,108020590,108005224,108005298
GO:0000124	4.682	6	0.3003600000	0.9636946959	6	15	16	SAGA complex	108021352,108010681,108021516,108005530,108013195,108008725
GO:0015179	25.211	27	0.3014500000	0.9636946959	27	35	35	L-amino acid transmembrane transporter activity	108019924,108005396,108005398,108021427,108012418,108018742,108005430,108018736,108018738,108009802,108010853,108012589,108008654,108009987,108021614,108018023,108009024,108020462,108009157,108008800,108007590,108013347,108014097,108009477,108013594,108006565,108014101
GO:0043025	30.954	33	0.3018800000	0.9636946959	33	52	52	neuronal cell body	108020919,108014244,108009788,108009779,108021350,108010686,108021376,108016887,108008532,108008537,108016174,108013881,108013143,108005593,108013190,108011348,108012672,108009006,108014433,108013200,108017600,108019510,108019512,108019509,108017782,108015912,108016595,108009368,108004656,108009593,108016739,108015416,108011040
GO:0007015	19.713	21	0.3024300000	0.9636946959	21	24	24	actin filament organization	108009765,108013730,108016876,108021600,108013998,108015742,136117703,108011512,108018059,108009141,108013390,108018269,108012948,108018152,108020607,108007628,108021034,108021134,108017244,118877437,108021216
GO:0016567	33.798	36	0.3034000000	0.9636946959	36	66	69	protein ubiquitination	108020975,108006694,108010715,108020993,108013775,108013739,108005410,108017450,108021553,108007252,108013822,108021496,108021494,108018863,108013937,108020298,108010056,108010077,108018067,108009176,108013386,108009227,108005877,108019708,108014019,108011824,108009446,108014866,108021116,108005955,108004652,108015304,108020897,108020888,108009615,108011060
GO:0043014	2.919	4	0.3035500000	0.9636946959	4	6	6	alpha-tubulin binding	108019225,108018071,108009283,108008342
GO:0004714	10.973	12	0.3043200000	0.9636946959	12	12	12	transmembrane receptor protein tyrosine kinase activity	108008431,108007289,108009052,108021688,108005880,108019603,108005015,108009404,108004681,108019753,108009633,108013615
GO:0030036	28.611	30	0.3044800000	0.9636946959	30	34	34	actin cytoskeleton organization	108019922,108009769,108021316,108013737,108007072,108016845,108016809,108016881,108016849,108005428,108017459,108008487,108020155,108013117,108013215,108006251,108012870,108009248,108012036,108011801,108017934,108004602,108016643,108014149,108014138,108009637,108020893,108021202,108014978,108014971
GO:0005854	1.115	2	0.3045300000	0.9636946959	2	5	5	nascent polypeptide-associated complex	108015340,108019788
GO:0016192	24.912	27	0.3052400000	0.9636946959	27	54	56	vesicle-mediated transport	108018627,108007993,108013733,108021389,108012405,108019082,108014376,108008504,108009851,108016908,108004984,108011264,108021666,108021598,108014428,108017673,108020425,108010175,108007589,108013306,108013448,108004683,108005184,118877357,108009491,108014997,108012379
GO:0007018	32.169	34	0.3059700000	0.9636946959	34	52	59	microtubule-based movement	108018660,108005354,108020942,108008428,108017383,108019019,108020070,108008576,108013903,108019204,118877253,108013006,108019338,108010053,108014444,108014446,108007418,108016394,108020350,108017769,108018153,108015938,108009295,108018365,108009344,108010455,108013528,108017978,108016798,108015487,108004701,108004742,108004715,108012392
GO:0000049	14.257	16	0.3060100000	0.9636946959	16	31	31	tRNA binding	108013729,108006730,108006748,108004924,108008591,108010027,108014466,108015784,108013103,108016304,108005627,108007506,108015173,108021063,108009547,108006564
GO:0035725	41.920	44	0.3075900000	0.9636946959	44	58	58	sodium ion transmembrane transport	108005307,108020921,118877917,108011109,108012418,108016840,108005430,108009802,108019220,108016906,108019178,108016237,108008654,108009987,108021614,108018023,108018005,108009024,108013130,108013269,108017680,108017679,108020419,108008759,108018142,108020462,108020445,108009124,108018089,108006903,108005763,108008896,108007590,118878006,108010247,108008971,108011707,108018359,108009330,108021072,108018416,108008114,108017932,108008272
GO:0000145	5.869	7	0.3099900000	0.9636946959	7	8	8	exocyst	108004869,108013131,108020690,108020591,108018403,108021150,108012349
GO:0008143	3.021	4	0.3103900000	0.9636946959	4	5	5	poly(A) binding	108019905,108007172,108017595,108006181
GO:0071011	11.388	13	0.3119900000	0.9636946959	13	29	30	precatalytic spliceosome	108014257,108021388,108021552,108020112,108015778,108008743,108014681,108016599,108005000,108009364,108004694,108005188,108008317
GO:0016471	4.876	6	0.3126700000	0.9636946959	6	8	8	vacuolar proton-transporting V-type ATPase complex	108007205,108017510,108018092,108018907,108014182,108011016
GO:0006352	5.738	7	0.3134100000	0.9636946959	7	17	20	DNA-templated transcription initiation	108011124,108019138,139353451,108015989,108020801,108011937,108005299
GO:0015630	10.578	12	0.3153200000	0.9636946959	12	22	22	microtubule cytoskeleton	108020014,108014352,108005457,108010794,108008624,108015779,108021736,108006109,108006950,108019658,108015487,108010656
GO:0000146	9.966	11	0.3167700000	0.9636946959	11	12	12	microfilament motor activity	108014262,108014236,108019030,108019039,108015742,136117703,108018059,108013390,108020607,108021216,108008297
GO:0017053	3.006	4	0.3168600000	0.9636946959	4	5	5	transcription repressor complex	108020076,108012587,108008622,108016533
GO:0000014	8.585	10	0.3174600000	0.9636946959	10	17	17	single-stranded DNA endodeoxyribonuclease activity	118876781,108010978,108009009,108014520,108007617,108007613,108008983,108014753,108020753,108020752
GO:0005794	69.257	72	0.3194100000	0.9636946959	72	126	127	Golgi apparatus	108020903,108016892,108005359,108008427,108021328,108020000,108013701,108013736,108015547,108016877,108016129,108013077,108009813,108009875,108021539,108020212,108021530,108012520,108019160,108012574,108013175,108009940,108006890,108021617,108007349,108021635,108012679,108009031,108014421,108018986,108017634,108012838,108007483,108011433,108018924,108014568,108017770,108007528,108019518,108015141,108012913,108018200,108012937,108018156,108013305,108017738,118877610,108009419,108009386,108013492,108021081,108015351,108016661,108004687,108012297,108018405,108019729,108009515,108018459,108011868,108005184,108005173,108005175,108005171,108010462,108016637,108011092,118876983,108019846,108008347,108021266,108016729
GO:0000902	8.131	9	0.3207100000	0.9636946959	9	10	10	cell morphogenesis	108009765,108015501,108007448,108012860,108021034,108014792,108009550,108014867,108004602
GO:0070847	2.907	4	0.3215200000	0.9636946959	4	9	9	core mediator complex	108010922,108020408,108016780,108010586
GO:0000727	3.860	5	0.3222300000	0.9636946959	5	10	10	double-strand break repair via break-induced replication	108012450,108006112,108017778,108014064,108006462
GO:0009055	5.746	7	0.3227600000	0.9636946959	7	12	12	electron transfer activity	108009763,108006032,108017789,108009224,108014680,108014671,108014945
GO:0006974	8.659	10	0.3242900000	0.9636946959	10	17	17	DNA damage response	108014354,108009060,108007490,108019443,108005784,108019708,108014003,108009559,108013567,108005934
GO:0005786	2.033	3	0.3257100000	0.9636946959	3	6	6	signal recognition particle, endoplasmic reticulum targeting	108006845,108014459,108013405
GO:0008312	2.033	3	0.3257100000	0.9636946959	3	6	6	7S RNA binding	108006845,108014459,108013405
GO:0032012	7.055	8	0.3288200000	0.9636946959	8	8	8	regulation of ARF protein signal transduction	108016071,108020047,108006251,108009209,108021114,108009481,108004709,108012388
GO:0051603	11.597	13	0.3296200000	0.9636946959	13	22	22	proteolysis involved in protein catabolic process	108008401,108009790,108013741,108011125,108004914,108011238,108018102,108019442,108006946,108008866,108009206,108019639,108013490
GO:0051377	4.943	6	0.3317000000	0.9636946959	6	7	7	mannose-ethanolamine phosphotransferase activity	139353183,108015815,118877649,108017989,108009554,108010630
GO:0030276	8.946	10	0.3324600000	0.9636946959	10	11	11	clathrin binding	108015563,108005352,108013733,108013157,108010910,108020403,108020508,108005848,108018438,108021274
GO:0043547	16.892	18	0.3338700000	0.9636946959	18	20	22	positive regulation of GTPase activity	108020944,108005393,108016844,108009860,108016154,108004972,108018004,108009079,108021684,108017753,108017739,108006222,108019590,108015968,108013339,108019706,108005126,108016794
GO:0031625	11.676	13	0.3342900000	0.9636946959	13	23	23	ubiquitin protein ligase binding	108006694,108020993,108004854,108021553,108021494,108019299,108018067,118877613,108012108,108019708,108009446,108017223,108004757
GO:0006398	2.073	3	0.3347800000	0.9636946959	3	5	5	mRNA 3'-end processing by stem-loop binding and cleavage	108008402,108014694,108014779
GO:0005778	9.678	11	0.3354000000	0.9636946959	11	20	21	peroxisomal membrane	108013728,108009840,108021497,108012609,108020410,108012844,108012123,108019797,108014864,108013593,108007833
GO:0031629	2.175	3	0.3357400000	0.9636946959	3	5	5	synaptic vesicle fusion to presynaptic active zone membrane	139353199,108015761,108009470
GO:0006515	2.058	3	0.3359700000	0.9636946959	3	6	6	protein quality control for misfolded or incompletely synthesized proteins	108006664,108010161,108020899
GO:1904262	3.145	4	0.3370600000	0.9636946959	4	5	5	negative regulation of TORC1 signaling	108005383,108012830,108010189,108009660
GO:0051233	4.880	6	0.3373100000	0.9636946959	6	14	14	spindle midzone	108019231,108011277,108020240,108012692,108021060,108007701
GO:0015280	18.403	20	0.3374300000	0.9636946959	20	30	30	ligand-gated sodium channel activity	108005307,118877917,108016840,108019220,108016906,108018005,108017680,108017679,108008759,108006903,108005763,108008896,118878006,108011707,108009330,108021072,108018416,108008114,108017932,108008272
GO:0004879	16.948	18	0.3375600000	0.9636946959	18	21	21	nuclear receptor activity	108020082,108013089,108009896,108004940,108013993,108019289,108017686,108015808,108006908,108018268,108013300,108016535,108021039,108019790,108010479,108016647,108007867,108013619
GO:0031145	5.869	7	0.3381200000	0.9636946959	7	13	13	anaphase-promoting complex-dependent catabolic process	108005356,108010062,108016597,108005877,108014866,108005955,108019864
GO:0032418	2.130	3	0.3387000000	0.9636946959	3	5	5	lysosome localization	108013154,108019474,108006261
GO:0008237	13.679	15	0.3389100000	0.9636946959	15	23	23	metallopeptidase activity	108018657,108008414,108021501,108019229,108021445,108014486,108021615,108021661,108009102,108013398,108012183,108008922,108008011,108009328,108021152
GO:0032133	2.070	3	0.3391000000	0.9636946959	3	5	5	chromosome passenger complex	108012692,108017788,108021060
GO:0050808	24.859	26	0.3408400000	0.9656053811	26	29	31	synapse organization	108014244,108020989,108016052,108021376,108008537,108021455,108005593,108019247,108019290,108014433,108010078,108019447,108021680,108017600,108017782,108015912,108010262,108013434,108006566,108014158,108010612,108010614,108009593,108021264,108013630,108004740
GO:0042800	3.100	4	0.3416000000	0.9656053811	4	5	10	histone H3K4 methyltransferase activity	108010673,108016855,108006381,108017936
GO:0000149	11.699	13	0.3432000000	0.9656053811	13	22	22	SNARE binding	108005352,108012405,108021518,108011264,108010910,108015761,108020403,108013305,108009392,108017128,108018438,118877357,108021146
GO:0006470	28.420	30	0.3451600000	0.9656053811	30	48	52	protein dephosphorylation	108018618,108015569,108005337,108010724,108021314,108016858,108020109,108019127,108017536,108019311,108010997,108007284,108009069,108013270,108013260,108012802,108019524,108010291,108010280,108015212,108015265,108021005,108015325,108015326,108020751,136117270,108006563,108015494,108011037,108004704
GO:0016020	472.146	477	0.3453100000	0.9656053811	477	762	773	membrane	108018627,108006649,108020920,108020919,108019931,108015566,108020977,108020978,118877974,108009717,108005357,108020957,108005324,108014288,108005339,108007997,108009745,108016042,108016040,108016047,108016030,108009722,108010712,118877991,108010701,108010708,108008409,108020986,108009734,108009781,108008458,108007101,108010757,108021406,108008443,108008440,108007111,108008379,108020021,108021350,108008372,108021337,108013709,108009681,108010686,108008367,108009698,108010674,108021398,108011110,108020057,108021386,108021379,108012421,108012405,108021364,108012484,108015500,108016825,108004894,139353265,108016887,108015543,108015549,108014201,108011161,108014380,108005419,139353067,108005437,108015694,108013032,108014365,108006746,108005411,108014357,108018783,108005471,108005472,108010805,108013070,108008532,108010853,108021502,108009877,108005485,108010838,108005494,108008527,108016135,108018792,108020212,108020200,108019215,108009898,108007233,108016174,108012514,108007164,108007174,108021457,108021448,108012502,108007155,108016093,108021435,118877251,108016915,108011232,108019187,108013881,108007183,108019165,108011264,108015607,108015605,108004953,108011256,108015672,108014349,108014335,108015668,108016983,108006700,108006880,108013157,108013143,108010934,108008617,108016237,108005563,108005564,108009989,108019312,108009995,108021609,108016269,108010950,108006032,108018021,108019358,108007341,118877790,108020313,108018008,108021638,108021597,108012616,108007268,108013934,108012605,108021561,108011348,108015714,108012672,108009006,108019286,108011321,108010064,108015727,108006812,139352153,108013101,108014436,108013291,108017647,108016300,108014594,108013269,108021708,108015033,108008741,108008748,108008744,108016353,108017673,108005696,108008727,108015000,108008774,108018107,108019437,108008786,108021737,108019423,108016393,108008755,108008757,108015045,108007488,108006151,108019478,108020448,108018120,108015080,108018116,108009114,108011417,108019389,108011421,108007389,108011409,108012744,108012730,136116597,108009146,108018098,108010136,108009124,108018081,108011453,108015810,108018901,108010171,108013200,108010176,108013204,108009163,108014526,118877099,108009172,108005602,108010194,108013228,108013387,108008852,108007521,108019510,108019512,108021818,108019509,108021806,108012910,108018226,108015182,108008877,108018206,108007550,108006225,108021832,118877521,108016495,108006276,108006277,108012952,108019576,108007597,108006268,108007598,108006269,108009222,108018182,108010205,108009233,108009234,108018174,108018179,108015901,108009202,108009203,118877597,108018167,108012862,108011514,108009261,108010255,108012893,108012895,108010236,108014659,108015992,108015995,108015997,108015998,108015971,108013312,108009281,118878059,108009296,108013355,108016560,108005891,108005892,108008972,108006310,108015271,118877610,108016592,118877629,108008954,108007632,108006308,108007633,108015245,108015246,108020663,108019677,108006364,108005036,108017000,108005001,108020633,108015292,108018324,108019659,108020629,108015288,108011746,108017056,108010408,108009401,108009408,118877679,108020667,108017024,108012998,108010328,108018297,108006298,108018283,108018287,108006290,108012966,108012965,108008009,108009385,108013403,108009363,108021016,108009362,108009375,108017812,108013438,108013440,108021061,108013428,108008075,108014768,108021042,108013426,108005868,108005865,108013497,108017819,108015351,108016660,108017996,108015334,108015337,108012292,108016654,108020735,108015398,108020729,108015370,108006409,108018403,108014046,108011825,108019792,108009511,108019785,108017112,108020746,108009542,108005184,108010526,108005194,108011859,108005190,108008207,108020794,108020792,108021108,108017098,108014805,108009478,108017084,108017072,118877355,118877357,108005081,108008121,108009453,108017064,108021155,108021147,108021143,108021144,108010491,108021131,108014840,108008165,108017919,108021189,108021185,108012232,108013568,108013548,108021175,108013553,108017914,108021168,108021160,108012287,108016644,108004666,136116855,108004635,139353001,108013594,108017953,108017952,108012266,108016609,108005971,108016615,108016794,108015450,108019815,118876967,108011082,108016775,108006557,108019874,136116904,136116901,108014186,108006565,108020839,108006546,108018511,108009629,108005269,108008300,108009602,108019894,108019895,108019896,108017238,108019899,108014198,108014199,108014196,108011979,108011959,108005296,108009659,108008326,108017266,108011961,108009581,108013612,108013600,108021204,108021205,108012318,108008298,108021278,108014987,108021269,108021263,108013616,108013622,108004735,139352497,139352496,108004744,108012390,108016751,108016739,108015413,108015411,108015416,108004769,108011040,108016735
GO:0030246	19.494	21	0.3476200000	0.9656053811	21	39	40	carbohydrate binding	108013712,108012473,108004894,108019227,108012550,108004976,108009964,108008636,108007375,108008798,108021699,108018082,108008829,108012868,108009205,108005892,108013446,108019771,108010463,108021302,108021208
GO:0036402	3.008	4	0.3478400000	0.9656053811	4	9	9	proteasome-activating activity	108014686,108015375,108007852,108004727
GO:0072686	6.982	8	0.3482300000	0.9656053811	8	9	9	mitotic spindle	108019225,108009892,108011460,108018071,108015212,108014811,108012278,108016766
GO:0004869	2.198	3	0.3497600000	0.9656053811	3	6	6	cysteine-type endopeptidase inhibitor activity	108015070,118877890,108006946
GO:0003777	18.741	20	0.3537900000	0.9656053811	20	26	29	microtubule motor activity	108018660,108005354,108020942,108008428,108017383,108019019,108020070,108008576,108019338,108020350,108018153,108015938,108009295,108009344,108010455,108013528,108017978,108015487,108004701,108012392
GO:1990837	8.089	9	0.3539600000	0.9656053811	9	10	10	sequence-specific double-stranded DNA binding	108016062,108007256,108013854,108006818,108016527,108016526,108015363,136116936,108014925
GO:0019888	4.135	5	0.3541700000	0.9656053811	5	7	7	protein phosphatase regulator activity	108015569,108019100,108021314,108013927,108013194
GO:0070286	4.941	6	0.3543500000	0.9656053811	6	11	11	axonemal dynein complex assembly	108013165,108012606,108009065,136116540,108018245,108008120
GO:0045214	4.149	5	0.3564700000	0.9656053811	5	5	5	sarcomere organization	108014236,108019039,108013385,108005002,108004684
GO:0043130	13.653	15	0.3578500000	0.9656053811	15	29	29	ubiquitin binding	108020928,108018641,108021391,108009817,108013157,108016368,108015001,108015172,108009200,108016573,108012108,108021059,108010587,108008266,108021224
GO:0003723	158.849	162	0.3606300000	0.9656053811	162	321	355	RNA binding	108020938,139353189,108006686,108018650,108007982,108014273,108017308,108005399,108009729,108016089,108021418,108021355,108008371,108013731,108021321,108021395,108012429,108015506,108011158,108015516,108011119,108007902,108015524,108005426,108005439,108005404,139353050,108005468,108009865,108010846,108009878,108009852,108008529,108021545,108021552,108020203,108009886,108009884,108009885,108008498,108021474,108019172,108021494,108011263,108011285,108016979,108006889,108006858,108014482,108017506,108009942,108010963,108009992,108006006,108016273,108016279,108021610,108017596,108010991,108013933,108009037,108020269,108006837,108010085,108015778,108006821,139352168,108008743,108019425,108021787,108012829,108018125,108018058,108011470,108015832,108010133,108010158,108010159,108006926,108018908,108005762,108020535,108018225,108015197,108009302,108006274,108012947,108009319,108015906,108018188,108018185,108012855,108013309,108014694,108015230,108020606,108020604,108006303,108005031,108005000,108009413,108009410,108009340,108018274,108021038,108008049,108021001,108013456,108021043,108012169,108013474,108021092,108013460,108014798,108014799,108004694,108020720,108015371,108014039,108005122,108018430,108005185,108021148,108005903,108013520,108021199,108012240,108021180,108021177,108004659,108016629,108004662,108005959,108019813,108011901,108006559,108019870,108006536,108006597,108009639,108020888,108020891,108009608,108020870,108010658,108008332,108021303,108009678,108009675,108008317,108010587,108008266,108009590,108014921,108008290,108021253,108008287,108012369,108021288,108021289,108012391,108016756
GO:0008013	5.158	6	0.3608400000	0.9656053811	6	7	7	beta-catenin binding	139353230,108016914,108019312,108007294,108019299,108020590
GO:0006108	6.938	8	0.3634700000	0.9656053811	8	11	11	malate metabolic process	108016132,108021534,108010177,108014689,108015255,108017063,108009622,108009624
GO:0016570	4.022	5	0.3636500000	0.9656053811	5	9	11	obsolete histone modification	108021456,108016228,108008653,108018802,108013226
GO:0000243	2.150	3	0.3643000000	0.9656053811	3	5	5	commitment complex	108008762,108006272,108007625
GO:0003352	2.153	3	0.3679700000	0.9656053811	3	5	5	regulation of cilium movement	108012606,136116540,108008120
GO:0004197	7.941	9	0.3687300000	0.9656053811	9	15	15	cysteine-type endopeptidase activity	108009790,108013741,108004957,108018102,108011460,108006946,108019639,108013490,108013531
GO:0017116	4.094	5	0.3688600000	0.9656053811	5	7	7	single-stranded DNA helicase activity	108012450,108006112,108017778,108006462,108015424
GO:0030041	10.073	11	0.3689000000	0.9656053811	11	14	15	actin filament polymerization	108016898,108021375,108021437,108019161,108016989,108009082,108007498,108012947,139352190,108011933,108021202
GO:0005663	2.202	3	0.3695200000	0.9656053811	3	5	5	DNA replication factor C complex	108020027,108007314,108009244
GO:0000445	2.190	3	0.3697600000	0.9656053811	3	5	5	THO complex part of transcription export complex	108013048,108019234,108010211
GO:0042274	3.160	4	0.3708700000	0.9656053811	4	7	7	ribosomal small subunit biogenesis	108016485,108013456,108015382,108009517
GO:0000815	2.157	3	0.3708800000	0.9656053811	3	7	7	ESCRT III complex	108015539,108014465,108010274
GO:0016485	10.948	12	0.3719500000	0.9656053811	12	17	19	protein processing	108005341,108017316,108013794,108016821,108013190,118877716,108007300,108007303,108012008,108004594,108020598,108005963
GO:0005324	4.142	5	0.3727900000	0.9656053811	5	5	5	long-chain fatty acid transmembrane transporter activity	108020947,108008448,108013728,108020410,108010288
GO:0004722	11.818	13	0.3746800000	0.9656053811	13	28	31	protein serine/threonine phosphatase activity	108019116,108019064,108016889,108005418,108020133,108017536,108019460,108015212,108012220,108016779,108015494,108009589,108011037
GO:0003333	15.847	17	0.3751800000	0.9656053811	17	23	23	amino acid transmembrane transport	108019924,108005396,108005398,108021427,108018742,108018736,108018738,108010853,108012589,108009157,108008800,108013347,108014097,108009477,108013594,108006565,108014101
GO:0042981	10.028	11	0.3752500000	0.9656053811	11	13	14	regulation of apoptotic process	108008421,108021480,108013175,108018011,108011449,108009225,108010243,108009326,108005113,108008132,108008311
GO:0007035	6.063	7	0.3755900000	0.9656053811	7	9	9	vacuolar acidification	108007205,108017510,108018092,108018907,108008064,108004655,108011016
GO:0046777	6.227	7	0.3763700000	0.9656053811	7	8	8	protein autophosphorylation	108010678,108011166,108016188,108007276,108006975,108016537,108014722
GO:0043248	2.209	3	0.3769500000	0.9656053811	3	7	7	proteasome assembly	108005454,108009228,108021006
GO:0006383	3.260	4	0.3789300000	0.9656053811	4	6	6	transcription by RNA polymerase III	108012578,108010235,108020801,108020840
GO:0030286	8.315	9	0.3797300000	0.9656053811	9	10	11	dynein complex	108015691,108019204,108020148,108013006,108014446,108012831,108009105,108018365,108016798
GO:0003725	8.923	10	0.3797600000	0.9656053811	10	19	20	double-stranded RNA binding	108009780,108021374,108016817,108010848,108018834,108016265,108008591,108014681,108015247,108009368
GO:0007507	8.186	9	0.3827000000	0.9656053811	9	10	10	heart development	108016881,108012637,108012632,108012668,108015170,108005147,108017934,108009595,108021244
GO:0000118	5.174	6	0.3836600000	0.9656053811	6	9	9	histone deacetylase complex	108005313,108017314,108005335,108008017,108015321,108020889
GO:0006783	2.209	3	0.3850200000	0.9656053811	3	5	5	heme biosynthetic process	108008385,108013223,108013466
GO:0016757	8.094	9	0.3854300000	0.9656053811	9	12	12	glycosyltransferase activity	108005429,108021538,108019175,108009011,108015157,108018208,108009408,108009351,108009375
GO:0005844	8.050	9	0.3867000000	0.9656053811	9	15	15	obsolete polysome	108011158,108013881,108014482,108018036,108010114,108013209,108012077,108015906,108008049
GO:0006955	8.058	9	0.3871000000	0.9656053811	9	13	13	immune response	108009790,108018102,108019639,108017040,108013407,108005800,108013490,108005952,108008326
GO:0006820	19.878	21	0.3877700000	0.9656053811	21	27	28	monoatomic anion transport	108009717,108020996,108008440,108005497,108021524,108009898,108021473,108006880,108005596,108015745,108008748,108008786,108018120,108013214,118877099,108018182,108018167,108011582,108008121,108021168,108019815
GO:0018345	6.046	7	0.3878500000	0.9656053811	7	12	12	protein palmitoylation	108020000,108016129,108007150,108012679,108014028,108018405,108014964
GO:0007189	22.000	23	0.3884100000	0.9656053811	23	25	25	adenylate cyclase-activating G protein-coupled receptor signaling pathway	108019976,108005381,108021327,108015546,108005453,108012599,108005554,108021632,108013105,108005621,108012052,108016484,108006301,108014083,108019771,108017085,108017914,108013541,108013597,108011923,108011925,108011978,108011980
GO:0004888	20.973	22	0.3890600000	0.9656053811	22	26	26	transmembrane signaling receptor activity	139353175,108016051,139353246,108018759,108021510,108010870,108020196,108018853,108018807,108017645,108015077,108018039,108015189,108011533,108017040,108005800,108006426,108009518,108014148,108004795,108014169,108011881
GO:0035091	15.934	17	0.3898900000	0.9656053811	17	24	24	phosphatidylinositol binding	108018621,108007992,108010756,108017383,108013708,108011139,108021533,108013157,108015172,108016573,108021059,108013498,108004692,108017990,108009501,108011932,108015410
GO:0002376	2.221	3	0.3900100000	0.9656053811	3	7	7	immune system process	108017390,118877788,108011755
GO:0072583	3.267	4	0.3905600000	0.9656053811	4	6	6	clathrin-dependent endocytosis	108014429,108011457,108017128,108020874
GO:0022857	72.210	74	0.3909300000	0.9656053811	74	112	114	transmembrane transporter activity	108006649,108015575,108009717,108020996,108010708,108008409,108009781,108010697,108016865,108014201,108005419,108015694,108018783,118876769,108005497,108021524,108021473,108021452,108012502,108007155,108015607,108014349,108015668,108006880,108013146,108010934,108007341,108012616,108007268,108012605,108014404,108008741,108008748,108008786,108015045,108018120,108011417,108007389,108014526,118877099,108006929,108006276,108018182,108018167,108011582,108013312,108005886,108005036,108020633,108018324,108020629,108020667,108012966,108012965,108009363,108009362,108021061,108015337,108015398,108019785,108017112,108014805,108017084,108017072,108008121,108014840,108005940,108021168,108019815,108019899,108014198,108014199,108014196,108009659
GO:0051016	4.210	5	0.3932000000	0.9656053811	5	7	7	barbed-end actin filament capping	108009769,108012451,108021451,108015190,108004602
GO:0008541	3.168	4	0.3940800000	0.9656053811	4	10	10	proteasome regulatory particle, lid subcomplex	108021661,108013368,108009528,108004639
GO:0004176	2.236	3	0.3946400000	0.9656053811	3	5	5	ATP-dependent peptidase activity	108010161,108013426,108020899
GO:0019432	7.114	8	0.3959300000	0.9656053811	8	10	10	triglyceride biosynthetic process	108017495,108008582,108004934,108008596,108019527,108009438,108012123,108019743
GO:0019752	3.188	4	0.3962900000	0.9656053811	4	6	6	carboxylic acid metabolic process	108006691,108009973,108015229,108021026
GO:0006006	6.040	7	0.3970800000	0.9656053811	7	17	17	glucose metabolic process	108013712,108008636,108020309,108010186,108013446,108017940,108012383
GO:2001235	4.232	5	0.3971500000	0.9656053811	5	7	7	positive regulation of apoptotic signaling pathway	108009790,108018102,108015832,108019639,108013490
GO:0010952	3.232	4	0.3971500000	0.9656053811	4	6	6	positive regulation of peptidase activity	108009790,108018102,108019639,108013490
GO:0008656	3.232	4	0.3971500000	0.9656053811	4	6	6	cysteine-type endopeptidase activator activity involved in apoptotic process	108009790,108018102,108019639,108013490
GO:0005793	8.965	10	0.3973900000	0.9656053811	10	22	22	endoplasmic reticulum-Golgi intermediate compartment	108009875,108012520,108011282,108006311,108020639,108013414,108011868,108005175,108016637,108017958
GO:0051295	4.329	5	0.3992700000	0.9656053811	5	5	6	establishment of meiotic spindle localization	108017306,108010798,108019161,108008714,108018275
GO:0007051	3.329	4	0.3992800000	0.9656053811	4	4	5	spindle organization	108017306,108010798,108008714,108018275
GO:0004407	3.253	4	0.3997300000	0.9656053811	4	5	5	histone deacetylase activity	108005313,108017314,108005335,108007106
GO:0044877	5.289	6	0.4003200000	0.9656053811	6	8	8	protein-containing complex binding	108005324,108010086,108009141,108009425,108010323,108011963
GO:0042742	2.283	3	0.4009700000	0.9656053811	3	8	8	defense response to bacterium	108009723,108021539,108009529
GO:0005741	14.874	16	0.4009800000	0.9656053811	16	32	33	mitochondrial outer membrane	108010740,108009782,108019001,108011155,108014473,108018011,108009066,108015775,108015150,108016461,108006241,108009225,108017038,108021279,108021277,108012395
GO:0016055	3.267	4	0.4016600000	0.9656053811	4	5	5	Wnt signaling pathway	108020137,108007294,108020590,108011053
GO:0004984	33.571	35	0.4044700000	0.9656053811	35	66	68	olfactory receptor activity	108021350,108009828,108009829,108018769,108011252,108014341,108016241,108008635,108012661,108013104,108008732,108015856,108014514,108005604,108019558,108012958,108012924,108015946,108013333,108013335,108013308,108017714,108008937,108008928,108019602,108018333,108008995,118877636,108008103,108019703,108005153,108009448,108008191,108016627,108016701
GO:0006635	6.104	7	0.4053700000	0.9656053811	7	13	13	fatty acid beta-oxidation	108013728,108020410,108021817,108013318,108007766,108020882,108008293
GO:0045324	2.292	3	0.4056600000	0.9656053811	3	6	6	late endosome to vacuole transport	108015539,108014465,108018414
GO:0031083	2.268	3	0.4060400000	0.9656053811	3	6	6	BLOC-1 complex	108010710,108012655,118877633
GO:0008299	4.264	5	0.4074100000	0.9656053811	5	7	7	isoprenoid biosynthetic process	108010765,108019596,108005908,108007833,108012305
GO:0006388	3.229	4	0.4093000000	0.9656053811	4	8	8	tRNA splicing, via endonucleolytic cleavage and ligation	108005306,108013135,108014653,108014875
GO:0000977	61.636	63	0.4105300000	0.9656053811	63	98	99	RNA polymerase II transcription regulatory region sequence-specific DNA binding	108018623,108007991,108020949,108021333,108020060,108006729,118876778,108005491,108021547,108008558,108021521,108004901,108019134,108019171,108020156,108012572,108016932,108004997,108008625,108021672,108008682,108021641,108013111,108008709,108007451,108006127,108015044,108012801,108020398,108017611,108013222,108015107,108016473,108020536,118877582,108014609,108017058,108011712,108009393,108013475,108020725,108014050,108016692,108018462,108019796,108018449,108005162,108011840,108021101,108008188,108012284,108011940,108019897,108010584,108014983,108014988,108008291,108014974,108012304,108004712,108021292,108007800,108015427
GO:0044419	2.330	3	0.4108200000	0.9656053811	3	5	5	biological process involved in interspecies interaction between organisms	108012473,108012550,108018082
GO:0000289	4.280	5	0.4119900000	0.9656053811	5	6	7	nuclear-transcribed mRNA poly(A) tail shortening	108013055,108007172,108016244,108020623,108010309
GO:0005200	11.095	12	0.4127500000	0.9656053811	12	18	18	structural constituent of cytoskeleton	108009747,108016809,108021437,108017674,108010141,108012911,108017005,108009409,108014833,108010600,108021232,108012396
GO:0000974	3.244	4	0.4130700000	0.9656053811	4	8	8	Prp19 complex	108008637,108016599,108019600,108005188
GO:0008250	2.293	3	0.4156200000	0.9656053811	3	7	7	oligosaccharyltransferase complex	108005081,108021263,108021245
GO:0006338	23.989	25	0.4158400000	0.9656053811	25	41	43	chromatin remodeling	108015516,108015524,108013045,108010816,108017441,108018855,108017563,108016262,108021651,108009063,108007412,108006087,108011481,108005787,108010204,108012034,108015230,108017878,108011735,108009358,108010327,108012972,108019754,108009447,108012221
GO:0005739	179.629	182	0.4165800000	0.9656053811	182	405	411	mitochondrion	108015565,108009706,108020956,108018647,108019963,108009740,108008419,108008417,108006691,108009729,108005370,108008456,108009786,108021426,108021432,108016088,108010765,108013716,108009686,108021398,108004816,108007069,108013738,108021359,108012485,108015515,108014227,108016848,108006730,108016110,108005446,108018761,108005459,108018754,108008540,108016132,108021534,108013909,108008495,108021466,108021462,108021463,108019124,118877250,108019190,108019184,108011221,108013873,108012580,108006724,108013175,108006887,108018858,108017514,108005536,108014471,108017568,108006892,108009980,108019310,108009968,108019358,108006049,108019334,108020309,108021556,108021557,108010027,108009036,108009010,108010064,108015758,108012696,108014463,108015786,108015784,108013100,108009098,108010079,108008713,108019437,108008792,108018121,108012820,108018043,108018090,108010177,108009165,108006936,108006926,108013233,108008806,108021817,108007506,108012912,108015173,108011623,108012964,108006282,108018241,108020552,108009224,108012875,108019499,108021798,108018157,108015929,108011560,108014664,108013318,108009287,108013313,108015957,108014689,108012018,108007646,108016592,108015255,108007697,108017001,108017009,108020637,118877643,108021025,108013403,108017807,108012109,108021066,108021064,108021065,108012113,108017801,108013428,108013430,108005860,108013493,108021098,108013460,108013461,108021084,108016679,108007760,108007766,108019750,108005116,108015383,108019720,108018450,108014093,108020744,108017106,108009479,108005097,108017063,108013529,108021132,108010485,108021191,108021174,108021175,108013556,108005987,108005986,108017940,108015445,108016779,108006552,108007869,108015494,108009622,108009624,108017245,108020882,108013603,108008293,108012305,108021246,108013684,108004704,108014994,108016761,108012375
GO:0031941	8.318	9	0.4173500000	0.9656053811	9	10	10	filamentous actin	108019922,108016845,108016881,108008487,108013117,108013215,108017934,108009637,108014978
GO:0070920	1.368	2	0.4174100000	0.9656053811	2	6	7	regulation of regulatory ncRNA processing	108021374,108015247
GO:0070578	1.368	2	0.4174100000	0.9656053811	2	6	7	RISC-loading complex	108021374,108015247
GO:1904315	15.114	16	0.4176000000	0.9656053811	16	19	19	transmitter-gated monoatomic ion channel activity involved in regulation of postsynaptic membrane potential	108014284,108007032,108017428,108010870,108007365,108019422,108021718,108021712,108015295,108009518,108013538,108004795,108014169,108011995,108013611,108011881
GO:0006821	3.310	4	0.4186200000	0.9656053811	4	5	5	chloride transport	108007483,108019477,108019725,108006534
GO:0007409	7.387	8	0.4194800000	0.9656053811	8	8	8	axonogenesis	108006654,108016887,108021631,108018065,108006259,108010246,108016595,108009618
GO:0051123	3.290	4	0.4248600000	0.9656053811	4	11	11	RNA polymerase II preinitiation complex assembly	108021352,108010681,108009116,108015989
GO:0030031	3.368	4	0.4254800000	0.9656053811	4	5	5	cell projection assembly	108013737,108007448,108018249,108017967
GO:0006611	4.282	5	0.4263500000	0.9656053811	5	7	7	protein export from nucleus	108019177,108016940,108020298,108019511,108007851
GO:0046856	9.156	10	0.4281100000	0.9656053811	10	15	16	phosphatidylinositol dephosphorylation	108020922,108009688,108005437,108013228,108006310,108017034,108012992,108013516,108009629,108008337
GO:0035269	6.262	7	0.4281900000	0.9656053811	7	9	9	protein O-linked glycosylation via mannose	108016863,108009819,108009940,108021700,108016393,108006414,108021255
GO:0043023	2.343	3	0.4287500000	0.9656053811	3	6	6	ribosomal large subunit binding	108010670,108016826,108013529
GO:0009331	3.299	4	0.4289800000	0.9656053811	4	6	16	glycerol-3-phosphate dehydrogenase (FAD) complex	108018121,108018090,108020514,108018241
GO:0048487	4.266	5	0.4298800000	0.9656053811	5	7	7	beta-tubulin binding	108020916,108010794,108013561,108013628,108016732
GO:0004865	2.356	3	0.4307200000	0.9656053811	3	4	5	protein serine/threonine phosphatase inhibitor activity	108020984,108021315,108009291
GO:0043565	23.133	24	0.4309300000	0.9656053811	24	35	35	sequence-specific DNA binding	108019927,108020954,108017308,108004813,108021508,108009871,108021527,108020162,108013874,108016282,108021790,108020379,108012781,108013300,108005730,108016535,108007671,108006381,108016647,108016630,108013595,108011911,108017295,108008287
GO:0005665	4.303	5	0.4314000000	0.9656053811	5	12	12	RNA polymerase II, core complex	108017441,108007269,108011493,108008868,108016784
GO:0000422	10.208	11	0.4315400000	0.9656053811	11	18	19	autophagy of mitochondrion	108007994,108013091,108013175,108007276,108006975,108010104,108013211,108021826,108021167,108012395,108004757
GO:0004866	6.278	7	0.4321700000	0.9656053811	7	9	9	endopeptidase inhibitor activity	108011128,108017530,108010038,108020434,108020376,108011966,108008270
GO:0017171	14.141	15	0.4328400000	0.9656053811	15	23	24	serine hydrolase activity	108018731,108013956,108013955,108013962,108013965,108013947,108013954,108013953,108006909,108009166,136117065,108013591,108007826,108011083,108008231
GO:0031965	3.362	4	0.4338800000	0.9656053811	4	6	6	nuclear membrane	108005321,108008965,108013485,108009463
GO:0016603	2.327	3	0.4351700000	0.9656053811	3	5	5	glutaminyl-peptide cyclotransferase activity	108011439,108015891,108015222
GO:0017186	2.327	3	0.4351700000	0.9656053811	3	5	5	peptidyl-pyroglutamic acid biosynthetic process, using glutaminyl-peptide cyclotransferase	108011439,108015891,108015222
GO:0030672	8.314	9	0.4353800000	0.9656053811	9	11	11	synaptic vesicle membrane	108015563,108005596,108020331,108007411,108011457,108006261,108018158,108019735,108021274
GO:0006487	10.150	11	0.4358100000	0.9656053811	11	20	20	protein N-linked glycosylation	108017369,108016883,108005467,108015910,108013414,118878124,108004690,108005081,108014835,108011959,108011961
GO:0006614	3.320	4	0.4373400000	0.9656053811	4	9	9	SRP-dependent cotranslational protein targeting to membrane	108006845,108014459,108013405,108004726
GO:0038023	22.097	23	0.4385300000	0.9656053811	23	50	50	signaling receptor activity	108020982,108019970,108008383,108012473,108016949,108015605,118879010,139355161,139355190,108020333,108019326,108013990,108007471,108020349,136117810,108006225,108009237,108012192,108007632,108006358,108009429,108018288,108021095
GO:0008168	2.356	3	0.4397500000	0.9656053811	3	7	7	methyltransferase activity	108021413,108011635,108005182
GO:0035372	2.400	3	0.4412700000	0.9656053811	3	8	8	protein localization to microtubule	108019231,108020240,108007701
GO:0008540	5.307	6	0.4430000000	0.9656053811	6	12	12	proteasome regulatory particle, base subcomplex	108014686,108015375,118877356,108012235,108007852,108004727
GO:0005764	29.068	30	0.4433800000	0.9656053811	30	55	55	lysosome	108009790,108010761,108009687,108004815,108013741,108009813,108019227,108021452,108011281,108010045,108015767,108018102,108021699,108006946,108017707,108019639,108009427,108017059,108019699,108009347,108013407,108021019,108013490,108012156,108010526,108021113,108017224,108017225,108021302,108014997
GO:0050911	32.966	34	0.4444500000	0.9656053811	34	65	67	detection of chemical stimulus involved in sensory perception of smell	108009828,108009829,108018769,108011252,108014341,108016241,108008635,108012661,108013104,108008732,108015856,108014514,108005604,108019558,108012958,108012924,108015946,108013333,108013335,108013308,108017714,108008937,108008928,108019602,108018333,108008995,118877636,108008103,108019703,108005153,108009448,108008191,108016627,108016701
GO:0000226	25.146	26	0.4444700000	0.9656053811	26	37	37	microtubule cytoskeleton organization	108020916,108009747,108020101,108020014,108013766,108011139,108007166,108013005,108021570,108020404,108006055,108010141,108009180,108019526,108009283,108015212,108016595,108008963,108017005,108014833,108012278,108010600,108013604,108021207,108004715,108012396
GO:0007265	10.328	11	0.4503200000	0.9656053811	11	16	17	Ras protein signal transduction	108020944,108016844,108009860,108013822,108019198,108018004,108009079,108021684,108013339,108004695,108008292
GO:0001682	2.465	3	0.4508800000	0.9656053811	3	8	8	tRNA 5'-leader removal	108019963,108019302,108018058
GO:0007264	12.282	13	0.4522800000	0.9656053811	13	19	20	small GTPase-mediated signal transduction	108021389,108009851,108004972,108015775,108011409,108013232,108017753,108019528,108019495,108007603,108008014,108009598,108017194
GO:0006812	4.314	5	0.4526400000	0.9656053811	5	6	6	monoatomic cation transport	108019931,108008727,108019576,108009296,108004688
GO:0000993	5.337	6	0.4538700000	0.9656053811	6	12	16	RNA polymerase II complex binding	108012435,108021456,108008653,108018802,108013226,108009316
GO:0022625	22.300	23	0.4541100000	0.9656053811	23	47	55	cytosolic large ribosomal subunit	108018650,108007117,108008371,108008387,108005404,108006734,139353050,108010846,108017506,139352928,108006006,108016264,139352168,108015003,108008787,108009151,108010120,108015851,108020720,108015378,108021148,108006597,108012391
GO:0035336	13.267	14	0.4543400000	0.9656053811	14	21	21	long-chain fatty-acyl-CoA metabolic process	108008362,108016916,108015662,108015669,108012702,108010155,118877555,108012016,108018345,108018380,108019746,108017959,108019800,108008247
GO:0000785	39.116	40	0.4546100000	0.9656053811	40	68	115	chromatin	108009712,108020951,108013703,108020082,108013089,108018758,108009849,108009886,108012595,108020191,108018855,108006860,108021606,108017585,108010991,108020231,108020361,108011494,108005787,108013393,108009270,108012022,108013348,108005882,108017878,108016535,108010327,108012977,108012972,108019754,108009506,108018466,108005138,108021111,108009447,108012202,108012221,108016647,108021200,108013619
GO:0005432	4.321	5	0.4550700000	0.9656053811	5	6	6	calcium:sodium antiporter activity	108019931,108008727,108019576,108009296,108018359
GO:0080019	12.273	13	0.4555600000	0.9656053811	13	20	20	alcohol-forming very long-chain fatty acyl-CoA reductase activity	108008362,108016916,108015662,108015669,108012702,108010155,118877555,108012016,108018345,108018380,108019746,108017959,108008247
GO:0005634	834.943	837	0.4559600000	0.9656053811	837	1476	1549	nucleus	108020938,108005306,108014269,139353189,108020927,108005318,108014253,108018617,108018618,108020918,108019929,108007943,108014246,108020902,108020900,108016891,108014234,108016895,108014239,108009705,108005347,108017336,108005354,108009712,108007982,108005328,108020954,108020951,108007991,108020945,108014272,118877962,108014273,108017308,108018634,108008410,108009749,108017376,108009754,108005399,108009759,108008428,108010715,108005362,108010719,108009733,108008407,108020988,108016010,108016017,108009784,108019114,108019116,108019111,108019105,108019100,108016077,108009791,108007106,108016060,108016064,108016062,108013725,108013729,108013719,108021338,108008380,108021335,108021333,108019012,108008365,108010671,108008360,108010673,108019008,108004813,108021391,108020060,108016803,108011114,108016800,108012429,108012428,108019064,108004824,108021384,108012430,108013767,108012436,108013746,108021374,118877182,108012408,108020029,108020027,108016826,108019096,108019092,108012464,108020082,108004846,108020076,108012450,108020070,108016813,108016882,108019911,108007937,108015545,108019905,108011176,108011166,108016855,108005428,108017414,108014379,108013049,108006736,108018720,108006729,108005418,108006742,108014354,108010810,108010811,118876752,108017453,108017456,108005477,108017441,108013089,118876778,108009807,118876773,108009808,108009863,108021508,108007208,108008538,108009876,108009871,108008549,118876781,108021500,108017486,108016154,108010833,108005482,108009849,108009851,108005491,108008529,108021555,108021553,108013930,108007256,108007252,108021542,108016198,108010896,108008553,108009884,108009883,108008552,108021527,108009889,108019210,108016188,108009895,108009896,108007231,108021516,118877213,108021521,108019206,108013845,108008490,108013854,108004901,108020133,108007171,108021447,108019136,108019137,108019134,108008471,108013831,108016091,108016095,108010795,108019193,108019196,108004924,108011230,108011235,108016922,108019185,108004940,108013881,108016912,108019171,108004911,108020162,108021494,108013870,108013874,108012543,108013859,108021479,108021488,108004918,108021487,108020156,108016958,108004977,108004968,108015630,108016962,108011277,108016967,108012595,108016952,108012588,108012587,108015612,108016926,108020198,108011241,108012572,108013016,108013002,108016999,108014337,108015652,108015659,108014309,108014308,108011285,108005541,108006882,108018855,108006850,108006852,108006854,108013153,108017512,108005530,108006869,108013144,108013148,108016245,108016249,108008624,108017563,108006892,108009926,108013190,108013194,108017559,108018889,108016228,118877721,118877723,108010978,108008656,108021622,108006002,108009997,108009991,108021616,108016279,108021606,108007309,108016262,108016261,108016265,108017595,108009975,108009971,108007314,108017585,108017588,108020340,108021672,108018012,108018010,108018013,139352981,108007342,108016291,108021641,108012637,108007285,108021590,108007283,108021588,108012632,108021577,108007279,108013938,108021563,118879545,108020231,108021560,108007272,108010021,108012687,108010024,108009039,108012668,108009037,108020297,108009005,108009009,108019299,108013978,108013979,108020273,108015749,108011394,108009064,108011397,108015751,108009060,108015738,108010057,108010040,108010043,108010047,108010049,108013132,108014460,108014461,139352175,108015785,108015772,108015776,108013111,108018803,108013116,108015759,139352163,108006818,139352164,108013103,139352169,108005661,118877818,108006971,108013277,108016304,108017639,108013266,108018954,108008743,108007412,118877869,108008709,108017674,108008719,108006112,108020414,108015071,108007451,108020408,108006127,118877875,108019414,108008762,108015044,108012835,108007485,108021790,108019460,108020447,108018133,108021784,108006136,108019443,108012810,108009103,108009104,108020379,108020388,108018066,108018065,108006089,108009116,108011416,108006087,108020372,108006084,108012755,108011407,108011408,108020357,108018036,108007390,108015829,108011472,108010144,108015832,108011460,108015824,108011447,108015805,108011449,108015807,108012781,108010122,108020399,108020398,108020395,108020393,108020391,108011441,108010114,108006911,108006905,108009181,108010174,136116533,108015848,108009167,108011494,108014520,108009178,108009176,108010150,108010153,108015840,108017609,108013253,108017611,108018941,108006962,108013246,108005601,108015890,108013237,108013238,108014568,108010190,108015885,108013222,108005781,108005784,108005787,108017774,108017778,108017776,108008821,108005799,108012076,108016435,108015108,108005762,108016421,108013384,108007531,108017788,108008892,108020536,108006238,108015190,108015193,108007573,108018214,108020513,108006216,108015174,108006222,108019524,108006272,108006274,108009305,118877582,108018247,108012940,108006266,108012921,108009227,108012877,108006198,108009228,108010220,108011555,108012866,108018178,108010210,108012871,108012855,108009200,108009201,108020484,108011531,108011515,108006185,108009219,108006181,108011520,108009266,108010268,108015935,108009278,108014609,108010253,108009244,108009243,108010245,108010228,108013328,108013331,108013319,108013320,108013324,108013309,108013310,108013311,108009292,108005746,108013361,108013367,108013368,108014682,108012022,108014685,108017715,108005731,108014678,108004570,108017891,108016568,108015234,108015235,108007617,108007613,108005882,108016542,108016546,108017878,108016537,118877613,108008983,108020607,108016581,108019617,108006303,108015247,108005024,108006356,108005034,108005000,108005002,108007664,108008991,108020638,108006335,108006338,108015293,108007671,108020623,108009420,108010419,108017058,108005077,108011735,108009439,108018373,108018376,108019698,108017035,136117121,108006381,108018358,108012998,108010337,108009345,108011672,108009358,108010327,108009353,108018299,108012977,108011646,108012972,108021038,108009381,108009396,108013400,108009393,108011694,108014722,108008048,108008047,108021005,108011688,108017806,108005820,108013458,108012108,108017802,108013427,108008076,108021057,108021055,108021051,108014766,108021046,108014753,108017849,108016520,108012169,108005876,108013485,108012141,108013475,108013474,108007722,108007724,108014025,108004678,108017993,108017992,108014003,108017980,108015328,108019754,108019750,108020725,108014052,108019743,108014053,108007746,108015376,108019739,108015363,108014038,108014036,108005143,108019790,108005147,108018462,108019796,108018466,108019794,108017138,108006486,108009517,108014096,108019783,108017126,108020753,108017110,108014084,108018449,108006462,108018430,108020752,108009541,136117270,108009547,108010540,108009551,108009559,108005162,108008201,108005174,108020796,108011840,108008132,108017094,108021115,108021111,139352536,108021101,108017086,108010450,108008140,108010452,108009447,118877356,108005900,108014865,108013519,108005903,108013508,108014839,108014834,108013570,108013574,108013578,108016602,108013559,108021188,108013560,108013567,108012236,108021180,108012235,108013549,108005921,108021174,108012221,108012220,108017903,108012284,108015314,108016642,108016647,108004662,108012270,108016630,108012271,108017965,108005965,108012261,108005959,108013595,108005977,108004639,108016611,108006518,108014149,108020801,108006519,136116936,108016796,108019808,136116924,108014125,108019813,108016773,108015446,108014119,108005224,108019875,108007867,108015495,108020897,108018587,108010605,108009639,108020895,108009608,108009605,108020883,108019897,108018567,108011911,108006587,108006588,108020870,108020871,108017223,108008334,108009664,108010658,108009665,108009660,108021305,108017295,108009675,108009676,108009644,108011967,108009648,108011972,108005298,108011956,108005293,108008320,108005296,108005291,108011963,108009589,108021233,108010584,108010587,108014941,108014925,108011899,108008263,108009597,108009595,108021224,108009592,108009590,108009591,108013602,108013601,108017198,108014921,108008242,108021273,108012320,108014983,108021272,108014988,108008291,108014974,108014965,108012304,108013619,108008285,108008287,108021246,108021244,108021243,118879229,108013624,108014952,108012362,108004729,108011037,108011039,108012369,108011007,108004712,108012342,108021288,108004717,108012333,108007800,108011071,108015431,108011075,108016763,108016749,108015426,108004754,108011053,108011057,108016747,108016746,108004767,108012378
GO:0003712	24.229	25	0.4575000000	0.9656053811	25	44	45	transcription coregulator activity	108009733,108019105,108016060,108013703,108020029,108005482,108010922,108013195,108013185,108021606,108008598,108020408,108016372,108010174,108017742,108007505,108005882,108009396,108005869,108014036,108009506,108020749,108010488,108016780,108009676
GO:0018105	31.229	32	0.4580600000	0.9656053811	32	45	45	peptidyl-serine phosphorylation	108020927,108017336,108005376,108019030,108019092,108013779,108004842,108011166,108016188,108016903,108011241,108013153,108021602,108007342,108007276,108009039,108011371,108006975,108020414,108009103,108020372,108011450,108009243,108016537,108014722,108012158,108017993,108014095,108014894,108005998,108005224,108005298
GO:0004032	3.366	4	0.4590400000	0.9656053811	4	6	7	aldose reductase (NADPH) activity	108010716,108014502,108011740,108011838
GO:0035145	1.470	2	0.4592800000	0.9656053811	2	5	5	exon-exon junction complex	108013866,108010049
GO:0005768	20.244	21	0.4601600000	0.9656053811	21	34	34	endosome	108007977,108020904,108013868,108013157,108016277,108012602,108013107,108013270,108006983,108007498,108005790,108015141,108020508,108009252,108013306,108006323,108005848,108017987,108020707,108017238,108009581
GO:0006518	4.362	5	0.4613600000	0.9656053811	5	6	7	peptide metabolic process	108005341,108016821,108010171,108009511,108009453
GO:0001228	14.317	15	0.4613600000	0.9656053811	15	20	20	DNA-binding transcription activator activity, RNA polymerase II-specific	108005328,108016882,108007937,108013049,108017453,108016926,139352175,108008821,108009278,108007664,108006389,108009381,108020725,108009664,108009648
GO:1902936	12.317	13	0.4640000000	0.9656053811	13	22	22	phosphatidylinositol bisphosphate binding	108020957,108007997,108020200,108011232,108021609,108015000,108009146,108011453,108019677,108011746,108016660,108016654,108005269
GO:0006396	7.357	8	0.4642700000	0.9656053811	8	18	18	RNA processing	108016817,108016273,108016265,108006821,108015197,108007625,108009410,108009590
GO:0031080	3.401	4	0.4673100000	0.9688176728	4	8	8	nuclear pore outer ring	108015827,108006188,118877638,108021117
GO:0030594	11.390	12	0.4679500000	0.9699079540	12	13	13	neurotransmitter receptor activity	108020130,118878561,108010941,108017645,139352873,108018926,108012887,118878130,108012222,108016774,108010545,136116999
GO:0005847	5.395	6	0.4724900000	0.9735458810	6	10	10	mRNA cleavage and polyadenylation specificity factor complex	108004873,108005526,108013397,108014694,108014695,108005734
GO:0017080	3.402	4	0.4728600000	0.9735458810	4	5	5	sodium channel regulator activity	108020018,108020017,108020031,108013893
GO:0006814	10.373	11	0.4746800000	0.9769245227	11	18	18	sodium ion transport	108014436,108016300,108021818,108008877,108018206,108005194,108020794,108013553,108017952,108004735,108014995
GO:0000064	4.340	5	0.4753300000	0.9769245227	5	5	5	L-ornithine transmembrane transporter activity	108007996,108021340,108018858,108008027,108007702
GO:0006334	5.439	6	0.4755000000	0.9769245227	6	15	114	nucleosome assembly	108008407,108006791,108011494,108012022,139352208,139352210
GO:0004620	3.407	4	0.4774700000	0.9780048753	4	5	5	phospholipase activity	108020367,108014560,108013362,108018336
GO:0001725	8.447	9	0.4785000000	0.9788023303	9	10	10	stress fiber	108019922,108013793,108016881,108008487,108013117,108013215,108015216,108019754,108017934
GO:0043066	8.432	9	0.4791400000	0.9791268397	9	14	14	negative regulation of apoptotic process	108014269,108013190,108013200,108017774,108006236,108009404,108014025,108021180,108021201
GO:0005875	7.392	8	0.4806300000	0.9797842073	8	10	10	microtubule associated complex	108018660,108020942,108009779,108010671,108020350,108013324,108016595,108012392
GO:0003779	26.391	27	0.4825100000	0.9797842073	27	34	34	actin binding	108020924,108019922,108021334,108013737,108016881,108008487,108004925,108019161,108016976,108009082,108013117,108006983,108018038,108006061,108013215,108018249,108005749,108016595,108007628,108021034,108011801,108017934,108015316,108017967,108020893,108021202,108014971
GO:0032008	1.526	2	0.4860300000	0.9797842073	2	5	5	positive regulation of TOR signaling	108004815,108015827
GO:0007095	4.438	5	0.4864800000	0.9797842073	5	7	7	mitotic G2 DNA damage checkpoint signaling	108008365,108013742,108020210,108014685,108013559
GO:0008379	1.533	2	0.4867400000	0.9797842073	2	5	5	thioredoxin peroxidase activity	108007161,108005172
GO:0005549	46.371	47	0.4872800000	0.9797842073	47	105	107	odorant binding	108019015,108009828,108009829,108018785,108008501,108018769,108008570,108011252,108014341,108016241,108008635,108012661,108014407,108013104,108008732,108015021,108012778,108015856,108014514,108005604,108019558,108016493,108012958,108012924,108015946,108013333,108013335,108013308,136116617,108017714,108008937,108008928,108008940,108008959,108019608,108019602,108018333,108008995,118877636,108008103,108008085,108019703,108005153,108009448,108008191,108016627,108016701
GO:0005750	2.523	3	0.4879500000	0.9797842073	3	10	11	obsolete mitochondrial respiratory chain complex III	108021638,108006278,108014821
GO:0003993	3.455	4	0.4885100000	0.9797842073	4	5	5	acid phosphatase activity	108010997,108019463,108004595,108004675
GO:0061024	2.475	3	0.4891300000	0.9797842073	3	4	5	membrane organization	108009995,108018249,108005865
GO:0098703	5.402	6	0.4911000000	0.9797842073	6	6	6	calcium ion import across plasma membrane	108016880,108012769,108015997,108018359,108006298,108009626
GO:0016616	7.413	8	0.4917200000	0.9797842073	8	10	10	oxidoreductase activity, acting on the CH-OH group of donors, NAD or NADP as acceptor	108005595,108021611,108021654,108018816,108018940,108018175,108005747,108014125
GO:0006123	4.526	5	0.4931200000	0.9797842073	5	16	16	mitochondrial electron transport, cytochrome c to oxygen	108007074,108006887,108014680,108014671,108005856
GO:0046835	3.476	4	0.4937200000	0.9797842073	4	7	7	carbohydrate phosphorylation	108020309,108011858,108017940,108008347
GO:0050830	1.573	2	0.4941500000	0.9797842073	2	6	6	defense response to Gram-positive bacterium	108016457,108009325
GO:0008253	3.487	4	0.4962200000	0.9797842073	4	6	6	5'-nucleotidase activity	108008429,108010184,108013316,108010444
GO:0003714	18.495	19	0.4966700000	0.9797842073	19	33	33	transcription corepressor activity	108015824,108015807,108017772,108005730,108015234,108019617,108009420,108008017,108015321,108005143,108009535,108008140,108013574,108015314,108006518,108014125,108020889,108011967,108012342
GO:0007094	4.483	5	0.4978100000	0.9797842073	5	9	9	mitotic spindle assembly checkpoint signaling	108017336,108010862,108009892,108016922,108015174
GO:0005242	3.461	4	0.4979600000	0.9797842073	4	5	5	inward rectifier potassium channel activity	108011101,108021505,108005228,108011028
GO:0003796	5.556	6	0.5019900000	0.9797842073	6	18	18	lysozyme activity	108013023,108008519,108010001,108006811,108009565,108009566
GO:0032968	4.502	5	0.5021800000	0.9797842073	5	8	8	positive regulation of transcription elongation by RNA polymerase II	108016017,108016228,108010057,108006911,108005788
GO:0045503	6.481	7	0.5022700000	0.9797842073	7	10	10	dynein light chain binding	108010702,108019102,108009939,108013202,108005000,108013502,108009657
GO:0001934	4.483	5	0.5023600000	0.9797842073	5	6	6	positive regulation of protein phosphorylation	108015573,108007994,108017376,108019443,108020513
GO:0043169	3.531	4	0.5047500000	0.9797842073	4	9	10	cation binding	108019064,108016889,108009443,108019857
GO:0005622	13.493	14	0.5056900000	0.9797842073	14	20	20	intracellular anatomical structure	108021418,108009878,108016979,108021610,108015871,108010170,108016462,108018188,108015968,108009413,108021087,108015371,108009540,108006559
GO:0051014	3.537	4	0.5066500000	0.9797842073	4	6	6	actin filament severing	108012451,108021451,108008480,108015190
GO:0043666	2.538	3	0.5066500000	0.9797842073	3	6	6	obsolete regulation of phosphoprotein phosphatase activity	108013194,108012943,108009526
GO:0061817	2.529	3	0.5074500000	0.9797842073	3	5	5	endoplasmic reticulum-plasma membrane tethering	108007992,108019043,108012676
GO:0000266	2.527	3	0.5080300000	0.9797842073	3	5	6	mitochondrial fission	108009782,108014473,108021175
GO:0032482	1.555	2	0.5092800000	0.9797842073	2	5	5	Rab protein signal transduction	108005469,108021598
GO:0052689	3.534	4	0.5106700000	0.9797842073	4	7	7	carboxylic ester hydrolase activity	108009686,108011169,108014500,108013461
GO:0005096	39.560	40	0.5107500000	0.9797842073	40	58	61	GTPase activator activity	108020916,108020978,108005383,108005393,108016077,108020030,108016839,108007928,108006745,108017459,108016154,108010821,108016199,108011277,108006869,108005671,108018960,108008779,108012830,108013232,108005772,108006222,108019590,108019495,108015968,108005077,108018367,108019706,108017981,108005140,108017137,108005126,108005135,108018394,108009481,108007851,108016794,108017194,108011033,108012388
GO:0004066	0.512	1	0.5117400000	0.9797842073	1	1	5	asparagine synthase (glutamine-hydrolyzing) activity	108012413
GO:0006529	0.512	1	0.5117400000	0.9797842073	1	1	5	asparagine biosynthetic process	108012413
GO:0016973	6.593	7	0.5120200000	0.9797842073	7	16	16	poly(A)+ mRNA export from nucleus	139353189,108011285,108006266,118877638,108012169,108006568,108019889
GO:0017147	7.500	8	0.5120500000	0.9797842073	8	10	10	Wnt-protein binding	118876780,108020137,108009052,108021688,108013488,108019728,108004731,108015419
GO:0032588	2.536	3	0.5132000000	0.9797842073	3	5	5	trans-Golgi network membrane	108014292,108005470,108006039
GO:0000076	3.530	4	0.5138500000	0.9797842073	4	5	5	DNA replication checkpoint signaling	108019388,108014003,108020730,108018464
GO:0032456	10.535	11	0.5141500000	0.9797842073	11	16	16	endocytic recycling	108007977,108019069,108005469,108021539,108021533,108013112,108013270,108005790,108016573,108009509,108008342
GO:0006368	10.574	11	0.5157800000	0.9797842073	11	20	24	transcription elongation by RNA polymerase II	108021456,108016228,108008653,108018802,108018113,108010139,108011481,108013226,108005781,108005788,108013402
GO:0005776	5.554	6	0.5161500000	0.9797842073	6	10	10	autophagosome	108020198,108007276,108006975,108010104,108017981,108004757
GO:0001676	9.559	10	0.5164900000	0.9797842073	10	16	16	long-chain fatty acid metabolic process	108008467,108008503,108008708,108011538,108010263,108010264,108020729,108005116,108019800,108014185
GO:0005868	9.614	10	0.5165300000	0.9797842073	10	22	22	cytoplasmic dynein complex	108019102,108013903,108016950,108010053,108007418,108017769,108005000,108021122,108009657,108004715
GO:0044613	1.607	2	0.5167800000	0.9797842073	2	6	6	nuclear pore central transport channel	108015335,108008314
GO:0006954	6.464	7	0.5170000000	0.9797842073	7	8	8	inflammatory response	139353175,108016051,108015546,108018759,108017040,108005800,108020895
GO:0005747	10.671	11	0.5173900000	0.9797842073	11	39	41	obsolete mitochondrial respiratory chain complex I	108012485,108016830,108012490,108008540,108021442,108008640,108012696,108010221,108021798,108005179,108018578
GO:0009306	4.577	5	0.5177300000	0.9797842073	5	10	11	protein secretion	108013701,108005790,108009252,108017840,108021218
GO:0016409	9.614	10	0.5182600000	0.9797842073	10	21	21	palmitoyltransferase activity	108009743,108020000,108016129,108007150,108012679,108008819,108014028,108018405,108019879,108014964
GO:0005687	1.618	2	0.5191500000	0.9797842073	2	6	6	U4 snRNP	108014257,108021303
GO:0005681	9.647	10	0.5192100000	0.9797842073	10	25	25	spliceosomal complex	108021438,108016972,108016279,108006202,108011546,108018188,108019493,108004570,108015290,108006559
GO:0090575	9.590	10	0.5201000000	0.9798410345	10	16	16	RNA polymerase II transcription regulator complex	108020196,108008739,108018052,108015808,139353373,108021039,108014871,108006520,108006521,108008240
GO:0032982	4.435	5	0.5227300000	0.9833644130	5	6	6	myosin filament	108014262,108014236,108019039,108014539,108008297
GO:0016082	2.604	3	0.5247300000	0.9842766064	3	5	5	synaptic vesicle priming	139353199,108020331,108009470
GO:0031110	3.639	4	0.5258900000	0.9842766064	4	10	11	regulation of microtubule polymerization or depolymerization	108019231,108020240,108015216,108007701
GO:0006511	28.738	29	0.5261500000	0.9842766064	29	59	59	ubiquitin-dependent protein catabolic process	108009759,108020993,108018673,108004803,108019911,108015547,108008505,108008553,108008552,139353131,108013175,108018834,108010042,108010034,108009097,108005673,108008719,108013386,108009227,108010228,108012108,108013421,108019708,108009528,108017086,108005095,108013517,108009651,108011053
GO:0006401	1.609	2	0.5270400000	0.9842766064	2	5	5	RNA catabolic process	108008489,108013689
GO:0000027	5.650	6	0.5276100000	0.9854925451	6	12	14	ribosomal large subunit assembly	108020067,108010846,139352928,108014405,108009319,108009219
GO:0000281	11.627	12	0.5332400000	0.9857415815	12	19	19	mitotic cytokinesis	108011141,108019225,108013868,108011277,108006869,108009982,108006001,108018007,108018071,108017788,108009286,108014811
GO:0031204	1.619	2	0.5342900000	0.9857415815	2	6	6	post-translational protein targeting to membrane, translocation	108008367,108014987
GO:0006995	2.593	3	0.5344900000	0.9857415815	3	5	5	cellular response to nitrogen starvation	108021826,108018414,108004757
GO:0050829	1.674	2	0.5352400000	0.9857415815	2	6	6	defense response to Gram-negative bacterium	108016457,108005800
GO:0031507	7.609	8	0.5354300000	0.9857415815	8	13	58	heterochromatin formation	108016010,108018758,108006860,108018895,108013266,108009409,108011972,108021232
GO:0004190	8.716	9	0.5355500000	0.9857415815	9	25	71	aspartic-type endopeptidase activity	108010761,108009687,136117567,139352795,108005425,108011281,139352805,108021019,108021113
GO:0047617	1.666	2	0.5364500000	0.9857415815	2	6	6	fatty acyl-CoA hydrolase activity	108020956,108012612
GO:0030864	7.566	8	0.5369700000	0.9857415815	8	10	10	cortical actin cytoskeleton	108009765,108007072,108016809,108013000,108013385,108012870,108018374,108016643
GO:0034587	6.646	7	0.5380800000	0.9857415815	7	12	12	piRNA processing	108021474,108009104,108008876,108010278,108019621,108007671,108009428
GO:0000338	1.662	2	0.5382600000	0.9857415815	2	5	5	protein deneddylation	108012183,108010562
GO:0019894	5.529	6	0.5384200000	0.9857415815	6	7	8	kinesin binding	118877253,108019474,108007589,108012895,108021227,108004742
GO:0005815	5.671	6	0.5401400000	0.9857415815	6	12	13	microtubule organizing center	108016845,108019231,108020240,108007701,108009637,108014978
GO:0043113	3.530	4	0.5417800000	0.9857415815	4	5	5	receptor clustering	108014292,108009694,108016807,108010888
GO:0045842	2.556	3	0.5430300000	0.9857415815	3	5	5	positive regulation of mitotic metaphase/anaphase transition	108014866,108005955,108015304
GO:0005516	18.626	19	0.5434700000	0.9857415815	19	24	25	calmodulin binding	108017306,108005367,108016841,108011132,108011166,108016188,108010798,108020331,108010019,108008714,108020616,108018275,108014722,108012146,108019729,108021112,108004656,108011912,108008292
GO:0071277	5.447	6	0.5446400000	0.9857415815	6	6	6	cellular response to calcium ion	108015563,108005352,108010910,108020403,108018438,108021274
GO:0070382	6.447	7	0.5446400000	0.9857415815	7	7	7	exocytic vesicle	108015563,108005352,108010910,108020403,108014529,108018438,108021274
GO:0014059	5.447	6	0.5446400000	0.9857415815	6	6	6	regulation of dopamine secretion	108015563,108005352,108010910,108020403,108018438,108021274
GO:0001786	5.447	6	0.5446400000	0.9857415815	6	6	6	phosphatidylserine binding	108015563,108005352,108010910,108020403,108018438,108021274
GO:0017158	5.447	6	0.5446400000	0.9857415815	6	6	6	regulation of calcium ion-dependent exocytosis	108015563,108005352,108010910,108020403,108018438,108021274
GO:0005925	8.585	9	0.5449500000	0.9857415815	9	11	11	focal adhesion	108019071,108013737,108006797,108016914,108008811,108012911,108009431,108006504,108009618
GO:0030134	7.753	8	0.5451900000	0.9857415815	8	19	19	COPII-coated ER to Golgi transport vesicle	108008403,108009875,108012520,108014560,108020639,108011868,108005175,108016637
GO:0045892	18.745	19	0.5470400000	0.9857415815	19	30	30	negative regulation of DNA-templated transcription	108013719,108013703,108021384,108020029,108020162,108018895,108021606,108018954,108007671,108008017,108021051,108013418,108015321,108008140,108012202,108011967,108011972,108016747,108016746
GO:0003700	19.793	20	0.5472900000	0.9857415815	20	35	35	DNA-binding transcription factor activity	108021403,108019012,108012428,108009871,108017461,108007256,108005531,118877875,108021790,108018941,108010190,108015193,108010220,108015235,108006381,108011674,108017804,108017089,108009591,108004767
GO:0007411	27.652	28	0.5491000000	0.9857415815	28	32	32	axon guidance	108007024,108020043,108009836,108013085,108009814,108010887,108009916,108005560,108018028,108020409,108007529,108007530,108015176,108010215,108018150,108012888,108014655,108011647,108005846,108014859,108009498,108017950,108007872,108009621,108009640,108011955,108005291,108016740
GO:0007163	5.634	6	0.5494700000	0.9857415815	6	9	9	establishment or maintenance of cell polarity	108013737,108015775,108015011,108009551,108004745,108013676
GO:1902975	2.628	3	0.5495700000	0.9857415815	3	5	5	mitotic DNA replication initiation	108006112,108017778,108014873
GO:0016593	5.728	6	0.5502000000	0.9857415815	6	13	15	Cdc73/Paf1 complex	108013908,108021456,108016228,108008653,108018802,108013226
GO:0004467	12.739	13	0.5537600000	0.9857415815	13	20	20	long-chain fatty acid-CoA ligase activity	108020947,108008467,108008448,108008503,108021448,108008708,108011538,108010263,108010264,108010288,108020729,108005116,108014185
GO:0048280	1.693	2	0.5550500000	0.9857415815	2	6	6	vesicle fusion with Golgi apparatus	108013305,108011979
GO:0042761	10.778	11	0.5556700000	0.9857415815	11	21	21	very long-chain fatty acid biosynthetic process	118876772,108016205,108016207,108018024,108006806,108014597,108005617,108012193,108012198,108012188,108017057
GO:0034464	2.599	3	0.5557400000	0.9857415815	3	5	5	BBSome	108008617,108005809,108005919
GO:0032465	3.662	4	0.5569700000	0.9857415815	4	6	6	regulation of cytokinesis	108006001,108013112,108014769,108021060
GO:0005886	641.971	641	0.5577100000	0.9857415815	641	869	886	plasma membrane	108020933,108005307,108020932,118877935,108005319,108020921,139353199,108014244,118877917,108019917,108020905,108016894,108015563,139353175,108019925,108016896,108016005,108005352,108014293,108009709,108019986,108018657,108014281,108017310,108014284,108019970,108017316,108017315,108018644,108019976,108005330,108020944,108007996,108006668,108014279,108005387,108005381,108017370,108008414,108017378,108009755,108009752,108008429,108009720,108020995,108020996,108009731,108005373,108020991,108008459,108016083,108021431,108010782,108016077,108008431,108007114,108008447,108016051,108013726,108020018,108020017,108021340,108008383,108021327,108021334,108007032,108021316,108011109,108019075,108012426,108021381,108011101,108012416,108012418,108021376,108020043,108019041,108019043,108020031,108007072,108016840,108012489,108015514,108016844,108015501,108016833,108004832,108019090,108004831,108013794,108013795,108016809,108019080,108016880,108019914,108019910,108016871,108015546,139353246,108005430,108018739,108018727,108018708,108009828,108009829,108009826,108009825,108005469,108016124,108005473,108005475,108010803,108009836,108009834,108013085,108005448,108009802,108018769,108006782,108005453,118876762,108005458,108013063,108018759,108017428,108009860,108021505,108007205,108021501,108008537,108021510,108017495,108021511,108016162,108016166,108009873,118876780,108005480,108009847,108009853,108008523,108005497,108010887,108020209,108019220,108008581,108021524,108016188,108019217,108009891,108019209,108009890,108010870,108021473,108013852,108020130,108007143,118878561,108021445,108020111,108020110,108016914,108019194,108004934,108019198,108013893,108016906,108004936,108019173,108004911,108004908,108019178,108019160,108013862,108014304,108012599,108011252,108020196,108014341,108015679,108014332,108015667,108016975,108016978,108016201,108005554,108013161,108018853,108017510,108010931,108008619,108016241,108005593,108018893,108016232,108010910,108013190,108018884,118877716,108018886,108008607,108018876,108008654,108009987,108021631,108021632,108021614,108016277,108010973,108007300,108008635,108007303,108010941,108010943,108010944,108017587,108007365,108018023,108020333,108020331,108007342,108021646,108018005,108018004,108016290,108019326,108007289,108021586,108013945,108009024,108012682,108012676,139353436,108013990,108019299,108012661,108010005,108020269,108019280,108020272,108009079,108010050,108015742,108011385,108015745,108014400,108009052,108013130,108013131,108018807,108014455,108013110,108010086,108015759,108015761,108014433,108013105,108013104,108018988,108008702,108017645,108016307,108005659,108018956,108008732,108021705,108007405,108015039,108017680,108005689,108017679,108020419,108020420,108015077,108018109,108019439,108008781,108020409,108020403,108019422,108008759,108007433,108021718,108021712,108007438,108007483,108021788,108019477,108018142,108020464,108020462,108020445,108021783,108006161,108015098,108020425,108020430,108018063,108010101,108011433,108021688,108018047,139352873,108020349,108021684,108020353,108018038,108018039,108010140,108018092,108010131,108018089,108011457,108012769,108006914,108010182,108010184,108013214,108014529,108009194,108013201,108010163,108015856,108015854,108006903,108006902,108015841,108014514,108005621,108014587,108013259,108017616,108017600,108005604,108006936,108018926,108006947,108015111,108005792,108005790,108017763,108016432,108017762,108017761,108017760,108017767,108017766,108017765,108017764,108005763,108013390,108017752,108017756,108017755,108017754,108016422,108017759,108017758,108012052,108017749,108016484,108017782,108012911,108008896,108019558,108015189,108015176,108006223,108020508,108009301,108012958,108009300,108006288,108006284,108006259,108019579,108012921,108012924,108018235,108007590,108018183,108015912,108012887,108009235,108012869,108012870,108011533,108018151,108020476,108015946,108011582,118878006,108010246,108010247,108010226,108012888,108018196,108009252,108015991,108014665,108013333,108013335,108005713,108014651,108013308,108010284,108017731,108016407,108005756,108017714,108013339,108012008,108008937,108007603,108008928,108016561,108012192,108005880,108012181,108015210,108016542,108008922,108008971,108006312,108007650,108016593,108004594,108006301,108007634,108019602,108019603,108011707,108006358,108018333,108008995,108015295,118877636,108006343,108005013,108005015,108005016,108015282,118877642,108009425,108018387,108008103,108017040,108018374,108009404,108018352,108020673,108009347,108009349,108008027,108018290,108012992,108011645,108009325,108010315,108011647,108012978,108009328,108012984,108010323,108009334,108009330,108020598,108018279,108010313,108013401,108009368,108021007,118878130,108005825,108013451,108012121,108021072,108013459,108005800,108013431,108013498,108016507,108008901,108012152,108013488,108005846,108021095,108013479,108005848,108014792,108021083,108021081,108016681,108019703,108007704,108007702,108015333,108004681,108004688,108016658,108020739,108019753,108019759,108019755,108019741,108018416,108007747,108020707,108007757,108006426,108014034,108005140,108010500,108005153,108009518,108014083,108019771,108018438,108009550,108005173,108009537,108010457,108017085,108009470,108008114,108011767,108009440,108009448,108009449,108017076,108010445,108010424,108010425,108011762,108014859,108014867,108014854,108014836,108021134,108017932,108012245,108013575,108012217,108013552,108008193,108012222,108014883,108014886,108008191,108013538,108021161,108013541,108013545,108004656,108017972,108016643,108015316,108005963,108005964,108017950,108013597,108016627,108014148,108006527,108019824,108004791,108004795,108019810,108015458,108015444,108016774,108019800,108005228,108017212,108006560,108006561,108014173,108014170,108019869,108019853,108015496,108014169,108005214,108007877,108018512,108009626,108009633,108017242,108017246,108009600,108011923,108011925,108009617,108009614,108017293,108008337,108009669,108017296,108011995,108011978,108011980,108005282,108009655,108011955,108009654,108009652,108009658,108005291,108005292,108009587,108013607,108013611,108021217,108021216,108009593,108014932,108010560,108010545,108011881,108014910,108014979,108021274,108008292,108021259,108008272,108014963,108013615,108008286,108004731,108011028,108013670,108016701,136116999,108004771,108007804,108015419,108011050,108016740,108015410,108015414,108004768
GO:0005852	4.763	5	0.5590500000	0.9857415815	5	12	22	eukaryotic translation initiation factor 3 complex	108009885,108013230,108009514,108016629,108008310
GO:0007608	40.163	40	0.5593800000	0.9857415815	40	87	89	sensory perception of smell	108019015,108009828,108009829,108018785,108008501,108018769,108008570,108011252,108014341,108016241,108008635,108012661,108013104,108008732,108015856,108014514,108005604,108019558,108016493,108012958,108012924,108015946,108013333,108013335,108013308,108017714,108008937,108008928,108008959,108019602,108018333,108008995,118877636,108008103,108019703,108005153,108009448,108008191,108016627,108016701
GO:0046513	6.665	7	0.5595600000	0.9857415815	7	10	11	ceramide biosynthetic process	108021398,108010045,108019389,108005756,108019858,108017224,108017225
GO:0034727	4.588	5	0.5598100000	0.9857415815	5	6	6	piecemeal microautophagy of the nucleus	108007994,108007276,108006975,108006072,108013211
GO:0006644	8.781	9	0.5602800000	0.9857415815	9	18	18	phospholipid metabolic process	108008447,108005479,108007219,108016997,108016286,108007438,108020367,108010226,108018336
GO:0007602	6.756	7	0.5606300000	0.9857415815	7	13	13	phototransduction	108006668,108018727,108020110,108007634,108012984,108013401,108016658
GO:0061512	4.622	5	0.5607800000	0.9857415815	5	7	7	protein localization to cilium	108008504,108009932,108008841,108005809,108012344
GO:0005730	50.247	50	0.5608200000	0.9857415815	50	116	118	nucleolus	108007126,108009780,108009761,108013731,108008366,108020067,108021363,108015516,108016817,108015524,108005413,108016104,108010863,108020203,108019221,108013832,108016979,108009909,108006858,108009942,108019302,108019353,139352981,108010008,108010048,108005669,108015051,108021778,108020370,108010158,108014589,108018908,108009319,108015230,108015212,118877612,118877626,108018280,108013453,108013456,108005876,108015355,108016676,108017115,108014811,108005936,108010658,108008290,108004739,108013683
GO:0005484	8.875	9	0.5612600000	0.9857415815	9	25	25	SNAP receptor activity	139353199,108012405,108014374,108021518,108011264,108015761,108013305,108009470,118877357
GO:0099078	1.734	2	0.5622400000	0.9857415815	2	6	6	BORC complex	108013154,108006261
GO:0046592	3.655	4	0.5626400000	0.9857415815	4	6	6	polyamine oxidase activity	108009753,108019406,108013394,108010501
GO:0043001	3.692	4	0.5635800000	0.9857415815	4	7	7	Golgi to plasma membrane protein transport	108005315,108021470,108013278,108016661
GO:0032502	5.739	6	0.5638400000	0.9857415815	6	12	12	developmental process	108021550,108016932,108004997,108008682,108015107,108011712
GO:0051536	3.666	4	0.5652900000	0.9857415815	4	6	6	iron-sulfur cluster binding	108006666,108019187,108009379,108015341
GO:0008195	4.695	5	0.5654900000	0.9857415815	5	9	9	phosphatidate phosphatase activity	108008447,108016286,108007438,108010226,108019743
GO:0008173	4.728	5	0.5656900000	0.9857415815	5	9	9	RNA methyltransferase activity	108013832,108006889,108006048,108009104,108019837
GO:0016811	3.629	4	0.5677100000	0.9857415815	4	6	6	hydrolase activity, acting on carbon-nitrogen (but not peptide) bonds, in linear amides	108004579,108004576,108004581,108021131
GO:0046839	3.702	4	0.5678300000	0.9857415815	4	8	8	phospholipid dephosphorylation	108008447,108016286,108007438,108010226
GO:0016226	3.824	4	0.5691800000	0.9857415815	4	12	15	iron-sulfur cluster assembly	108016848,108012569,108021127,108008333
GO:0034388	2.667	3	0.5724600000	0.9857415815	3	5	5	Pwp2p-containing subcomplex of 90S preribosome	108010137,108018312,108009516
GO:0006355	73.348	73	0.5729900000	0.9857415815	73	127	134	regulation of DNA-templated transcription	108005347,108009733,108019105,108009791,108019012,108010673,108020060,108012420,108021360,108004837,108013055,108018720,108010816,108008500,108008546,108008529,108008572,108009895,108013878,108012580,108018855,108016244,108008653,108008690,108010036,108018803,108006818,108007412,108015071,108018133,108018113,108018060,108011416,108015824,108005601,108013226,108015193,108012901,108019565,108006198,108011544,108013300,108017878,108016535,108006303,108005034,108006335,108009345,108010327,108010309,108014731,108016527,108016526,108012159,108004678,108019739,108011816,108014095,108020749,108011863,108017089,108005909,108015314,108016647,108006518,108016790,108021307,108009676,108008263,108008242,108008291,108014965,108014952
GO:0005666	5.871	6	0.5739400000	0.9857415815	6	17	17	RNA polymerase III complex	108012430,108015621,108012578,108010183,108011493,108008868
GO:0009966	6.750	7	0.5742700000	0.9857415815	7	11	12	regulation of signal transduction	108012437,108010847,108012943,108019617,108021000,108013451,108009526
GO:0030148	10.878	11	0.5749700000	0.9857415815	11	22	22	sphingolipid biosynthetic process	118876772,108016205,108016207,108018024,108014597,108005617,108017615,108012193,108012198,108012188,108017057
GO:0031105	1.749	2	0.5752000000	0.9857415815	2	5	5	septin complex	108005457,108019658
GO:0005940	1.749	2	0.5752000000	0.9857415815	2	5	5	septin ring	108005457,108019658
GO:0032153	1.749	2	0.5752000000	0.9857415815	2	5	5	cell division site	108005457,108019658
GO:0005771	2.816	3	0.5770300000	0.9857415815	3	9	9	multivesicular body	108015539,108014465,108010274
GO:0005955	2.698	3	0.5786300000	0.9857415815	3	5	5	calcineurin complex	108011132,108009069,108012146
GO:0097720	2.698	3	0.5786300000	0.9857415815	3	5	5	calcineurin-mediated signaling	108011132,108009069,108012146
GO:0016324	10.677	11	0.5786600000	0.9857415815	11	13	14	apical plasma membrane	108009765,108011139,108009822,108013190,108006069,108018401,108006561,108014175,108006534,108014963,108016740
GO:0012505	25.177	25	0.5790600000	0.9857415815	25	54	54	endomembrane system	108010701,108016016,108012405,108004870,108014382,108021518,108020137,108007177,108020160,108011264,108011303,108011319,108015761,108015033,108010142,108011446,118877633,108009382,108013424,118877355,118877357,108014186,108021205,108004744,108007803
GO:0010008	5.689	6	0.5791500000	0.9857415815	6	8	8	endosome membrane	108018669,108013724,108005469,108019474,108009433,108009496
GO:0007188	9.611	10	0.5798000000	0.9857415815	10	11	12	adenylate cyclase-modulating G protein-coupled receptor signaling pathway	108019917,108016833,108009816,108008523,108013285,108019611,108009349,108019778,108019779,108005214
GO:0045041	2.668	3	0.5800400000	0.9857415815	3	5	5	protein import into mitochondrial intermembrane space	108007064,108019301,108017046
GO:0005774	3.784	4	0.5803600000	0.9857415815	4	8	8	vacuolar membrane	108005383,108016036,108015519,108009157
GO:0034045	5.654	6	0.5807100000	0.9857415815	6	8	8	phagophore assembly site membrane	108007994,108013091,108007276,108006975,108021826,108021167
GO:0006882	3.700	4	0.5810900000	0.9857415815	4	6	6	intracellular zinc ion homeostasis	108013070,108010950,108015450,108021269
GO:0055088	6.704	7	0.5828500000	0.9857415815	7	9	9	lipid homeostasis	108009736,108009686,108005494,108021566,108010033,108013387,108008338
GO:0007275	38.891	39	0.5835700000	0.9857415815	39	47	50	multicellular organism development	108010711,108010757,108008431,108015501,108016875,108008538,108008549,108009877,108016135,108019182,108007183,108018886,108021631,108007289,108009052,108005646,108021688,108010182,108016422,108006227,108006259,108011525,108010246,108005880,108019603,108005015,108009404,108014792,108004681,108019753,108009550,108014867,108014836,108005237,108009633,108021272,108013615,108012350,108011013
GO:0071482	3.769	4	0.5843600000	0.9857415815	4	7	7	cellular response to light stimulus	108006668,108018727,108020110,108012984
GO:0008020	3.769	4	0.5843600000	0.9857415815	4	7	7	G protein-coupled photoreceptor activity	108006668,108018727,108020110,108012984
GO:0042393	30.058	30	0.5844700000	0.9857415815	30	48	49	histone binding	108005347,108019105,108013767,108015516,108015524,108016855,108014379,108014354,108013841,108020162,108014309,108017563,108009997,108021651,108009063,108010047,108018954,108011494,108005787,108012022,108015230,108005000,108021051,108018466,108012202,108017936,108012221,108018554,108016747,108016746
GO:0007268	39.865	40	0.5853500000	0.9857415815	40	46	46	chemical synaptic transmission	108016894,108009716,108019970,108008383,108019075,108016807,108004869,139353246,108009834,108021510,108010870,108020130,118878561,108020196,108018853,108016232,108019326,108013990,108018807,139352153,108017645,108015077,108018109,139352873,108018039,108018926,108015189,108012887,108006298,118878130,108021095,108006426,108009518,108012222,108004795,108016774,108014169,108010545,108011881,136116999
GO:0005198	10.924	11	0.5861800000	0.9857415815	11	20	20	structural molecule activity	139353230,108021582,108018038,108015827,108011457,108015871,108010170,108020545,108009528,108019851,108021258
GO:0070971	4.710	5	0.5865600000	0.9857415815	5	7	7	endoplasmic reticulum exit site	108005322,108006745,108009392,108021146,108019851
GO:0005762	10.119	10	0.5870100000	0.9857415815	10	36	36	mitochondrial large ribosomal subunit	118877954,108009772,108012582,108021615,108016265,108006048,108008688,108013933,108006562,108009599
GO:0099536	4.771	5	0.5870100000	0.9857415815	5	8	8	synaptic signaling	108005448,108009853,108018876,108014173,108009600
GO:0045505	16.937	17	0.5884000000	0.9857415815	17	30	33	dynein intermediate chain binding	108015691,108013903,108019204,108020148,108016950,108013006,108013165,108010053,108014444,108014446,108007418,108016394,108012831,108017769,108018365,108021122,108016798
GO:0006272	2.731	3	0.5890200000	0.9857415815	3	5	5	leading strand elongation	108015829,108009284,108014873
GO:0030866	5.599	6	0.5890800000	0.9857415815	6	7	7	cortical actin cytoskeleton organization	108021375,108011141,108013052,108013015,108007448,108013224
GO:0006260	16.038	16	0.5894300000	0.9857415815	16	30	30	DNA replication	108021425,108012450,108005413,108021555,108007314,108006112,108006084,108015829,108005784,108017778,108007722,108006462,108005900,108013508,108014873,108009605
GO:0061575	2.752	3	0.5895400000	0.9857415815	3	6	7	cyclin-dependent protein serine/threonine kinase activator activity	108021431,108008542,108005560
GO:0046680	2.705	3	0.5903400000	0.9857415815	3	5	5	response to DDT	108017524,108009231,108009232
GO:0046701	2.705	3	0.5903400000	0.9857415815	3	5	5	insecticide catabolic process	108017524,108009231,108009232
GO:0046512	3.733	4	0.5922100000	0.9857415815	4	6	6	sphingosine biosynthetic process	108007111,108021398,108019858,108017227
GO:0006289	8.955	9	0.5929700000	0.9857415815	9	19	19	nucleotide-excision repair	108008542,108021488,108013265,108006084,108008892,108010268,108017980,108005936,108009605
GO:0071014	2.820	3	0.5931200000	0.9857415815	3	7	7	post-mRNA release spliceosomal complex	108008637,108016599,108019600
GO:0043235	22.636	23	0.5931700000	0.9857415815	23	24	24	receptor complex	108008431,108021631,108007289,108009052,108021688,108006259,108010246,108005880,108019603,108005015,108009404,108018288,108014712,108004681,108019753,108019741,108014836,108006561,108009633,108014910,108014963,108013615,108016740
GO:0022008	4.658	5	0.5945600000	0.9857415815	5	6	6	neurogenesis	108016094,108009404,108020786,108017060,108013590
GO:0055037	6.862	7	0.5945700000	0.9857415815	7	13	15	recycling endosome	108021539,108014421,108013293,108021812,108010445,108008342,108009658
GO:0004601	8.671	9	0.5949700000	0.9857415815	9	10	10	peroxidase activity	118878588,108021574,108011479,108013252,108012053,108014750,108020789,108021140,108005979
GO:0016459	10.520	11	0.5958800000	0.9857415815	11	11	11	myosin complex	108019030,108020167,108021600,108015742,136117703,108021791,108018059,108013390,108020607,108021216,108014991
GO:0007099	3.823	4	0.5978500000	0.9857415815	4	8	9	centriole replication	108019142,108012873,108019729,108016766
GO:0000776	8.934	9	0.5991000000	0.9857415815	9	16	16	kinetochore	108017336,108009779,108010671,108009892,108017788,108013324,108012990,108021060,108007709
GO:0006896	3.736	4	0.5991600000	0.9857415815	4	7	7	Golgi to vacuole transport	108013724,108016877,108021484,108013305
GO:0007064	3.792	4	0.5997400000	0.9857415815	4	7	7	mitotic sister chromatid cohesion	108011149,108009849,108013267,108009545
GO:0016925	3.888	4	0.6006700000	0.9857415815	4	11	11	protein sumoylation	108019006,108012848,108013348,108009506
GO:0050650	3.678	4	0.6009100000	0.9857415815	4	5	5	chondroitin sulfate proteoglycan biosynthetic process	108013101,108020563,108005171,108005098
GO:0008528	11.527	12	0.6016200000	0.9857415815	12	12	12	G protein-coupled peptide receptor activity	108019976,108012426,108016833,108005453,108008523,108021632,108010005,108010050,108012052,108015271,108009349,108013607
GO:0016706	3.824	4	0.6032200000	0.9857415815	4	7	7	2-oxoglutarate-dependent dioxygenase activity	108021527,108013869,108012191,108012201
GO:0030054	4.600	5	0.6033000000	0.9857415815	5	6	6	cell junction	108021381,108007072,108016809,108012870,108016643
GO:0005743	39.651	39	0.6034400000	0.9857415815	39	96	97	mitochondrial inner membrane	108009715,108010707,108009771,108007064,108016830,118876781,108013141,108017579,108013190,108010978,108013963,108009009,108010063,108008731,108012821,108010147,108012789,108010161,108014520,108013241,108012058,108011602,108007617,108007613,108008983,108017046,108009379,108012128,108014753,108013493,108013473,108021080,108020753,108020752,108005160,108021139,108004669,108006552,108008294
GO:0062023	23.283	23	0.6058900000	0.9857415815	23	43	44	obsolete collagen-containing extracellular matrix	108019923,108018646,108021378,108006739,108005499,118876801,108005537,108009013,108009088,108006994,108015012,108005613,108006204,108006228,108016539,108013451,108005854,108021089,108006485,108012245,108021294,108011076,108015422
GO:0000132	6.693	7	0.6070800000	0.9862595082	7	8	8	establishment of mitotic spindle orientation	108016079,108009779,108010671,108013324,108012990,108019729,108009616
GO:0016255	2.782	3	0.6071400000	0.9862595082	3	5	5	attachment of GPI anchor to protein	108011110,108005435,108016438
GO:0042765	2.782	3	0.6071400000	0.9862595082	3	5	5	GPI-anchor transamidase complex	108011110,108005435,108016438
GO:0000287	27.281	27	0.6102500000	0.9883311948	27	45	45	magnesium ion binding	108020933,108013093,108005446,108013068,108015611,108017536,108008656,108019280,108011371,108010040,108007499,108019460,108010150,108013233,108020525,108012964,108006288,108008930,108008908,108020606,108006343,108012985,108019755,108020707,108005952,108009627,108017257
GO:0030424	51.395	51	0.6136900000	0.9886270712	51	74	74	axon	108020919,108014244,108015563,108009716,108021350,108010686,108010671,108021376,108020043,108009836,108008532,108008537,108010887,108016174,108013881,108013863,108016933,108013143,108005593,108007289,108013958,108011348,108012672,108009006,108014433,108013200,108017600,108016422,108019510,108019512,108019509,108017782,108015176,108006223,108015912,108013324,108018359,108011647,108005846,108018438,108014859,108017950,108009618,108011955,108018598,108009593,108021274,108016739,108016740,108015416,108011040
GO:0071230	1.870	2	0.6145100000	0.9886270712	2	6	6	cellular response to amino acid stimulus	108004815,108004593
GO:0042555	3.853	4	0.6153300000	0.9886270712	4	7	7	MCM complex	108012450,108006112,108017778,108006462
GO:0004089	11.020	11	0.6170000000	0.9886270712	11	17	17	carbonate dehydratase activity	108017315,108010782,108012416,108010803,108016162,108013945,108008823,108009250,108015276,108021002,108004776
GO:0006891	10.079	10	0.6171700000	0.9886270712	10	19	19	intra-Golgi vesicle-mediated transport	108005315,108006619,108021337,108004889,108009893,108021675,108013305,108012981,108006409,108021258
GO:0007423	5.002	5	0.6182600000	0.9886270712	5	13	13	sensory organ development	108010896,108004968,108012755,108008991,108020692
GO:1901642	2.807	3	0.6185200000	0.9886270712	3	5	5	nucleoside transmembrane transport	108008459,108020272,108010313
GO:0007165	101.656	101	0.6189400000	0.9887683037	101	137	138	signal transduction	108014254,108018618,108009749,108017376,108005393,108019113,108016079,108016077,108008447,108013734,108010678,108013769,108013773,108019069,108013779,108019082,108015555,108004869,139353246,108011165,108005407,108013099,108018782,108017459,108021510,108010847,108010821,108010828,108020205,108010877,108010870,118877282,108020196,108011241,108018862,108016201,108018853,108013157,108018889,108013181,108020334,108007342,108009039,108010060,108011393,108006836,108018807,136117703,108005671,108017645,108018969,108013260,108015077,108007438,108019446,108009103,108020372,108018039,108009142,108011450,108009167,108018926,108018221,108012908,108015189,108019524,108012955,108012887,108011533,108009260,108010238,108010226,108015968,108013301,108005893,108005077,108006372,108009320,108021008,108013441,108006426,108009518,108017100,136117270,108009461,108018394,108013557,108016794,108004795,108005224,108019866,108014169,108014157,108005298,108018594,108014942,108011881,108014953,108011018,108012399,108016733
GO:0006196	1.740	2	0.6204500000	0.9936292593	2	4	6	AMP catabolic process	108008429,108010184
GO:0015035	2.967	3	0.6219600000	0.9936292593	3	11	12	protein-disulfide reductase activity	108019301,108011459,108008806
GO:0033314	4.808	5	0.6246000000	0.9947328763	5	7	7	mitotic DNA replication checkpoint signaling	108013742,108020210,108013116,108018128,108005936
GO:0030027	3.742	4	0.6247500000	0.9947328763	4	5	5	lamellipodium	108017378,108013000,108009449,108017206
GO:0005546	6.819	7	0.6252900000	0.9947328763	7	9	9	phosphatidylinositol-4,5-bisphosphate binding	108012451,108021451,108013131,108015190,108017128,108013566,108012349
GO:0002161	4.816	5	0.6271000000	0.9947328763	5	7	7	aminoacyl-tRNA deacylase activity	108014471,108018043,108007506,108021182,108013609
GO:0006627	1.835	2	0.6274300000	0.9947328763	2	4	5	protein processing involved in protein targeting to mitochondrion	108008379,108007646
GO:0046949	8.088	8	0.6274500000	0.9947328763	8	15	15	fatty-acyl-CoA biosynthetic process	108008467,108008503,108008708,108011538,108010263,108010264,108005116,108014185
GO:0044666	2.739	3	0.6275700000	0.9947328763	3	4	5	MLL3/4 complex	108016855,108017936,108021291
GO:0006261	6.036	6	0.6278100000	0.9947328763	6	14	14	DNA-templated DNA replication	108013777,108020027,108011428,108009244,108014064,108014882
GO:0004143	4.776	5	0.6279900000	0.9947328763	5	6	6	ATP-dependent diacylglycerol kinase activity	108013811,108021398,108015754,108009537,108014920
GO:0043123	2.816	3	0.6286900000	0.9947328763	3	5	5	positive regulation of canonical NF-kappaB signal transduction	108019064,108009325,108005952
GO:0042803	5.897	6	0.6292100000	0.9947328763	6	10	14	protein homodimerization activity	108009852,108013881,108018011,108020514,108009225,108019626
GO:0042043	5.630	6	0.6299400000	0.9947328763	6	6	6	neurexin family protein binding	108019970,108008383,108019326,108013990,108014529,108021095
GO:0097104	4.630	5	0.6299400000	0.9947328763	5	5	5	postsynaptic membrane assembly	108019970,108008383,108019326,108013990,108021095
GO:0097105	4.630	5	0.6299400000	0.9947328763	5	5	5	presynaptic membrane assembly	108019970,108008383,108019326,108013990,108021095
GO:0007158	4.630	5	0.6299400000	0.9947328763	5	5	5	neuron cell-cell adhesion	108019970,108008383,108019326,108013990,108021095
GO:0006101	3.742	4	0.6312100000	0.9947328763	4	5	5	citrate metabolic process	108015152,118877643,108017982,108005987
GO:0033962	2.902	3	0.6315800000	0.9947328763	3	6	6	P-body assembly	108015778,108018085,108020890
GO:0016274	4.017	4	0.6317700000	0.9947328763	4	9	9	protein-arginine N-methyltransferase activity	108004824,108013907,108010153,108014682
GO:0018216	4.017	4	0.6317700000	0.9947328763	4	9	9	peptidyl-arginine methylation	108004824,108013907,108010153,108014682
GO:0006302	3.835	4	0.6321300000	0.9947328763	4	6	6	double-strand break repair	139352981,108010210,108018376,108016790
GO:0019731	0.919	1	0.6327700000	0.9947328763	1	6	6	antibacterial humoral response	108016457
GO:0019001	3.735	4	0.6338900000	0.9947328763	4	5	6	guanyl nucleotide binding	108019472,108019611,108019778,108019779
GO:0005921	4.905	5	0.6340600000	0.9947328763	5	8	8	gap junction	108016975,108007634,108015282,108013401,108016658
GO:0005243	4.905	5	0.6340600000	0.9947328763	5	8	8	gap junction channel activity	108016975,108007634,108015282,108013401,108016658
GO:0080025	3.674	4	0.6354500000	0.9947328763	4	5	5	phosphatidylinositol-3,5-bisphosphate binding	108013091,108013566,108021167,118877437
GO:0000184	8.032	8	0.6355200000	0.9947328763	8	13	13	nuclear-transcribed mRNA catabolic process, nonsense-mediated decay	108016064,108020535,108012846,108015371,108014039,108016773,108020857,108020885
GO:0005245	5.577	6	0.6360300000	0.9947328763	6	6	6	voltage-gated calcium channel activity	108016046,108021430,108010018,108016339,108019835,108014948
GO:0008474	1.908	2	0.6366600000	0.9947328763	2	5	5	palmitoyl-(protein) hydrolase activity	108021386,108014500
GO:0016614	11.013	11	0.6371300000	0.9947328763	11	15	15	oxidoreductase activity, acting on CH-OH group of donors	108005102,108005103,108014060,108017141,108005277,108005278,108005273,108005288,108005283,108005280,108010629
GO:0008239	8.007	8	0.6389400000	0.9947328763	8	12	12	dipeptidyl-peptidase activity	108020991,108013161,108017569,108017567,108017566,108005689,108005246,108014195
GO:0070475	2.896	3	0.6396700000	0.9947328763	3	6	6	rRNA base methylation	108013832,108010158,108016676
GO:0070072	1.951	2	0.6400300000	0.9947328763	2	6	6	vacuolar proton-transporting V-type ATPase complex assembly	118877633,108011031
GO:0035591	5.771	6	0.6409000000	0.9947328763	6	7	7	signaling adaptor activity	108016036,108013181,108012908,108021008,108017206,108009618
GO:0008138	5.925	6	0.6415800000	0.9947328763	6	9	9	protein tyrosine/serine/threonine phosphatase activity	108019311,108013260,108010291,108015212,108015325,108006563
GO:0017157	4.833	5	0.6418200000	0.9947328763	5	7	7	regulation of exocytosis	108005457,108005790,108009252,108013419,108005140
GO:0050982	2.877	3	0.6428400000	0.9947328763	3	6	6	detection of mechanical stimulus	108016593,108017024,108012266
GO:0006897	16.087	16	0.6442500000	0.9947328763	16	22	22	endocytosis	108018626,108019059,108007342,108015011,108009194,108020508,118877610,108020607,108013498,108005848,108014019,108020707,108009509,118877437,108009581,108013676
GO:0006414	4.052	4	0.6450100000	0.9947328763	4	11	11	translational elongation	108008453,108009113,108010167,108015497
GO:0015629	23.150	23	0.6452400000	0.9947328763	23	31	32	actin cytoskeleton	108013737,108015513,139353230,108012451,108021451,108021437,108008480,108016989,108021600,108013998,108015742,136117703,108021734,108018059,108013390,108015190,108012948,108018249,108020607,108017967,108021216,108010559,108004745
GO:0006166	2.888	3	0.6465200000	0.9947328763	3	5	5	purine ribonucleoside salvage	108008656,108010150,108017802
GO:0004864	1.923	2	0.6468200000	0.9947328763	2	5	5	protein phosphatase inhibitor activity	108012943,108009526
GO:0003689	2.923	3	0.6473800000	0.9947328763	3	6	6	DNA clamp loader activity	108020027,108007314,108009244
GO:0006729	2.935	3	0.6475500000	0.9947328763	3	6	6	tetrahydrobiopterin biosynthetic process	108010031,108021132,108012381
GO:0043015	7.990	8	0.6481500000	0.9947328763	8	12	12	gamma-tubulin binding	108013721,108021504,108021676,108014663,108015345,108019729,108008342,108021282
GO:0015293	9.110	9	0.6487500000	0.9947328763	9	15	15	symporter activity	108014436,108016300,108021818,108018206,108005194,108020794,108013553,108017952,108004735
GO:0031146	10.305	10	0.6490800000	0.9947328763	10	23	23	SCF-dependent proteasomal ubiquitin-dependent protein catabolic process	108020981,108009758,108006694,108007124,108009889,108014484,108018067,108015944,108009446,108006530
GO:0000278	25.449	25	0.6497200000	0.9947328763	25	39	42	mitotic cell cycle	108017306,108009747,108013721,108019019,108021504,108019142,108010798,108016922,108014309,108008714,108017674,108009112,108015829,108010141,108014663,108017005,108009344,108018275,108013498,108015345,108014833,108010600,108021282,108012396,108016748
GO:0032958	4.696	5	0.6503600000	0.9947328763	5	6	6	inositol phosphate biosynthetic process	108021487,108010253,108005076,108009439,108005293
GO:0033540	3.791	4	0.6505100000	0.9947328763	4	5	5	fatty acid beta-oxidation using acyl-CoA oxidase	108009736,108021566,108010033,108008338
GO:0034599	1.958	2	0.6506500000	0.9947328763	2	6	6	cellular response to oxidative stress	108019124,108016793
GO:0004523	0.889	1	0.6511800000	0.9949214137	1	5	21	RNA-DNA hybrid ribonuclease activity	108010040
GO:0000932	13.358	13	0.6524100000	0.9957873442	13	26	27	P-body	108016008,108013055,108007172,108009942,108016244,108015778,108018085,108020535,108010223,108014668,108010309,108006518,108020890
GO:0034511	2.897	3	0.6524900000	0.9957873442	3	5	5	U3 snoRNA binding	108008478,108006850,108013144
GO:0030674	7.180	7	0.6547300000	0.9988447111	7	14	14	protein-macromolecule adaptor activity	108006694,108008365,108008505,108018067,108004593,108009446,108004745
GO:0061564	4.047	4	0.6585800000	1.0000000000	4	8	8	axon development	108010896,108004968,108012755,108008991
GO:0070888	4.047	4	0.6585800000	1.0000000000	4	8	8	E-box binding	108010896,108004968,108012755,108008991
GO:0001055	3.037	3	0.6591300000	1.0000000000	3	9	9	obsolete RNA polymerase II activity	108011493,108008868,108016784
GO:0030050	6.617	7	0.6594400000	1.0000000000	7	7	7	vesicle transport along actin filament	108021600,108015742,136117703,108018059,108013390,108020607,108021216
GO:0031982	5.617	6	0.6594400000	1.0000000000	6	6	6	vesicle	108021600,108015742,136117703,108018059,108013390,108021216
GO:0042147	10.356	10	0.6602600000	1.0000000000	10	21	23	retrograde transport, endosome to Golgi	108020904,108021344,108020212,108021484,108006277,108013305,118877610,108019699,108017208,108008342
GO:0005544	8.913	9	0.6618300000	1.0000000000	9	11	11	calcium-dependent phospholipid binding	108015563,108005352,108007992,108010910,108020403,108006332,108018438,108018390,108021274
GO:0016747	18.504	18	0.6640200000	1.0000000000	18	31	31	acyltransferase activity, transferring groups other than amino-acyl groups	108016810,108005403,108021529,108021466,108010998,108014415,108005503,108016329,108008706,108016302,108018030,108005739,108021044,108008133,108016795,108011090,108011091,108008293
GO:0007032	5.013	5	0.6666100000	1.0000000000	5	9	11	endosome organization	108016277,108007498,108006323,108021128,108009496
GO:0030544	6.142	6	0.6678300000	1.0000000000	6	11	11	Hsp70 protein binding	108008461,108013076,108018892,108018010,108008820,108011968
GO:0008198	4.128	4	0.6678400000	1.0000000000	4	9	9	ferrous iron binding	108016289,108006935,108006514,108016761
GO:0030496	3.930	4	0.6707600000	1.0000000000	4	7	7	midbody	108011277,108006001,108013112,108017788
GO:0140662	14.570	14	0.6710600000	1.0000000000	14	29	30	ATP-dependent protein folding chaperone	108014275,108007064,108016854,108007143,108004911,108013002,108015759,108013277,108012921,108017046,108009479,108014830,108018520,108005296
GO:0005216	3.748	4	0.6713300000	1.0000000000	4	5	5	monoatomic ion channel activity	108005324,108016093,108008972,108013548
GO:0004252	130.887	128	0.6722200000	1.0000000000	128	301	305	serine-type endopeptidase activity	108005343,108005344,108005345,108005346,108005339,108020943,108020990,108021415,108019107,108010759,108010751,108008379,108011107,108020065,108012427,108012484,108011157,108013056,108017416,108013030,108013024,108013025,108013028,108010805,108006771,108016159,108008521,108016134,108008473,108015679,108013163,108008651,108008647,139352946,108019328,108013967,108011308,136116457,108012678,108011384,108013138,108009099,139353499,108017634,108008749,108017687,108021728,108008758,108015052,108015053,108018134,108008793,108018069,136116581,108013203,108009173,118877905,108016448,108016418,108008837,108016451,118877539,108008878,108012952,108019571,108012865,108010259,108010281,108009280,108008938,108007616,108004553,108015275,108007619,108016585,108006300,108006308,108006364,108019652,118877645,108019691,108009406,108009407,108020668,108010318,108013447,108012101,108008086,108013423,108013491,108017854,108017853,108014796,108021082,108019756,108020700,108020764,108020754,108008202,108008209,108014802,108010426,108010470,108017919,108017921,108021172,108017974,108017973,108012288,118876908,108017957,108015470,108020800,108016792,108004794,108020899,108010601,108011917,136117386,108008340,108008256,108009588,108021234,108010581,108008248,108021271,108008283,108012353
GO:0008180	4.125	4	0.6726000000	1.0000000000	4	10	10	COP9 signalosome	108012183,108013517,108019893,108010562
GO:0010923	2.014	2	0.6729100000	1.0000000000	2	5	5	negative regulation of phosphatase activity	108018753,108009535
GO:0016887	128.809	127	0.6730400000	1.0000000000	127	185	189	ATP hydrolysis activity	108020933,108005319,108005315,108020977,108005354,108017310,108014288,108014275,108008419,108008428,108010712,108020986,108013728,108020057,108004814,108020027,108007071,108011149,108019097,108012450,108020070,139353265,108015543,108015691,108014352,108009876,108009840,108009847,108007233,108019209,108021457,108007143,108016094,108013006,108006882,108017563,108021610,108007314,108018021,108021561,108015714,108019280,108015749,108009063,108014459,108014444,108015779,108013116,108014446,108021708,108016353,108006112,108020422,108021737,108020410,108016394,108019454,108018128,108012821,108020430,108020353,108010161,108006950,108013229,108010192,108005787,108017778,108016432,108018226,108006241,108006288,108009233,108018174,108018179,108010210,108011514,108009219,108018153,108009244,108014633,108014686,108005899,108015279,108007633,108015245,108015246,108006343,108018387,108018365,108010328,108021016,108013426,108007704,108012292,108019755,108015375,108014046,108020707,108018466,108019794,108005160,108020792,108009478,108010455,108021147,108021143,108005903,108021144,108021126,108021122,108014830,108012221,108013593,108007852,108016798,108006559,136116901,108018520,108010657,108011975,108011983,108011973,108013612,108013616,108013622,108004726,108004727
GO:0019003	3.084	3	0.6740800000	1.0000000000	3	8	8	GDP binding	108019198,108016201,108008292
GO:0008028	11.083	11	0.6748200000	1.0000000000	11	14	16	monocarboxylic acid transmembrane transporter activity	108009681,108016915,108010136,108009203,108015288,108009385,108008075,108017996,108015370,108015413,108015411
GO:0007417	5.961	6	0.6750000000	1.0000000000	6	8	8	central nervous system development	118877962,108016887,108013881,108006818,108010122,108014148
GO:0006879	3.105	3	0.6753000000	1.0000000000	3	8	8	intracellular iron ion homeostasis	108012821,108006514,108016761
GO:0004016	19.983	20	0.6754200000	1.0000000000	20	22	22	adenylate cyclase activity	108005381,108021327,108012599,108005554,108013105,108005621,108014587,108013259,108006947,108018235,108006301,108011645,108008901,108013541,108013597,108011923,108011925,108011978,108011980,108011050
GO:0044545	2.946	3	0.6758800000	1.0000000000	3	5	5	NSL complex	108017425,108009414,108011834
GO:0007076	4.958	5	0.6764800000	1.0000000000	5	7	7	mitotic chromosome condensation	108014309,108009050,108008902,108014811,108021126
GO:0005262	10.122	10	0.6775200000	1.0000000000	10	15	15	calcium channel activity	108021379,108016880,108015667,108013141,108005659,108020464,108012769,108020476,108017024,108012266
GO:0006351	14.621	14	0.6807500000	1.0000000000	14	32	32	DNA-templated transcription	108017563,108007269,108020291,108009016,108014599,108010183,108005781,108008868,108014679,108016533,108020796,108008140,108018397,108013574
GO:0009790	13.031	13	0.6823400000	1.0000000000	13	16	16	embryo development	108021333,108009694,108016807,108005491,108010888,108019134,108017585,108021641,118877582,108018449,108017094,108018587,108007800
GO:0006384	1.948	2	0.6826200000	1.0000000000	2	5	5	transcription initiation at RNA polymerase III promoter	108020587,108021284
GO:0016477	26.233	26	0.6828200000	1.0000000000	26	32	32	cell migration	108017378,108019071,139353230,108010821,108013878,108013015,108009989,108019312,108007294,108007448,108013201,108013224,108008811,108018269,108015225,108012990,108020590,108021008,108013451,108009449,108017076,108012245,108017198,108004745,108016740,108015410
GO:0051117	3.948	4	0.6829500000	1.0000000000	4	6	6	ATPase binding	108007205,108017510,108018092,108020899
GO:0031593	4.131	4	0.6834300000	1.0000000000	4	10	10	polyubiquitin modification-dependent protein binding	108005362,108009876,108005826,118877356
GO:0043928	2.029	2	0.6841500000	1.0000000000	2	5	5	obsolete exonucleolytic catabolism of deadenylated mRNA	108009204,108014668
GO:0016971	3.051	3	0.6860300000	1.0000000000	3	6	6	flavin-dependent sulfhydryl oxidase activity	108013738,108016172,108019876
GO:0004000	5.004	5	0.6870700000	1.0000000000	5	7	7	adenosine deaminase activity	108015551,108017540,108008665,108016376,108010494
GO:0006154	5.004	5	0.6870700000	1.0000000000	5	7	7	adenosine catabolic process	108015551,108017540,108008665,108016376,108010494
GO:0046103	5.004	5	0.6870700000	1.0000000000	5	7	7	inosine biosynthetic process	108015551,108017540,108008665,108016376,108010494
GO:0008053	3.001	3	0.6880400000	1.0000000000	3	5	5	mitochondrial fusion	108005478,108014473,108015150
GO:0061640	2.031	2	0.6882700000	1.0000000000	2	6	6	cytoskeleton-dependent cytokinesis	108005457,108019658
GO:0072487	3.091	3	0.6884100000	1.0000000000	3	6	6	MSL complex	108013703,108013895,108021496
GO:0044782	4.069	4	0.6901000000	1.0000000000	4	7	8	cilium organization	108020206,108004742,108004714,108016704
GO:0000462	10.429	10	0.6902500000	1.0000000000	10	19	19	maturation of SSU-rRNA from tricistronic rRNA transcript (SSU-rRNA, 5.8S rRNA, LSU-rRNA)	108007126,108008498,108016979,108006850,108013144,108019353,108020370,108005876,108009516,108015488
GO:0098609	32.261	32	0.6904100000	1.0000000000	32	38	39	cell-cell adhesion	108016896,108016895,108005353,108005360,108009694,139353230,108016807,108013085,118876762,108009814,108010888,108019217,108020180,108008621,108018884,108019312,108018136,108010140,108013221,108012911,108015176,108015277,118877642,108011647,108021083,108019792,108008204,108021194,108005971,108019824,108006504,108021217
GO:0006646	5.020	5	0.6909700000	1.0000000000	5	7	7	phosphatidylethanolamine biosynthetic process	108020903,108021530,108015758,108021186,108019846
GO:0034715	1.023	1	0.6912300000	1.0000000000	1	6	6	pICln-Sm protein complex	108008332
GO:0042383	4.824	5	0.6924400000	1.0000000000	5	6	6	sarcolemma	108015170,108006263,108018359,108019716,108009498
GO:0000775	3.065	3	0.6924900000	1.0000000000	3	6	6	chromosome, centromeric region	108009712,108016922,108012692
GO:0005751	3.343	3	0.6939500000	1.0000000000	3	15	15	obsolete mitochondrial respiratory chain complex IV	108007074,108006887,108005856
GO:0048488	8.898	9	0.6953600000	1.0000000000	9	10	10	synaptic vesicle endocytosis	108015563,108019970,108008383,108009688,108019326,108013990,108013483,108021095,108021274
GO:0007097	6.891	7	0.6954200000	1.0000000000	7	8	8	nuclear migration	108009779,108010671,108012895,108013324,108009409,108021033,108021232
GO:0051156	2.123	2	0.6960200000	1.0000000000	2	6	6	glucose 6-phosphate metabolic process	108020309,108017940
GO:0045202	40.505	40	0.6963500000	1.0000000000	40	50	50	synapse	108009716,108019970,108008383,108019080,108004869,139353246,108009834,108005448,108021510,108008553,108010870,108020196,108018853,108016232,108019326,108013990,108018807,108017645,108015077,108011409,108018039,108018926,108014568,108015189,108012887,108012866,108009292,108016595,108013451,108021095,108015326,108006426,108009518,108018438,108014865,108009481,108004795,108014169,108009600,108011881
GO:0005682	3.208	3	0.6968800000	1.0000000000	3	10	10	U5 snRNP	108009102,108007503,108021303
GO:0043197	3.884	4	0.6970300000	1.0000000000	4	5	5	dendritic spine	108016894,108019075,108013881,108009307
GO:0006171	12.054	12	0.6981900000	1.0000000000	12	14	14	cAMP biosynthetic process	108021327,108012599,108005554,108013105,108005621,108006301,108013541,108013597,108011923,108011925,108011978,108011980
GO:0016538	6.300	6	0.6984800000	1.0000000000	6	13	14	cyclin-dependent protein serine/threonine kinase regulator activity	108010810,108021500,108016962,108017512,108007485,108010245
GO:0007010	10.019	10	0.6988900000	1.0000000000	10	12	12	cytoskeleton organization	108020012,108007086,108012451,108021451,108017588,108012895,108021034,108006518,108010559,108017198
GO:0044804	4.035	4	0.6989800000	1.0000000000	4	7	7	nucleophagy	108013091,108010104,108021826,108021167
GO:0090158	2.047	2	0.6993300000	1.0000000000	2	5	5	endoplasmic reticulum membrane organization	108019043,108012676
GO:0007020	7.239	7	0.6993600000	1.0000000000	7	11	11	microtubule nucleation	108013721,108021504,108017674,108014663,108012990,108015345,108021282
GO:0006915	10.350	10	0.7003000000	1.0000000000	10	17	17	apoptotic process	108008421,108010718,108021432,108017382,108006089,108009326,108014769,108008311,108010635,108011039
GO:0061631	5.295	5	0.7005000000	1.0000000000	5	12	12	ubiquitin conjugating enzyme activity	108016952,108015612,139353131,108005673,108005938
GO:0051010	7.226	7	0.7031300000	1.0000000000	7	14	14	microtubule plus-end binding	108009779,108013725,108010671,108019231,108020240,108013324,108007701
GO:0031011	4.240	4	0.7036000000	1.0000000000	4	10	12	Ino80 complex	108017563,108011561,108011834,108016790
GO:0005230	3.922	4	0.7040700000	1.0000000000	4	5	5	extracellular ligand-gated monoatomic ion channel activity	108008458,108017645,108018926,108012887
GO:0046540	5.504	5	0.7053000000	1.0000000000	5	18	18	U4/U6 x U5 tri-snRNP complex	108014257,108004807,108009942,108015778,108021303
GO:0016323	4.943	5	0.7066000000	1.0000000000	5	7	7	basolateral plasma membrane	108009694,108016807,108010888,108021617,108006069
GO:0008157	2.781	3	0.7075000000	1.0000000000	3	4	5	protein phosphatase 1 binding	108020191,108020446,108013383
GO:0035615	4.183	4	0.7075600000	1.0000000000	4	8	8	clathrin adaptor activity	108016877,108014429,108020874,118877437
GO:0012507	2.061	2	0.7078700000	1.0000000000	2	6	6	ER to Golgi transport vesicle membrane	108005322,108013305
GO:0019902	2.176	2	0.7079000000	1.0000000000	2	6	6	phosphatase binding	108018753,108009069
GO:0015937	3.055	3	0.7083000000	1.0000000000	3	6	6	coenzyme A biosynthetic process	108013831,108010087,108005820
GO:0001056	3.216	3	0.7084400000	1.0000000000	3	10	10	obsolete RNA polymerase III activity	108010183,108011493,108008868
GO:0030182	22.335	22	0.7094900000	1.0000000000	22	27	28	neuron differentiation	118877962,108010711,108020076,108016875,108008500,108008538,108008549,108012587,108012572,108021672,108007283,108007279,108007272,108015783,108005646,108010122,136116533,108006227,108011840,108012284,108019800,108014974
GO:0032040	17.964	17	0.7104800000	1.0000000000	17	36	36	small-subunit processome	108009761,108021363,108016104,108019221,108008478,108006858,108019353,108005669,108015051,108021778,108020370,108010137,108016485,108018312,108005876,108016676,108009516
GO:0035556	72.224	71	0.7134800000	1.0000000000	71	93	97	intracellular signal transduction	108009718,108005381,108009754,108005376,108013811,108021327,108011102,108013766,108020092,108019092,108015549,108004870,108011162,108011166,108009850,108016188,108021465,108016912,108016902,108012599,108013007,108005554,108018029,108011371,108015785,108013105,108013262,108019439,108006055,108011413,108006904,108005621,108014587,108013259,108013238,108006947,108019531,108020545,108018235,108009201,108009243,108012888,108016536,108006327,108008963,108006301,108016577,108020638,108009433,108011645,108012978,108014722,108008901,108005126,108009537,108011767,108014894,108013541,108012278,108013597,108019803,108011923,108011925,108011912,108011978,108011980,108021207,108014920,108015431,108011050,108016748
GO:0000030	4.037	4	0.7148000000	1.0000000000	4	6	6	mannosyltransferase activity	108009819,108021700,108006414,108021255
GO:0009922	9.460	9	0.7156200000	1.0000000000	9	18	18	fatty acid elongase activity	118876772,108016205,108016207,108018024,108014597,108005617,108012193,108012198,108012188
GO:0034626	9.460	9	0.7156200000	1.0000000000	9	18	18	fatty acid elongation, polyunsaturated fatty acid	118876772,108016205,108016207,108018024,108014597,108005617,108012193,108012198,108012188
GO:0034625	9.460	9	0.7156200000	1.0000000000	9	18	18	fatty acid elongation, monounsaturated fatty acid	118876772,108016205,108016207,108018024,108014597,108005617,108012193,108012198,108012188
GO:0019367	9.460	9	0.7156200000	1.0000000000	9	18	18	fatty acid elongation, saturated fatty acid	118876772,108016205,108016207,108018024,108014597,108005617,108012193,108012198,108012188
GO:0006298	5.265	5	0.7158300000	1.0000000000	5	10	10	mismatch repair	108014253,108013930,108021560,108009284,108017980
GO:0035194	5.069	5	0.7161300000	1.0000000000	5	7	7	regulatory ncRNA-mediated post-transcriptional gene silencing	108005670,108018125,108009340,108019749,108012277
GO:0007635	17.059	16	0.7176200000	1.0000000000	16	35	35	chemosensory behavior	108020919,108021350,108010686,108008532,108016174,108013143,108011348,108012672,108009006,108013200,108019510,108019512,108019509,108016739,108015416,108011040
GO:0008049	17.059	16	0.7176200000	1.0000000000	16	35	35	male courtship behavior	108020919,108021350,108010686,108008532,108016174,108013143,108011348,108012672,108009006,108013200,108019510,108019512,108019509,108016739,108015416,108011040
GO:0070822	3.069	3	0.7204800000	1.0000000000	3	6	6	Sin3-type complex	108016878,108007277,108015234
GO:0045197	6.815	7	0.7209900000	1.0000000000	7	8	8	establishment or maintenance of epithelial cell apical/basal polarity	108009694,108011139,108019090,108016807,108010888,108018886,108017587
GO:0043195	6.954	7	0.7217600000	1.0000000000	7	8	8	terminal bouton	108013724,108020331,139352153,108007411,108009292,108010324,108019735
GO:0007005	7.645	7	0.7219900000	1.0000000000	7	19	19	mitochondrion organization	108005562,108007274,108010064,108015775,108010161,108013403,108005245
GO:0006357	358.739	354	0.7235500000	1.0000000000	354	556	567	regulation of transcription by RNA polymerase II	108014269,108018623,108005318,108018617,108020918,108019929,108007943,108014246,108020902,108020900,108016891,108014234,108014239,108005328,108020954,108014280,108007991,108020949,108020945,118877962,108017308,108008410,108016048,108021403,108016062,118878410,108008380,108021333,108019008,108004813,108016803,108011114,108012428,108013746,118877182,108019094,108020082,108016882,108007937,108011176,108006753,108013049,108005416,118876752,108017453,108017456,108017441,108013089,118876778,118876773,108017425,108021508,108008538,108008542,108008549,108017486,108005491,108017461,108013929,108021547,108007256,108021542,108009883,108008558,108009896,108021521,108019206,108013845,108013854,108004901,108021447,108019137,108019134,108010795,108019196,108004940,108019171,108019170,108019176,108013874,108013859,108021479,108020156,108016958,108014302,108016962,108012588,108016926,108012572,108016932,108004997,108015652,108014308,108016970,108005541,108006852,108006854,108017512,108005531,108010922,108008625,108009926,108013195,118877723,108008655,108006002,108019306,108017585,108017588,108020340,108021672,108018012,108021651,108008682,108021641,108012637,108007283,108021578,108012632,108008598,108021577,108007279,108021563,118879545,108020231,108007272,108012687,108011357,108012668,108020297,108009005,108013993,108019289,108011397,108010054,108013132,139352175,108013111,139352164,139352169,108006971,108014599,108021703,108008709,108006115,108007451,108020408,108006127,118877875,108016372,108015044,108018146,108021784,108006136,108012801,108020428,108012810,108020379,108020388,108006087,108011407,108020357,108020361,108007390,108010139,108010128,108015808,108018087,108012781,108010122,108020398,108020394,108020391,108006908,108010181,108006905,136116533,108009178,108013253,108017611,108015890,108010190,108013222,108008821,108012076,108015107,108016421,108013384,108017742,108016473,108020536,108009305,108020568,118877582,108018247,108012940,108010220,108011555,108010204,108020484,108011531,108011515,108006185,108011520,108015935,108009278,108014609,108013319,108013320,108013310,108009282,108013311,108010279,108005746,108013361,108012034,108013367,108017715,108013348,108014678,108016568,108015235,108016555,108017885,108016546,108016533,108005024,108006356,108005039,108007690,108005000,108007664,108020624,108011747,108005063,108019698,108017035,108011712,136117121,108018358,108008017,108011674,108009353,108012977,108011646,108012979,108018281,108010308,108009381,108009396,108009393,108011694,108017806,108013458,108017804,108021039,108021046,108017849,108005869,108012141,108013475,108017992,108004686,108015321,108020725,108014050,108016692,108015363,108005143,108005147,108009506,108018462,108019796,108018466,108006486,108005155,108011800,108014084,108020760,108018449,108005138,108019767,108009541,108005162,108008201,108005174,108011840,108017094,108021115,108021111,108010452,108018392,108008188,108008157,108013570,108013549,108005921,108014871,108012283,108012284,108016630,108013595,108005977,108006519,136116936,108016780,136116924,108014125,108007835,108007867,108015495,108018587,108009634,108010605,108020889,108011940,108020883,108019897,108011911,108009664,108021305,108017295,108009648,108010584,108010586,108014925,108009595,108021200,108021273,108014983,108012324,108014988,108014974,108014958,108013627,108014957,108012304,108013619,108008285,108021243,118879229,108011039,108011007,108013669,108004712,108013672,108021292,108012333,108007800,108011075,108007806,108015427,108015426,108004767
GO:0061617	2.245	2	0.7245600000	1.0000000000	2	9	9	MICOS complex	108012161,108006552
GO:0007156	32.210	32	0.7246200000	1.0000000000	32	35	35	homophilic cell adhesion via plasma membrane adhesion molecules	108014244,108020905,108009720,108021376,108020043,108015501,108009836,108008537,108010887,108004936,108005593,108018875,108014433,108017600,108017782,108015912,108005015,108005016,108018279,108016507,108005846,108014792,108020739,108009550,108014859,108014867,108013545,108017950,108004791,108011955,108009593,108016740
GO:0050909	25.548	24	0.7269400000	1.0000000000	24	56	56	sensory perception of taste	108020919,108021350,108010686,108019054,108008532,108016174,108013143,108011348,108012672,108009006,108008757,108013200,108019510,108019512,108019509,108016560,108008954,108014768,108009542,139352497,139352496,108016739,108015416,108011040
GO:0004046	3.290	3	0.7269600000	1.0000000000	3	7	7	aminoacylase activity	108011021,108011023,108011024
GO:0007399	10.218	10	0.7270800000	1.0000000000	10	14	14	nervous system development	108020206,108016094,108006869,108007294,108018047,108011413,108021816,108018288,108020590,108012261
GO:0000813	2.179	2	0.7270900000	1.0000000000	2	6	6	ESCRT I complex	108016368,108016614
GO:0007017	3.136	3	0.7277900000	1.0000000000	3	7	7	microtubule-based process	108016950,108009105,108011645
GO:0009058	8.544	8	0.7295100000	1.0000000000	8	14	14	biosynthetic process	108018647,108020160,108021633,108006282,108018230,108019499,108021098,108006531
GO:0006629	17.831	17	0.7314700000	1.0000000000	17	27	27	lipid metabolic process	108016816,108021478,108012552,108019348,108020249,108007402,108021686,108009156,108018375,108013430,108013497,108014008,108021121,108004657,108005994,108015441,108005212
GO:0016279	2.041	2	0.7322200000	1.0000000000	2	4	9	protein-lysine N-methyltransferase activity	108004816,108012825
GO:0006826	3.230	3	0.7323400000	1.0000000000	3	6	6	iron ion transport	108010445,108006514,108009658
GO:0006086	3.148	3	0.7328900000	1.0000000000	3	5	5	pyruvate decarboxylation to acetyl-CoA	108016982,108016651,108021149
GO:0006270	7.637	7	0.7336400000	1.0000000000	7	15	15	DNA replication initiation	108013742,108012450,108021555,108013116,108018128,108017115,108006462
GO:0005049	3.093	3	0.7338800000	1.0000000000	3	5	5	nuclear export signal receptor activity	108019177,108016940,108019511
GO:0015267	6.094	6	0.7355400000	1.0000000000	6	8	8	channel activity	108006782,108010101,108010284,108009655,108009654,108009652
GO:0031124	2.153	2	0.7356200000	1.0000000000	2	5	5	mRNA 3'-end processing	108012435,108014695
GO:0016818	4.181	4	0.7359900000	1.0000000000	4	6	6	hydrolase activity, acting on acid anhydrides, in phosphorus-containing anhydrides	108010268,108021066,108021064,108021065
GO:0030425	35.426	34	0.7372100000	1.0000000000	34	58	58	dendrite	108020919,108009716,108016014,108021350,108010686,108009834,108008532,108016174,108020130,118878561,108013000,108013143,108010941,108011348,108012672,108009006,139352873,108013200,108019510,108019512,108019509,108012908,108012948,108009292,108016595,118878130,108012222,108014148,108016774,108010545,136116999,108016739,108015416,108011040
GO:0004842	11.653	11	0.7387700000	1.0000000000	11	24	26	ubiquitin-protein transferase activity	108020975,108021497,108004914,108018863,108010034,108010077,108014769,108014019,108011824,108020888,108008241
GO:0031369	3.363	3	0.7404200000	1.0000000000	3	9	9	translation initiation factor binding	108017441,108009885,108019889
GO:0006979	15.732	15	0.7404300000	1.0000000000	15	25	25	response to oxidative stress	108017414,118878588,108007161,108011235,108021574,108011479,108013252,108012053,108010221,108014750,108019750,108005172,108020789,108021140,108005979
GO:0000079	6.408	6	0.7405200000	1.0000000000	6	12	13	regulation of cyclin-dependent protein serine/threonine kinase activity	108021431,108010810,108021500,108007485,108010245,108009382
GO:0003743	20.411	19	0.7424500000	1.0000000000	19	45	55	translation initiation factor activity	108005380,108007069,108005426,108009885,108004924,108012712,108015766,108020374,108013230,108018230,108017728,108021043,108014756,108009514,108016629,108008310,108014928,108011895,108012363
GO:0045454	4.644	4	0.7425900000	1.0000000000	4	15	15	cell redox homeostasis	108007161,108019124,108008806,108005172
GO:0008219	5.662	5	0.7434800000	1.0000000000	5	13	13	cell death	108010761,108009687,108011281,108021019,108021113
GO:0051787	2.143	2	0.7436400000	1.0000000000	2	5	5	misfolded protein binding	108020967,108005826
GO:0010508	3.085	3	0.7466700000	1.0000000000	3	5	5	positive regulation of autophagy	108005383,108007276,108012830
GO:0003341	10.598	10	0.7471900000	1.0000000000	10	16	16	cilium movement	108010702,108021329,108008483,108009939,108021736,108013202,108013502,108006548,108010656,108008344
GO:0003688	5.465	5	0.7478100000	1.0000000000	5	10	10	DNA replication origin binding	108021555,108013116,108018128,108006462,108014873
GO:0032259	1.042	1	0.7494200000	1.0000000000	1	3	8	methylation	108011635
GO:0032543	10.050	9	0.7524100000	1.0000000000	9	27	27	mitochondrial translation	108016088,118877250,108008688,108013933,108021557,108014463,108015786,108007506,108018313
GO:0007052	11.869	11	0.7526000000	1.0000000000	11	21	21	mitotic spindle organization	108018660,108020942,108019096,108006742,108019225,108017674,108020350,108018071,108021060,108005937,108012392
GO:0045504	8.572	8	0.7532800000	1.0000000000	8	14	14	dynein heavy chain binding	108010702,108019102,108009939,108013202,108005000,108013502,108009657,108004715
GO:0007186	53.364	52	0.7533000000	1.0000000000	52	70	74	G protein-coupled receptor signaling pathway	108019986,108006668,108009720,108016083,108012426,108011161,108018727,108021511,108008527,108020209,108012514,108013852,108020110,108013862,108016983,108010931,108008607,108010973,108021586,108010005,108013291,108018988,108018107,108008755,108009115,108021698,136116597,108017616,108008852,108019579,108012862,108015991,108016407,108015271,118877629,108010408,108012984,108021042,108007747,108007757,108005126,108008207,108021108,108021155,108016644,108015458,108011082,108019874,108005292,108013607,108016751,108011059
GO:0043984	3.292	3	0.7548000000	1.0000000000	3	6	6	obsolete histone H4-K16 acetylation	108013895,108021496,108009414
GO:0031683	6.183	6	0.7553700000	1.0000000000	6	8	9	G-protein beta/gamma-subunit complex binding	108009816,108013285,108019472,108019611,108019778,108019779
GO:0030897	2.028	2	0.7575100000	1.0000000000	2	4	5	HOPS complex	108013290,108006983
GO:0016342	12.124	12	0.7576100000	1.0000000000	12	14	14	catenin complex	108016895,139353230,108015501,108019312,108007294,108018279,108020590,108016507,108014792,108020739,108009550,108014867
GO:0005891	7.737	8	0.7585200000	1.0000000000	8	8	8	voltage-gated calcium channel complex	108016046,108021430,108010018,108016339,108021783,108015997,108006298,108019835
GO:0001664	10.600	10	0.7587500000	1.0000000000	10	16	17	G protein-coupled receptor binding	108009816,108010828,108018862,108013285,108019472,108009115,108019611,108019778,108019779,108013557
GO:0007193	8.349	8	0.7595100000	1.0000000000	8	11	11	adenylate cyclase-inhibiting G protein-coupled receptor signaling pathway	108012599,108005554,108013105,108013597,108011923,108011925,108011978,108011980
GO:0000387	4.601	4	0.7627900000	1.0000000000	4	14	14	spliceosomal snRNP assembly	108009863,108010159,108020890,108008332
GO:0046907	5.260	5	0.7638700000	1.0000000000	5	8	8	intracellular transport	108010710,108007928,108019161,108017733,108005919
GO:1990726	1.244	1	0.7644300000	1.0000000000	1	5	5	Lsm1-7-Pat1 complex	108015778
GO:0000822	3.167	3	0.7645200000	1.0000000000	3	5	5	inositol hexakisphosphate binding	108019160,108011433,108019889
GO:0035371	8.441	8	0.7651100000	1.0000000000	8	15	15	microtubule plus-end	108013725,108010671,108019231,108020240,108013324,108015216,108007701,108019729
GO:0005615	242.933	237	0.7653700000	1.0000000000	237	457	465	extracellular space	108014254,108015573,108014242,108014243,108019923,108005341,108020964,108018646,118877969,108009744,108008414,108010711,108009739,108020990,108008466,108009790,108021407,108008372,108019015,108011107,108013741,108011144,108011148,108016821,108004893,108015551,108016875,108011169,108018740,108006739,108018785,108016122,108018782,108008501,108006771,108018764,108010858,108021501,108016163,108016158,108010838,108016146,108005499,108016139,108008570,108013912,108008588,108013918,108010865,108016172,108008473,108021445,108019126,108019121,108019128,108013891,108016905,108019182,118877277,108016964,108011278,108016980,108014328,118876801,108017530,108005537,108017540,108016283,108008665,108009965,108008648,108012714,139352946,108019328,108012638,108012607,108020289,108009013,108006804,108010045,108012697,108014452,108013129,108009088,108013113,139353499,108006994,108018973,108005646,108006988,108013261,108008739,108008742,108008749,108015012,108020421,108018102,108021735,108015061,108007427,108019473,108020434,108019459,108006143,108020376,108020371,108011413,108012727,108018033,108012733,108012794,108018078,108013217,108015853,108013252,108018944,108014567,108005613,108006946,108014555,108005789,108008810,108016448,108008822,108015101,108012067,108017747,108019517,108006204,108021801,108008842,108016451,108016457,108019555,108019550,118877537,118877546,108006227,108006228,108016493,108015166,108006280,108006262,118877569,108019484,108010259,108015934,108017724,108017716,108004553,108016539,108019639,108008959,108006308,108006364,108005005,108009427,118877698,108018377,108020668,108019682,108008012,108008022,108009328,108011654,108005835,108013444,108013447,108005803,108014760,108005807,108014757,108013490,108016522,108013484,108017842,108005854,108013464,108015319,108007777,108007776,108014043,108006425,108006485,108020758,108020754,108005131,108008210,108009555,108009552,108011839,108009443,108010440,108010445,118877368,108008175,108021145,108021141,108010494,108021130,108009482,108009492,108005941,108005931,108005929,118876908,108017937,108014183,108019876,108018524,108011946,108017240,108006573,108009612,108017224,108017225,108010653,108011966,108008326,108009658,108008256,108021234,108009564,108008245,108021265,108008270,108011026,108021294,108013675,108011013,108013677,108012347,136116980,108011076,136116982,108015422,108016733
GO:0043138	5.382	5	0.7660800000	1.0000000000	5	8	8	3'-5' DNA helicase activity	108013265,108006112,108017037,108006462,108013508
GO:0051082	24.975	23	0.7662000000	1.0000000000	23	61	73	unfolded protein binding	108015590,108006675,108020967,108014275,108021503,108007242,108007143,108012527,108009975,108012618,108008807,108013328,108019626,108015340,108017108,108009479,108014830,108013578,108017903,108015445,108018520,108011968,108012384
GO:0051560	4.197	4	0.7663400000	1.0000000000	4	7	7	mitochondrial calcium ion homeostasis	108021404,108013141,108012789,108006337
GO:0033554	3.213	3	0.7673000000	1.0000000000	3	6	6	cellular response to stress	108007161,108005172,108020895
GO:0006874	13.594	13	0.7680000000	1.0000000000	13	18	18	intracellular calcium ion homeostasis	108019931,108013715,108015667,108018021,108006821,108005659,108008727,108020464,108019576,108020476,108009296,108019716,108007704
GO:0000245	3.451	3	0.7702300000	1.0000000000	3	8	8	spliceosomal complex assembly	108019939,108016599,108017993
GO:0007259	3.160	3	0.7707200000	1.0000000000	3	5	5	cell surface receptor signaling pathway via JAK-STAT	108010409,108010411,108007806
GO:0031514	7.561	7	0.7712800000	1.0000000000	7	12	12	motile cilium	108008483,108018986,108008767,108020518,108014872,108008344,108011004
GO:0031012	48.890	47	0.7731200000	1.0000000000	47	77	77	extracellular matrix	108014254,108014242,108014243,108009739,108008364,108019066,108015555,108015689,108018782,108010858,108013912,108008588,108008660,108008648,108012714,108020289,108013129,108018973,108008739,108021735,108012727,108012733,108012794,108019555,108010222,108010258,108014649,108007623,108005005,108018377,108019682,108009322,108013444,108016522,108013484,108013464,108006437,108020758,108017100,118877368,108008175,108021145,108009482,108009492,108015473,108014183,108010653
GO:0008134	9.805	9	0.7740400000	1.0000000000	9	19	19	transcription factor binding	108005313,108005335,108013767,108020029,108013337,108008076,108010488,108013672,108012343
GO:0016491	37.027	35	0.7756400000	1.0000000000	35	63	65	oxidoreductase activity	139353186,108019918,108018656,108005331,108007023,108015500,108016889,108006750,108006731,108008506,108021537,108014329,108013176,108006004,139352915,108008646,108020269,108013102,118877849,108018124,108015114,118877558,108010233,108004571,108020645,108007662,108020673,108009336,108010503,108009476,108016789,108007879,108007014,108008288,108015415
GO:0030332	3.206	3	0.7768300000	1.0000000000	3	5	5	cyclin binding	108010057,108006911,108015840
GO:0000070	2.351	2	0.7774300000	1.0000000000	2	5	5	mitotic sister chromatid segregation	108012692,108017674
GO:0022848	9.032	9	0.7785500000	1.0000000000	9	10	10	acetylcholine-gated monoatomic cation-selective channel activity	139353246,108021510,108020196,108018853,108018807,108015077,108018039,108015189,108006426
GO:0070979	2.339	2	0.7794900000	1.0000000000	2	6	6	protein K11-linked ubiquitination	108005356,108009435
GO:0018095	5.447	5	0.7812400000	1.0000000000	5	8	8	protein polyglutamylation	108007166,108021570,108020404,108009180,108014660
GO:0051287	16.228	15	0.7813100000	1.0000000000	15	28	33	NAD binding	108004872,108016132,108021655,139352981,108010186,108010177,108013233,108020523,108020514,108012964,108014689,108013427,108014125,108009622,108009624
GO:0005504	4.284	4	0.7817600000	1.0000000000	4	6	6	fatty acid binding	108009736,108021566,108010033,108008338
GO:0000470	3.674	3	0.7819800000	1.0000000000	3	11	11	maturation of LSU-rRNA	108018650,108010158,108014088
GO:0005121	5.087	5	0.7832500000	1.0000000000	5	6	6	Toll binding	108016137,108012558,108020187,108018935,108009350
GO:0021556	5.087	5	0.7832500000	1.0000000000	5	6	6	central nervous system formation	108016137,108012558,108020187,108018935,108009350
GO:0071986	1.303	1	0.7852000000	1.0000000000	1	5	5	Ragulator complex	108004815
GO:0061709	4.100	4	0.7858900000	1.0000000000	4	5	5	reticulophagy	108007994,108007276,108006975,108013211
GO:0031167	4.671	4	0.7859000000	1.0000000000	4	9	9	rRNA methylation	108008366,108013887,108006048,108020453
GO:0070181	1.320	1	0.7883600000	1.0000000000	1	5	5	small ribosomal subunit rRNA binding	108021778
GO:0006268	4.433	4	0.7888200000	1.0000000000	4	7	7	obsolete DNA unwinding involved in DNA replication	108012450,108006112,108017778,108013508
GO:0006400	2.437	2	0.7896900000	1.0000000000	2	6	6	tRNA modification	108020552,108015376
GO:0009982	4.422	4	0.7908100000	1.0000000000	4	9	9	pseudouridine synthase activity	108021545,108013309,108005031,108009608
GO:0006486	13.160	12	0.7908600000	1.0000000000	12	22	23	protein glycosylation	108008427,108007177,108010016,108005897,108009408,108009359,108009361,108009375,108005928,108011977,108014914,108021261
GO:0005759	17.640	16	0.7911400000	1.0000000000	16	35	36	mitochondrial matrix	108008454,108007064,108019224,108013887,108010923,108017597,108011352,108014466,108010079,108007490,108011490,108015152,108017046,108005196,108013524,108010485
GO:0008021	9.776	9	0.7925000000	1.0000000000	9	15	15	synaptic vesicle	108014292,108012405,108005457,108011264,108015761,108007483,108005790,108009252,108017128
GO:0006744	6.759	6	0.7925300000	1.0000000000	6	12	12	ubiquinone biosynthetic process	108010765,108010147,108018157,108013493,108005182,108012305
GO:0004672	31.526	30	0.7934000000	1.0000000000	30	46	48	protein kinase activity	108018621,108019113,108011102,108015503,108004870,108021631,108015014,108009162,108014587,108013259,108006947,108021820,108017782,108015174,108006259,108011530,108010246,108011645,108011641,108021060,108008901,108005134,108014895,108012254,108019866,108011990,108012339,108014998,108012399,108011050
GO:0051256	2.252	2	0.7941600000	1.0000000000	2	5	5	mitotic spindle midzone assembly	108020070,108011277
GO:0051539	9.085	8	0.7942100000	1.0000000000	8	19	22	4 iron, 4 sulfur cluster binding	108012569,108008892,108020552,118877643,108007733,108017106,108021127,108005987
GO:0071577	6.682	6	0.7943500000	1.0000000000	6	11	13	zinc ion transmembrane transport	108013070,108010950,108021705,108009114,108015450,108021269
GO:0044183	2.413	2	0.7948600000	1.0000000000	2	8	17	protein folding chaperone	108009975,108011490
GO:0000045	12.071	11	0.7949400000	1.0000000000	11	22	22	autophagosome assembly	108007994,108015511,108020198,108007276,108006975,108006072,108013211,108021826,108018414,108009581,108004757
GO:0005184	3.998	4	0.7960300000	1.0000000000	4	5	5	neuropeptide hormone activity	108014328,108011528,108015934,108009628
GO:0003756	6.956	6	0.7960400000	1.0000000000	6	14	14	protein disulfide isomerase activity	108016172,108011282,108009990,108006311,108005157,108019876
GO:0004017	2.357	2	0.7960700000	1.0000000000	2	5	5	AMP kinase activity	108012113,108019794
GO:0045292	3.689	3	0.7973000000	1.0000000000	3	10	11	mRNA cis splicing, via spliceosome	108015506,108010963,108020891
GO:0042995	6.504	6	0.7978600000	1.0000000000	6	10	10	cell projection	108007072,108016809,108015775,108006953,108012870,108016643
GO:0016787	8.987	8	0.7983200000	1.0000000000	8	17	19	hydrolase activity	108008404,108020160,108012542,108013265,108006194,108014039,118877382,108009480
GO:0016263	6.813	6	0.7983400000	1.0000000000	6	12	12	glycoprotein-N-acetylgalactosamine 3-beta-galactosyltransferase activity	108021364,108019165,108015080,108007521,108007524,108011859
GO:0016267	6.813	6	0.7983400000	1.0000000000	6	12	12	obsolete core 1 and core 2 O-glycan biosynthetic process	108021364,108019165,108015080,108007521,108007524,108011859
GO:0009887	12.222	12	0.7988600000	1.0000000000	12	14	14	animal organ morphogenesis	108015573,108019063,108015652,108021641,108013119,108013332,108006347,108006349,108006389,108021153,108009643,108016740
GO:0000290	2.280	2	0.7997500000	1.0000000000	2	5	5	deadenylation-dependent decapping of nuclear-transcribed mRNA	108020535,108010223
GO:0051231	4.481	4	0.8010300000	1.0000000000	4	7	7	spindle elongation	108018660,108020942,108020350,108012392
GO:0006816	2.217	2	0.8025700000	1.0000000000	2	4	5	calcium ion transport	108009826,108013190
GO:0061077	2.024	2	0.8027600000	1.0000000000	2	4	6	obsolete chaperone-mediated protein folding	108009975,108016356
GO:0005749	2.370	2	0.8029400000	1.0000000000	2	5	5	obsolete mitochondrial respiratory chain complex II, succinate dehydrogenase complex (ubiquinone)	108009763,108006032
GO:0010494	5.320	5	0.8036100000	1.0000000000	5	7	7	cytoplasmic stress granule	139353189,108018834,108018085,108009368,108014795
GO:0017183	2.313	2	0.8040200000	1.0000000000	2	5	5	protein histidyl modification to diphthamide	108010696,108005118
GO:0047498	3.340	3	0.8050300000	1.0000000000	3	6	6	calcium-dependent phospholipase A2 activity	108005479,108007219,108016997
GO:0001731	2.508	2	0.8060400000	1.0000000000	2	6	6	formation of translation preinitiation complex	108005380,108004924
GO:0005834	8.643	8	0.8060800000	1.0000000000	8	14	15	heterotrimeric G-protein complex	108019054,108009816,108013285,108019472,108019611,108019778,108019779,108011059
GO:0009755	7.797	8	0.8077300000	1.0000000000	8	8	8	hormone-mediated signaling pathway	108019976,108005453,108021632,108015808,108012052,108021039,108010479,108017240
GO:0097526	1.400	1	0.8086400000	1.0000000000	1	5	5	spliceosomal tri-snRNP complex	108020890
GO:0032266	7.596	7	0.8086700000	1.0000000000	7	11	11	phosphatidylinositol-3-phosphate binding	108019069,108013091,108006001,108013211,108013566,108005919,108021167
GO:0090263	5.215	5	0.8088600000	1.0000000000	5	7	7	positive regulation of canonical Wnt signaling pathway	108019064,108007342,108014025,108012245,108010587
GO:0032922	3.297	3	0.8089100000	1.0000000000	3	5	5	circadian regulation of gene expression	108006854,108017559,108006238
GO:0042594	4.133	4	0.8090300000	1.0000000000	4	5	5	response to starvation	108005305,108007276,108006975,108018203
GO:0042826	4.511	4	0.8091500000	1.0000000000	4	8	8	histone deacetylase binding	108009784,108017772,108005730,108007724
GO:0032580	4.292	4	0.8092100000	1.0000000000	4	6	6	Golgi cisterna membrane	108005467,108005450,108019151,108008479
GO:0004386	7.826	7	0.8092600000	1.0000000000	7	12	12	helicase activity	108021418,108004858,108016979,108021610,108019491,108015371,108012277
GO:0043539	3.253	3	0.8099700000	1.0000000000	3	5	5	protein serine/threonine kinase activator activity	108020298,108008744,108015192
GO:0020037	80.779	77	0.8108000000	1.0000000000	77	129	130	heme binding	108007968,108006685,108005397,108009751,108009764,108017397,108008381,108007096,108016828,108004830,108012461,108012453,108005433,108009815,108010848,118878588,108013828,108013829,108004915,108016946,108016931,108016981,108017524,108008671,108018008,108021574,108019259,108014401,108005504,108005505,108012816,108019387,108011479,108009153,108015840,108013252,108017741,108017740,108012053,108021821,108021836,108019593,108009231,108009232,108009264,108009272,108015929,108014659,108015979,108014680,108014671,108008947,108008949,108008948,108017871,118877697,108008102,108008061,108014750,108012166,108017819,108019793,108005183,108020789,108021112,108017081,108008189,108021140,108021129,139352569,108005981,108004657,108005979,108014127,108007869,108005242,108014959
GO:0000724	17.651	16	0.8113200000	1.0000000000	16	33	33	double-strand break repair via homologous recombination	108019116,108020133,108006882,108006001,108008644,108021572,108009064,108006841,108019454,108006084,108020607,108013508,108005936,108013559,108021166,108009605
GO:0000176	3.791	3	0.8118600000	1.0000000000	3	10	10	nuclear exosome (RNase complex)	108017596,108009204,108009410
GO:0051959	12.290	12	0.8125400000	1.0000000000	12	14	17	dynein light intermediate chain binding	108015691,108019204,108020148,108013006,108014444,108014446,108016394,108012831,108018365,108021122,108016798,108021242
GO:0080008	5.943	5	0.8132500000	1.0000000000	5	13	14	Cul4-RING E3 ubiquitin ligase complex	108007252,108007296,108010009,108009176,108019708
GO:0097250	1.402	1	0.8178900000	1.0000000000	1	6	6	mitochondrial respirasome assembly	108006049
GO:0006612	3.542	3	0.8205600000	1.0000000000	3	8	8	protein targeting to membrane	108012913,108015340,108016729
GO:0005524	431.228	423	0.8206700000	1.0000000000	423	635	650	ATP binding	108020935,108020933,108015590,108018621,139353189,108020927,108005319,108005315,108014253,108014236,108020977,108009705,108018660,108017336,108005354,108007982,108017310,108014288,108020942,108014275,108008419,108009754,108008428,108010712,108009729,108005367,108005376,108005370,108020986,108021425,108019113,108016088,108021418,108008431,108017383,108013728,108019030,108021348,108021353,108010689,108010678,108013707,108021335,108019019,108008360,108021394,108013774,108020057,108004814,108011102,108013767,108013766,108007064,108020027,108007071,108011141,108020095,108020092,108011149,108015503,108019097,108019092,108013779,108004842,108012450,108020070,139353265,108015543,108004870,108011162,108016854,108011166,108005428,108005439,108015691,108014352,108009825,108013093,108009876,108010847,108009840,108010833,108009847,108009850,108009855,108008576,108016188,108007233,108007231,108019204,108019209,108021457,108007143,108020117,108020125,108008471,108016094,108016091,108016095,108011230,108016903,108016912,108004911,108020167,108012543,108016900,108020148,108012569,108011241,108013002,108013006,108016979,108006882,108013153,108014471,108010923,108017563,108021622,108021631,108010964,108009960,108007309,108021602,108021600,108008644,108007314,108018021,108018029,108007342,108019338,108020309,108007289,108007276,108021561,108021560,108015714,108009039,108020298,136116458,108019280,108015749,108009063,108015755,108015742,108010057,108009049,108011371,108009052,108014463,136117703,108015784,108015785,108014444,108015779,108014446,108015759,108009096,108006977,108006975,108013277,108006981,108013265,108021708,108021704,108016353,108015014,108006112,108020414,108015071,108020422,108019439,108021737,108020410,108016394,108019414,108012835,108021791,108019454,108018128,108012821,108020430,108009103,108018065,108018059,108020372,108006055,108021688,108018043,108018047,139352878,108020353,108020350,108018085,108011450,108020395,108014539,108006911,108006904,108009167,108010161,108009162,108015840,108006950,108005627,108014587,108018946,108013259,108005638,108013229,108013238,108006947,108010192,108005787,108017778,108016432,108013390,108016422,108016413,108012059,108021820,108007531,108007506,108017782,108018226,108006241,108015173,108015174,108019596,108006288,108006259,108012921,108020545,108018188,108009233,108018174,108018179,108009201,108011530,108011514,108012847,108009219,108018153,108015953,108010268,108015938,108009274,108010253,108009244,108009243,108010246,108009287,108009295,108014633,108014686,108016562,108005880,108005888,108005899,108016537,108016536,108015279,108020607,108020606,108008963,108007633,108015244,108015245,108016577,108015246,108019603,108019604,108006354,108020638,108006343,108005015,108018387,108009433,108009431,108017046,108018376,108009404,108017037,108018365,108009413,108009344,108010328,108011645,108010304,108011641,108008064,108021016,108014722,108008048,108008047,108009374,108011682,108005820,108021060,108012113,108013426,108016520,108017856,108008901,108012158,108013474,108021087,108021084,108015357,108007704,108017993,108004681,108012292,108007760,108019753,108019755,108014053,108015371,108015375,108014046,108020707,108019720,108014039,108018466,108019794,108005159,108014095,108018450,108017116,108005134,108006462,108018430,108009551,108005160,108018477,108020792,118877370,108009479,108009478,108010455,108013528,108021147,108021143,108005903,108021144,108005906,108014836,108013508,108021127,108010485,108021126,108021122,108014830,108014834,108016602,108005952,108014895,108021182,108014894,108013567,108021177,108012221,108014882,108017978,108004662,108005998,108013593,108012254,108017940,108018500,108014149,108007852,108016798,108019803,108011901,108005224,108019875,136116901,108006563,108005238,108019866,108018520,108015487,108017257,108009633,108009639,108011912,108010657,108009662,108011990,108011975,108009672,108011983,108011973,108005298,108005296,108018599,108013603,108013609,108013612,108021216,108021207,108014921,108014910,108008297,108012321,108004701,108014965,108013615,108013616,108013622,108014952,108004727,108013678,108021289,108014991,108021283,108014998,108015431,108014100,108012392,108012399,108011050,108012375
GO:0019005	12.563	11	0.8216200000	1.0000000000	11	28	31	SCF ubiquitin ligase complex	108020981,108009758,108006694,108010715,108007124,108014484,108018067,108015944,108009446,108009456,108006530
GO:0007266	6.513	6	0.8222300000	1.0000000000	6	9	10	Rho protein signal transduction	108021334,108016839,108011141,108011277,108005563,108006223
GO:0005635	11.110	10	0.8225100000	1.0000000000	10	16	16	nuclear envelope	108009779,108005460,108009892,108008744,108018141,108020363,108019511,108012895,108009409,108021232
GO:0034614	3.741	3	0.8230200000	1.0000000000	3	10	10	cellular response to reactive oxygen species	108019358,108019437,108016592
GO:0015114	4.421	4	0.8231100000	1.0000000000	4	6	6	obsolete phosphate ion transmembrane transporter activity	108008440,108009898,108019160,108011433
GO:0007601	4.571	4	0.8232900000	1.0000000000	4	8	8	visual perception	108006668,108018727,108020110,108012984
GO:0008236	5.172	5	0.8238900000	1.0000000000	5	6	6	serine-type peptidase activity	108005373,108020991,108013161,108005689,108005208
GO:0004553	4.599	4	0.8244200000	1.0000000000	4	7	7	hydrolase activity, hydrolyzing O-glycosyl compounds	108018867,108012868,108019665,108019857
GO:0004674	71.035	68	0.8245300000	1.0000000000	68	102	103	protein serine/threonine kinase activity	108015590,108020927,108009705,108017336,108009754,108019030,108010689,108021335,108013766,108020095,108020092,108019092,108004842,108004880,108011162,108005428,108009850,108020117,108016903,108016912,108012543,108011241,108013153,108007309,108021602,108007342,108007276,108009039,108020298,108011371,108006975,108021704,108020414,108012835,108009103,108020372,108006055,108011450,108006904,108009167,108007531,108020545,108009201,108016537,108016536,108008963,108015244,108016577,108006338,108008048,108008047,108012158,108017993,108014095,108009551,108018477,108014834,108014894,108014149,108011092,108016773,108019803,108005224,108019875,108005298,108018599,108011963,108021207
GO:0045211	21.642	21	0.8261600000	1.0000000000	21	24	24	postsynaptic membrane	108019970,108008383,108013711,108009694,108021510,108010888,108020196,108013000,108018853,108019326,108019327,108013990,108018807,108015077,108011506,108018039,108015189,108009307,108021079,108021095,108006426
GO:0016514	4.391	4	0.8278200000	1.0000000000	4	7	7	SWI/SNF complex	108007209,108013841,108011481,108012034
GO:0051537	10.295	9	0.8284700000	1.0000000000	9	20	20	2 iron, 2 sulfur cluster binding	108013806,108007023,108021638,108017789,108013556,108007014,108014945,108016761,108016750
GO:0005801	2.572	2	0.8285400000	1.0000000000	2	6	6	cis-Golgi network	108021337,108021832
GO:0034220	9.288	9	0.8287000000	1.0000000000	9	11	11	monoatomic ion transmembrane transport	139353246,108021510,108020196,108018853,108018807,108015077,108018039,108015189,108006426
GO:0005795	3.356	3	0.8298200000	1.0000000000	3	5	5	Golgi stack	108005315,108013414,118878124
GO:0042273	7.131	6	0.8303200000	1.0000000000	6	16	16	ribosomal large subunit biogenesis	108016264,108010048,139352168,108009319,108020720,108008290
GO:0004497	51.306	48	0.8303300000	1.0000000000	48	81	82	monooxygenase activity	108007968,108006685,108005397,108009751,108017397,108008381,108007096,108016828,108012461,108012453,108005433,108009815,108013828,108013829,108016946,108016931,108016981,108017524,108008671,108019259,108014401,108005504,108005505,108019387,108009153,108017741,108017740,108021821,108019593,108009231,108009232,108009264,108009272,108008947,108008949,108008948,108017871,118877697,108008102,108008061,108012166,108019793,108005183,139352569,108005981,108014127,108005242,108014959
GO:0016705	51.306	48	0.8303300000	1.0000000000	48	81	82	oxidoreductase activity, acting on paired donors, with incorporation or reduction of molecular oxygen	108007968,108006685,108005397,108009751,108017397,108008381,108007096,108016828,108012461,108012453,108005433,108009815,108013828,108013829,108016946,108016931,108016981,108017524,108008671,108019259,108014401,108005504,108005505,108019387,108009153,108017741,108017740,108021821,108019593,108009231,108009232,108009264,108009272,108008947,108008949,108008948,108017871,118877697,108008102,108008061,108012166,108019793,108005183,139352569,108005981,108014127,108005242,108014959
GO:0010506	5.675	5	0.8309100000	1.0000000000	5	9	9	regulation of autophagy	108006975,108012877,108006310,108004593,108011654
GO:0005770	6.749	6	0.8313300000	1.0000000000	6	10	11	late endosome	108009813,108015767,108013290,108006358,108019699,108009501
GO:0008333	3.685	3	0.8314400000	1.0000000000	3	7	7	endosome to lysosome transport	108009813,108015767,108009501
GO:0140664	4.784	4	0.8319300000	1.0000000000	4	8	8	ATP-dependent DNA damage sensor activity	108014253,108008644,108021560,108019454
GO:0003824	8.400	7	0.8330000000	1.0000000000	7	28	64	catalytic activity	118877915,108006152,108017001,108015343,108009511,108009453,108005234
GO:0000209	29.138	27	0.8334400000	1.0000000000	27	47	47	protein polyubiquitination	108006664,108008416,108021338,108019001,108004803,108016952,108015612,139353131,108013175,108018834,108010042,108005673,108018041,108018037,108006918,108013407,108021041,108013421,108005095,108005938,108013567,108005934,108017223,108009651,108010587,108011892,108021201
GO:0006265	3.451	3	0.8337600000	1.0000000000	3	5	5	DNA topological change	108005413,108021588,108020395
GO:0003676	72.604	68	0.8342200000	1.0000000000	68	199	495	nucleic acid binding	108007107,139352718,108021353,108013718,108009688,136117577,108008366,136117567,108013774,139352795,108012464,108010863,118876781,108009855,108019193,108013870,108016967,108015673,108014471,108010978,108009994,118877764,139352970,108021650,108007269,108010008,108009009,108015754,108013135,136117703,108021706,108017683,139352805,108020453,108018043,108014520,108005781,108012059,108006202,108015183,108012847,108014668,108014653,108009287,108007617,108007613,108017872,108008983,108019604,108006354,108011635,108009332,108013400,108014753,108016520,108006416,108020753,108020752,118877370,108013508,108016602,108017939,108018500,108011912,108020871,108012362,108012345,108021283
GO:0005856	36.498	35	0.8342400000	1.0000000000	35	45	48	cytoskeleton	108020927,108019968,108010771,108021375,108011141,108013052,108016131,108016130,108016914,108020167,108020163,108010034,108015775,108020414,108021791,108012802,108018038,108009155,108015121,108012911,108009301,108019601,108007693,108009431,108009519,108018394,108005925,108015316,108014138,108014157,108020893,108017244,108005241,108014905,108014991
GO:0033588	3.507	3	0.8355100000	1.0000000000	3	6	6	elongator holoenzyme complex	108008434,108013103,108018305
GO:0140326	5.828	6	0.8360300000	1.0000000000	6	6	6	ATPase-coupled intramembrane lipid transporter activity	108020933,108019280,108006288,108006343,108019755,108020707
GO:0051225	8.158	7	0.8371800000	1.0000000000	7	17	17	spindle assembly	108013721,108019231,108020240,108014663,108015345,108007701,108021282
GO:1905515	8.080	7	0.8380500000	1.0000000000	7	13	13	non-motile cilium assembly	108007973,108021666,108009057,108005809,108021227,108013625,108012344
GO:0005740	2.697	2	0.8382300000	1.0000000000	2	7	7	mitochondrial envelope	108007074,108008307
GO:0000177	2.791	2	0.8389800000	1.0000000000	2	8	8	cytoplasmic exosome (RNase complex)	108017596,108009204
GO:0015631	7.069	6	0.8405400000	1.0000000000	6	13	14	tubulin binding	108007166,108021570,108020404,108009180,108005606,108017142
GO:0031594	4.412	4	0.8409800000	1.0000000000	4	6	6	neuromuscular junction	108016807,108013190,108020331,108013293
GO:1990817	4.742	4	0.8417600000	1.0000000000	4	9	9	poly(A) RNA polymerase activity	108009884,108009302,108006339,108006447
GO:0000400	3.626	3	0.8428600000	1.0000000000	3	6	6	four-way junction DNA binding	108014474,108008644,108017037
GO:0001227	8.050	7	0.8429900000	1.0000000000	7	13	14	DNA-binding transcription repressor activity, RNA polymerase II-specific	108020076,108019137,108012587,108021703,108011407,108016555,108018358
GO:0000077	5.396	5	0.8436200000	1.0000000000	5	7	7	DNA damage checkpoint signaling	108016010,108010833,108020117,108015620,108006338
GO:0008569	11.037	11	0.8440200000	1.0000000000	11	12	15	minus-end-directed microtubule motor activity	108015691,108019204,108020148,108013006,108014444,108014446,108016394,108012831,108018365,108021122,108016798
GO:0055064	4.098	4	0.8442300000	1.0000000000	4	5	5	chloride ion homeostasis	108021435,108016237,108013269,108018109
GO:0055075	4.098	4	0.8442300000	1.0000000000	4	5	5	potassium ion homeostasis	108021435,108016237,108013269,108018109
GO:0036157	2.424	2	0.8447700000	1.0000000000	2	5	5	outer dynein arm	108010702,108009939
GO:1904263	3.794	3	0.8455700000	1.0000000000	3	7	7	positive regulation of TORC1 signaling	108016036,108015519,108005772
GO:0071028	1.526	1	0.8472500000	1.0000000000	1	5	5	nuclear mRNA surveillance	108009204
GO:0033539	2.626	2	0.8483000000	1.0000000000	2	5	5	fatty acid beta-oxidation using acyl-CoA dehydrogenase	108009224,108015957
GO:0030687	6.263	5	0.8491800000	1.0000000000	5	16	16	preribosome, large subunit precursor	108014405,108009319,108009219,108014088,108008316
GO:0009888	8.845	9	0.8492300000	1.0000000000	9	9	9	tissue development	108019063,108013119,108015808,108013332,108006347,108006349,108021039,108021153,108016740
GO:0004439	2.609	2	0.8512100000	1.0000000000	2	5	5	phosphatidylinositol-4,5-bisphosphate 5-phosphatase activity	108009688,108008337
GO:0050661	7.153	6	0.8516700000	1.0000000000	6	14	14	NADP binding	108016847,108008562,108010186,108015341,108021112,108007833
GO:0030659	4.267	4	0.8524700000	1.0000000000	4	5	5	cytoplasmic vesicle membrane	108013740,108019910,108019209,108019161
GO:0006810	3.589	3	0.8524800000	1.0000000000	3	6	7	transport	108010131,108015351,108020746
GO:0006096	10.748	9	0.8527100000	1.0000000000	9	23	23	glycolytic process	108017407,108015611,108020309,108010186,108020525,108020517,108016562,108014070,108017940
GO:0043161	27.935	25	0.8529500000	1.0000000000	25	58	60	proteasome-mediated ubiquitin-dependent protein catabolic process	108006664,108008365,108021391,108004854,108011128,108005589,108021661,108010009,108010038,108018041,108018037,108011553,108013368,118877613,108021041,118877356,108005938,108012235,108005934,108007852,108016775,108009644,108021224,108009592,108004727
GO:0006906	6.271	5	0.8539600000	1.0000000000	5	14	14	vesicle fusion	108012405,108021518,108011264,108018438,118877357
GO:0004725	17.219	16	0.8542800000	1.0000000000	16	23	26	protein tyrosine phosphatase activity	108005337,108010724,108016858,108020109,108019127,108007284,108013270,108013260,108012802,108010280,108015212,108015265,108021005,108014712,108015326,108021272
GO:0007219	12.088	11	0.8556100000	1.0000000000	11	20	20	Notch signaling pathway	108009712,108020995,108010757,108018762,108016135,108018886,108017587,108010106,108020692,108014019,108015444
GO:0006378	8.285	7	0.8559200000	1.0000000000	7	15	15	obsolete mRNA polyadenylation	108004873,108009884,108009316,108014694,108005734,108006339,108006447
GO:0004653	8.993	8	0.8560700000	1.0000000000	8	12	12	polypeptide N-acetylgalactosaminyltransferase activity	108021635,108018924,108018200,108012937,108017738,108009386,108010462,108021266
GO:0006405	4.852	4	0.8562100000	1.0000000000	4	9	9	RNA export from nucleus	108009773,108011137,108021073,108008266
GO:0003730	14.110	13	0.8577300000	1.0000000000	13	21	21	mRNA 3'-UTR binding	108009863,108013881,108013199,108006962,108012866,108006181,108012996,108014764,108014052,108014865,108017922,108021174,108014119
GO:0008194	21.509	19	0.8579800000	1.0000000000	19	36	37	UDP-glycosyltransferase activity	118877909,108011103,108021477,108004904,108006012,108006011,108021724,108006056,108010195,108007512,108009317,108020709,108011867,108005197,139352512,139352581,108006505,108011086,108011927
GO:0006884	4.188	4	0.8581500000	1.0000000000	4	6	6	cell volume homeostasis	108021435,108016237,108013269,108018109
GO:0050482	3.648	3	0.8582200000	1.0000000000	3	7	7	arachidonate secretion	108005479,108007219,108016997
GO:0006120	5.395	4	0.8588600000	1.0000000000	4	16	18	mitochondrial electron transport, NADH to ubiquinone	108016830,108005179,108015445,108018578
GO:0042026	7.448	6	0.8590200000	1.0000000000	6	17	19	protein refolding	108007064,108013328,108017046,108013578,108017903,108011968
GO:0055085	196.423	190	0.8593300000	1.0000000000	190	273	276	transmembrane transport	108006649,108015575,108019931,108020977,108009717,108005357,108014293,108005324,108017310,108014288,108018644,108014279,108010712,108020996,108008409,108020986,108009781,108013726,108010697,108009681,108020057,108015514,139353265,108015543,108015549,108016865,108014201,108014380,108005419,108018739,108015694,108014357,108018783,108006782,118876769,108009847,108005497,108021524,108007233,108009891,108019209,108009890,108021473,108021457,108021452,108012502,108007155,108016093,108016915,108014304,108015607,108015668,108006700,108006880,108013146,108010934,108005596,108007341,118877790,108018008,108012616,108007268,108012605,108021561,108015714,108019286,108015745,108014404,139352153,108006820,108014436,108016300,108021708,108007405,108008741,108007411,108008748,108016353,108008727,108008786,108021737,108015045,108007483,108019477,108018120,108012821,108010101,108011417,108007389,108012730,108010136,108015810,108013214,108014526,118877099,108013241,108016432,108021818,108018226,108018206,108006276,108009300,108019576,108009222,108018182,108009233,108009234,108018174,108018179,108009203,118877597,108018167,108011514,108009261,108011582,108010236,108014665,108010284,108013312,108009296,108005886,108008972,108015245,108015246,108005036,108020633,108018324,108020629,108015288,108020667,108010328,108010315,108012966,108012965,108009385,108009363,108021016,108009362,108012121,108021061,108008075,108017996,108015337,108012292,108015398,108015370,108019735,108019725,108019785,108017112,108005194,108020794,108020792,108017098,108014805,108009478,108017084,108017072,108008121,108021147,108021143,108021144,108014840,108005940,108013548,108013553,108014883,108021168,108017952,108006527,108019815,136116901,108020839,108017242,108017246,108019899,108014198,108014199,108014196,108017293,108009655,108009654,108009652,108013612,108013600,108013616,108013622,108004735,108015413,108015411
GO:0007131	3.951	3	0.8610500000	1.0000000000	3	8	8	reciprocal meiotic recombination	108019006,108008644,108019454
GO:0003697	18.373	16	0.8611000000	1.0000000000	16	34	34	single-stranded DNA binding	108005362,108005370,108012450,108021488,108006882,108008644,108006112,108019454,108017778,108020607,108017980,108006462,108014873,108009605,108008334,108008287
GO:0006606	19.448	17	0.8612700000	1.0000000000	17	36	37	protein import into nucleus	108009773,108011137,108008652,108015827,108013237,108019511,108006188,118877638,108008068,108009373,108021073,108015335,108010540,108021117,108006568,108013624,108004754
GO:1902476	16.130	15	0.8613500000	1.0000000000	15	20	20	chloride transmembrane transport	108010870,108021435,108016237,108017645,108013269,108018109,108018926,108012887,108014651,108006312,108009518,108004795,108014170,108014169,108011881
GO:0007218	13.909	13	0.8627000000	1.0000000000	13	17	19	neuropeptide signaling pathway	108004832,108004831,108016124,108008561,108014328,108010050,108016307,108006902,108015934,108018290,108010457,108013575,108017212
GO:0045039	1.554	1	0.8634900000	1.0000000000	1	5	5	protein insertion into mitochondrial inner membrane	108018990
GO:1990124	2.892	3	0.8635000000	1.0000000000	3	5	5	obsolete messenger ribonucleoprotein complex	108012866,108009368,108014865
GO:0032222	9.441	8	0.8637600000	1.0000000000	8	17	17	regulation of synaptic transmission, cholinergic	108010706,108007931,108021607,108006313,108006299,108008228,108009497,108008250
GO:1903818	9.441	8	0.8637600000	1.0000000000	8	17	17	positive regulation of voltage-gated potassium channel activity	108010706,108007931,108021607,108006313,108006299,108008228,108009497,108008250
GO:0030431	9.441	8	0.8637600000	1.0000000000	8	17	17	sleep	108010706,108007931,108021607,108006313,108006299,108008228,108009497,108008250
GO:0034976	3.638	3	0.8640900000	1.0000000000	3	6	6	response to endoplasmic reticulum stress	108009990,108009969,108017127
GO:0008235	13.155	12	0.8644800000	1.0000000000	12	16	16	metalloexopeptidase activity	108008405,108009918,108009919,108008893,108010292,108008915,108010305,108008168,108009569,108009572,108009570,108009571
GO:0031201	12.106	10	0.8658300000	1.0000000000	10	30	30	SNARE complex	139353199,108012405,108014374,108021518,108011264,108015761,108013305,108005140,108009470,118877357
GO:0009116	2.530	2	0.8661300000	1.0000000000	2	5	5	nucleoside metabolic process	108013380,108015343
GO:1990246	3.461	3	0.8667100000	1.0000000000	3	6	6	uniplex complex	108021404,108013141,108012789
GO:0036444	3.461	3	0.8667100000	1.0000000000	3	6	6	calcium import into the mitochondrion	108021404,108013141,108012789
GO:0009267	1.540	1	0.8670400000	1.0000000000	1	4	5	cellular response to starvation	108004593
GO:0032589	16.756	16	0.8675600000	1.0000000000	16	19	21	neuron projection membrane	108016052,108021455,108019247,108019290,108010078,108019447,108021680,108010262,108013434,108006566,108014158,108010612,108010614,108021264,108013630,108004740
GO:0000340	4.808	4	0.8678900000	1.0000000000	4	9	9	RNA 7-methylguanosine cap binding	108012712,108015766,108014928,108012363
GO:0034975	3.749	3	0.8682700000	1.0000000000	3	8	8	protein folding in endoplasmic reticulum	108018792,118877799,118878009
GO:0044772	3.752	3	0.8684100000	1.0000000000	3	8	8	mitotic cell cycle phase transition	108010810,108007485,108010245
GO:0005840	49.808	46	0.8691300000	1.0000000000	46	115	124	ribosome	118877954,108016089,108008443,108007117,108021355,108008371,108008387,108011119,108007902,108005404,108006734,139353050,108006793,108008534,108010846,108008498,108008470,108021494,108011263,108012582,108016928,108006717,108017506,139352928,108021615,108006006,108016264,108013933,139352168,108015003,108008787,108009151,108010120,108015851,108006926,108016485,108018225,108018185,108018313,108012982,108016679,108020720,108015378,108015488,108009599,108012391
GO:0031966	4.989	4	0.8691700000	1.0000000000	4	9	9	mitochondrial membrane	108017495,108017789,108012123,108014945
GO:0018279	2.871	2	0.8702300000	1.0000000000	2	7	7	protein N-linked glycosylation via asparagine	108021263,108021245
GO:0034751	3.456	3	0.8712200000	1.0000000000	3	5	5	aryl hydrocarbon receptor complex	108005318,108004940,108011555
GO:0007274	4.868	5	0.8719000000	1.0000000000	5	5	5	neuromuscular synaptic transmission	108021532,108013293,108009122,108006392,108014897
GO:0006520	7.403	6	0.8724700000	1.0000000000	6	13	13	amino acid metabolic process	108019207,108018055,108013382,108011021,108011023,108011024
GO:0051321	6.077	5	0.8728000000	1.0000000000	5	10	10	meiotic cell cycle	108013721,108006084,108014663,108015345,108021282
GO:0031902	6.234	5	0.8735200000	1.0000000000	5	12	12	late endosome membrane	108004815,108010124,108013305,108012992,108013407
GO:0005675	2.932	2	0.8737500000	1.0000000000	2	8	8	transcription factor TFIIH holo complex	108008542,108013265
GO:0035329	3.496	3	0.8738700000	1.0000000000	3	5	5	hippo signaling	108019094,108020513,108012158
GO:0006898	6.570	6	0.8744500000	1.0000000000	6	9	9	receptor-mediated endocytosis	108019080,108009496,108006561,108014175,108014963,108016740
GO:0005929	21.233	19	0.8745100000	1.0000000000	19	32	34	cilium	108012474,108016851,108013063,108007166,108009932,108021570,108014593,108020404,108018135,108012771,108009180,108021816,108020489,108009201,108010314,108014148,108006548,108013604,108004768
GO:0051087	14.174	12	0.8745800000	1.0000000000	12	33	33	protein-folding chaperone binding	108006664,108007064,108021503,108021522,108013165,108009975,108012618,108006823,108019626,108017046,108012998,108012384
GO:0008083	14.109	13	0.8754700000	1.0000000000	13	20	20	growth factor activity	108015573,108009776,108016137,108012558,108020187,108020421,108020371,108018935,108009350,108014760,108008156,108021185,108021265
GO:0006102	3.934	3	0.8764000000	1.0000000000	3	7	7	isocitrate metabolic process	108008713,108013233,108012964
GO:0050877	18.238	17	0.8767100000	1.0000000000	17	22	22	nervous system process	139353246,108021510,108010870,108020196,108018853,108018807,108017645,108015077,108018039,108018926,108015189,108012887,108006426,108009518,108004795,108014169,108011881
GO:0005819	3.936	3	0.8767900000	1.0000000000	3	9	9	spindle	108016079,108012459,108017674
GO:0006904	3.707	3	0.8773300000	1.0000000000	3	7	7	vesicle docking involved in exocytosis	108004869,108005790,108009252
GO:0030833	6.106	5	0.8775100000	1.0000000000	5	11	12	regulation of actin filament polymerization	108013000,108013293,108018374,108013410,108005241
GO:0003887	6.834	6	0.8775800000	1.0000000000	6	9	9	DNA-directed DNA polymerase activity	108013777,108009064,108015829,108021025,108014882,108014873
GO:0000492	2.772	2	0.8778300000	1.0000000000	2	6	6	box C/D snoRNP assembly	108018066,108015805
GO:0045182	1.256	1	0.8785400000	1.0000000000	1	3	22	translation regulator activity	108013881
GO:0061668	1.669	1	0.8788500000	1.0000000000	1	5	5	mitochondrial ribosome assembly	108012580
GO:0006094	5.026	4	0.8819100000	1.0000000000	4	9	9	gluconeogenesis	108021396,108018203,108009274,108016562
GO:0035082	1.375	1	0.8827100000	1.0000000000	1	3	5	axoneme assembly	108013864
GO:0035023	5.381	5	0.8832300000	1.0000000000	5	6	6	regulation of Rho protein signal transduction	108020950,108021334,108017459,108016290,108007628
GO:0009408	4.443	3	0.8834300000	1.0000000000	3	13	15	response to heat	108013328,108013578,108017903
GO:0004693	3.803	3	0.8835000000	1.0000000000	3	7	7	cyclin-dependent protein serine/threonine kinase activity	108008471,108018065,108015840
GO:0016460	10.479	9	0.8842800000	1.0000000000	9	20	21	myosin II complex	108014262,108014236,108019039,108012463,108014539,108016479,108019534,108018381,108008297
GO:0000930	6.138	5	0.8849500000	1.0000000000	5	10	10	gamma-tubulin complex	108013721,108017674,108014663,108015345,108021282
GO:0043408	3.632	3	0.8850700000	1.0000000000	3	5	5	regulation of MAPK cascade	108020092,108011162,108009850
GO:0030145	12.847	11	0.8865800000	1.0000000000	11	22	22	manganese ion binding	108016813,108008555,108017536,108010040,108019460,108020535,108018203,108006224,118877563,108011591,108018404
GO:0030170	21.477	19	0.8866700000	1.0000000000	19	33	33	pyridoxal phosphate binding	108018647,108005536,108009973,108019344,108018055,108013382,108016462,108019499,108015229,108007697,108021026,108009376,108013439,108021098,108021102,108006531,108019858,108021246,108015418
GO:0031901	4.569	4	0.8866900000	1.0000000000	4	6	6	early endosome membrane	108016153,108009882,108013407,108021184
GO:0006777	2.563	2	0.8872600000	1.0000000000	2	5	5	Mo-molybdopterin cofactor biosynthetic process	108007733,108015418
GO:0048193	3.581	3	0.8874000000	1.0000000000	3	5	5	Golgi vesicle transport	108019161,108009031,118876983
GO:0004181	14.104	12	0.8877400000	1.0000000000	12	24	24	metallocarboxypeptidase activity	108005341,108011144,108011148,108016821,108018764,108012607,108015061,108007777,108007776,108005131,108017248,108013673
GO:0005654	28.322	25	0.8877700000	1.0000000000	25	57	58	nucleoplasm	108010673,108015516,108015524,108009886,108020136,108019137,108016273,108010991,108013979,108021703,108017772,108018227,108012034,108005730,108015230,108016555,108016533,108017108,108005170,108021166,108018554,108021307,108011967,108013689,108011071
GO:0007283	9.971	8	0.8894600000	1.0000000000	8	26	28	spermatogenesis	108021474,108012721,118878363,108008876,108010278,108007671,108009428,108005823
GO:0045332	7.234	7	0.8900800000	1.0000000000	7	9	9	phospholipid translocation	108020933,108020904,108019280,108006288,108006343,108019755,108020707
GO:0000463	6.365	5	0.8916100000	1.0000000000	5	12	12	maturation of LSU-rRNA from tricistronic rRNA transcript (SSU-rRNA, 5.8S rRNA, LSU-rRNA)	108018066,118877626,108015378,108006597,108008316
GO:0047952	1.282	1	0.8918500000	1.0000000000	1	3	13	glycerol-3-phosphate dehydrogenase [NAD(P)+] activity	108020514
GO:0046168	1.282	1	0.8918500000	1.0000000000	1	3	6	glycerol-3-phosphate catabolic process	108020514
GO:0006116	1.282	1	0.8918500000	1.0000000000	1	3	13	obsolete NADH oxidation	108020514
GO:0005911	13.584	13	0.8926800000	1.0000000000	13	15	15	cell-cell junction	108020905,108009752,118876762,108016188,108019217,108018884,108010140,108021083,108005971,108019824,108004791,108006504,108021217
GO:0000723	6.148	5	0.8929000000	1.0000000000	5	9	9	telomere maintenance	108008644,108018178,108006338,108005936,108013559
GO:0034551	2.764	2	0.8933400000	1.0000000000	2	7	7	mitochondrial respiratory chain complex III assembly	108010923,108011490
GO:0070740	4.942	4	0.8942500000	1.0000000000	4	7	7	tubulin-glutamic acid ligase activity	108007166,108021570,108020404,108009180
GO:0005879	3.437	3	0.8958500000	1.0000000000	3	5	5	axonemal microtubule	108011143,108009155,108011984
GO:0006805	2.680	2	0.8960100000	1.0000000000	2	5	5	xenobiotic metabolic process	108004830,108004940
GO:0045272	1.825	1	0.8965600000	1.0000000000	1	6	6	obsolete plasma membrane respiratory chain complex I	108019187
GO:0016788	9.967	8	0.8965700000	1.0000000000	8	18	18	hydrolase activity, acting on ester bonds	108012552,108013016,108021686,108009156,108018308,108005994,108015441,108005294
GO:0000923	4.932	4	0.8973900000	1.0000000000	4	7	7	equatorial microtubule organizing center	108013721,108014663,108015345,108021282
GO:0080009	2.828	2	0.8985900000	1.0000000000	2	5	5	obsolete mRNA methylation	108015751,108009678
GO:0006936	5.397	5	0.8991600000	1.0000000000	5	6	6	muscle contraction	108014236,108019039,108016868,108011512,108004684
GO:0016758	5.174	4	0.8995100000	1.0000000000	4	9	9	hexosyltransferase activity	108005897,108009359,108009361,108011977
GO:0034198	5.222	4	0.8996300000	1.0000000000	4	9	9	cellular response to amino acid starvation	108005383,108016036,108015519,108012830
GO:0006376	4.557	4	0.9000600000	1.0000000000	4	6	6	mRNA splice site recognition	108004808,108014052,108012270,108014119
GO:0006749	18.370	15	0.9001300000	1.0000000000	15	43	43	glutathione metabolic process	139353192,108009786,108016110,108019124,108010070,108009197,136117122,108018356,108007773,108007771,108018407,108017130,108009510,108013534,108013537
GO:0006412	47.503	43	0.9009200000	1.0000000000	43	113	119	translation	108018650,118877954,108016089,108021413,108008443,108007117,108021355,108008371,108008387,108011119,108007902,108005404,108006734,108006793,108008534,108008498,108008470,108021494,108011263,108012582,108016928,108006717,108017506,139352928,108021615,108006006,108015755,139352168,108009113,108015832,108010120,108015851,108013243,108006926,108016485,108018225,108018185,108012982,108016679,108015378,108013529,108015488,108009599
GO:0000220	3.708	3	0.9009900000	1.0000000000	3	5	5	vacuolar proton-transporting V-type ATPase, V0 domain	108007205,108017510,108018092
GO:0003994	3.754	3	0.9010800000	1.0000000000	3	5	5	aconitate hydratase activity	118877643,108017106,108005987
GO:0035098	4.903	4	0.9016800000	1.0000000000	4	7	7	ESC/E(Z) complex	108013266,108018087,108012236,108013669
GO:0017025	3.758	3	0.9025200000	1.0000000000	3	8	8	TBP-class protein binding	108015989,108021188,108020801
GO:0004571	3.914	3	0.9039200000	1.0000000000	3	6	6	mannosyl-oligosaccharide 1,2-alpha-mannosidase activity	108014594,108015285,108015475
GO:1904382	3.914	3	0.9039200000	1.0000000000	3	6	6	mannose trimming involved in glycoprotein ERAD pathway	108014594,108015285,108015475
GO:0030015	3.742	3	0.9039900000	1.0000000000	3	6	7	CCR4-NOT core complex	108016244,108014668,108010309
GO:0006493	10.665	9	0.9040400000	1.0000000000	9	15	16	protein O-linked glycosylation	108021635,108018924,108018200,108012937,108017738,108009386,108018459,108010462,108021266
GO:0030488	8.766	7	0.9045300000	1.0000000000	7	17	17	tRNA methylation	108013729,108019205,108020146,108016304,108009165,108020637,108009547
GO:0005515	704.223	689	0.9061400000	1.0000000000	689	1054	1099	protein binding	108018626,108018627,108014254,108018617,108006610,108020906,108020901,108016894,139353175,108016896,108006674,108020975,108016008,108009710,108020970,108019976,108020948,108005338,108020945,108005337,108019963,108014279,108017370,108010741,108010721,108009752,108010724,108009758,108016036,108010714,108010715,108008408,108008407,108020989,108009786,108021433,108019113,108019114,118879759,108013811,108016071,108021421,108016079,108016077,108019107,108008434,108008431,108021407,108021405,108008439,108016064,108009773,108019030,108021354,108021351,108021338,108020012,108013709,108021335,108009696,108008365,108009693,108009694,108021314,108021323,108021321,108009690,108010673,108010674,108019075,108004807,108004803,108011114,108019069,108004814,108020053,108013749,108021379,108019059,108021376,108021366,108021362,108015511,108016843,108012488,108016845,108011139,108012476,108012477,108011149,108019097,108019090,108004846,108016880,108019914,108019915,108015559,108007928,108011171,108014202,108011178,108015519,108004880,108004889,108015526,108016858,108015525,108005428,108005425,108013055,108013045,108018739,139353041,108015693,108006746,108005412,118876759,108010816,108009826,108005467,108013091,108009822,108009819,108018782,108009837,108013081,108013085,108005453,108005456,108009814,108013063,108018759,108009863,108010858,118876793,108008537,108009878,108016157,108017486,108010833,108008516,108010821,108018797,108013927,108008572,108013929,108013931,108013912,108010888,108008588,108020205,108020206,108019224,108016199,108010877,108013908,108009891,108009890,108019206,108019207,108021469,108004900,108020136,108008478,108019130,108020123,108008483,108013818,108016094,108016093,108021436,108020111,108021443,108020112,108010795,108004924,108011230,108020180,108011236,108016904,108019183,108004938,108012553,108013888,108013868,108021497,108020167,108020164,108020165,108013859,108004914,108021480,108016968,108014304,108011262,108004967,108015673,108015679,108016995,108014333,108013007,108016989,108014308,108005541,108018863,108014484,108006862,108006863,108005535,108005589,108005593,108005563,108009927,108006897,108006899,108018886,118877718,118877720,118877721,108021628,108021627,108008657,108021632,108009994,108009995,108009998,108009967,108009972,108017588,108019353,108012706,108021661,108010999,108021646,108020321,118877799,108007355,108019327,108007284,108019277,108007282,108012645,108007296,108012614,108007274,108010021,136116466,108010026,108010009,108020297,108009007,108020284,108015749,108010060,108010062,108010052,108009049,108011371,108010043,108010044,108014402,108010036,108006836,139352171,108013132,108014466,108015798,108013137,108018821,108006841,108015783,108013129,108014457,108006806,108013110,108010085,108006825,108014433,108009095,139352169,108009096,108010079,108005661,108013290,108013293,108005670,108018973,108013270,108018969,108013266,108021701,108007403,108008733,108007405,108021700,108008735,108008743,108008747,118877867,108015013,108016341,118877833,108005696,108016339,108020417,108008779,108019439,108007451,108019425,108007430,108016372,108012838,108019478,108021793,108018146,108021791,108018139,108006161,108007463,108009102,108018066,108018064,108009117,108021699,108020374,108006081,108011407,108011409,108018041,108018040,108018037,108021683,108015827,108009149,108010139,108015826,139353304,108018098,108010130,108015824,108010137,108015807,108010125,108012769,108018073,108020392,108015871,108010170,108013201,108009163,108009162,108009176,108011481,108010159,108013252,108005638,108017600,108018937,108013230,108010190,108010192,108013221,108015111,108005792,108016439,108017739,108012052,108013384,108019518,108007503,108008841,108017782,108018221,108019553,108012908,108019531,108006224,108006279,108009300,108018269,108012961,108012963,108012952,108006251,108012939,108019577,108010205,108020489,108012872,108011544,108011525,108019495,108020484,108012863,108011515,108012846,108006185,108018150,108018154,108010250,108015944,108009270,108010238,108010244,108012888,108010235,108005713,108010294,108010299,108015968,108010280,108013310,108010273,108009291,108014634,108017728,108005756,108012036,108012021,108012009,108005734,108015234,108015225,108008912,108016542,108017872,108012183,108016544,108005891,108015202,108008972,108008971,108015273,108015277,108018304,108007650,108020604,108019621,108016597,108016599,108004593,108007625,108019600,108015241,108006331,108006333,108007660,108020637,108005005,108006337,108006338,108015294,118877638,108020623,108006347,108006349,108018312,108006392,108011735,108017040,108018377,108006374,118877681,108006381,108009353,108018295,108008020,108012996,108010314,108010315,108011647,108010324,108008008,108010311,108021032,108014725,108009396,108009391,108008038,108008035,108011694,108014712,108021079,108013456,108013458,108013441,108005800,108021057,108013431,108013430,108014761,108021041,108013421,108017849,108013491,108013498,108012169,108005877,108005876,108013484,108016511,108021092,108017835,108016504,108012134,108019716,108015359,108014028,108019706,108014019,108004678,108015339,108004681,108004680,108019741,108015385,108019748,108019749,108007748,108006414,108015376,108009503,108019797,108019792,108009513,108009511,108009519,108009516,108005135,108005188,108009549,108009555,108009551,108005192,108010522,108011834,108009536,108020786,108020791,118877326,108021109,108009472,108010452,108009444,108009449,108009456,108009453,108017060,108018397,108018394,108011760,108021152,108014866,108021145,108014854,108021126,108010471,108013501,108004610,108021199,108021194,108013559,108017919,108005955,108013565,108013567,108017922,108013548,108021174,108013558,108014887,108021167,108021166,108005986,108004655,108012277,108015304,108013592,108005959,108017939,108016607,108017937,108013580,108017946,108019829,108019836,108006519,108019808,108019811,108007833,108016773,108016771,108007883,108020857,108006561,108005237,108014173,108019863,108019864,108019869,108006530,108005206,108020840,108019851,108015496,108014163,108019859,108020823,108015489,108014157,108011942,108017259,108009633,108009631,108010603,108010606,108009639,108020889,108009637,108020891,108017243,108011941,108020878,108009607,108017233,108017232,108017238,108017229,108008333,108008339,108009669,108017296,108011990,108008344,108009676,108011984,108009644,108011966,108008316,108017273,108011974,108011958,108017264,108017262,108005292,108011963,108009587,108008265,108021221,108009592,108009561,108017192,108011892,108011895,108014920,108009579,108014978,108012318,108021260,108021258,108021255,108014960,108014963,108008286,108008285,108014953,108011033,108011037,108012369,108012350,108012355,108011026,108012359,108012339,108004714,108021295,108021291,108012344,108014991,108012333,108016766,136116981,108011065,108012399,108004750,108004748,108011059,108004768,108016735
GO:0000922	13.637	12	0.9065800000	1.0000000000	12	18	19	spindle pole	108017306,108013721,108010671,108021504,108010798,108008714,108014663,108013324,108015212,108018275,108015345,108021282
GO:0006623	5.890	5	0.9067000000	1.0000000000	5	9	10	protein targeting to vacuole	108013724,108007274,108013290,108006187,108017918
GO:0048468	4.078	4	0.9072600000	1.0000000000	4	5	5	cell development	108007283,108007279,108007272,108019299
GO:0045727	3.802	3	0.9075200000	1.0000000000	3	6	6	positive regulation of translation	108013881,108021043,108014795
GO:0031072	1.844	1	0.9076000000	1.0000000000	1	5	5	heat shock protein binding	108012384
GO:0030991	3.707	3	0.9076500000	1.0000000000	3	5	5	intraciliary transport particle A	108020284,108010314,108012344
GO:0005664	3.046	2	0.9082000000	1.0000000000	2	6	6	nuclear origin of replication recognition complex	108021555,108018128
GO:0005742	1.754	1	0.9084700000	1.0000000000	1	6	6	mitochondrial outer membrane translocase complex	108017038
GO:0050684	2.953	2	0.9088900000	1.0000000000	2	5	5	regulation of mRNA processing	108017308,108017993
GO:0008137	1.750	1	0.9097900000	1.0000000000	1	5	7	NADH dehydrogenase (ubiquinone) activity	108019187
GO:0034427	3.098	2	0.9098600000	1.0000000000	2	8	8	obsolete nuclear-transcribed mRNA catabolic process, exonucleolytic, 3'-5'	108010026,108009204
GO:0043328	2.870	2	0.9103800000	1.0000000000	2	6	6	protein transport to vacuole involved in ubiquitin-dependent protein catabolic process via the multivesicular body sorting pathway	108013270,108021059
GO:0017121	3.011	2	0.9106900000	1.0000000000	2	6	6	plasma membrane phospholipid scrambling	108007114,108013552
GO:0017128	3.011	2	0.9106900000	1.0000000000	2	6	6	phospholipid scramblase activity	108007114,108013552
GO:0008277	3.681	3	0.9109200000	1.0000000000	3	5	5	regulation of G protein-coupled receptor signaling pathway	108016077,108005126,108009481
GO:0005231	5.966	5	0.9113300000	1.0000000000	5	8	8	excitatory extracellular ligand-gated monoatomic ion channel activity	108010870,108009518,108004795,108014169,108011881
GO:0018401	17.788	15	0.9114200000	1.0000000000	15	28	30	peptidyl-proline hydroxylation to 4-hydroxy-L-proline	108013818,108015798,108015013,108006081,108008038,108008035,108016504,108007748,108017259,108017243,108017233,108017229,108017273,108017264,108017262
GO:0016197	8.720	7	0.9117600000	1.0000000000	7	14	14	endosomal transport	108004815,108009882,108006983,108017622,108009194,108006323,108013498
GO:0043087	10.254	9	0.9119200000	1.0000000000	9	14	14	regulation of GTPase activity	108016831,108016305,108013262,108017622,108015225,108004683,108014942,108021262,108014953
GO:0004656	18.956	16	0.9137900000	1.0000000000	16	30	32	procollagen-proline 4-dioxygenase activity	108013818,108015798,108015013,108006081,108008038,108008035,108016504,108007748,108017259,108017243,108017233,108017232,108017229,108017273,108017264,108017262
GO:0045747	2.878	2	0.9148200000	1.0000000000	2	5	5	positive regulation of Notch signaling pathway	108018477,108013560
GO:0030335	4.914	5	0.9155300000	1.0000000000	5	5	5	positive regulation of cell migration	108009916,108014655,108007872,108009621,108009640
GO:0001755	4.914	5	0.9155300000	1.0000000000	5	5	5	neural crest cell migration	108009916,108014655,108007872,108009621,108009640
GO:0048843	4.914	5	0.9155300000	1.0000000000	5	5	5	negative regulation of axon extension involved in axon guidance	108009916,108014655,108007872,108009621,108009640
GO:0030215	4.914	5	0.9155300000	1.0000000000	5	5	5	semaphorin receptor binding	108009916,108014655,108007872,108009621,108009640
GO:0045499	4.914	5	0.9155300000	1.0000000000	5	5	5	chemorepellent activity	108009916,108014655,108007872,108009621,108009640
GO:0071526	4.914	5	0.9155300000	1.0000000000	5	5	5	semaphorin-plexin signaling pathway	108009916,108014655,108007872,108009621,108009640
GO:0016310	5.249	4	0.9159200000	1.0000000000	4	9	9	phosphorylation	108007111,108021349,108021398,108011251
GO:0006465	3.240	2	0.9162900000	1.0000000000	2	9	9	signal peptide processing	108008379,108015522
GO:0071035	3.931	3	0.9167100000	1.0000000000	3	7	7	nuclear polyadenylation-dependent rRNA catabolic process	108006686,108012947,108009204
GO:0071038	3.931	3	0.9167100000	1.0000000000	3	7	7	TRAMP-dependent tRNA surveillance pathway	108006686,108012947,108009204
GO:0004843	19.904	17	0.9169600000	1.0000000000	17	34	35	cysteine-type deubiquitinase activity	108009759,108019159,108020135,108005589,108014461,108009097,108011472,108014501,108011449,108011441,108012877,108015353,108007739,108018402,108009525,108005965,108017198
GO:0016579	17.794	15	0.9179700000	1.0000000000	15	32	33	protein deubiquitination	108009759,108019159,108005589,108021661,108014461,108009097,108011472,108014501,108011449,108011441,108012877,108007739,108018402,108009525,108005965
GO:0006468	127.088	121	0.9181200000	1.0000000000	121	175	181	protein phosphorylation	108015590,108018621,108009705,108009754,108005367,108019113,108008431,108021348,108021335,108008360,108011102,108013766,108020095,108020092,108015503,108004870,108011162,108005428,108009825,108010847,108009850,108007231,108020117,108008471,108011230,108016912,108012543,108009980,108021631,108010964,108007309,108018029,108021645,108007289,108020298,108010057,108009049,108009052,108015785,108009096,108021704,108015014,108019439,108012835,108018065,108006055,108021688,108018047,108006911,108006904,108009167,108009162,108015840,108014587,108013259,108005638,108013238,108006947,108016422,108021820,108007531,108017782,108015174,108006259,108020545,108009201,108011530,108010246,108005880,108005888,108016536,108008963,108015244,108016577,108019603,108020638,108006338,108005015,108009431,108018373,108009404,108011645,108010304,108011641,108008048,108008047,108011682,108021060,108017856,108008901,108015357,108004681,108019753,108005159,108005134,108009551,108018477,108014836,108014834,108005952,108014895,108012254,108014149,108011092,108016773,108019803,108019875,108019866,108009633,108011912,108011990,108018599,108011963,108021207,108014910,108012321,108013615,108014998,108015431,108012399,108011050
GO:0000381	10.692	9	0.9188500000	1.0000000000	9	19	19	regulation of alternative mRNA splicing, via spliceosome	108010024,108015848,108015290,108014052,108019783,108012270,108012261,108014119,108008320
GO:0008408	4.186	3	0.9195600000	1.0000000000	3	9	9	3'-5' exonuclease activity	108013717,108012464,108021025
GO:0030154	46.401	43	0.9195700000	1.0000000000	43	65	65	cell differentiation	108015573,108007982,108020954,108004813,108011176,108017456,108021508,108008546,108013845,108013874,108012531,108018860,108018886,108010964,108021641,108012687,108013993,108019289,108017686,108006908,108016421,108018268,108011525,108013345,108013344,108005888,108016546,108005039,108018281,108019790,108005155,108018430,108018392,108010479,108013595,108005237,108007867,108011911,108017295,108021272,108021244,108012350,108016748
GO:0005884	12.552	11	0.9200200000	1.0000000000	11	17	17	actin filament	108016898,108021375,108013000,108009082,108011512,108012947,139352190,108015216,108018374,108021202,108004743
GO:0005125	9.313	8	0.9202800000	1.0000000000	8	15	15	cytokine activity	108010711,108016875,108005646,108020421,108020371,108006227,108014760,108021265
GO:0004683	4.710	4	0.9211700000	1.0000000000	4	6	6	calcium/calmodulin-dependent protein kinase activity	108011166,108016188,108014722,108011912
GO:0006310	4.271	3	0.9222700000	1.0000000000	3	7	7	DNA recombination	108013930,108018376,108013678
GO:0031418	19.960	17	0.9234000000	1.0000000000	17	30	32	L-ascorbic acid binding	108015798,108015013,108006081,108006935,108015897,108016438,108008038,108008035,108016504,108007748,108017259,108017243,108017233,108017229,108017273,108017264,108017262
GO:0036064	16.853	14	0.9235200000	1.0000000000	14	28	28	ciliary basal body	108017312,108009864,108021504,108012645,108020284,108014593,108009155,108008841,108007660,108005919,108012285,108021227,108014984,108016704
GO:0036297	4.419	3	0.9242400000	1.0000000000	3	13	15	interstrand cross-link repair	108016276,108013938,108017037
GO:0006508	237.850	225	0.9246700000	1.0000000000	225	483	535	proteolysis	108005343,108005344,108005345,108005346,118877974,108016005,108018657,108005320,108014281,108020943,108005387,108008414,108010718,108005373,108009739,108008405,108020991,108020990,139352732,108021415,108019107,108010759,108010761,108010751,108009687,136117567,108011107,108019072,108020065,108012427,108019066,139352795,108004852,108011157,108011144,108011148,108005425,108014385,108013056,108017416,108013030,108013024,108013025,108013028,108015689,108016115,108006771,108018764,108014395,108021501,108016159,108008521,108016134,108008581,108008555,108007224,108009888,108008473,108021445,108019120,108007195,108004957,108015679,108011281,108013161,108013163,108017569,108017567,108017566,108009918,108009919,108008651,108021615,108008647,139352946,108019328,108013967,108011308,108007285,108012607,108020225,136116457,108012678,139353436,108011384,108013138,139352155,108009099,139353499,108008703,108017634,108008749,108017687,108005689,139352805,108015061,108021728,108008758,108015052,108015053,108018134,108008793,108018069,136116581,108011460,108013203,108009173,118877905,108016448,108016418,108008837,108016451,108008893,118877539,108008878,108012952,108019571,118877563,108011527,108012865,108011523,108010259,108011591,108015956,108010258,108010292,108010281,108009280,108014645,108010277,108013304,108008938,108008941,108007616,108008915,108004553,108008922,108020610,108015275,108015266,108007619,108016585,108006300,108020647,108019652,108015293,108005013,108006345,118877645,108009427,108009432,108019691,108009406,108009407,108020668,108010318,108009328,108010305,108021019,108013447,108008086,108013423,108013491,108017854,108017853,108014796,108021082,108006437,108019756,108007777,108007776,108020700,108020764,108020754,108005131,108008202,108008209,108021113,108014802,108010425,108010426,108005097,108013531,108009482,108008168,108010470,108017919,108017921,108012217,108021172,108017974,108017973,108012288,118876908,108005964,108017957,108015470,108015473,108020800,108016792,108004794,108005208,108018512,108010601,108017248,108005246,108011917,108014195,136117386,108008340,108008256,108009588,108021234,108010581,108009569,108010560,108008248,108009572,108009570,108009571,108012307,108008283,108004728,108012353,108013673
GO:0032797	2.897	2	0.9258400000	1.0000000000	2	5	5	SMN complex	108009863,108010159
GO:0000796	5.067	4	0.9259800000	1.0000000000	4	7	7	condensin complex	108014309,108009050,108008902,108021126
GO:0031175	5.965	5	0.9264000000	1.0000000000	5	8	9	neuron projection development	108016014,108006914,108019526,108012948,108012860
GO:0043231	33.115	29	0.9268700000	1.0000000000	29	59	65	intracellular membrane-bounded organelle	108020922,108009788,108007111,108021330,108004830,139353265,108015543,108008506,108014339,108016982,108013115,108014429,108017622,108021737,108020353,108018226,108012863,108014659,108015229,108015245,108015246,108018297,108021016,108004692,108016651,108019725,108009509,108016775,108009602
GO:0031398	3.780	3	0.9271000000	1.0000000000	3	5	5	positive regulation of protein ubiquitination	108015547,108017774,108014025
GO:0005737	671.772	653	0.9275800000	1.0000000000	653	1174	1238	cytoplasm	108005305,108014262,108018627,108020927,108005318,108020920,108007940,108007946,108007945,108007941,108007944,108015573,108006627,108016894,108014236,108016895,108006675,108020979,108020978,108020975,118877974,108009718,108009716,108018649,108006664,108005384,108008419,108009749,108009747,108017376,108005399,108005393,108017367,108006691,108010715,108010718,108013806,108009784,108013808,108013807,108007121,108019113,108021432,108019116,108020101,139352732,108007138,108019100,108016077,108010756,108008444,108007111,108017382,108013729,108019039,108013722,108010678,108013707,108013708,108021335,108013711,108008366,108021314,108021315,108021321,108010671,108008360,108012439,108019075,108021398,108021396,108004803,108021394,108021391,108021389,108013766,108007069,108021374,108021375,108013737,108013739,108020030,108004854,108015516,108016829,108016826,108011141,108020095,108020092,108016817,108019096,108004830,108011132,108004846,108019080,108012451,108016813,108019915,108015557,108007928,108015545,108004870,108004869,108011162,108011166,108015526,108015524,108005428,108005429,108014385,108013052,139353067,108005437,108005436,108013041,108013032,108006746,108005418,108006742,108010810,108009824,108013093,108013092,108008504,108016110,108016115,108009807,108005445,108014395,108013068,108021502,108010847,118876789,108021500,108016154,108010833,108016140,108016149,108009851,108009850,108005494,108010828,108008526,108018792,108016136,108008589,108021538,108021535,108019229,108013903,108008555,108007224,108021527,108009889,108019210,108016188,108007231,108008569,108008568,108007163,108020133,108020117,108020125,108020123,108021451,108013831,108013814,108013816,118877253,108019125,108008480,108013822,108016914,108016918,108019193,108011230,108016921,108013878,108004911,108019177,108021494,108012527,108019160,108021487,108004914,108013860,108007195,108016955,108015611,108011241,108016933,108015672,108016989,108018862,108013175,108013165,108018839,108006854,108013153,108014486,108014471,108016238,108005562,108005563,108005560,108009926,108017559,108013181,108013188,108008652,108021625,108021622,108019311,108019312,108009995,108016271,108009967,108021600,108017595,108009975,108012712,108020335,108019358,108018029,108021656,108019344,108010997,108007342,108021645,108021633,108012618,108008591,108007276,108021556,108020225,108009039,108020298,108009011,108010060,108009065,108015755,108015742,108010053,108010042,108010049,108010031,108009050,108006836,108014460,108018821,136117703,108013122,108015785,108018816,108006812,108014440,108015759,108006823,108009097,108013100,108009098,108009095,108010079,108009093,108008703,108006977,108006975,108016304,108006983,108017622,108007418,108008747,108017683,108016356,108017674,118877833,108020414,108019437,108006109,108007437,108007485,108018133,108015098,108018129,108020425,108019441,108009103,108009104,108018065,108011433,108006089,108009115,108018055,108018059,108020372,108011407,108011408,108006055,108018043,139352878,108018036,108010141,108014500,108010144,108010146,108011460,108010131,108010105,108011445,108013209,108014539,108006904,108018901,108009194,108013201,108013205,108015848,108009167,108015840,108017609,108006963,108006962,108013230,108014560,108013232,108013237,108013238,108005606,108015885,108013223,108013228,108015111,108017774,108015116,108016435,108012077,108015108,108017769,108016438,108013390,108012068,108013380,108013382,108013387,108013386,108021826,108015157,108016479,108020535,108006238,108015190,108020525,108020513,108008876,108015173,108018208,108006222,108015168,108019596,108012948,108009316,108007589,108012921,108020545,118877563,108010215,108010217,108009228,108006194,108011555,108012866,108010205,108009239,108011544,108009201,108018161,108018166,108019499,108006189,108012846,108012848,108011591,108009260,108009274,108015929,108009243,118878002,108010243,108010245,108012888,108013328,108013331,108013324,108015968,108009283,108013361,108017707,108013355,108005731,108007603,108015232,108015230,108007611,108015225,108015212,108015216,108016536,108006310,118877613,108015279,108020607,108020606,108020604,108006327,108016592,108015266,108004593,108016581,108008963,108015244,108015242,108015247,108016577,108011700,108017005,108006332,108005002,108020638,108020637,108006345,108020623,108010414,108018381,108009432,108009439,108018373,108009410,118877681,108012998,108010337,108008011,108009351,108012996,108009320,108011635,108008009,108020591,108013407,108021033,108021034,108021026,108014722,108009374,108021005,108012113,108012112,108012115,108014779,108008076,108021057,108021045,108021043,108021041,108014751,108014756,108012169,108017857,108005877,108012146,108021087,108021084,108004695,108007724,108014022,108014025,108015340,108015341,108019706,108014019,108004671,108017993,108017980,108015325,108007760,108019750,108014052,108014053,108007746,108014039,108005140,108018462,108019794,108009519,108009514,108005126,108005135,108020747,108020751,108017108,108009547,108010540,108011858,108009551,108018477,108005170,108009479,118877386,108021102,108017076,108018390,108018394,108005902,108013534,108014866,108014865,108005913,108013508,108021116,108014833,108014834,108005937,108021193,108013578,108021186,108014897,108013568,108021175,108012220,108013557,108013537,108004602,108021166,108005928,108017903,108004652,108016629,108004662,108005998,108012270,108012261,108005959,108004639,108016611,108006514,108018500,108014149,108007851,108006523,108016793,108016796,108019808,108006504,108016771,108019803,108016775,108014119,108015448,108005223,108005224,108006564,108007890,108005238,108019869,108019866,108007860,108007869,108006534,108005203,108014165,108019857,108005212,108006546,108009629,108009627,118877410,108017257,108010600,108008300,108009639,108020895,108018578,108005245,108009608,108011912,108019889,108009662,108021306,108008337,108021303,108009672,108009644,108011968,108008310,108005297,108005298,108009651,108005293,108005296,108018594,108009589,108013603,108009581,108010587,108014942,108014928,108021216,108009592,108013602,108021208,108021207,108017198,108014921,108008242,108021201,108008297,108008298,108012304,108008287,108021242,108013624,108014953,108004728,108011033,108012363,108012369,108004745,108004743,108004739,108011021,108011023,108011024,108004708,108004717,108021283,108015431,108016764,108012393,108016750,108015424,108012396,108012399,108004750,108004758,108004751,108004754,108012381,108012384,108011053,108012383,108015410,108016748,108011059,108012375
GO:0006284	3.209	2	0.9281100000	1.0000000000	2	7	7	base-excision repair	108017639,108008892
GO:0009897	11.248	10	0.9285300000	1.0000000000	10	15	15	external side of plasma membrane	108005353,108005360,108012473,108012550,108008621,108020269,108018136,108018082,108018288,108008204
GO:0000712	4.330	3	0.9292300000	1.0000000000	3	8	8	resolution of meiotic recombination intermediates	108020395,108005900,108021166
GO:0007168	6.928	7	0.9295600000	1.0000000000	7	7	7	receptor guanylyl cyclase signaling pathway	108014587,108013259,108006947,108018235,108011645,108008901,108011050
GO:0001653	6.928	7	0.9295600000	1.0000000000	7	7	7	peptide receptor activity	108014587,108013259,108006947,108018235,108011645,108008901,108011050
GO:0031267	37.391	34	0.9307100000	1.0000000000	34	49	51	small GTPase binding	108005359,108011141,108019082,108019177,108016940,108013015,108016290,108009031,108018817,108018986,108017622,108018076,108014529,108009167,108013237,108013224,108019511,108015172,108007603,108007628,108005077,108012968,108013410,108004683,108005184,108009481,108009491,118876983,108017194,108021202,108014971,108013624,108004769,108012379
GO:0031410	9.881	8	0.9311400000	1.0000000000	8	15	15	cytoplasmic vesicle	108015775,108018063,108012910,108013498,108013471,108009491,108017245,108005282
GO:0008380	3.070	2	0.9312900000	1.0000000000	2	7	7	RNA splicing	108010049,108005000
GO:0034553	1.925	1	0.9316700000	1.0000000000	1	5	5	mitochondrial respiratory chain complex II assembly	108019184
GO:0019843	7.288	5	0.9318400000	1.0000000000	5	19	19	rRNA binding	108020067,108014405,108008787,108021080,108016676
GO:0004713	6.805	6	0.9323600000	1.0000000000	6	8	8	protein tyrosine kinase activity	108019030,108013153,108009049,108009096,108009431,108010304
GO:0034475	2.197	1	0.9327200000	1.0000000000	1	7	7	U4 snRNA 3'-end processing	108009204
GO:0032436	6.601	5	0.9330200000	1.0000000000	5	11	11	positive regulation of proteasomal ubiquitin-dependent protein catabolic process	108021553,108013175,108019299,108010042,108009651
GO:0008023	2.878	2	0.9332100000	1.0000000000	2	5	7	transcription elongation factor complex	108005788,108018411
GO:0060090	13.030	11	0.9337100000	1.0000000000	11	21	22	molecular adaptor activity	108005356,108007994,108004815,108005457,108013878,108019299,108012955,108009228,108005891,108019658,108019729
GO:0019898	6.653	6	0.9338600000	1.0000000000	6	8	8	extrinsic component of membrane	108013091,108007274,108010215,108012888,108017918,108021167
GO:0007043	3.934	4	0.9346200000	1.0000000000	4	4	5	cell-cell junction assembly	108015501,108014792,108009550,108014867
GO:0036211	3.040	2	0.9348400000	1.0000000000	2	6	6	protein modification process	108009824,108016238
GO:0002181	11.193	9	0.9349400000	1.0000000000	9	24	27	cytoplasmic translation	139353050,108010846,108008526,108016264,108015003,108008787,108009151,108020720,108012391
GO:0006303	3.433	2	0.9367400000	1.0000000000	2	7	7	double-strand break repair via nonhomologous end joining	108016276,108013678
GO:0048188	4.753	3	0.9369900000	1.0000000000	3	12	16	Set1C/COMPASS complex	108012491,108005456,108010606
GO:0004364	14.914	11	0.9375000000	1.0000000000	11	38	38	glutathione transferase activity	139353192,108016110,108009197,136117122,108018356,108007773,108018407,108017130,108009510,108013534,108013537
GO:0017148	9.719	8	0.9377600000	1.0000000000	8	15	15	negative regulation of translation	108013055,108006734,108013881,108021615,108018037,108018085,108015108,108017922
GO:0060271	34.453	30	0.9394300000	1.0000000000	30	58	59	cilium assembly	108017312,108011143,108018728,108008504,108008483,108005535,108013145,108008617,108008624,108021736,108008767,108018135,108012771,108006200,108021816,108008841,108020518,108020489,108009201,108012010,108015212,108010314,108017142,108021122,108005919,108014872,108012285,108010656,108008344,108014984
GO:0045296	10.788	10	0.9395100000	1.0000000000	10	12	13	cadherin binding	108016895,139353230,108015501,108009194,108018279,108016507,108014792,108020739,108009550,108014867
GO:0006559	4.571	3	0.9398900000	1.0000000000	3	8	8	L-phenylalanine catabolic process	108016110,108006531,108012381
GO:0007155	15.677	14	0.9407900000	1.0000000000	14	19	19	cell adhesion	118877974,108013709,108008364,108021378,108011139,108015555,108016914,108008660,108013119,108021735,108010222,108009322,108016522,108017100
GO:0005385	9.008	7	0.9429300000	1.0000000000	7	14	16	zinc ion transmembrane transporter activity	108013070,108010950,108021705,108009114,108013459,108015450,108021269
GO:0046983	43.773	39	0.9433300000	1.0000000000	39	73	74	protein dimerization activity	108005318,108020918,108020900,108020952,108021432,108010896,108004940,108019170,108019176,108004968,108016932,108004997,108016970,108006854,108016245,108018892,108009924,108008682,108014406,108006971,108012801,108012755,108015107,108016473,108011555,108014651,108005746,108006312,108008991,108019698,108011712,108009380,108014050,108018462,108014871,108007835,108014170,108021200,108021243
GO:0000467	2.035	1	0.9440500000	1.0000000000	1	5	5	exonucleolytic trimming to generate mature 3'-end of 5.8S rRNA from tricistronic rRNA transcript (SSU-rRNA, 5.8S rRNA, LSU-rRNA)	108009204
GO:0042407	2.117	1	0.9441300000	1.0000000000	1	7	7	cristae formation	108009418
GO:0032511	2.346	1	0.9450400000	1.0000000000	1	7	7	late endosome to vacuole transport via multivesicular body sorting pathway	108010274
GO:0030915	3.111	2	0.9450700000	1.0000000000	2	6	6	Smc5-Smc6 complex	108006882,108020607
GO:0005261	5.525	5	0.9452600000	1.0000000000	5	6	7	monoatomic cation channel activity	108009826,108013863,108016593,108017972,108006527
GO:0003735	61.794	55	0.9456800000	1.0000000000	55	152	161	structural constituent of ribosome	108018650,118877954,108016089,108021413,108008443,108009772,108007117,108021355,108008371,108008387,108011119,108007902,108005404,108006734,139353050,108006793,108008534,108010846,108008498,108008470,118877250,108020183,108021494,108011263,108012582,108016928,108006717,108017506,139352928,108021615,108006006,108016264,108008688,108013933,139352168,108015003,108008787,108015832,108009151,108010120,108015851,108006926,108016485,108018225,108018185,108018313,108012982,108016679,108020720,108015378,108021148,108015488,108006597,108009599,108012391
GO:0061630	57.543	52	0.9463800000	1.0000000000	52	94	94	ubiquitin protein ligase activity	108006664,108005334,108008416,108019001,108010670,108004803,108013775,108013739,108016866,108005410,108017450,108013822,108021496,108013860,108013001,108013175,108006862,108018834,108019258,108013938,108020298,108010056,108010042,118877833,108018041,108018037,108011447,108006918,108017774,108013386,108009227,108011542,108012009,108013407,108021041,108013421,108014025,108010450,108005095,108021116,108013567,108005934,108004652,108016775,108009615,108009651,108005291,108009592,108011892,108021201,108011060,108011053
GO:0042073	8.729	7	0.9466900000	1.0000000000	7	12	12	intraciliary transport	108006879,108012645,108009201,108005000,108011984,108009657,108021227
GO:0005254	16.176	14	0.9477000000	1.0000000000	14	21	21	chloride channel activity	108007999,108010870,108017645,108018926,108013396,108012887,108014651,108006312,108009518,108004795,108014170,108006534,108014169,108011881
GO:0017101	3.368	2	0.9481900000	1.0000000000	2	7	7	aminoacyl-tRNA synthetase multienzyme complex	108015755,108015173
GO:0031573	3.209	2	0.9490700000	1.0000000000	2	6	6	mitotic intra-S DNA damage checkpoint signaling	108020730,108005936
GO:0033387	2.063	1	0.9494700000	1.0000000000	1	5	5	putrescine biosynthetic process from arginine, via ornithine	108017857
GO:0004586	2.063	1	0.9494700000	1.0000000000	1	5	5	ornithine decarboxylase activity	108017857
GO:0060294	7.495	6	0.9497500000	1.0000000000	6	11	11	cilium movement involved in cell motility	108015691,108020148,108013864,108008624,108012831,108021122
GO:0005604	5.950	6	0.9508100000	1.0000000000	6	6	6	basement membrane	108019517,108013332,108006349,108009555,108021153,108016740
GO:0035721	5.248	4	0.9513300000	1.0000000000	4	7	7	intraciliary retrograde transport	108020284,108010314,108021122,108012344
GO:0042813	5.533	5	0.9520100000	1.0000000000	5	6	6	Wnt receptor activity	118876780,108013488,108019728,108004731,108015419
GO:0005313	4.844	4	0.9523400000	1.0000000000	4	6	6	L-glutamate transmembrane transporter activity	108005596,108021007,108021161,108017267
GO:0035092	3.571	2	0.9524500000	1.0000000000	2	14	16	sperm DNA condensation	108012721,118878363
GO:0035267	6.067	4	0.9541700000	1.0000000000	4	13	14	NuA4 histone acetyltransferase complex	108004837,108021651,108008157,118877399
GO:0032036	3.267	2	0.9548400000	1.0000000000	2	7	7	myosin heavy chain binding	108016479,108018381
GO:0006890	8.726	6	0.9552800000	1.0000000000	6	19	19	retrograde vesicle-mediated transport, Golgi to endoplasmic reticulum	108014374,108021470,108020707,108015481,108021258,108021281
GO:0005938	7.869	7	0.9559600000	1.0000000000	7	9	10	cell cortex	108013725,108011139,108019161,108006869,108013190,108012860,108008927
GO:0032956	3.168	2	0.9561800000	1.0000000000	2	6	6	regulation of actin cytoskeleton organization	108015775,108015968
GO:0006121	3.560	2	0.9564200000	1.0000000000	2	7	7	mitochondrial electron transport, succinate to ubiquinone	108009763,108006032
GO:0015074	5.256	3	0.9567000000	1.0000000000	3	41	161	DNA integration	136117567,139352795,108015673
GO:0005832	3.776	2	0.9567000000	1.0000000000	2	8	9	chaperonin-containing T-complex	108014275,108018520
GO:0003727	4.551	3	0.9577200000	1.0000000000	3	9	28	single-stranded RNA binding	108005670,108014681,108019749
GO:0045087	16.872	14	0.9580500000	1.0000000000	14	26	26	innate immune response	139353175,108016051,108018759,108016137,108012558,108020187,108010964,108018935,108005888,108020604,108009350,108009325,108010615,108020895
GO:0071805	24.937	23	0.9586700000	1.0000000000	23	29	29	potassium ion transmembrane transport	118877935,108019925,108005330,108009731,108010674,108019327,108011321,108014400,108011506,108021788,108009124,108010163,108015854,108006268,108009281,108016561,108009334,108021079,108008193,108004656,108014979,108012318,108016735
GO:0005814	11.546	9	0.9588700000	1.0000000000	9	19	20	centriole	108011143,108021504,108019142,108013145,108009155,108012873,108017142,108021227,108014984
GO:0000028	6.057	4	0.9592000000	1.0000000000	4	15	19	ribosomal small subunit assembly	108011119,108007902,108018185,108009516
GO:0005506	88.541	80	0.9594600000	1.0000000000	80	139	143	iron ion binding	108007968,108006685,108006666,108005397,108009751,108018676,108017397,108008381,108007023,108007096,108016828,108004830,108012461,108012453,108005433,108018737,108009815,108020216,108013828,108013829,108016946,108016931,108016981,108017524,108008671,108019259,108014401,108005504,108005505,108015798,108015013,108019387,108006081,108009153,108013229,108015897,108016438,108017741,108017740,108021821,108016480,108006224,108019593,108009231,108009232,108009264,108009272,108008947,108008949,108008948,108017871,108018338,118877697,108008102,118878101,108008061,108008038,108008035,108012166,108016504,108017819,108007748,108019793,108005183,139352569,108013569,108005981,108014127,108017259,108017243,108005242,108017233,108017229,108007014,108017273,108017264,108017262,108014959,108013695,108004707
GO:0005721	3.630	2	0.9595800000	1.0000000000	2	14	14	pericentric heterochromatin	108009358,108017965
GO:0005689	3.749	2	0.9600900000	1.0000000000	2	10	10	U12-type spliceosomal complex	108019939,108005672
GO:0015813	3.877	3	0.9602300000	1.0000000000	3	5	5	L-glutamate transmembrane transport	108021007,108021161,108017267
GO:0006417	5.264	4	0.9603400000	1.0000000000	4	7	7	regulation of translation	108013209,108012077,108011706,108015355
GO:0008188	9.405	8	0.9604000000	1.0000000000	8	11	13	neuropeptide receptor activity	108004832,108004831,108008607,108010973,108016307,108018290,108010457,108017212
GO:0016671	1.960	1	0.9605700000	1.0000000000	1	4	5	oxidoreductase activity, acting on a sulfur group of donors, disulfide as acceptor	108007839
GO:0005179	3.801	2	0.9609400000	1.0000000000	2	12	15	hormone activity	108005546,108010597
GO:0000339	2.846	2	0.9612800000	1.0000000000	2	5	5	RNA cap binding	108016064,108014795
GO:0000981	275.880	263	0.9615500000	1.0000000000	263	414	419	DNA-binding transcription factor activity, RNA polymerase II-specific	108018623,108005318,108020918,108019929,108007943,108014246,108020900,108016891,108014234,108014239,108020954,108006654,108014280,108007991,108020949,118877962,108016048,108019111,108009791,108016062,108008380,108021333,108019008,108004813,108020060,108016803,118877182,108012420,108021360,108019094,108011176,108006729,108005416,108017456,108008500,118876778,118876773,108021508,108008538,108008546,108008549,108005491,108013929,108021547,108021542,108010896,108008558,108021521,108013845,108013854,108004901,108021447,108019134,108019196,108019171,108019170,108019176,108013874,108021479,108020156,108012531,108004968,108014302,108012588,108012572,108016932,108004997,108015652,108015659,108014308,108016970,108006852,108006854,108008625,108009924,118877723,108008655,108006002,108017585,108020340,108021672,108008690,108008682,108021641,108012637,108007283,108012632,108021577,108007279,108021563,108007272,108012687,108011357,108012668,108009005,108013978,108013979,108011397,108013111,108018803,108006818,108006971,108014599,108008709,108006115,108015071,108007451,108006127,108015044,108021784,108006136,108012801,108020428,108012810,108020379,108020388,108012755,108020357,108020361,108007390,108010128,108010122,108020398,108020393,108020394,108020391,108006905,108014544,136116533,108009178,108017611,108005601,108013222,108012076,108015107,108016421,108016473,108020536,108009305,108020568,118877582,108019565,108006198,108011555,108010204,108011544,108011515,108015935,108014609,108010279,108005746,108013367,108017715,108013345,108013344,108014678,108016568,108017885,108016546,108005024,108006356,108005034,108005039,108007690,108008991,108020624,108011747,108005063,108017058,108019698,108017035,108011712,136117121,108012977,108011646,108012979,108010308,108009380,108014731,108009393,108017806,108021055,108021046,108016527,108016526,108012159,108012141,108013475,108004686,108014050,108016692,108015363,108005147,108018462,108019796,108006486,108005155,108011816,108011800,108014084,108020760,108018449,108019767,108011863,108005162,108008201,108011840,108017094,108021115,108021111,108021101,108010452,108018392,108008188,108005909,108013570,108013549,108005921,108014871,108012283,108012284,108016630,108013595,108005977,136116936,108007835,108015495,108018587,108010605,108020895,108011940,108019897,108011911,108006588,108017295,108010584,108014925,108009595,108021200,108021273,108014983,108012324,108014988,108008291,108014974,108014958,108013627,108014957,108014965,108021243,118879229,108014952,108011039,108011007,108004712,108013672,108021292,108007800,108011071,108011075,108007806,108015427,108015426
GO:0008273	4.597	4	0.9626600000	1.0000000000	4	5	5	calcium, potassium:sodium antiporter activity	108015667,108005659,108020464,108020476
GO:0000139	36.914	31	0.9627100000	1.0000000000	31	69	70	Golgi membrane	108007984,108010721,108016866,108021518,108016172,108021499,108014339,108016977,108021581,108006820,108006910,108018933,108020563,108005756,108005897,108020639,108015285,108009359,118878124,108009361,108021053,108012101,108014028,108007704,108005098,108013506,108015311,108015475,108019876,108011977,108012388
GO:0042391	25.228	23	0.9639900000	1.0000000000	23	29	29	regulation of membrane potential	108005330,139353246,108021510,108010870,108020196,108018853,108016232,108018807,108017645,108015077,108018039,108018926,108015189,108015170,108012887,108016593,108012968,108009334,108006426,108009518,108004795,108014169,108011881
GO:0051011	5.726	4	0.9646000000	1.0000000000	4	8	8	microtubule minus-end binding	108013721,108014663,108015345,108021282
GO:0140359	42.562	39	0.9652000000	1.0000000000	39	49	49	ABC-type transporter activity	108020977,108017310,108014288,108010712,108020986,108013728,108020057,139353265,108015543,108009847,108007233,108019209,108021457,108021561,108015714,108021708,108016353,108021737,108020410,108012821,108018226,108009233,108018174,108018179,108011514,108007633,108015245,108015246,108010328,108021016,108014046,108020792,108009478,108021147,108021143,108021144,108013612,108013616,108013622
GO:0004550	2.452	1	0.9653700000	1.0000000000	1	6	6	nucleoside diphosphate kinase activity	108006548
GO:0005783	100.924	91	0.9662100000	1.0000000000	91	182	185	endoplasmic reticulum	108020928,108016892,108020967,108020947,108010701,108008404,108009764,108021406,108008448,108021400,108013715,108021328,108007086,108012404,108016825,108015547,108014374,108009819,108009875,108007242,108012520,108007161,108021448,108013818,108007150,108016907,108011256,108013175,108006863,108009927,108017558,108006004,108009990,108021617,108009969,108016269,108009973,108010016,108015798,108014594,108015013,108016393,108007488,108006081,108015897,108012913,108021832,108006277,108006288,108015910,108012866,108009200,108010288,108012031,108007662,108006343,108015285,108006290,108013414,108008038,108008035,108021053,108017840,108016504,108017819,108007704,108004677,108020729,108007748,108006414,108005157,108011868,108005173,108005175,108014830,108016637,108015475,108019800,108019858,108007879,108017259,108017243,108017233,108017232,108017229,108017273,108017264,108017262,108021252,108004744,108016729
GO:0005763	6.853	4	0.9662600000	1.0000000000	4	20	20	mitochondrial small ribosomal subunit	108016089,108021413,118877250,108018313
GO:0033041	9.195	6	0.9666100000	1.0000000000	6	21	21	sweet taste receptor activity	108016174,108009006,108019510,108019512,108019509,108011825
GO:0000978	221.984	210	0.9668400000	1.0000000000	210	335	340	RNA polymerase II cis-regulatory region sequence-specific DNA binding	108005318,108020918,108019929,108007943,108014246,108020900,108016891,108014234,108014239,108005328,108014280,118877962,108016048,108019111,108009791,108021403,108008380,108019008,108016803,108012428,118877182,108012420,108021360,108019094,108020076,108016882,108007937,108011176,108013049,108005416,108017453,108017456,118876773,108008538,108008546,108008549,108017461,108013929,108021542,108009896,108013845,108021447,108019137,108019196,108019170,108019176,108021479,108012531,108014302,108012588,108012587,108016926,108015652,108015659,108014308,108016970,108006852,108006854,108005531,108009924,108008655,108006002,108017585,108020340,108008690,108012637,108007283,108012632,108021577,108007279,108007272,108012687,108012668,108009005,108013993,108013978,108013979,108019289,108011397,139352175,108018803,108006971,108014599,108021703,108016363,108017686,108006115,108015071,118877875,108021784,108006136,108020428,108020388,108011407,108020357,108020361,108010128,108015808,108010122,108020393,108020394,108020391,108006908,108014544,136116533,108005601,108010190,108008821,108012076,108016421,108009305,108018268,108020568,108019565,108006198,108010220,108011555,108010204,108011544,108015935,108009278,108010279,108005746,108013367,108017715,108013345,108013344,108014678,108016568,108015235,108016555,108017885,108016546,108006356,108005034,108005039,108007690,108007664,108020624,108011747,108005063,108019698,108017035,108006389,108018358,108011674,108012977,108011646,108010308,108009381,108009380,108014731,108017806,108017804,108021055,108021039,108021046,108012141,108019712,108004686,108019790,108005147,108006486,108005155,108011816,108011800,108014084,108020760,108019767,108011863,108008201,108017094,108021115,108021111,108010452,108018392,108005909,108010479,108013549,108005921,108014871,108012283,108007835,108007867,108015495,108018587,108010605,108020895,108006588,108009664,108009648,108009595,108021200,108021273,108014958,108013627,108014957,108014965,108021243,118879229,108014952,108011039,108011007,108013672,108021291,108011071,108011075,108007806,108015426,108004767
GO:0097602	5.012	3	0.9669100000	1.0000000000	3	14	14	cullin family protein binding	108009889,108009227,108005853
GO:0070588	15.195	14	0.9678400000	1.0000000000	14	16	16	calcium ion transmembrane transport	108021379,108015667,108016269,108018021,108021646,108005659,108016339,108020464,108021783,108020353,108020476,108007704,108015496,108009669
GO:0030515	3.854	2	0.9682600000	1.0000000000	2	9	9	snoRNA binding	108008606,108004739
GO:0006607	2.508	1	0.9683400000	1.0000000000	1	6	6	NLS-bearing protein import into nucleus	108008314
GO:0032508	4.582	3	0.9685600000	1.0000000000	3	7	7	obsolete DNA duplex unwinding	108010210,108006462,108013559
GO:0030514	5.827	5	0.9691000000	1.0000000000	5	7	7	negative regulation of BMP signaling pathway	108019111,108013795,108015549,108019182,108020393
GO:0000502	2.295	1	0.9691300000	1.0000000000	1	5	5	proteasome complex	108012235
GO:0006413	13.717	10	0.9695100000	1.0000000000	10	29	29	translational initiation	108007069,108005426,108009885,108012712,108015766,108013229,108013230,108014756,108014928,108012363
GO:0031519	4.801	3	0.9705100000	1.0000000000	3	9	9	PcG protein complex	108017585,108012977,108021111
GO:0051480	4.695	4	0.9706800000	1.0000000000	4	5	5	regulation of cytosolic calcium ion concentration	108021646,108020353,108015496,108009669
GO:0019991	4.293	2	0.9711100000	1.0000000000	2	8	8	septate junction assembly	108012421,108015333
GO:0006099	22.964	18	0.9717300000	1.0000000000	18	39	39	tricarboxylic acid cycle	108006691,108009763,108010762,108021534,108006032,108008713,108012820,108013233,108015152,108017789,108015255,118877643,108017982,108018450,108017106,108017063,108005987,108014945
GO:0071712	2.429	1	0.9721400000	1.0000000000	1	7	7	obsolete ER-associated misfolded protein catabolic process	108009876
GO:0030686	8.628	6	0.9727800000	1.0000000000	6	15	15	90S preribosome	108007126,108009761,108006850,108016485,108013453,108005876
GO:0016301	2.380	1	0.9730800000	1.0000000000	1	5	5	kinase activity	108009672
GO:0071949	18.793	15	0.9735600000	1.0000000000	15	26	26	FAD binding	108018656,108009736,108021432,108008444,108007023,108011221,108017559,108021566,108009066,108010033,108006238,108017001,108008338,108007014,108008324
GO:0030992	6.161	4	0.9735800000	1.0000000000	4	10	10	intraciliary transport particle B	108012645,108020489,108007660,108011984
GO:0009986	16.928	15	0.9738800000	1.0000000000	15	19	19	cell surface	108020932,108019970,108008383,108019071,108011156,108013085,108013190,108009989,108019326,108013990,108015783,108008811,108013451,108021095,108012245
GO:0010468	16.540	13	0.9741200000	1.0000000000	13	28	29	regulation of gene expression	108009886,108018013,108010991,108017609,108012972,108019754,108009447,108012221,108012362,108021291,108011013,108004717,108011057
GO:0045116	2.269	1	0.9741700000	1.0000000000	1	6	6	protein neddylation	108005853
GO:0060070	12.621	11	0.9746400000	1.0000000000	11	15	15	canonical Wnt signaling pathway	108016895,108010711,108016875,118876780,108005646,108020361,108006227,108013488,108019728,108004731,108015419
GO:0051726	8.612	6	0.9749800000	1.0000000000	6	14	14	regulation of cell cycle	108017774,108006222,108016533,108014025,108019796,108019868
GO:0000447	2.340	1	0.9751800000	1.0000000000	1	6	6	endonucleolytic cleavage in ITS1 to separate SSU-rRNA from 5.8S rRNA and LSU-rRNA from tricistronic rRNA transcript (SSU-rRNA, 5.8S rRNA, LSU-rRNA)	108013453
GO:0035861	4.981	3	0.9755700000	1.0000000000	3	9	9	site of double-strand break	108020607,108005936,108009605
GO:0007254	2.432	1	0.9758100000	1.0000000000	1	5	5	JNK cascade	108005952
GO:0008360	6.770	5	0.9758100000	1.0000000000	5	10	10	regulation of cell shape	108013015,108017588,108015775,108013224,108015316
GO:0005686	5.448	3	0.9758900000	1.0000000000	3	16	16	U2 snRNP	108019939,108021552,108021303
GO:0030014	4.404	3	0.9759000000	1.0000000000	3	7	7	CCR4-NOT complex	108014668,108020623,108020888
GO:0005102	7.467	6	0.9759100000	1.0000000000	6	10	10	signaling receptor binding	108016188,108010964,108013119,108011413,108006189,108005888
GO:0031122	12.024	9	0.9760900000	1.0000000000	9	18	18	cytoplasmic microtubule organization	108013725,108013721,108010671,108017674,108014663,108013324,108015345,108021242,108021282
GO:1990904	20.892	17	0.9761500000	1.0000000000	17	32	32	ribonucleoprotein complex	108005468,108019172,108011297,108013199,108014460,118877818,108016435,108006181,108016581,108014052,108004662,108012270,108016796,108014119,108019870,108015497,108014921
GO:0008320	5.952	3	0.9763300000	1.0000000000	3	18	19	protein transmembrane transporter activity	108017579,108017038,108014987
GO:0008305	8.295	7	0.9768300000	1.0000000000	7	9	9	integrin complex	108005353,108005360,108019071,108008621,108018136,108008811,108008204
GO:0033627	8.295	7	0.9768300000	1.0000000000	7	9	9	cell adhesion mediated by integrin	108005353,108005360,108019071,108008621,108018136,108008811,108008204
GO:0006325	7.994	5	0.9775400000	1.0000000000	5	22	22	chromatin organization	108009808,108009997,108012871,108012009,108017965
GO:0003690	8.318	5	0.9778700000	1.0000000000	5	19	63	double-stranded DNA binding	108011149,108012580,108019454,108005784,108009396
GO:0005684	3.685	2	0.9781200000	1.0000000000	2	7	7	U2-type spliceosomal complex	108011470,108016551
GO:0051260	8.430	7	0.9784900000	1.0000000000	7	11	12	protein homooligomerization	108008439,108010674,108019327,118877867,108021079,108012318,108016735
GO:0031297	5.082	3	0.9786600000	1.0000000000	3	9	9	replication fork processing	108006841,108009358,108014003
GO:0022627	17.115	14	0.9789000000	1.0000000000	14	33	34	cytosolic small ribosomal subunit	108008443,108021355,108011119,108007902,108006793,108008498,108008470,108020183,108011263,108006717,108015832,108016485,108018185,108015488
GO:0031032	4.258	3	0.9789100000	1.0000000000	3	5	5	actomyosin structure organization	108011141,108013998,108014539
GO:0030126	2.830	1	0.9794700000	1.0000000000	1	7	7	COPI vesicle coat	108021258
GO:0005657	2.641	1	0.9795100000	1.0000000000	1	5	5	replication fork	108008644
GO:0034968	2.452	1	0.9796100000	1.0000000000	1	5	5	obsolete histone lysine methylation	108004924
GO:0007267	3.920	3	0.9796800000	1.0000000000	3	5	5	cell-cell signaling	108011385,108017724,108011013
GO:0006013	4.592	3	0.9799600000	1.0000000000	3	8	8	mannose metabolic process	108019227,108021699,108021302
GO:0009253	6.591	4	0.9801800000	1.0000000000	4	14	14	peptidoglycan catabolic process	108012424,108013206,108013389,108010615
GO:0008745	6.591	4	0.9801800000	1.0000000000	4	14	14	N-acetylmuramoyl-L-alanine amidase activity	108012424,108013206,108013389,108010615
GO:0071218	2.502	1	0.9808300000	1.0000000000	1	6	6	cellular response to misfolded protein	108006664
GO:0003684	10.501	7	0.9811500000	1.0000000000	7	20	20	damaged DNA binding	108016276,108006084,108010268,108020607,108017980,108013559,108008334
GO:0051378	4.752	4	0.9811700000	1.0000000000	4	5	5	serotonin binding	108020130,118878561,139352873,136116999
GO:0140658	14.182	11	0.9816400000	1.0000000000	11	19	19	ATP-dependent chromatin remodeler activity	108013767,108016091,108016095,108017563,108009063,108019414,108005787,108018466,108013567,108012221,108014100
GO:0005246	4.804	4	0.9823900000	1.0000000000	4	7	7	calcium channel regulator activity	108019041,108009235,108018196,108009614
GO:0030983	3.974	2	0.9826000000	1.0000000000	2	6	6	mismatched DNA binding	108014253,108021560
GO:0008139	8.080	5	0.9827500000	1.0000000000	5	13	13	nuclear localization sequence binding	108009773,108011137,108014204,108013237,108013624
GO:0043005	59.410	55	0.9828400000	1.0000000000	55	69	72	neuron projection	108014292,108019986,108005323,108009788,108009779,108016807,108016887,139353246,108021510,108010870,108020196,108018853,108018890,108016232,108009923,108021627,108007298,108013130,108018807,108017645,108020419,108015077,108021783,108021698,108021679,108018039,108018926,108015189,108019526,108018250,108012887,108012866,108018150,108010247,108015991,108006324,108006308,108006364,108009368,108015359,108007747,108007757,108006426,108009518,108005126,108014865,108021192,108013569,108014897,108004656,108004795,108014169,108021221,108011881,108013617
GO:1990269	2.600	1	0.9832200000	1.0000000000	1	5	5	RNA polymerase II C-terminal domain phosphoserine binding	108016228
GO:0031210	4.056	3	0.9837200000	1.0000000000	3	5	5	phosphatidylcholine binding	108007992,108010756,108013708
GO:0006402	1.958	1	0.9841300000	1.0000000000	1	5	5	mRNA catabolic process	108012855
GO:0051453	4.904	4	0.9845200000	1.0000000000	4	6	6	regulation of intracellular pH	108015745,108014400,108013214,108010526
GO:0019887	4.314	3	0.9854300000	1.0000000000	3	6	6	protein kinase regulator activity	108009127,108018373,108005297
GO:0072659	12.125	9	0.9859400000	1.0000000000	9	17	17	protein localization to plasma membrane	108019090,108019914,108009822,108007459,108018063,108005790,108009252,108019810,108005282
GO:0008420	2.143	1	0.9859900000	1.0000000000	1	7	7	RNA polymerase II CTD heptapeptide repeat phosphatase activity	108014006
GO:0032979	3.002	1	0.9861200000	1.0000000000	1	7	7	protein insertion into mitochondrial inner membrane from matrix	108008731
GO:0030865	2.674	1	0.9862200000	1.0000000000	1	5	5	cortical cytoskeleton organization	108015775
GO:0004559	4.853	3	0.9864700000	1.0000000000	3	8	8	alpha-mannosidase activity	108019227,108021699,108021302
GO:0030322	9.721	8	0.9865200000	1.0000000000	8	11	11	stabilization of membrane potential	118877935,108019925,108009731,108021788,108010163,108015854,108016561,108014979
GO:0015271	10.721	9	0.9865200000	1.0000000000	9	12	12	outward rectifier potassium channel activity	118877935,108019925,108009731,108021788,108010163,108015854,108016561,108008193,108014979
GO:0022841	9.721	8	0.9865200000	1.0000000000	8	11	11	potassium ion leak channel activity	118877935,108019925,108009731,108021788,108010163,108015854,108016561,108014979
GO:0030955	3.831	2	0.9870300000	1.0000000000	2	6	6	potassium ion binding	108015611,108020525
GO:0004743	3.831	2	0.9870300000	1.0000000000	2	6	6	pyruvate kinase activity	108015611,108020525
GO:0047389	3.720	2	0.9870400000	1.0000000000	2	5	5	glycerophosphocholine phosphodiesterase activity	108017409,118877320
GO:2001070	3.720	2	0.9870400000	1.0000000000	2	5	5	starch binding	108017409,118877320
GO:0051056	5.167	4	0.9872400000	1.0000000000	4	7	8	regulation of small GTPase mediated signal transduction	108020030,108016154,108006222,108005135
GO:0000460	2.960	1	0.9873500000	1.0000000000	1	9	9	maturation of 5.8S rRNA	108014088
GO:0030150	8.034	4	0.9873700000	1.0000000000	4	26	27	protein import into mitochondrial matrix	108017579,108016390,108019626,108017038
GO:0005744	3.505	1	0.9874400000	1.0000000000	1	13	14	TIM23 mitochondrial import inner membrane translocase complex	108017579
GO:0015914	3.098	2	0.9875000000	1.0000000000	2	4	5	phospholipid transport	108010756,108013708
GO:0006509	3.998	3	0.9875300000	1.0000000000	3	5	5	membrane protein ectodomain proteolysis	108020995,108013190,108015444
GO:0019905	11.707	8	0.9876300000	1.0000000000	8	20	20	syntaxin binding	139353199,108015563,108021484,108021581,108005140,108009470,108015443,108021274
GO:0030976	4.651	3	0.9877500000	1.0000000000	3	6	6	thiamine pyrophosphate binding	108010762,108012820,108019541
GO:0003774	4.988	5	0.9880100000	1.0000000000	5	5	5	cytoskeletal motor activity	108020167,108021600,108021791,108014539,108014991
GO:0008285	2.886	1	0.9880300000	1.0000000000	1	6	6	negative regulation of cell population proliferation	108020231
GO:0003678	4.462	2	0.9883500000	1.0000000000	2	8	8	DNA helicase activity	108010268,108021087
GO:0031624	6.791	4	0.9884300000	1.0000000000	4	11	11	ubiquitin conjugating enzyme binding	108013175,108010042,108005853,108009651
GO:0048619	3.990	3	0.9884900000	1.0000000000	3	5	5	embryonic hindgut morphogenesis	108021333,108018449,108007800
GO:0009880	4.990	4	0.9884900000	1.0000000000	4	6	6	embryonic pattern specification	108021333,108006389,108018449,108007800
GO:0005813	32.115	25	0.9885000000	1.0000000000	25	62	63	centrosome	108013721,108011143,108012459,108019142,108006001,108021618,108008644,108010053,108007418,108017674,108011460,108015178,108020489,108012873,108014663,108015212,108012990,108005809,108015345,108019729,108017142,108009472,108021242,108004715,108021282
GO:0090630	12.959	10	0.9888800000	1.0000000000	10	19	19	activation of GTPase activity	108020030,108016199,108006869,108006825,108018960,108011409,108005077,108018367,108017981,108005135
GO:0061608	6.174	3	0.9890900000	1.0000000000	3	12	12	nuclear import signal receptor activity	108013237,108015335,108013624
GO:0031491	6.930	4	0.9897500000	1.0000000000	4	13	13	nucleosome binding	108012034,108005000,108013402,108013601
GO:0008301	2.830	1	0.9898400000	1.0000000000	1	5	5	DNA binding, bending	108010054
GO:0048513	4.795	4	0.9902200000	1.0000000000	4	5	5	animal organ development	108007183,108009971,108011413,108017035
GO:0006281	22.564	17	0.9904000000	1.0000000000	17	37	38	DNA repair	108005362,108016010,108020027,108004880,108009849,108016091,108016095,108015620,108017563,108007314,108019388,108018244,108009244,108020730,108018464,108005900,108005938
GO:0000175	5.461	3	0.9909300000	1.0000000000	3	10	10	3'-5'-RNA exonuclease activity	108017596,108006022,108014093
GO:0098632	9.548	9	0.9909500000	1.0000000000	9	10	10	cell-cell adhesion mediator activity	108020043,108009836,108010887,108015176,108005846,108014859,108017950,108011955,108016740
GO:0042834	2.694	1	0.9909900000	1.0000000000	1	8	8	peptidoglycan binding	108010615
GO:0070593	8.548	8	0.9912300000	1.0000000000	8	9	9	dendrite self-avoidance	108020043,108009836,108010887,108005846,108014859,108017950,108011955,108016740
GO:0004715	7.238	6	0.9913400000	1.0000000000	6	8	8	non-membrane spanning protein tyrosine kinase activity	108010964,108006981,108019439,108005638,108005888,108011682
GO:0009653	12.754	9	0.9914300000	1.0000000000	9	22	22	anatomical structure morphogenesis	108008546,108012531,108013345,108013344,108005039,108018281,108012141,108021089,108005155
GO:0006869	14.002	11	0.9915300000	1.0000000000	11	17	17	lipid transport	108007992,139353265,108015543,108021617,108021737,108020355,108018226,108015201,108015245,108015246,108021016
GO:0071363	4.411	3	0.9919300000	1.0000000000	3	5	5	cellular response to growth factor stimulus	108009825,108018047,108014910
GO:0035999	3.516	2	0.9920700000	1.0000000000	2	5	5	tetrahydrofolate interconversion	108010923,108011560
GO:0048856	20.186	17	0.9923300000	1.0000000000	17	24	24	anatomical structure development	108011278,108013993,108019289,108017686,108006115,108020428,108020394,108006908,108017611,108018268,108017885,108007690,108012283,108017937,108007867,108013627,108011026
GO:0008270	257.897	237	0.9925700000	1.0000000000	237	480	574	zinc ion binding	108007943,108005341,108020975,108006686,108005328,108017315,108005334,108005335,108017367,108009739,108010782,108009791,108013718,108008366,108019001,108008360,136117567,108020060,108012428,108012416,118877182,108012424,108012408,108004852,108011144,108011148,108016821,108020082,108007937,108014385,108006745,108017453,108010803,108017441,108013089,108016115,108005448,108018764,108014395,108016162,108009853,108016198,108019229,108007224,108008550,108008551,108009896,108021521,108020144,108008490,108004901,108007171,108019137,108013822,108019196,108004924,108021497,108020162,108021479,108004918,108020156,108013860,108021480,108007195,108016958,108004977,108004966,108013016,108013175,108014486,108018876,108008658,108021615,108021616,108016279,108021606,118877764,108018020,108021672,139352981,108021588,108021585,108021584,108013945,108007269,108019258,108012607,108012609,108020225,108013993,108019289,108011397,108010042,108010031,108006837,139352163,139352164,108010077,108005672,108008743,108017686,139352805,108015061,108008763,108016372,108006130,108006087,108011408,108018041,108007390,108015829,108010133,108015808,108011439,108020391,108006908,108014544,108013206,108011493,108009178,108006956,108018941,108005601,108015891,108005781,108012089,108012088,108017776,108008823,108013398,108013389,108008868,108009305,108018268,108009227,108006198,108010220,108006194,108011527,108018150,108011520,108011523,108014609,108009243,108009250,108015976,108013300,108014681,108017712,108012009,108005730,108013348,108015235,108015222,108016535,108020610,108015276,108008984,108015252,108005024,108005034,108020647,108010414,136117121,108006381,108008011,108011672,108013407,108009392,108009377,108021002,108021055,108012106,108014766,108021039,108013426,108013475,108013466,108007739,108014019,108015328,108006437,108007777,108007776,108014036,108014039,108019790,108009506,108006486,108005131,108021115,139352536,108021101,108021100,108021146,108010479,108013508,108021128,108009482,108017922,108013549,108005934,108004652,108015314,108016647,108016630,108012271,108005977,108016611,136116924,108014173,108007867,108010615,108017248,108011941,108009600,108011912,108020871,108009664,108011972,108009651,108010587,108009591,108012320,108014967,108014974,108014960,108013619,108004729,108013673,139352489,108004776,108011053,108011057,108016747,108016746,108012379
GO:0015141	5.635	3	0.9925900000	1.0000000000	3	9	9	succinate transmembrane transporter activity	108015810,118877597,108009261
GO:0008643	11.979	8	0.9927200000	1.0000000000	8	19	19	carbohydrate transport	108014380,108014357,118877790,108009222,108010236,108017098,108020839,108019896
GO:0051119	11.979	8	0.9927200000	1.0000000000	8	19	19	sugar transmembrane transporter activity	108014380,108014357,118877790,108009222,108010236,108017098,108020839,108019896
GO:0017196	3.490	1	0.9931200000	1.0000000000	1	9	9	N-terminal peptidyl-methionine acetylation	118877681
GO:0000307	4.635	2	0.9932100000	1.0000000000	2	10	11	cyclin-dependent protein kinase holoenzyme complex	108010810,108010245
GO:0008201	6.456	5	0.9932800000	1.0000000000	5	9	9	heparin binding	108011156,108015555,108016887,108018028,108017100
GO:0004983	5.840	5	0.9934600000	1.0000000000	5	6	6	neuropeptide Y receptor activity	108019986,108016083,108016124,108013852,108015991
GO:0035435	5.452	3	0.9936400000	1.0000000000	3	9	9	phosphate ion transmembrane transport	108008440,108009898,108013934
GO:0048791	4.805	4	0.9936700000	1.0000000000	4	5	5	calcium ion-regulated exocytosis of neurotransmitter	108015563,108012968,108018438,108021274
GO:0034451	3.802	2	0.9939600000	1.0000000000	2	5	5	centriolar satellite	108013145,108013625
GO:0043495	3.859	2	0.9942300000	1.0000000000	2	5	6	protein-membrane adaptor activity	108009822,108018141
GO:0006517	5.472	3	0.9944100000	1.0000000000	3	10	10	protein deglycosylation	108016955,108017707,108009347
GO:0007160	13.478	11	0.9944200000	1.0000000000	11	15	15	cell-matrix adhesion	108005353,108005360,108019071,108010865,108008621,108009983,108018136,108008811,108019517,108009555,108008204
GO:0008284	5.850	5	0.9944300000	1.0000000000	5	6	6	positive regulation of cell population proliferation	108014269,108015573,108009404,108006389,108014836
GO:0005109	5.612	4	0.9944600000	1.0000000000	4	8	8	frizzled binding	108010711,108016875,108005646,108006227
GO:0000151	8.822	5	0.9945000000	1.0000000000	5	15	15	ubiquitin ligase complex	108013175,108010042,108005853,108004652,108009651
GO:0000976	11.722	8	0.9947600000	1.0000000000	8	18	18	transcription cis-regulatory region binding	108004940,108018895,118877721,108020231,108010054,108005661,108013398,108019729
GO:0018107	8.493	6	0.9953500000	1.0000000000	6	11	11	peptidyl-threonine phosphorylation	108020927,108011141,108013153,108021602,108020414,108016537
GO:0007229	9.520	7	0.9955900000	1.0000000000	7	11	11	integrin-mediated signaling pathway	108005353,108005360,108019071,108008621,108018136,108008811,108008204
GO:0000812	2.669	1	0.9956200000	1.0000000000	1	6	7	Swr1 complex	108009063
GO:0015116	9.872	6	0.9956400000	1.0000000000	6	15	15	sulfate transmembrane transporter activity	108018644,108015514,108014665,108017242,108017246,108017293
GO:0046475	4.415	2	0.9957100000	1.0000000000	2	6	6	glycerophospholipid catabolic process	108017409,118877320
GO:0006952	4.476	2	0.9959800000	1.0000000000	2	21	21	defense response	108009709,108007806
GO:0008076	6.872	6	0.9959900000	1.0000000000	6	7	7	voltage-gated potassium channel complex	108010674,108019327,108009281,108021079,108012318,108016735
GO:0097730	3.974	2	0.9964900000	1.0000000000	2	5	5	non-motile cilium	108021227,108012344
GO:0070534	3.786	2	0.9966500000	1.0000000000	2	6	6	protein K63-linked ubiquitination	108021480,108006333
GO:0050839	12.900	12	0.9967600000	1.0000000000	12	13	13	cell adhesion molecule binding	118876762,108019217,108018884,108021735,108019446,108010140,118877642,108016522,108021083,108015316,108019824,108021217
GO:0051085	5.126	2	0.9968200000	1.0000000000	2	13	13	obsolete chaperone cofactor-dependent protein refolding	108021503,108018892
GO:0005178	13.838	11	0.9969800000	1.0000000000	11	16	16	integrin binding	108005353,108005360,108019071,108015555,108008621,108018136,108008811,108012911,108017100,108008204,108016740
GO:0050767	5.238	2	0.9971100000	1.0000000000	2	13	13	regulation of neurogenesis	108019698,108021243
GO:0042734	8.166	6	0.9971900000	1.0000000000	6	9	9	presynaptic membrane	108021532,108020331,108019327,108010247,108012968,108021079
GO:0009952	10.598	7	0.9973600000	1.0000000000	7	19	19	anterior/posterior pattern specification	108015659,108013978,108013979,108019698,108006588,108021243,108011071
GO:0008045	11.074	10	0.9974200000	1.0000000000	10	14	14	motor neuron axon guidance	108005304,108021489,108021623,108021589,108007430,108018098,108006349,108012104,108020879,108021236
GO:0006182	10.948	9	0.9975100000	1.0000000000	9	12	12	cGMP biosynthetic process	108004915,108014587,108013259,108006947,108018235,108011645,108008901,108017081,108011050
GO:0004383	10.948	9	0.9975100000	1.0000000000	9	12	12	guanylate cyclase activity	108004915,108014587,108013259,108006947,108018235,108011645,108008901,108017081,108011050
GO:0000122	36.944	29	0.9975800000	1.0000000000	29	65	65	negative regulation of transcription by RNA polymerase II	108005313,108005335,108007106,108020076,108012587,108015659,108008622,108007277,108013978,108018108,108015807,108020393,108014544,108005787,108017772,108013393,108005772,108013353,108005730,108015234,108007642,108021055,108019790,108009535,108021101,108010479,108017965,108006588,108021244
GO:0007205	4.434	4	0.9976900000	1.0000000000	4	5	5	obsolete protein kinase C-activating G protein-coupled receptor signaling pathway	108013811,108015754,108009537,108014920
GO:0004989	4.998	5	0.9977300000	1.0000000000	5	5	5	octopamine receptor activity	108010943,108010944,108007433,108012181,108010545
GO:0030198	15.700	14	0.9977800000	1.0000000000	14	16	16	extracellular matrix organization	108018646,108009739,108019066,108015689,108006994,108021735,108010258,108007623,108013431,108016522,108005854,108006437,108009482,108015473
GO:0030136	4.166	2	0.9978800000	1.0000000000	2	6	6	clathrin-coated vesicle	108017128,118877437
GO:0007204	4.459	3	0.9979900000	1.0000000000	3	5	5	positive regulation of cytosolic calcium ion concentration	108015546,108011385,108010545
GO:0050916	3.425	1	0.9984100000	1.0000000000	1	6	6	sensory perception of sweet taste	108011825
GO:0050912	3.425	1	0.9984100000	1.0000000000	1	6	6	detection of chemical stimulus involved in sensory perception of taste	108011825
GO:0000900	3.505	2	0.9984300000	1.0000000000	2	6	6	mRNA regulatory element binding translation repressor activity	108012866,108014865
GO:0030234	6.236	3	0.9985700000	1.0000000000	3	13	15	enzyme regulator activity	108009775,108007165,108012235
GO:0036158	5.410	2	0.9990000000	1.0000000000	2	10	10	outer dynein arm assembly	108010702,108009939
GO:0005319	13.062	9	0.9990400000	1.0000000000	9	16	16	lipid transporter activity	139353265,108015543,108021737,108020355,108018226,108015201,108015245,108015246,108021016
GO:0000082	3.359	2	0.9991100000	1.0000000000	2	5	5	G1/S transition of mitotic cell cycle	108021500,108012158
GO:0001784	3.519	2	0.9991100000	1.0000000000	2	4	5	phosphotyrosine residue binding	108005386,108016748
GO:0045165	10.841	8	0.9991600000	1.0000000000	8	13	13	cell fate commitment	108010711,108016875,108005646,108020388,108011407,108014544,108006227,108021055
GO:0006139	5.811	2	0.9992700000	1.0000000000	2	11	11	nucleobase-containing compound metabolic process	108020125,108012113
GO:0043065	5.072	3	0.9992800000	1.0000000000	3	7	7	positive regulation of apoptotic process	108009754,108016912,108012158
GO:0036159	3.569	1	0.9995200000	1.0000000000	1	6	6	inner dynein arm assembly	108018804
GO:0005249	4.937	4	0.9995400000	1.0000000000	4	5	5	voltage-gated potassium channel activity	108005330,108009124,108009281,108009334
GO:0005112	6.238	4	0.9997200000	1.0000000000	4	8	8	Notch binding	108010757,108018762,108016135,108017587
GO:0007200	4.567	3	0.9997800000	1.0000000000	3	5	5	phospholipase C-activating G protein-coupled receptor signaling pathway	108019054,108011385,108010545
GO:0048024	3.858	2	0.9998500000	1.0000000000	2	5	5	regulation of mRNA splicing, via spliceosome	108009926,108018567
GO:0006491	2.671	1	0.9998500000	1.0000000000	1	5	5	N-glycan processing	108021421
GO:0019509	2.366	1	0.9998900000	1.0000000000	1	6	6	L-methionine salvage from methylthioadenosine	108013722
GO:0061574	2.278	1	0.9999200000	1.0000000000	1	5	5	ASAP complex	108005000
GO:0051568	2.185	1	0.9999200000	1.0000000000	1	4	8	obsolete histone H3-K4 methylation	108006381
GO:0015297	6.263	2	0.9999400000	1.0000000000	2	12	12	antiporter activity	108005602,108013492
GO:0005509	139.894	122	0.9999600000	1.0000000000	122	192	197	calcium ion binding	108020905,108015563,108015569,108020973,108005352,108009715,108009709,108007992,108005339,108009720,108010757,108021404,108009775,108008370,108011109,108019061,108021378,108012404,108015501,108016816,108012463,139353044,108009823,108018762,108007219,108016135,108007242,108019142,108019130,108004936,108011278,108015611,108015643,108013142,108010910,108017558,108018886,108009983,108017587,108018028,108020331,108020249,108009069,108015775,108014594,108005692,108020403,108016381,108018121,108018090,108009194,108013241,108008815,108008818,108016479,108015122,108019534,108015178,108006224,108018248,108012870,108011527,108018158,108011523,108005702,108015982,108009292,108015210,108008908,108019601,108006332,108006345,108005015,108005016,108015285,108018381,108009432,108017024,108006298,108018279,108016507,108014792,108014002,108020739,108019741,136117288,108018438,118877337,118877338,108009555,108009550,108005176,108009537,108010461,108010456,108018390,108014867,108021140,108014854,108009498,108013545,108017902,108016643,108012266,108017937,108015475,108015467,108004791,108014180,108006561,108011942,108017267,108021274,108014963,108008289,108004729,108004743,108011026,108011013,108021290,108004719,108016740
GO:0071880	13.497	11	0.9999600000	1.0000000000	11	14	14	adenylate cyclase-activating adrenergic receptor signaling pathway	108020130,108010943,108010944,108011385,108007433,108015841,108018183,108017731,108012181,108014886,108010545
GO:0007179	2.837	1	0.9999700000	1.0000000000	1	5	5	transforming growth factor beta receptor signaling pathway	108018281
GO:0042277	19.087	11	0.9999800000	1.0000000000	11	23	23	peptide binding	108014385,108016115,108014395,108020209,108007224,108013852,108007195,108021586,108020225,108007747,108007757
GO:0019941	2.269	1	0.9999900000	1.0000000000	1	5	5	modification-dependent protein catabolic process	108021494
GO:0031386	2.712	1	0.9999900000	1.0000000000	1	8	8	protein tag activity	108021494
GO:0043171	15.826	7	0.9999900000	1.0000000000	7	20	20	peptide catabolic process	108014385,108016115,108014395,108007224,108007195,108021615,108020225
GO:0070573	3.430	2	1.0000000000	1.0000000000	2	4	5	metallodipeptidase activity	108019120,108014645
GO:0070482	4.020	2	1.0000000000	1.0000000000	2	5	5	response to oxygen levels	108004915,108017081
GO:0070006	22.972	12	1.0000000000	1.0000000000	12	36	36	metalloaminopeptidase activity	108014385,108016115,108014395,108008555,108007224,108007195,108020225,118877583,118877563,108011591,108018404,108005097
GO:0008074	4.020	2	1.0000000000	1.0000000000	2	5	5	guanylate cyclase complex, soluble	108004915,108017081
