GO:0003755	9.602	19	0.0003600000	0.0821700000	19	34	37	peptidyl-prolyl cis-trans isomerase activity	108009741,108008416,108008370,108008395,108011147,108019096,108006742,108018045,108011489,108006933,108017794,108008876,108006325,108004680,108004685,108009536,108014832,108019809,108015425
GO:0005549	32.315	48	0.0004800000	0.0821700000	48	105	107	odorant binding	108019998,108019118,108007058,108007054,108007052,108010668,108019004,108009828,108018785,108008501,108018769,108011252,108009903,108018861,108016241,139352901,108012661,108006829,108015021,108018993,108012753,108015856,108014514,108005604,108019558,108016493,108012958,108012861,108015946,108010234,108010297,108013308,136116617,108017714,108008937,108008940,108016559,108008989,108018333,108008995,108008085,108014793,108019703,108012293,108008173,108013511,108008191,108016701
GO:0000413	5.674	12	0.0019000000	0.2530466667	12	21	23	protein peptidyl-prolyl isomerization	108009741,108008416,108008395,108011147,108011489,108006933,108017794,108006325,108009536,108014832,108019809,108015425
GO:1990269	1.840	5	0.0035500000	0.3631500000	5	5	5	RNA polymerase II C-terminal domain phosphoserine binding	108019022,108016228,108010041,108010224,108005021
GO:0005753	1.409	5	0.0039800000	0.3631500000	5	9	9	obsolete mitochondrial proton-transporting ATP synthase complex	108019003,108008639,108020422,108014633,108012023
GO:0006457	18.611	28	0.0052100000	0.3957833333	28	63	73	protein folding	108014252,108006675,108008416,108008395,108021522,108016172,108012527,108011282,108009990,118877785,108021634,108010015,108010068,108018962,108018045,108017777,108017794,108008847,108006325,108016596,108009479,118877386,108014830,108014832,108017924,108007844,108018520,108015425
GO:0046513	5.057	9	0.0066700000	0.4055241667	9	10	11	ceramide biosynthetic process	108021398,108010045,108019389,108005756,108016509,108017224,108017225,108021235,108004755
GO:0007608	28.215	39	0.0072900000	0.4055241667	39	87	89	sensory perception of smell	108019998,108019118,108007058,108007054,108007052,108010668,108009828,108018785,108008501,108018769,108011252,108009903,108018861,108016241,139352901,108012661,108018993,108012753,108015856,108014514,108005604,108019558,108016493,108012958,108012861,108015946,108013308,108017714,108008937,108016559,108018333,108008995,108014793,108019703,108012293,108008173,108013511,108008191,108016701
GO:0006777	2.024	5	0.0082800000	0.4055241667	5	5	5	Mo-molybdopterin cofactor biosynthetic process	108016804,108017667,108017666,108007733,108015418
GO:0005858	3.760	7	0.0086000000	0.4055241667	7	8	10	axonemal dynein complex	108012606,108014444,108016394,136116540,108018931,108008120,108013502
GO:0035970	2.364	5	0.0091700000	0.4055241667	5	6	6	peptidyl-threonine dephosphorylation	108016889,108019460,108008799,108016779,108021254
GO:0004984	23.591	33	0.0094200000	0.4055241667	33	66	68	olfactory receptor activity	108019998,108021350,108007058,108007054,108007052,108009828,108018769,108011252,108009903,108018861,108016241,139352901,108012661,108018993,108012753,108015856,108014514,108005604,108019558,108012958,108012861,108015946,108013308,108017714,108008937,108016559,108018333,108008995,108014793,108019703,108012293,108008191,108016701
GO:0016281	4.598	8	0.0111100000	0.4505561538	8	10	10	eukaryotic translation initiation factor 4F complex	108020151,108012712,108012673,108015766,108020374,108017728,108014928,108012363
GO:0050911	23.161	32	0.0130800000	0.4730742105	32	65	67	detection of chemical stimulus involved in sensory perception of smell	108019998,108007058,108007054,108007052,108009828,108018769,108011252,108009903,108018861,108016241,139352901,108012661,108018993,108012753,108015856,108014514,108005604,108019558,108012958,108012861,108015946,108013308,108017714,108008937,108016559,108018333,108008995,108014793,108019703,108012293,108008191,108016701
GO:0015937	2.305	5	0.0142500000	0.4730742105	5	6	6	coenzyme A biosynthetic process	108013831,108010087,108011458,108005615,108005820
GO:0000340	3.944	7	0.0148100000	0.4730742105	7	9	9	RNA 7-methylguanosine cap binding	108020151,108014479,108012712,108012673,108015766,108014928,108012363
GO:0034715	0.647	3	0.0152900000	0.4730742105	3	6	6	pICln-Sm protein complex	108016026,108007280,108008332
GO:0006816	1.632	4	0.0155300000	0.4730742105	4	4	5	calcium ion transport	108009826,108013190,108021720,108006292
GO:0034220	8.578	11	0.0163100000	0.4730742105	11	11	11	monoatomic ion transmembrane transport	139353246,108005432,108021510,108020196,108018853,108017582,108018807,108015077,108018039,108015189,108006426
GO:0060285	2.930	6	0.0186000000	0.4808870968	6	7	7	cilium-dependent cell motility	108019225,108012606,108018804,136116540,108018931,108008120
GO:0015631	5.156	9	0.0190800000	0.4808870968	9	13	14	tubulin binding	108011140,108007166,108020143,108011309,108021570,108020404,108009180,108008847,108017142
GO:0006820	16.017	21	0.0213400000	0.4808870968	21	27	28	monoatomic anion transport	108009717,108008440,108005497,108009898,108021473,108005596,118877710,108015745,108008748,108008786,108018120,108013214,118877099,108018215,108018182,108018167,108008121,108008123,108008122,108021168,108019815
GO:0005685	3.246	7	0.0213600000	0.4808870968	7	16	16	U1 snRNP	108016026,108004808,108021388,108020118,108007280,108020891,108008332
GO:0080008	4.343	8	0.0217700000	0.4808870968	8	13	14	Cul4-RING E3 ubiquitin ligase complex	108010817,108007252,108007296,108010009,108009176,108020541,108019708,108005187
GO:0004869	1.695	4	0.0221000000	0.4808870968	4	6	6	cysteine-type endopeptidase inhibitor activity	108020171,118877890,118877889,108006946
GO:0033179	2.577	6	0.0221500000	0.4808870968	6	14	14	proton-transporting V-type ATPase, V0 domain	139353066,108015727,108018081,108007652,108017064,108011016
GO:0051256	1.614	4	0.0226000000	0.4808870968	4	5	5	mitotic spindle midzone assembly	108020070,108011277,108021819,108019620
GO:0009331	2.447	5	0.0245100000	0.4808870968	5	6	16	glycerol-3-phosphate dehydrogenase (FAD) complex	108018121,108018090,108020514,108018241,108008262
GO:0030117	3.076	6	0.0248200000	0.4808870968	6	8	8	membrane coat	108008426,108013724,108016877,108016908,108014429,108020874
GO:0097602	3.758	7	0.0250000000	0.4808870968	7	14	14	cullin family protein binding	108009889,108016939,108008618,108012807,108009227,108005853,108005199
GO:0003352	1.450	4	0.0257000000	0.4808870968	4	5	5	regulation of cilium movement	108012606,136116540,108018931,108008120
GO:0015114	3.447	6	0.0273400000	0.4914046000	6	6	6	obsolete phosphate ion transmembrane transporter activity	108008440,108009898,108016179,108019160,108011433,108016799
GO:0004467	9.678	14	0.0290900000	0.4914046000	14	20	20	long-chain fatty acid-CoA ligase activity	108020947,108008448,108008503,108021448,139353152,108019245,108008708,108011538,108010263,108010264,108010288,108020729,108005116,108014181
GO:0006413	10.403	15	0.0314000000	0.4914046000	15	29	29	translational initiation	108018629,108007069,108005426,108020151,108012712,108012673,108015766,108006120,108018904,108013229,108014783,108014756,108005221,108014928,108012363
GO:0018095	4.063	7	0.0325400000	0.4914046000	7	8	8	protein polyglutamylation	108011140,108007166,108020143,108021570,108020404,108009180,108014660
GO:0019773	2.022	5	0.0330300000	0.4914046000	5	11	11	proteasome core complex, alpha-subunit complex	108008552,108008719,108010228,108017086,108010589
GO:0007266	5.303	8	0.0331100000	0.4914046000	8	9	10	Rho protein signal transduction	108021334,108016839,108011141,108011277,108005563,108006223,108010200,108019620
GO:0031011	3.173	6	0.0348300000	0.4914046000	6	10	12	Ino80 complex	108018612,108017563,108015069,108011561,108011834,108016790
GO:0001676	7.264	11	0.0348400000	0.4914046000	11	16	16	long-chain fatty acid metabolic process	108008503,139353152,108019245,108008708,108011538,108010263,108010264,108020729,108005116,108019800,108014181
GO:0010181	4.202	7	0.0358300000	0.4914046000	7	10	14	FMN binding	108006666,108019110,108013813,108004954,108010087,108021112,108012352
GO:0007155	13.792	17	0.0362900000	0.4914046000	17	19	19	cell adhesion	118877974,108013709,108008364,108021378,108012480,108011139,108015555,108016914,108008660,108019288,108013119,108021735,108010222,108010200,108009322,108008077,108017100
GO:0000049	10.194	15	0.0370700000	0.4914046000	15	31	31	tRNA binding	108013729,108006730,108004924,108008591,108010027,108013987,108014466,108013103,108016304,108007454,108005627,108007506,108018246,108009547,108015312
GO:0004722	8.684	13	0.0381400000	0.4914046000	13	28	31	protein serine/threonine phosphatase activity	108018659,108019116,108016889,108007179,108019460,108008799,108015212,108006427,108012220,108016779,108009589,108021254,108011037
GO:0008308	1.638	4	0.0382200000	0.4914046000	4	5	5	voltage-gated monoatomic anion channel activity	108010740,108011155,108008479,108021279
GO:0051726	6.594	10	0.0395300000	0.4914046000	10	14	14	regulation of cell cycle	108015746,108017774,108006222,108009318,108016533,108017825,108014025,108019796,108019868,108008329
GO:0005681	7.039	11	0.0408400000	0.4914046000	11	25	25	spliceosomal complex	108021438,108014301,108011258,108016972,136116481,108012803,108006202,108011546,108018188,108015327,108006559
GO:0006886	28.486	36	0.0409000000	0.4914046000	36	89	91	intracellular protein transport	108018627,108008426,108019069,108004819,108020048,108019093,108016877,108006745,108017473,108009851,108021533,108012520,108016908,108004984,108011264,108016929,108005543,108012602,108011396,108014429,108015761,108006983,108018959,108006114,108007453,108014529,108015172,108009426,108009392,108018403,118877357,108021146,108016783,108015481,108020874,108014997
GO:0016192	18.112	24	0.0410200000	0.4914046000	24	54	56	vesicle-mediated transport	108018627,108007993,108020048,108019082,108017473,108009851,108016908,108012526,108004984,108011264,108009952,108021666,108018959,108017673,108014524,108007589,108005802,108017997,108005184,118877357,108009491,108017219,108014997,108012379
GO:0043066	6.958	10	0.0411400000	0.4914046000	10	14	14	negative regulation of apoptotic process	108014269,108013190,108010015,108018045,108013200,108017774,108009404,108014025,108015330,108021201
GO:0000407	4.892	8	0.0413800000	0.4914046000	8	12	12	phagophore assembly site	108004843,108007276,108006975,108015001,108010104,108013211,108018176,108015927
GO:0006801	2.422	5	0.0430600000	0.5071872549	5	7	7	superoxide metabolic process	108009764,108009993,108010023,108016481,108011766
GO:0006366	4.725	8	0.0454200000	0.5309778846	8	16	16	transcription by RNA polymerase II	108006646,108010268,108004580,108007657,108018454,108013510,108016784,108008321
GO:0008235	10.509	14	0.0468600000	0.5409479245	14	16	16	metalloexopeptidase activity	108008405,108009918,108009919,108008893,108010292,108008915,108010305,108008112,108008111,108008168,108009569,108009572,108009570,108009571
GO:0032543	6.924	11	0.0481400000	0.5523472727	11	27	27	mitochondrial translation	108016088,108016073,108007021,108010059,108014463,108015786,108009199,108007506,108009342,108014142,108017269
GO:0003700	15.384	20	0.0488700000	0.5523472727	20	35	35	DNA-binding transcription factor activity	108016021,108021403,108019012,108012428,108009871,108005531,108008750,118877875,108021790,108010190,108015193,118877515,108010220,108006381,108011674,108017804,108014749,108018447,108004753,108004767
GO:0016020	372.015	391	0.0494500000	0.5525483051	391	762	773	membrane	108014260,108018627,108020919,108019931,108015566,108020977,108020978,118877974,108006680,108009717,108005357,108014290,108005358,108020957,108005324,108014288,108005339,108016041,108016040,108016047,108016039,108016037,108009722,108010712,108010708,108020986,108018670,108009781,108007101,108010757,108021406,108008437,108008443,108008440,108008379,108020021,108021350,108013709,108009681,108008367,108010674,108021398,108011110,108020057,108021364,108004855,108012480,108012484,108015500,108016824,108019086,108016887,108015543,108014201,108007911,108011161,108005432,108015694,108013032,108014365,108006746,108005411,108018783,108009804,108013070,118876763,108010853,108010856,108009877,108016151,108005486,108008527,108016135,108018792,108010830,108019215,108009898,108010869,108016175,108007174,108021457,108021448,108007155,108021435,108016915,108019187,108007183,108004923,108019165,108016948,108011264,108015607,108015605,108015672,108014349,108014335,108016998,108016983,108018849,108013157,108008617,108010921,108016237,108005563,108005564,118877710,108009989,108009995,108016269,108007361,108018021,108007360,108012701,108021663,108020313,118877790,108018001,108018008,108021597,108007268,108013934,108021561,108011348,108015714,108009038,108012672,108013997,108012648,108019286,108015727,108010046,108005517,108006812,139352153,108013101,108014436,108013291,108017647,108016300,108018959,108013269,108021708,108015033,108008748,108017673,108005696,108008727,108015000,108019437,108008786,108016393,108015045,108006151,108018140,108019478,108020448,108008794,108012817,108018120,108018123,108015080,108019389,108007389,108011409,108018045,108012744,136116597,108009146,108018098,108010135,108010136,108009124,108018081,108018083,108015810,108014528,108010171,108010172,108013200,108013204,108009163,118877099,108009172,108005602,108018914,108014552,108012087,108017746,108019510,108019512,108021818,108019509,108018223,108018226,108015182,108018215,108008877,108018206,108007550,108006225,108012952,108019576,108007597,108007598,108006269,108009222,108018182,108018189,108010205,108009233,108009234,108018174,108018179,108009202,108009203,108019490,118877597,108018167,108011514,108009212,108009261,108010255,108012893,108012895,108010236,108015992,108015995,108015993,108015997,108015981,108013322,108013312,108009281,118878059,108013355,108017705,108013349,108016560,108008907,108008972,108015271,118877610,108007652,108016592,118877629,108004596,108008954,108006308,108007633,108015246,108020663,108006364,108005035,108005036,108017000,108018335,108017006,136117178,108005001,108020633,108019659,108015287,108015288,108019648,108005046,108009401,108009408,118877679,108020667,108018297,108006298,108018283,108018287,108008009,108009385,108009363,108021016,108009362,108009375,108017812,108013438,108013440,108021062,108013428,108008077,108008075,108014768,108021042,108013497,108017819,108017823,108017996,108015337,108012292,108020729,108006418,108018403,108014046,108011825,108019792,108019785,108011805,108020746,108009542,108005184,108010526,108011843,108008207,108020792,108021108,108017098,108014805,108009478,108009473,108017084,108005084,108017072,118877357,108005081,108008121,108008123,108008122,108017064,108021158,108021155,108021147,108021143,108021144,108021131,108014840,108008165,108017919,108021185,108012232,108013568,108013548,108017914,108021168,136116878,108015318,108004666,136116855,108004635,139353001,108012266,108016609,108005971,108012255,108007842,108007850,108016794,108015450,108019815,108016775,108006557,108019874,136116904,136116901,108014186,108017219,108006565,108020839,108018511,108009629,108010610,108009602,108019894,108019895,108019899,108019884,108014198,108014196,108005296,108009659,108008326,108017266,108013600,108021204,108021205,108012318,108008298,108021278,108012315,108013616,139352496,108015430,108012390,108004755,108015413,108015411,108016735
GO:0007346	2.503	5	0.0513400000	0.5525483051	5	7	8	regulation of mitotic cell cycle	108007976,108008471,108007378,108012835,108009382
GO:0005955	2.191	4	0.0516500000	0.5525483051	4	5	5	calcineurin complex	108011132,108009069,118878367,108012146
GO:0097720	2.191	4	0.0516500000	0.5525483051	4	5	5	calcineurin-mediated signaling	108011132,108009069,118878367,108012146
GO:0008028	8.848	12	0.0524500000	0.5594360656	12	14	16	monocarboxylic acid transmembrane transporter activity	108009681,108016915,108010136,108009203,108015287,108015288,108009385,108008075,108017996,136116878,108015413,108015411
GO:0000226	20.477	25	0.0534000000	0.5594360656	25	37	37	microtubule cytoskeleton organization	108009747,108020101,108013766,108011139,108011140,108007166,108020143,108013005,108021570,108020404,108006055,108010141,108009180,108015852,108021819,108019526,108015212,108016595,108008963,108017005,108014833,108012278,108018514,108010600,108004715
GO:0003743	15.079	20	0.0552300000	0.5637493651	20	45	55	translation initiation factor activity	108018629,108007069,108005426,108004924,108020151,108012712,108012673,108015766,108006120,108020374,108010107,108018904,108018230,108009211,108017728,108014783,108014756,108005221,108014928,108012363
GO:0000387	3.232	6	0.0556500000	0.5637493651	6	14	14	spliceosomal snRNP assembly	108016026,108009863,108020118,108007280,108010159,108008332
GO:0031204	1.083	3	0.0568100000	0.5707710937	3	6	6	post-translational protein targeting to membrane, translocation	108008367,108008907,108021125
GO:0042776	1.059	3	0.0604800000	0.6057580000	3	6	6	proton motive force-driven mitochondrial ATP synthesis	108008639,108020422,108014633
GO:0004143	4.477	6	0.0618400000	0.6138000000	6	6	6	ATP-dependent diacylglycerol kinase activity	108013811,108021398,108015754,108009537,108019818,108014920
GO:0046949	5.756	9	0.0650400000	0.6228393056	9	15	15	fatty-acyl-CoA biosynthetic process	108008503,139353152,108019245,108008708,108011538,108010263,108010264,108005116,108014181
GO:0062129	15.524	20	0.0661300000	0.6228393056	20	59	60	chitin-based extracellular matrix	108008433,108008441,108004812,108009831,108009832,108008579,108012509,108012510,108008614,108012622,108012688,108012663,108018827,108006843,108008728,108012736,108008891,108019678,108019688,108008903
GO:0008010	15.524	20	0.0661300000	0.6228393056	20	59	60	structural constituent of chitin-based larval cuticle	108008433,108008441,108004812,108009831,108009832,108008579,108012509,108012510,108008614,108012622,108012688,108012663,108018827,108006843,108008728,108012736,108008891,108019678,108019688,108008903
GO:0005930	15.772	20	0.0663900000	0.6228393056	20	33	34	axoneme	108017312,108021329,108009864,108019225,108020148,108006879,108005535,108010984,108012645,108012606,108018804,108021736,108012831,108009132,136116540,108018931,108019642,108008120,108021122,108010656
GO:0005737	525.601	546	0.0665800000	0.6228393056	546	1174	1238	cytoplasm	108005305,108014262,108018627,108018629,108019955,108020927,108005318,108018612,108007940,108007946,108007945,108007941,108007944,108015573,108014236,108016895,108006675,108020979,108020978,108020975,118877974,108006684,108009718,108009716,108018659,108020955,108007985,108020960,108014276,108008411,108008412,108005384,108008419,108009747,108017376,108005399,108010715,108009727,108018678,108013806,108009784,108013808,108019113,108019116,108020101,139352732,108009792,108008463,108007138,108016077,108010756,108008444,108017382,108013729,108019039,108021339,108010678,108013707,108013708,108021335,108013711,108008366,108008368,108021315,108021321,108010671,108008360,108019075,108021398,108021396,108004803,108021391,108013766,108007069,108019058,108021375,108013737,108013739,108020030,108015516,108016829,108016826,108011141,108020092,108019096,108011132,108011135,108016824,108016804,108004844,108019080,108012451,108016813,108019915,108007928,108015544,108004869,108011162,108011166,108015526,108005428,108013052,108005436,108013032,108006746,108006742,108014356,108010817,108009824,108013093,108018789,108016110,108017449,108018751,108014396,108014395,108010847,118876789,108021500,108010833,108009851,108010825,108009850,108010828,108010829,108008526,108018792,108008577,108020220,108012601,108021538,108019229,108008555,108009889,108020201,108016188,108007231,108009899,108016179,108007167,108012517,108013834,108020117,108020123,108021451,108013831,108019139,108013816,118877253,108021444,108008480,108016914,108016918,108019195,108019199,108011230,108012565,108016921,108013878,108019177,108012527,108019160,108019168,108004914,108020151,108013860,108007195,108016954,108016939,108004950,108015611,108016933,108015672,108014336,108009900,108018862,108013175,108009911,108018839,108006854,108013153,108014486,108014471,108018835,108008618,108016247,108009956,108016238,108005562,108005563,108009926,108017559,108017545,108021622,108010982,108010966,108009995,108016271,108021600,108009975,108008649,108012712,108020335,108018029,108019344,108007342,108021645,108018001,108018002,108021633,108010995,108020241,108008591,108007276,108021556,108020225,108010025,108020298,108010010,108012673,108011317,108009011,108012656,108010060,108009065,108006802,108015742,108010042,108010031,108009050,108006836,108014460,108018821,136117703,108006812,108014440,108006823,108010075,108009095,108010079,108013106,108008703,108018978,108006975,108016304,108006983,108006984,108007418,108008747,108017683,108005682,118877833,108015015,108006114,108007449,108019437,108020406,108007426,108012832,108018129,108009104,108018065,108011433,108009115,108018056,108018055,108020372,108011407,108006055,139352878,108018036,108007391,108010141,108014500,108010146,108011460,108009128,118878367,108010105,108010107,108013209,108014539,108006904,108013212,108009194,108013201,108013205,108015848,108009167,108015852,108015840,108017609,108006962,108018918,108014560,108013237,108013238,108015885,108017774,108015111,108016435,108012077,108015108,108016438,108013390,108013382,108015157,108021819,108016479,108021800,108008847,108015129,108015190,108020513,108008876,108015171,108018201,108018207,108006222,108009314,108012948,108009316,108007589,108012921,108020545,108018233,108010215,108009228,108011552,108006194,108012866,108010205,108018176,108020495,108020493,108011544,108009201,108006176,108019490,108018161,108018166,108012846,108014615,108011591,108009260,108010265,108009243,118878002,108010243,108010245,108012888,108018193,108013328,108013331,108015983,108013324,108015968,108013361,108017707,108005716,108013355,108005731,108007603,108015232,108015230,108007611,108015212,108015216,108016536,108019630,108018300,118877613,108020607,108006327,108016592,108004592,108008963,108011700,108018342,108017005,108005002,108019650,108018321,108006344,108020623,108011737,108009432,108009439,108018373,108009400,118877681,108008011,108012989,108009351,108012996,108009320,108008009,108013407,108021037,108021033,108021034,108009383,108009374,108017805,108014788,108012113,108012112,108014779,108005802,108008087,108014751,108014756,108013499,108012169,108012146,108017830,108012147,108005850,108017825,108007724,108004699,108014022,108014025,108016674,108014019,108004671,108004685,108015325,108015327,108019750,108014052,108006427,108005140,108011828,108018462,108005151,108009519,108017117,108005135,136117283,108020747,108020751,108009547,108011858,108009551,108018477,108009479,108014807,118877386,108018390,108018394,108014866,108014865,108005913,108013508,108013512,108014833,108014834,108005937,108021193,108016603,108014891,108021186,108021183,108014897,108013568,108012220,108021166,108004652,108015317,108005998,108012270,108012261,108005959,108013599,108014149,108006523,108019820,108016799,108019808,108006504,108016771,108019803,108016775,108014119,108005224,108007890,108005238,108007860,108006539,108006534,108014165,108019857,108009629,108017257,108010600,108020895,108017239,108011912,108009662,108021306,108008337,108009644,108011968,108009647,108009651,108005293,108005296,108009589,108013603,108010587,108014942,108008267,108014928,108021216,108009592,108011888,108021208,108017198,108009578,108021201,108008297,108008298,108013633,108012304,108008287,108014953,108012363,108011021,108011023,108004708,108004722,108004717,108015431,108016764,108016750,108015424,108012399,108004750,108004758,108004754,108012381,108012383,108015410,108016748,108012375
GO:0008934	1.795	4	0.0668900000	0.6228393056	4	6	6	inositol monophosphate 1-phosphatase activity	108013769,108013099,118877282,108013301
GO:0042803	4.498	7	0.0683100000	0.6264828378	7	10	14	protein homodimerization activity	108011135,108009852,108018011,108020514,108009225,108019668,108008262
GO:0042981	8.317	11	0.0687300000	0.6264828378	11	13	14	regulation of apoptotic process	108008421,108021480,108013175,108016204,108018011,108009225,108010243,108009326,108005113,108008132,108008311
GO:0005740	1.819	4	0.0706700000	0.6336715385	4	7	7	mitochondrial envelope	108018045,108013467,108007842,108008307
GO:0099536	3.844	6	0.0718100000	0.6336715385	6	8	8	synaptic signaling	108005448,108018876,136116498,108011557,108014173,108009600
GO:0015149	3.148	5	0.0732200000	0.6336715385	5	5	5	hexose transmembrane transporter activity	108010255,108012893,108019659,108019894,108019895
GO:0015749	3.148	5	0.0732200000	0.6336715385	5	5	5	monosaccharide transmembrane transport	108010255,108012893,108019659,108019894,108019895
GO:0048468	3.654	5	0.0739900000	0.6390896341	5	5	5	cell development	108007283,108007279,108007272,108019299,108018987
GO:0043022	7.805	11	0.0760100000	0.6390896341	11	24	24	ribosome binding	108005426,108013076,108011297,108010056,108008731,108012866,108009211,108012000,108010330,108014865,108015497
GO:0006302	2.986	5	0.0762400000	0.6390896341	5	6	6	double-strand break repair	139352981,108010210,108018376,108006406,108016790
GO:0006605	2.382	4	0.0762700000	0.6390896341	4	7	7	protein targeting	108005543,108008907,108009491,108017245
GO:0070740	3.721	6	0.0777100000	0.6441013253	6	7	7	tubulin-glutamic acid ligase activity	108011140,108007166,108020143,108021570,108020404,108009180
GO:0070286	3.412	6	0.0800300000	0.6565427381	6	11	11	axonemal dynein complex assembly	108012606,108009065,136116540,108018931,108018245,108008120
GO:0001054	1.878	4	0.0824400000	0.6633997727	4	10	10	obsolete RNA polymerase I activity	108008634,108009016,108021012,108020796
GO:0008569	10.569	12	0.0826600000	0.6633997727	12	12	15	minus-end-directed microtubule motor activity	108015691,108019204,108020148,108013006,108014444,108014446,108016394,108012831,108011632,108018365,108021122,108016798
GO:0010498	2.495	5	0.0838400000	0.6633997727	5	13	13	proteasomal protein catabolic process	108008552,108008719,108010228,108017086,108010589
GO:0071014	1.890	4	0.0841900000	0.6633997727	4	7	7	post-mRNA release spliceosomal complex	108008637,108010115,108018930,108019600
GO:0050660	21.419	26	0.0890800000	0.6962508791	26	45	48	flavin adenine dinucleotide binding	108006666,108013806,108009763,108021395,108009866,108008474,108019124,108004954,108007436,108009165,108006230,108014060,108020744,108010516,108017141,108021112,108005276,108005277,108005278,108005274,108005283,108005281,108010629,108012352,108016750,108016742
GO:0000149	8.856	12	0.0898200000	0.6962508791	12	22	22	SNARE binding	108005352,108012526,108011264,108010910,108015761,108018959,108009392,108017128,108018438,118877357,108021146,108021267
GO:0007219	10.525	13	0.0905700000	0.6962508791	13	20	20	Notch signaling pathway	108009712,108020995,108010757,108018762,108016135,108018886,108005517,108016311,108012732,108010106,108014019,108015444,108021301
GO:0043231	25.217	30	0.0948800000	0.7091510526	30	59	65	intracellular membrane-bounded organelle	108020922,108008426,108016824,108015543,108015521,108008506,108016982,108018849,108012701,108014429,108018123,108014524,108008850,108017794,108018226,108009241,108015229,108006325,108015246,108018297,108021016,108004692,108017985,108015365,108009509,108016775,108019871,108009602,108008318,108015430
GO:0035091	12.833	16	0.0949600000	0.7091510526	16	24	24	phosphatidylinositol binding	108007992,108010756,108017383,108013708,108011139,108021533,108013157,108015172,108016573,108009400,108004692,108017990,108019782,108019871,108011932,108015410
GO:0046933	3.682	6	0.0951500000	0.7091510526	6	14	14	proton-transporting ATP synthase activity, rotational mechanism	108009960,108008639,108020422,108014633,108015214,108014146
GO:0000166	8.228	11	0.0959400000	0.7091510526	11	16	16	nucleotide binding	108008429,108013777,108017441,108021575,108009064,108015722,108008702,108015829,108019536,108013460,108014873
GO:0006906	4.394	7	0.0962800000	0.7101036458	7	14	14	vesicle fusion	108012526,108011264,108009952,108018959,108014692,108018438,118877357
GO:0045202	36.599	40	0.0979500000	0.7140862887	40	50	50	synapse	108006625,108009716,108019970,108008383,108019080,108004869,139353246,108009834,108005448,108021510,108020196,108018853,108014479,108016232,108017582,108019326,108013990,108018807,108017645,108015077,108011409,108018039,108014568,108015189,108012887,108012866,108009292,108016595,108013451,108021095,108015326,108006426,108019798,108018438,108014865,108009481,108004795,108014169,108009600,108011881
GO:0022848	8.414	10	0.0996300000	0.7201851020	10	10	10	acetylcholine-gated monoatomic cation-selective channel activity	139353246,108021510,108020196,108018853,108017582,108018807,108015077,108018039,108015189,108006426
GO:0005515	577.938	594	0.1035700000	0.7449850505	594	1054	1099	protein binding	108018627,108018617,108018613,108006610,108006607,108020906,108006625,108016896,108016899,108020975,108017333,108016008,108020970,108007985,108020948,108020945,108005337,108014279,108010737,108010741,108009752,108010724,108009758,108010714,108010715,108016024,108008408,108008407,108020989,108009786,108009783,108019113,108021433,108019114,118879759,108013811,108009795,108016071,108016079,108016077,108019107,108008434,108008431,108021407,108021405,108008439,108016064,108016053,108021354,108021351,108021338,108009689,108013709,108021335,108008368,108009696,108009693,108008365,108009694,108021321,108010674,108019075,108004803,108011114,108019069,108020053,108007094,108013749,108012419,108019058,108021376,108021362,108016843,108012488,108016845,108011139,108012477,108019090,108016823,108019915,108015559,108007928,108011171,108014202,108011178,108015519,108004880,108015526,108016858,108005428,108005425,108013055,108006762,108013045,108018739,139353041,108006746,108005412,118876759,108010817,108009826,108013091,108009819,108018782,108009837,108013081,108013085,108009805,108005453,108009814,108005456,108009811,108013063,108009863,118876793,108008537,108009878,108017486,108010833,108008516,108010821,108010829,108009859,108013927,108008572,108010888,108008588,108020205,108020206,108019224,108016199,108010877,108008567,108009891,108019203,108019206,108019154,108020136,108019130,108020123,108019139,108008483,108013819,108016094,108020111,108021443,108020112,108019122,108013820,108010795,108019195,108019197,108004924,108011230,108020180,108011236,108004938,108012553,108013888,108013868,108021497,108020167,108020164,108013859,108004923,108004914,108021480,108016968,108011262,108016943,108004967,108015673,108014333,108014336,108005541,108018863,108016204,108017509,108014484,108017511,108006862,108005538,108005535,108017505,108005593,108005563,108006897,108006899,108018886,118877720,118877721,108021627,108008657,108021632,108009994,108009995,108009998,108009972,108017589,108017588,108012706,108010999,108021646,108019327,108010995,108007284,108019277,108012641,108007282,108012645,108007296,108007274,108010021,108010026,108010009,108020297,108009007,108012656,108013987,108009067,108010060,108009049,108011371,108010043,108014402,108010036,108006836,139352171,108014466,108018821,108013137,108006841,108014457,108013129,108013110,108010085,108006825,108014433,108009095,139352169,108010079,108013290,108013293,108005670,108018973,108018969,108021701,108007403,108007405,108021700,108008735,108008747,118877833,108015015,108005696,108016339,108006113,108006114,108008779,108018100,108019439,108007453,108020405,108019425,108007430,108021720,108016372,108019478,108021793,108018146,108021791,108018139,108006161,108007463,108009102,108018064,108021699,108020374,108006083,108011407,108011409,108018041,108018040,108018045,108021678,108018037,108021683,108007392,108009149,108015827,108010139,108015826,108011471,108011473,139353304,108015816,108018098,108010130,108015824,108010117,108010119,108015807,108010125,108018073,108010113,108015871,108010170,108013201,108009163,108009162,108009176,108010159,108013252,108005638,108010190,108010192,108013221,108015111,108012072,108016439,108005771,108017739,108012052,108013384,108019518,108019507,108017792,108008841,108017782,108019553,108018221,108012908,108019531,108015171,108015175,108006224,108018269,118877578,108012961,108012963,108012952,108006251,108019577,108018233,108018238,108018180,108010205,108020489,108012872,108011544,108018165,108019495,108012846,108018150,108015944,108009270,108010238,108010244,108012888,108018193,108012000,108013336,108005713,108010294,108010295,108010299,108015968,108010280,108010273,108014634,108017728,108005756,108012036,108012009,108005727,108017898,108008912,108016542,108016544,108017867,108008972,108008971,108015273,108015277,108018304,108007659,108019621,108019600,108015243,108018342,108006331,108006333,108007660,108005005,108006337,108006338,108015294,108020623,108006347,108006349,108018315,108006392,108011735,108011738,108018377,108009400,118877681,118877689,108006381,108009353,108008020,108012996,108010314,108010315,108010324,108010306,108010311,108021029,118879475,108021032,108014725,108009396,108009391,108008060,108008038,108008035,108011694,108014712,108021079,108013456,108013458,108012111,108013441,108005800,108005802,108013431,108013430,108014761,108013491,108012169,108005876,108013484,108016511,108017835,108005850,108012134,108004699,108019716,108014028,108014019,108004678,108015339,108004681,108004680,108015327,108006431,108019741,108019748,108006414,108020775,108019798,108019792,108009513,108009519,108009516,108005135,108009549,108009555,108009551,108018485,108011834,108009531,108009536,108020786,118877326,108021109,108009444,108009449,108009456,108018397,108018394,108011760,108014866,108014847,108021145,108014854,108021126,108013501,108021194,108017919,108005955,108014891,108013565,108013567,108017922,108013548,108021174,108014887,108021167,108021166,108004655,108005986,108012277,108015304,108005959,108017951,108017937,108013580,108017946,108019829,108019836,108006519,108014139,108019808,108019811,108007832,108007833,108016773,108016771,108007883,108006561,108005237,108014173,108020840,108015496,108014163,108020823,108014157,108011942,108017258,108009633,108009631,108010603,108020891,108017243,108020878,108009607,108017231,108017233,108017232,108019881,108017229,108017296,108008344,108021301,108009644,108011966,108008316,108017273,108011971,108011974,108011958,108017264,108017262,108017265,108005292,108011963,108009587,108008265,108021221,108009592,108009561,108017192,108011892,108014922,108014920,108009578,108009579,108014978,108012318,108021260,108013626,108021255,108014963,108008285,108014953,108011037,108012355,108011026,108012359,108012339,108021297,108021291,108004720,108014991,108012333,108016766,108016765,136116981,108012399,108004750,108004748,108004768,108016735
GO:0097428	0.623	2	0.1075900000	0.7665955000	2	4	5	obsolete protein maturation by iron-sulfur cluster transfer	108006952,108019598
GO:0006511	21.665	26	0.1107900000	0.7741197059	26	59	59	ubiquitin-dependent protein catabolic process	108009759,108004803,108019911,108015547,108008505,108009811,108008552,108013175,108016204,108010042,108010034,108008719,108012807,108020424,108009315,108009227,108010228,108012108,108019708,108009528,108017086,108005095,108013517,108021197,108009651,108010589
GO:0030897	1.490	3	0.1109900000	0.7741197059	3	4	5	HOPS complex	108016929,108013290,108006983
GO:0031683	5.067	7	0.1120900000	0.7765724272	7	8	9	G-protein beta/gamma-subunit complex binding	108009816,108013285,108019472,108018194,108019611,108019612,108019779
GO:0006298	3.818	6	0.1133000000	0.7797006731	6	10	10	mismatch repair	108020958,108013930,108021560,108018138,108018099,108019891
GO:0072546	2.042	4	0.1151300000	0.7840234286	4	9	9	EMC complex	108009757,118878009,108012190,108007707
GO:0001664	8.551	11	0.1181700000	0.7963144340	11	16	17	G protein-coupled receptor binding	108009816,108010828,108018862,108013285,108019472,108009115,108021800,108018194,108019611,108019612,108019779
GO:0016788	7.191	10	0.1195100000	0.8014971028	10	18	18	hydrolase activity, acting on ester bonds	108009812,108012552,108013016,108009156,108017793,108018308,108008062,108005994,108015474,108015441
GO:0002098	3.225	5	0.1229400000	0.8207204545	5	8	8	tRNA wobble uridine modification	108008434,108013103,108016304,108018305,108009547
GO:0009887	11.255	13	0.1234300000	0.8207204545	13	14	14	animal organ morphogenesis	108015573,108019063,108019181,108021641,108013119,108013332,118877663,108006347,108006349,108006389,108021153,108009643,108016740
GO:0005484	6.286	9	0.1242400000	0.8207204545	9	25	25	SNAP receptor activity	139353199,108014374,108012526,108011264,108009952,108015761,108018959,108014692,118877357
GO:0006351	10.941	14	0.1279200000	0.8272385217	14	32	32	DNA-templated transcription	108008547,108019147,108017563,108008634,108009016,108010183,108005781,108015940,108016533,108021012,108020796,108008140,108018397,108013574
GO:0008380	2.358	4	0.1285600000	0.8272385217	4	7	7	RNA splicing	108016026,108009820,108005000,108009471
GO:0006398	1.402	3	0.1288600000	0.8272385217	3	5	5	mRNA 3'-end processing by stem-loop binding and cleavage	108008402,108011719,108014779
GO:0012505	17.918	22	0.1296800000	0.8272385217	22	54	54	endomembrane system	108014290,108016016,108014382,108004981,108011264,108011303,108015761,108018959,108015033,108018045,108010142,108018914,108012087,118877633,108009382,108013424,108009466,118877357,108014186,108021205,108007803,108015406
GO:0000822	2.354	4	0.1317200000	0.8272385217	4	5	5	inositol hexakisphosphate binding	108016179,108019160,108011433,108016799
GO:0048487	3.264	5	0.1365800000	0.8438596639	5	7	7	beta-tubulin binding	108010794,108013561,108013563,108013628,108016732
GO:0005839	5.309	8	0.1371500000	0.8438596639	8	25	25	proteasome core complex	108008401,108008552,108008719,108011553,108009206,108010228,108017086,108010589
GO:0005794	52.263	58	0.1376700000	0.8438596639	58	126	127	Golgi apparatus	108020903,108016892,108005359,108008427,108004819,108016877,108015547,108015520,108013077,108009813,108021539,108016179,108012520,108012526,108019160,108004916,108013175,108009940,108021617,108021663,108007349,108021635,108021636,108009031,108019284,108014421,108018986,108017634,108007483,108011433,108010121,108014568,108019518,108015141,108018200,108017738,108007610,118877610,118877634,108009419,108006292,108009386,108012107,108021081,108017997,108004687,108012297,108018405,108019729,108017117,108005184,108005173,108005171,108016799,108011092,108019846,108014922,108021266
GO:0007017	2.542	4	0.1380600000	0.8438596639	4	7	7	microtubule-based process	108016950,108008847,108009220,108011645
GO:0001056	2.259	4	0.1385700000	0.8452399167	4	10	10	obsolete RNA polymerase III activity	108019147,108008634,108010183,108021012
GO:0006465	2.216	4	0.1408400000	0.8505904132	4	9	9	signal peptide processing	108008379,108015522,108015981,108017006
GO:0005736	2.194	4	0.1420400000	0.8550508197	4	11	11	RNA polymerase I complex	108008634,108009016,108021012,108020796
GO:0000974	2.230	4	0.1437700000	0.8584819355	4	8	8	Prp19 complex	108008637,108012803,108018233,108019600
GO:0000243	1.456	3	0.1452200000	0.8584819355	3	5	5	commitment complex	108007280,108008762,108006272
GO:0008194	15.529	19	0.1481200000	0.8710304762	19	36	37	UDP-glycosyltransferase activity	118877909,108008357,139352909,108006012,108006011,108006018,108021724,108006051,108010195,108010196,108007512,108015384,108020709,108011867,108005197,108008131,139352512,139352581,108011086
GO:0005622	10.368	13	0.1485600000	0.8710304762	13	20	20	intracellular anatomical structure	108009878,108010966,108021610,108015871,108010170,108016462,108018188,108015968,108009413,108017805,108015371,108009540,108006559
GO:0048278	2.265	4	0.1515700000	0.8757863846	4	8	8	vesicle docking	108011264,108015761,108018959,118877357
GO:0017148	7.938	10	0.1523400000	0.8757863846	10	15	15	negative regulation of translation	108013055,108006734,108010801,108021615,108009071,108020406,108018037,108015108,108008060,108017922
GO:0043248	1.512	3	0.1529200000	0.8757863846	3	7	7	proteasome assembly	108018614,108005454,108009228
GO:0051959	11.456	13	0.1532600000	0.8757863846	13	14	17	dynein light intermediate chain binding	108015691,108019204,108007167,108020148,108013006,108014444,108014446,108016394,108012831,108011632,108018365,108021122,108016798
GO:0045211	20.072	22	0.1562700000	0.8850007634	22	24	24	postsynaptic membrane	108019970,108008383,108013711,108009694,108016804,108021510,108010888,108020196,108018853,108017582,108019326,108019327,108013990,108018807,108015077,108018039,108020396,108015189,108009307,108021079,108021095,108006426
GO:0016593	3.920	6	0.1584200000	0.8893297826	6	13	15	Cdc73/Paf1 complex	108019022,108016228,108010041,108013226,108010224,108005021
GO:0072583	2.589	4	0.1605900000	0.8893297826	4	6	6	clathrin-dependent endocytosis	108017449,108014429,108017128,108020874
GO:0005834	7.084	9	0.1605900000	0.8893297826	9	14	15	heterotrimeric G-protein complex	108019054,108009816,108013285,108019472,108009193,108018194,108019611,108019612,108019779
GO:0000054	1.481	3	0.1610900000	0.8893297826	3	6	6	ribosomal subunit export from nucleus	108013229,108009468,108004754
GO:0016236	2.375	4	0.1613300000	0.8893297826	4	8	9	macroautophagy	108015001,108005727,108009540,108004757
GO:0045454	3.049	5	0.1629300000	0.8893297826	5	15	15	cell redox homeostasis	108017339,108007161,108019124,108007436,108008806
GO:0006749	12.758	16	0.1640900000	0.8893297826	16	43	43	glutathione metabolic process	108009786,108016110,108012517,108019124,108010070,108007436,108018242,108017861,136117122,108017838,108017844,108017833,108017832,108018407,108017130,108007821
GO:0033554	2.745	4	0.1681400000	0.9016430714	4	6	6	cellular response to stress	108017339,108007161,108013834,108020895
GO:0000289	3.593	5	0.1682100000	0.9016430714	5	6	7	nuclear-transcribed mRNA poly(A) tail shortening	108013055,108007172,108016244,108018100,108020623
GO:0042742	1.554	3	0.1690200000	0.9021115603	3	8	8	defense response to bacterium	108021539,108017894,108009529
GO:0030286	7.769	9	0.1724600000	0.9199291549	9	10	11	dynein complex	108015691,108019204,108020148,108013006,108014446,108012831,108011632,108018365,108016798
GO:0016603	1.603	3	0.1819300000	0.9428292000	3	5	5	glutaminyl-peptide cyclotransferase activity	108011439,108015891,108015222
GO:0017186	1.603	3	0.1819300000	0.9428292000	3	5	5	peptidyl-pyroglutamic acid biosynthetic process, using glutaminyl-peptide cyclotransferase	108011439,108015891,108015222
GO:0000977	49.938	54	0.1825300000	0.9428292000	54	98	99	RNA polymerase II transcription regulatory region sequence-specific DNA binding	108018623,108007979,108007991,108020949,108010783,118877125,108021333,108007929,108006729,118876778,108005491,108021547,108008558,108021521,108004901,108020156,108016925,108012572,108016932,108004997,108021672,108008682,108021641,108013111,108008709,108006127,108008761,108012801,108012803,108010188,108014581,108017611,108016473,108020536,118877582,108017058,108013475,108020725,108014050,108018462,108019796,108007787,108018449,108011840,108021101,108008188,108011940,108019897,108019885,108014988,108012304,108004712,108007800,108015427
GO:0031167	3.225	5	0.1828300000	0.9428292000	5	9	9	rRNA methylation	108010704,108008366,108019123,108013887,108020453
GO:0030014	3.587	5	0.1840100000	0.9428292000	5	7	7	CCR4-NOT complex	108010801,108010100,108014668,108020623,108008060
GO:0047952	0.930	2	0.1843000000	0.9428292000	2	3	13	glycerol-3-phosphate dehydrogenase [NAD(P)+] activity	108020514,108008262
GO:0046168	0.930	2	0.1843000000	0.9428292000	2	3	6	glycerol-3-phosphate catabolic process	108020514,108008262
GO:0006116	0.930	2	0.1843000000	0.9428292000	2	3	13	obsolete NADH oxidation	108020514,108008262
GO:0030628	1.816	3	0.1864500000	0.9431736129	3	5	5	pre-mRNA 3'-splice site binding	108021438,108008762,108006272
GO:0006096	7.687	10	0.1880400000	0.9431736129	10	23	23	glycolytic process	108017407,108015611,108020309,108009128,108010186,108020517,108020495,108015263,108018420,108013599
GO:0000422	7.984	10	0.1882900000	0.9431736129	10	18	19	autophagy of mitochondrion	108013091,108013175,108007276,108006975,108010104,108013211,108018176,108015927,108021167,108004757
GO:0043169	2.455	4	0.1903900000	0.9431736129	4	9	10	cation binding	108016889,108007179,108009443,108019857
GO:0015141	4.345	6	0.1906900000	0.9431736129	6	9	9	succinate transmembrane transporter activity	118877920,118876763,108015810,118877597,108009261,108018303
GO:0043161	20.814	24	0.1944100000	0.9554289873	24	58	60	proteasome-mediated ubiquitin-dependent protein catabolic process	108021339,108008365,108021391,108011128,108016823,108009859,108019168,108016939,108010009,108010038,108018041,108018037,108018207,108011553,118877613,108019798,108018485,118877356,108005934,108007852,108016775,108009644,108009592,108009578
GO:0031201	8.662	11	0.1959300000	0.9554289873	11	30	30	SNARE complex	139353199,108014374,108012526,108011264,108009952,108015761,108018959,118877851,108014692,108005140,118877357
GO:0051082	17.835	21	0.1961300000	0.9554289873	21	61	73	unfolded protein binding	108006675,108016061,108021503,108012601,108012527,118877785,108009975,108010015,108010068,108007426,108011420,108012743,108017777,108013328,108018300,108016596,108009479,108014830,108019820,108018520,108011968
GO:0004553	3.453	5	0.1994700000	0.9581328750	5	7	7	hydrolase activity, hydrolyzing O-glycosyl compounds	108018867,108019665,108014745,108012105,108019857
GO:0071004	4.117	6	0.1998000000	0.9581328750	6	15	15	U2-type prespliceosome	108019939,108004808,108021388,108008762,108006272,108020891
GO:0006020	2.524	4	0.2016300000	0.9595559259	4	7	7	inositol metabolic process	108013769,108013099,118877282,108013301
GO:0006121	2.499	4	0.2018200000	0.9595559259	4	7	7	mitochondrial electron transport, succinate to ubiquinone	108009763,108007842,108019892,108009646
GO:0007188	8.525	10	0.2041500000	0.9689404908	10	11	12	adenylate cyclase-modulating G protein-coupled receptor signaling pathway	108019917,108016833,108009816,108008523,108013285,108019611,108019612,108009349,108019779,108005214
GO:0033588	2.601	4	0.2059100000	0.9713364242	4	6	6	elongator holoenzyme complex	108008434,108013987,108013103,108018305
GO:0000281	8.973	11	0.2068500000	0.9713364242	11	19	19	mitotic cytokinesis	108011141,108019225,108013868,108011277,108006869,108009982,108018007,108017788,108019620,108011737,108014811
GO:0044183	1.837	3	0.2101200000	0.9880210241	3	8	17	protein folding chaperone	108009975,108007426,108018045
GO:0005769	7.042	9	0.2133400000	0.9910170414	9	18	20	early endosome	108019069,108021533,108007483,108016573,108017034,108011732,108008342,108009658,108011016
GO:0071013	13.334	16	0.2138400000	0.9910170414	16	44	44	catalytic step 2 spliceosome	108019939,108009741,108008416,108016026,108009820,108008637,108021610,108007280,108009102,108010133,108014589,108009413,108021177,108008332,108015425,108004761
GO:0030031	2.921	4	0.2141800000	0.9910170414	4	5	5	cell projection assembly	108013737,108014479,108018249,108017967
GO:0008253	2.690	4	0.2163100000	0.9937481880	4	6	6	5'-nucleotidase activity	108008412,108008429,108013316,108010444
GO:0006915	8.181	10	0.2166400000	0.9937481880	10	17	17	apoptotic process	108008421,108018678,108009792,108017382,108009326,108014769,108009668,108008311,108010635,108011039
GO:0097250	0.906	2	0.2213600000	0.9937481880	2	6	6	mitochondrial respirasome assembly	108006049,108006101
GO:0071363	3.785	5	0.2241200000	0.9937481880	5	5	5	cellular response to growth factor stimulus	108009825,108006788,108018047,108011857,108014910
GO:0005911	12.711	14	0.2256300000	0.9937481880	14	15	15	cell-cell junction	108020905,108006625,108009752,118876762,108016188,108018884,108010140,108021083,108005971,108019824,108004791,108006504,108021217,108021297
GO:0000027	4.673	6	0.2262700000	0.9937481880	6	12	14	ribosomal large subunit assembly	108020067,108010846,139352928,108007432,108009219,108021301
GO:0006810	2.698	4	0.2273400000	0.9937481880	4	6	7	transport	108020208,108013322,108020746,108019884
GO:0002181	9.344	11	0.2279400000	0.9937481880	11	24	27	cytoplasmic translation	108013031,139353050,108010846,108008526,108008787,108007432,108009151,108009131,108020720,108019890,108012391
GO:0050909	18.148	21	0.2293600000	0.9937481880	21	56	56	sensory perception of taste	108020919,108021350,108019054,108016151,108016175,108011348,108012672,108013997,108013200,108019510,108019512,108019509,108018189,108009212,108016560,108008954,136117178,108014768,108011805,108009542,139352496
GO:0003341	8.174	10	0.2303500000	0.9937481880	10	16	16	cilium movement	108010702,108021329,108018789,108008483,108009939,108021736,108014675,108013502,108010656,108008344
GO:0005832	2.580	4	0.2311600000	0.9937481880	4	8	9	chaperonin-containing T-complex	118877785,108010068,108016596,108018520
GO:0032982	3.831	5	0.2318500000	0.9937481880	5	6	6	myosin filament	108014262,108014236,108019039,108014539,108008297
GO:0007423	3.464	5	0.2328600000	0.9937481880	5	13	13	sensory organ development	108010896,108004968,108016311,108012755,108012732
GO:0030544	4.400	6	0.2338300000	0.9937481880	6	11	11	Hsp70 protein binding	108008461,108013076,108018892,108017744,108018300,108011968
GO:0016272	0.933	2	0.2357700000	0.9937481880	2	7	16	prefoldin complex	108012527,108008847
GO:0035999	2.827	4	0.2392900000	0.9937481880	4	5	5	tetrahydrofolate interconversion	108011135,108010923,108007395,108011560
GO:0034976	2.756	4	0.2409900000	0.9937481880	4	6	6	response to endoplasmic reticulum stress	108014252,108009990,108009969,108017127
GO:0035145	0.971	2	0.2419700000	0.9937481880	2	5	5	exon-exon junction complex	108009820,108013866
GO:0030127	2.696	4	0.2458500000	0.9937481880	4	6	6	COPII vesicle coat	108006745,108015827,108009392,108021146
GO:0030688	2.630	4	0.2463000000	0.9937481880	4	9	9	preribosome, small subunit precursor	108007126,108013144,108017800,108015382
GO:0035329	2.912	4	0.2464700000	0.9937481880	4	5	5	hippo signaling	108008368,108019094,108020513,108012158
GO:0004842	9.306	11	0.2468800000	0.9937481880	11	24	26	ubiquitin-protein transferase activity	108020975,108021497,108004914,108018863,108010034,108010077,108014769,108014019,108011820,108008241,108016725
GO:0015629	20.152	22	0.2486400000	0.9937481880	22	31	32	actin cytoskeleton	108013737,108015513,139353230,108012451,108021451,108008480,108021600,108020336,108015742,136117703,108021734,108013390,108015190,108012948,108018249,108020607,108019628,108011737,108011874,108017967,108021216,108010559
GO:0006887	8.375	10	0.2490000000	0.9937481880	10	18	18	exocytosis	139353199,108004869,108014421,108013131,108015761,108014529,108020690,108018403,108008342,108012349
GO:0045842	1.832	3	0.2505700000	0.9937481880	3	5	5	positive regulation of mitotic metaphase/anaphase transition	108014866,108005955,108015304
GO:0031966	3.609	5	0.2522700000	0.9937481880	5	9	9	mitochondrial membrane	108017496,108008650,108017789,108009383,108019819
GO:0006974	6.330	8	0.2550500000	0.9937481880	8	17	17	DNA damage response	108008438,108014354,108017542,108019708,108014003,108009559,108013567,108005934
GO:0043408	2.794	4	0.2555700000	0.9937481880	4	5	5	regulation of MAPK cascade	108020092,108011162,108009850,108004950
GO:0005546	5.726	7	0.2577100000	0.9937481880	7	9	9	phosphatidylinositol-4,5-bisphosphate binding	108012451,108021451,108013131,108010075,108015190,108017128,108012349
GO:0000159	4.636	6	0.2584700000	0.9937481880	6	9	9	protein phosphatase type 2A complex	108018618,108015569,108019096,108006742,108013927,108004685
GO:0008379	0.993	2	0.2586100000	0.9937481880	2	5	5	thioredoxin peroxidase activity	108017339,108007161
GO:0009790	11.635	13	0.2603700000	0.9937481880	13	16	16	embryo development	108021333,108009694,108016807,108005491,108010888,108017585,108021641,118877582,108007787,108018449,108017094,108018587,108007800
GO:0046512	2.806	4	0.2612900000	0.9937481880	4	6	6	sphingosine biosynthetic process	108021398,108016824,108017227,108021235
GO:0051014	2.979	4	0.2633400000	0.9937481880	4	6	6	actin filament severing	108012451,108021451,108008480,108015190
GO:0003713	22.748	25	0.2640700000	0.9937481880	25	55	56	transcription coactivator activity	108016895,108009712,108008368,108015537,108016855,108006753,108017441,108020196,108010021,108015737,108006087,108018052,108013246,108005730,108016537,108010419,108012969,108016656,108015329,108019743,108018454,108004615,108017936,108015314,108008240
GO:0033181	1.011	2	0.2674000000	0.9937481880	2	7	7	plasma membrane proton-transporting V-type ATPase complex	139353066,108011016
GO:0008798	1.016	2	0.2678400000	0.9937481880	2	5	5	beta-aspartyl-peptidase activity	108005436,108017707
GO:0005874	17.021	19	0.2692800000	0.9937481880	19	33	34	microtubule	108009747,108019019,108019080,108020070,108013064,108019225,108011309,108018986,108010141,108012771,108015852,108016595,108017005,108009344,108011645,108009383,108014811,108014833,108010600
GO:0043137	0.295	1	0.2734300000	0.9937481880	1	3	10	DNA replication, removal of RNA primer	108020958
GO:0019005	9.236	11	0.2740800000	0.9937481880	11	28	31	SCF ubiquitin ligase complex	108007976,108009758,108010715,108007124,108009689,108014484,108017610,108015944,108019798,108009446,108009456
GO:0006633	3.838	5	0.2744000000	0.9937481880	5	8	8	fatty acid biosynthetic process	108006724,108018124,108015114,108017982,108019720
GO:0051085	3.705	5	0.2745100000	0.9937481880	5	13	13	obsolete chaperone cofactor-dependent protein refolding	108021503,108018892,108011420,108012743,108017744
GO:0048471	5.752	7	0.2766900000	0.9937481880	7	10	10	perinuclear region of cytoplasm	108015547,108013190,108018889,108006821,108012895,108019729,108014830
GO:0004364	9.982	12	0.2770700000	0.9937481880	12	38	38	glutathione transferase activity	108016110,108012517,108018242,108017861,136117122,108017838,108017844,108017833,108017832,108018407,108017130,108007821
GO:0072686	5.731	7	0.2787400000	0.9937481880	7	9	9	mitotic spindle	108019225,108013271,108011460,108015212,108014811,108012278,108016766
GO:0006101	2.840	4	0.2795900000	0.9937481880	4	5	5	citrate metabolic process	108015152,108020562,118877643,108017982
GO:0007205	4.254	5	0.2797400000	0.9937481880	5	5	5	obsolete protein kinase C-activating G protein-coupled receptor signaling pathway	108013811,108015754,108009537,108019818,108014920
GO:0005764	21.681	24	0.2801600000	0.9937481880	24	55	55	lysosome	108009687,108013741,108009813,108021452,108010045,108018102,108021699,108006946,108008840,108017707,108019639,108009427,108017059,108019699,108009347,108013407,108013490,108012156,108016674,108019747,108010526,108017224,108017225,108014997
GO:0006904	2.945	4	0.2805100000	0.9937481880	4	7	7	vesicle docking involved in exocytosis	108020048,108004869,108016929,108009252
GO:0046854	9.356	11	0.2823200000	0.9937481880	11	22	22	phosphatidylinositol phosphate biosynthetic process	108009755,108013769,108013032,108013099,108021465,118877282,108016277,108013301,108009433,108009439,108009617
GO:0030015	2.899	4	0.2857200000	0.9937481880	4	6	7	CCR4-NOT core complex	108010801,108016244,108009071,108014668
GO:0070847	1.899	3	0.2880500000	0.9937481880	3	9	9	core mediator complex	108018601,108020408,108009430
GO:0000976	9.560	11	0.2881300000	0.9937481880	11	18	18	transcription cis-regulatory region binding	108009799,108004940,108018895,118877721,108020231,108010054,108011473,108013398,108015129,108020569,108019729
GO:1902600	17.046	19	0.2905300000	0.9937481880	19	44	44	proton transmembrane transport	139353066,108021626,108009960,108015727,108014400,108009094,108008702,108020422,108018092,108018081,108005602,108015182,108014633,108007652,108018387,108017064,108006557,108011983,108011016
GO:0031297	3.794	5	0.2924600000	0.9937481880	5	9	9	replication fork processing	108004863,108006841,108009358,108014003,108016776
GO:0004656	14.097	16	0.2928500000	0.9937481880	16	30	32	procollagen-proline 4-dioxygenase activity	108013819,108013820,108006113,108008038,108008035,108008044,108017258,108017243,108017231,108017233,108017232,108017229,108017273,108017264,108017262,108017265
GO:0022857	54.909	58	0.2938400000	0.9937481880	58	112	114	transmembrane transporter activity	108015568,108009717,108010708,108009781,108016865,108014201,108015694,108018783,108007206,108005497,108021473,108021452,108007155,108015607,108014349,108010921,118877710,108007361,108007360,108007268,108008748,108008786,108015045,108008794,108018120,139352892,108007389,108014528,118877099,108006929,108006928,108018215,108018182,108018167,108013312,108015963,108005035,108005036,108020633,108020667,108009363,108009362,108015337,108019785,108014805,108017084,108017072,108008121,108008123,108008122,108014840,108021168,108012255,108019815,108019899,108014198,108014196,108009659
GO:0015116	7.540	9	0.2942600000	0.9937481880	9	15	15	sulfate transmembrane transporter activity	118877920,108018644,108015514,108014665,108018303,108006428,108017242,108017293,108007008
GO:0047617	1.081	2	0.2952100000	0.9937481880	2	6	6	fatty acyl-CoA hydrolase activity	108010844,108012612
GO:0043035	8.648	10	0.2980900000	0.9937481880	10	18	18	chromatin insulator sequence binding	108016958,108019306,108017585,108008821,108011520,108009282,118878143,108009634,108009664,108013669
GO:0007417	4.836	6	0.2984200000	0.9937481880	6	8	8	central nervous system development	118877962,118877963,108016887,108006818,108010122,108018597
GO:0030955	2.923	4	0.2996100000	0.9937481880	4	6	6	potassium ion binding	108015611,108009128,108020495,108013599
GO:0004743	2.923	4	0.2996100000	0.9937481880	4	6	6	pyruvate kinase activity	108015611,108009128,108020495,108013599
GO:0019001	2.946	4	0.2999500000	0.9937481880	4	5	6	guanyl nucleotide binding	108019472,108019611,108019612,108019779
GO:0005261	5.041	6	0.3006700000	0.9937481880	6	6	7	monoatomic cation channel activity	108009826,108013863,108021720,108016593,108017972,108006527
GO:0003682	30.668	33	0.3015600000	0.9937481880	33	77	78	chromatin binding	108020953,108020951,108015516,108017441,108006781,108005456,108019136,108013895,108020162,108018895,108020231,108018954,108015015,108018128,108006087,108005787,108013393,108013398,108017792,108006230,108012009,108005730,108015230,108015296,108021051,108008902,108005951,108012221,108014873,108005973,108009643,108011899,108016746
GO:0050650	3.003	4	0.3016900000	0.9937481880	4	5	5	chondroitin sulfate proteoglycan biosynthetic process	108013101,108020563,108005171,108005098
GO:0007076	3.876	5	0.3032400000	0.9937481880	5	7	7	mitotic chromosome condensation	108009050,108008902,108014811,108021126,108015405
GO:0005198	8.621	10	0.3039900000	0.9937481880	10	20	20	structural molecule activity	139353230,108019093,108021582,108018038,108015827,108015871,108010170,108020545,108019668,108009528
GO:0000463	4.785	6	0.3063000000	0.9937481880	6	12	12	maturation of LSU-rRNA from tricistronic rRNA transcript (SSU-rRNA, 5.8S rRNA, LSU-rRNA)	108019123,108020354,118877626,108015378,108005204,108008316
GO:0000439	1.114	2	0.3087100000	0.9937481880	2	5	5	transcription factor TFIIH core complex	108007657,108008321
GO:0005869	1.119	2	0.3104300000	0.9937481880	2	6	6	dynactin complex	108019630,108006441
GO:0007099	3.042	4	0.3104800000	0.9937481880	4	8	9	centriole replication	108009917,108009423,108019729,108016766
GO:0045944	52.623	55	0.3105300000	0.9937481880	55	100	101	positive regulation of transcription by RNA polymerase II	108006617,108016895,108009712,108006654,108008368,108013767,108016855,108006736,108006729,108010896,108013834,108004968,108020196,108016976,108016245,108009924,118877721,108010966,108013979,108015737,108017686,108018052,108012755,108009158,108014544,108014545,108013246,108014557,108006230,118877515,108018268,108013345,108005882,108010419,108017058,108011735,108009414,108006389,108008020,108012969,108009380,108019743,108019790,108011834,108010479,108004615,108017936,108004660,108005998,108020895,108009643,108008240,108012320,108021244,108011071
GO:0008021	7.691	9	0.3128100000	0.9937481880	9	15	15	synaptic vesicle	108006787,108005457,108011264,108015761,108018959,108007483,108009252,108017128,108005177
GO:0099078	1.128	2	0.3130200000	0.9937481880	2	6	6	BORC complex	108010199,108011739
GO:0004000	3.908	5	0.3143800000	0.9937481880	5	7	7	adenosine deaminase activity	108015551,108015631,108008665,108016376,108010494
GO:0006154	3.908	5	0.3143800000	0.9937481880	5	7	7	adenosine catabolic process	108015551,108015631,108008665,108016376,108010494
GO:0046103	3.908	5	0.3143800000	0.9937481880	5	7	7	inosine biosynthetic process	108015551,108015631,108008665,108016376,108010494
GO:0033540	2.982	4	0.3154000000	0.9937481880	4	5	5	fatty acid beta-oxidation using acyl-CoA oxidase	108016987,108021566,108010033,108008338
GO:0004714	9.892	11	0.3157000000	0.9937481880	11	12	12	transmembrane receptor protein tyrosine kinase activity	108008431,108007289,108009052,108005880,108019603,108005015,108009404,108004681,108019753,108009633,108013615
GO:0031418	15.295	17	0.3161900000	0.9937481880	17	30	32	L-ascorbic acid binding	108013819,108013820,108006113,108006935,108015897,108016438,108008038,108008035,108008044,108017258,108017243,108017231,108017233,108017229,108017273,108017264,108017262
GO:0044666	2.028	3	0.3179000000	0.9937481880	3	4	5	MLL3/4 complex	108016855,108017936,108021291
GO:0030170	16.280	18	0.3208000000	0.9937481880	18	33	33	pyridoxal phosphate binding	108005350,108011135,108009956,108019344,108018056,108018055,108013382,108016462,108015229,108007697,108009376,108014788,108013439,108011828,108008328,108021235,108021246,108015418
GO:0046680	1.997	3	0.3211000000	0.9937481880	3	5	5	response to DDT	108017524,108009231,108009232
GO:0046701	1.997	3	0.3211000000	0.9937481880	3	5	5	insecticide catabolic process	108017524,108009231,108009232
GO:0005763	4.764	6	0.3211600000	0.9937481880	6	20	20	mitochondrial small ribosomal subunit	108016089,108010059,108009342,108009668,108017269,108021203
GO:0031398	3.040	4	0.3230700000	0.9937481880	4	5	5	positive regulation of protein ubiquitination	108010737,108015547,108017774,108014025
GO:0006272	2.121	3	0.3232200000	0.9937481880	3	5	5	leading strand elongation	108018138,108015829,108014873
GO:0070475	2.027	3	0.3236000000	0.9937481880	3	6	6	rRNA base methylation	108013832,108010158,108010307
GO:0016616	5.829	7	0.3244300000	0.9937481880	7	10	10	oxidoreductase activity, acting on the CH-OH group of donors, NAD or NADP as acceptor	108005595,108021611,108021654,108018940,108018175,108005747,108011010
GO:0005643	8.554	10	0.3246300000	0.9937481880	10	25	25	nuclear pore	108011137,108007928,108019132,108019177,108006899,108015243,108008068,108009373,108008314,108011898
GO:0098609	29.658	31	0.3247100000	0.9937481880	31	38	39	cell-cell adhesion	108016896,108016895,108005353,108005360,108009694,139353230,108016807,108013085,118876762,108009814,108010888,108020180,108008621,108018884,108018001,108017685,108017684,108018136,108010140,108013221,108012911,108015176,108015277,118877642,108021083,108019792,108021194,108005971,108019824,108006504,108021217
GO:0008198	2.981	4	0.3258800000	0.9937481880	4	9	9	ferrous iron binding	108018978,108006935,108018169,108017239
GO:0033617	2.020	3	0.3282500000	0.9937481880	3	15	15	mitochondrial cytochrome c oxidase assembly	108009771,108012953,108013428
GO:0032979	2.044	3	0.3295600000	0.9937481880	3	7	7	protein insertion into mitochondrial inner membrane from matrix	108008731,108012953,108010330
GO:0031514	5.839	7	0.3308400000	0.9937481880	7	12	12	motile cilium	108008483,108014336,108018986,108020518,108014872,108008344,108011004
GO:0009408	2.928	4	0.3311200000	0.9937481880	4	13	15	response to heat	108012601,108010015,108013328,108018300
GO:0004707	2.169	3	0.3316500000	0.9937481880	3	5	6	MAP kinase activity	108021444,108013238,108015431
GO:0006166	2.051	3	0.3318500000	0.9937481880	3	5	5	purine ribonucleoside salvage	108006710,108008656,108010150
GO:0003924	58.494	61	0.3318500000	0.9937481880	61	138	139	GTPase activity	108014291,108007993,108009747,108016073,108007069,108019041,108016839,108019080,108009816,108009813,108005457,108008526,108021539,108016199,108004924,108016986,108011297,108013144,108016243,108016263,108008681,108014421,108014459,108013285,108015011,108019472,108010141,108015852,108011496,108010167,108013243,108015150,108015141,108018216,108009235,108011521,108018194,108018196,108009252,108017709,108005893,108019611,108019612,108017005,108019699,108009383,108013419,108014756,108021088,108017997,108019740,108019747,108017131,108005151,108019779,108005177,108014823,108014833,108015497,108009614,108004754
GO:0006491	2.177	3	0.3337200000	0.9937481880	3	5	5	N-glycan processing	108017516,108015846,108014576
GO:0005912	18.816	20	0.3339400000	0.9937481880	20	25	26	adherens junction	108016895,108019922,108009765,108009694,108011139,139353230,108015501,108019090,108016881,108010888,108016914,108018875,108018001,108013117,108019446,108014792,108009550,108014867,108017934,108015316
GO:0035102	3.106	4	0.3349800000	0.9937481880	4	6	6	PRC1 complex	108018108,108013393,108007642,108016746
GO:0046961	9.562	11	0.3361400000	0.9937481880	11	33	33	proton-transporting ATPase activity, rotational mechanism	139353066,108005432,108021626,108015727,108009094,108018092,108018081,108007652,108017064,108011983,108011016
GO:0003689	2.093	3	0.3362500000	0.9937481880	3	6	6	DNA clamp loader activity	108006781,108007314,108016669
GO:0004674	58.817	61	0.3370100000	0.9937481880	61	102	103	protein serine/threonine kinase activity	108020927,108017336,108009754,108021335,108013766,108020092,108019092,108004842,108004880,108011162,108005428,108014389,108009850,108020117,108016912,108004950,108009900,108013153,108017545,108007309,108021602,108007342,108007276,108010025,108020298,108011371,108006975,108005682,108007449,108012835,108020372,108006055,108006904,108009167,108009314,108020545,108018184,108009201,108005727,108016537,108016536,108008963,108006338,108011737,108009329,108021037,108012158,108012147,108005850,108017117,108009551,108018477,108014834,108014149,108011092,108016773,108019803,108005224,108019875,108018599,108011963
GO:0045505	14.858	16	0.3391900000	0.9937481880	16	30	33	dynein intermediate chain binding	108015691,108018789,108019204,108020148,108016950,108013006,108014444,108014446,108007418,108016394,108012831,108011632,108009220,108018365,108021122,108016798
GO:0045272	1.192	2	0.3400900000	0.9937481880	2	6	6	obsolete plasma membrane respiratory chain complex I	108019187,108014552
GO:0008541	2.067	3	0.3409300000	0.9937481880	3	10	10	proteasome regulatory particle, lid subcomplex	108014356,108009528,108021197
GO:0005802	13.700	15	0.3423500000	0.9937481880	15	26	28	trans-Golgi network	108005319,108020904,108009813,108021539,108021470,108016277,108019280,108018817,108013107,108015172,108021023,108012101,108017987,108020707,108017208
GO:0098632	9.260	10	0.3424900000	0.9937481880	10	10	10	cell-cell adhesion mediator activity	108020043,108009836,108010887,108008662,108015176,108005846,108014859,108017950,108011955,108016740
GO:0006508	176.891	181	0.3428700000	0.9937481880	181	483	535	proteolysis	108005343,118877974,108016005,108018657,108005373,108009739,108008405,108020991,139352732,108009792,108016076,108019107,108010759,108016065,108009687,136117567,108011107,108019072,108004804,108007084,108012427,108019066,108011157,108011144,108011146,108011148,108005425,108017417,108013024,108013025,108015689,108018764,108006783,108014396,108014395,108008521,108008522,108020220,108008581,108008555,108007221,108009888,108021445,108019120,108007195,108015656,108016973,139353139,108013161,108017569,108009918,108009919,108021615,108008647,139352946,108013967,108011308,108007285,108013976,108012607,108020225,136116465,136116457,108012678,108009051,108009099,139353499,108008703,108006976,108017634,108005689,108016347,108021728,108012832,108008793,108018069,136116581,108011460,108013212,108013203,108014565,108010197,108016437,108008837,108008840,108016451,108008893,108008878,108012952,108019571,108012865,108011523,108015949,108011591,108010258,108010292,108010281,108014645,108010272,108010277,108016406,108005716,108008941,108008916,108008915,108004553,108020611,108015275,108019636,108016585,108020662,108019652,108015293,108019650,108005013,118877645,108009427,108009432,108008108,108019691,108009406,108005048,108009407,108012989,108010305,108017810,108008086,108013423,108013491,108014796,108021082,108006437,108014047,108020754,108005131,108014078,108009548,108008137,108008134,108014802,108008112,108008111,108014801,108013531,108009482,139352553,108008168,108017919,108017921,108017974,108017961,108005961,108017957,108007848,108019830,108019831,108015473,108007838,108014162,108010601,108017248,108005246,108014195,108009666,108009588,108010581,108008267,108010573,108009569,108010560,108010563,108010564,108008248,108009572,108009570,108009571,108012306,108012307,108013633,108013673,108004716
GO:0005313	4.058	5	0.3434700000	0.9937481880	5	6	6	L-glutamate transmembrane transporter activity	108005596,108007371,108021007,108021161,108017267
GO:0035615	3.021	4	0.3443300000	0.9937481880	4	8	8	clathrin adaptor activity	108016877,108014429,108020874,118877437
GO:0005665	3.030	4	0.3453100000	0.9937481880	4	12	12	RNA polymerase II, core complex	108017441,108008634,108015940,108016784
GO:0006123	2.987	4	0.3456400000	0.9937481880	4	16	16	mitochondrial electron transport, cytochrome c to oxygen	108006101,108017785,108014671,108005856
GO:0030027	3.165	4	0.3465500000	0.9937481880	4	5	5	lamellipodium	108017378,108015645,108009449,108017206
GO:0070593	8.273	9	0.3469700000	0.9937481880	9	9	9	dendrite self-avoidance	108020043,108009836,108010887,108008662,108005846,108014859,108017950,108011955,108016740
GO:0003756	4.870	6	0.3486100000	0.9937481880	6	14	14	protein disulfide isomerase activity	108014252,108016172,108011282,108009990,108021634,108007844
GO:0001055	2.133	3	0.3486600000	0.9937481880	3	9	9	obsolete RNA polymerase II activity	108008634,108015940,108016784
GO:0005741	10.597	12	0.3498900000	0.9937481880	12	32	33	mitochondrial outer membrane	108010740,108019011,108011155,108005543,108014473,108018011,108009066,108009123,108015150,108009225,108013467,108021279
GO:0071035	3.140	4	0.3510300000	0.9937481880	4	7	7	nuclear polyadenylation-dependent rRNA catabolic process	108006686,108015722,108012947,108009204
GO:0071038	3.140	4	0.3510300000	0.9937481880	4	7	7	TRAMP-dependent tRNA surveillance pathway	108006686,108015722,108012947,108009204
GO:0006729	2.149	3	0.3511600000	0.9937481880	3	6	6	tetrahydrobiopterin biosynthetic process	108010031,108012381,108004762
GO:0004252	93.913	97	0.3541800000	0.9937481880	97	301	305	serine-type endopeptidase activity	108005343,108005339,108016076,108019107,108010759,108016065,108008379,108011107,108004804,108007084,108012427,108012484,108011157,108017417,108013024,108013025,108006783,108008521,108008522,108007221,108015656,108016973,139353139,108008647,139352946,108013967,108011308,108013976,136116465,136116457,108012678,108009051,108009099,139353499,108006976,108017634,108021728,108012817,108008793,108018069,136116581,108013203,108010197,108008837,108016451,108008878,108012952,108019571,108012865,108015949,108015981,108010281,108010272,108016406,108008916,108004553,108015275,108016585,108006308,108006364,108019652,118877645,108008108,108019691,108009406,108005048,108009407,108017810,108012101,108008086,108013423,108013491,108014796,108021082,108014047,108020754,108008137,108008134,108014802,139352553,108017919,108017921,108017974,108017961,108017957,108007848,108019830,108019831,108007838,108010601,108009666,108009588,108010581,108010563,108010564,108008248,108004716
GO:0004197	5.909	7	0.3548700000	0.9937481880	7	15	15	cysteine-type endopeptidase activity	108013741,108018102,108011460,108006946,108019639,108013490,108013531
GO:0000055	2.215	3	0.3578100000	0.9937481880	3	5	5	ribosomal large subunit export from nucleus	108016826,108009219,108008068
GO:0006879	2.128	3	0.3578400000	0.9937481880	3	8	8	intracellular iron ion homeostasis	108012821,108019598,108017239
GO:0017121	2.135	3	0.3587400000	0.9937481880	3	6	6	plasma membrane phospholipid scrambling	108007114,108009306,108013552
GO:0017128	2.135	3	0.3587400000	0.9937481880	3	6	6	phospholipid scramblase activity	108007114,108009306,108013552
GO:0031175	5.126	6	0.3605700000	0.9937481880	6	8	9	neuron projection development	108016014,108009074,108006914,108019526,108012948,108012860
GO:0030496	3.165	4	0.3620100000	0.9937481880	4	7	7	midbody	108019218,108011277,108017788,108019620
GO:0060271	26.343	28	0.3622600000	0.9937481880	28	58	59	cilium assembly	108017312,108011143,108008535,108007238,108008483,108005538,108005535,108013145,108008617,108021736,108009132,108012771,108008841,108020518,108020489,108009201,108012010,108015212,108019642,108010314,108005802,108005151,108017142,108021122,108014872,108005253,108010656,108008344
GO:0005761	1.244	2	0.3623100000	0.9937481880	2	7	7	mitochondrial ribosome	108009199,108009668
GO:0016607	6.026	7	0.3623800000	0.9937481880	7	14	14	nuclear speck	108009712,108016823,108007364,108008762,108006272,108005122,108005934
GO:0005751	2.142	3	0.3647800000	0.9937481880	3	15	15	obsolete mitochondrial respiratory chain complex IV	108006101,108017785,108005856
GO:0006072	2.160	3	0.3657800000	0.9937481880	3	4	11	glycerol-3-phosphate metabolic process	108018121,108018090,108018241
GO:0008053	2.144	3	0.3659500000	0.9937481880	3	5	5	mitochondrial fusion	108014473,108015150,108009383
GO:0045503	5.035	6	0.3663100000	0.9937481880	6	10	10	dynein light chain binding	108010702,108019102,108009939,108005000,108013502,108009657
GO:0008408	3.152	4	0.3689300000	0.9937481880	4	9	9	3'-5' exonuclease activity	108009794,108017519,108021025,108006406
GO:0006310	3.080	4	0.3703800000	0.9937481880	4	7	7	DNA recombination	108013930,108010093,108018376,108013678
GO:0005811	6.037	7	0.3711300000	0.9937481880	7	13	13	lipid droplet	108009686,108021611,108021654,108018940,108005747,108019800,108011886
GO:0006334	4.106	5	0.3714600000	0.9937481880	5	15	114	nucleosome assembly	108008407,108006791,108009158,139352210,108015369
GO:0003677	88.628	91	0.3720200000	0.9937481880	91	205	393	DNA binding	108006654,108008432,108019022,108011114,108013777,108013767,108013746,108008398,108012482,108006791,108008500,108008530,108013930,108009883,108019206,108019147,108013859,108020150,108004966,108018851,108017563,108017559,108008604,108008634,108007314,139352981,108021653,108021588,108020241,108008590,108021563,108009016,108009064,108010065,108010041,108010093,108010095,139352169,108017663,108016372,108018138,108019388,108015829,108009158,108020395,108010183,108014574,108005787,108015191,108015193,108020587,108010224,108015940,108009270,108009258,108010295,108013361,108016533,108008966,108017010,108005008,108009420,108018376,108009353,108012972,139352210,108021025,108013458,108013443,108012159,108004678,108014003,108016669,108018464,108017126,108009541,108020796,108012221,108016784,108020883,108008343,108009643,108008323,108011899,108012320,108012324,108013678,108012333,108016763,108004755,108012379
GO:0006006	4.020	5	0.3727200000	0.9937481880	5	17	17	glucose metabolic process	108013712,108008636,108020309,108010186,108012383
GO:0004034	1.271	2	0.3747900000	0.9937481880	2	5	5	aldose 1-epimerase activity	108013712,108008636
GO:0005385	6.989	8	0.3751700000	0.9937481880	8	14	16	zinc ion transmembrane transporter activity	108013070,108007357,108021705,108013239,108011517,108013459,108021107,108015450
GO:0070072	1.272	2	0.3757200000	0.9937481880	2	6	6	vacuolar proton-transporting V-type ATPase complex assembly	108013833,118877633
GO:0048018	2.183	3	0.3761100000	0.9937481880	3	5	5	receptor ligand activity	118877663,108020868,108008326
GO:0044804	3.199	4	0.3785000000	0.9937481880	4	7	7	nucleophagy	108013091,108010104,108015927,108021167
GO:0005768	15.750	17	0.3787800000	0.9937481880	17	34	34	endosome	108007977,108020904,108013868,108016929,108013157,108016277,108012602,108013107,108006983,108015141,108020508,108009252,108017987,108020707,108005177,108016783,108021267
GO:0055085	157.299	160	0.3796100000	0.9937481880	160	273	276	transmembrane transport	108019931,108015568,108020977,108009717,108005357,108014293,108005324,108014288,108018644,108014279,108010712,108020986,108009781,108013726,108009681,108020057,108015514,108015543,108016865,108014201,108007911,108018739,108015694,108018783,108009804,118876763,108010856,108007206,108005497,108010869,108009891,108019209,108021473,108021457,108021452,108007155,108016915,108015607,108016998,108018849,108010921,108005596,118877710,108007361,108007360,108012701,118877790,108018008,108007268,108021561,108015714,108019286,108015745,139352153,108014436,108016300,108021708,108007405,108008748,108008727,108008786,108015045,108007483,108019477,108008794,108018120,108012821,139352892,108010101,108007389,108010136,108015810,108013214,108014528,118877099,108005777,108021818,108021815,108018226,108018215,108018206,108019576,108009222,108018182,108009233,108009234,108018174,108018179,108009203,118877597,108018167,108011514,108009261,108010236,108014665,108010284,108013312,108015963,108017705,108008972,108015246,108005035,108005036,108020633,108015287,108015288,108019648,108020667,108010315,108009385,108009363,108021016,108009362,108012121,108008075,108017823,108017996,108015337,108012292,108019735,108006428,108019785,108020792,108017098,108014805,108009478,108017084,108017072,108008121,108008123,108008122,108021147,108021143,108021144,108014840,108013548,108014883,108021168,136116878,108012255,108006527,108019815,136116901,108020839,108017242,108010610,108019899,108014198,108014196,108017293,108007008,108009655,108009654,108009652,108013600,108013616,108007805,108015430,108015413,108015411
GO:0000462	7.980	9	0.3805300000	0.9937481880	9	19	19	maturation of SSU-rRNA from tricistronic rRNA transcript (SSU-rRNA, 5.8S rRNA, LSU-rRNA)	118877953,108007126,108008498,108013144,108020370,108005876,108014054,108009516,108015488
GO:0006182	10.173	11	0.3816700000	0.9937481880	11	12	12	cGMP biosynthetic process	108014222,108004915,108014587,108013259,108006947,108007582,108018235,108011645,108008901,108017081,108011050
GO:0004383	10.173	11	0.3816700000	0.9937481880	11	12	12	guanylate cyclase activity	108014222,108004915,108014587,108013259,108006947,108007582,108018235,108011645,108008901,108017081,108011050
GO:0071586	1.285	2	0.3823200000	0.9937481880	2	5	5	CAAX-box protein processing	108015893,108009289
GO:0004864	1.283	2	0.3830800000	0.9937481880	2	5	5	protein phosphatase inhibitor activity	108021050,108009526
GO:0000712	3.142	4	0.3836600000	0.9937481880	4	8	8	resolution of meiotic recombination intermediates	108020395,108017008,108008087,108021166
GO:0035269	5.143	6	0.3847400000	0.9937481880	6	9	9	protein O-linked glycosylation via mannose	108009819,108009940,108021700,108016393,108006414,108021255
GO:0000124	3.151	4	0.3853500000	0.9937481880	4	15	16	SAGA complex	108015537,108005530,108013195,108016656
GO:0031492	0.389	1	0.3857000000	0.9937481880	1	3	47	nucleosomal DNA binding	108016530
GO:0055037	5.078	6	0.3859200000	0.9937481880	6	13	15	recycling endosome	108021539,108014421,108013293,108011732,108008342,108009658
GO:0015813	3.190	4	0.3860300000	0.9937481880	4	5	5	L-glutamate transmembrane transport	108007371,108021007,108021161,108017267
GO:0034599	1.307	2	0.3866100000	0.9937481880	2	6	6	cellular response to oxidative stress	108019124,108007436
GO:0035556	63.536	65	0.3877500000	0.9937481880	65	93	97	intracellular signal transduction	108009718,108005381,108009754,108005376,108013811,108021327,108013766,108020092,108019092,108004844,108016885,108011162,108011166,108009850,108016188,108021465,108021444,108016912,108012599,108004950,108009900,108005554,108017545,108018029,108010025,108011371,108013105,108013262,108019439,108007464,108006055,108011413,108006904,108005621,108014587,108013259,108013238,108006947,108019531,108020545,108018235,108009201,108009243,108012888,108016536,108006327,108008963,108009433,108011645,108008901,108005177,108009537,108013541,108012278,108013597,108019803,108019871,108011938,108011924,108011912,108011978,108014920,108015431,108011050,108016748
GO:0005758	2.221	3	0.3887900000	0.9937481880	3	13	14	mitochondrial intermembrane space	108019301,108014671,108008348
GO:0043130	9.919	11	0.3903500000	0.9937481880	11	29	29	ubiquitin binding	108007976,108021391,108009817,108013157,108015001,108015172,108016573,108012108,108013512,108010587,108012394
GO:0005938	7.231	8	0.3907900000	0.9937481880	8	9	10	cell cortex	108013725,108011139,108019093,108006869,108013190,108019533,108012860,108008927
GO:0034553	1.310	2	0.3914500000	0.9937481880	2	5	5	mitochondrial respiratory chain complex II assembly	108019892,108009646
GO:0032436	5.136	6	0.3917800000	0.9937481880	6	11	11	positive regulation of proteasomal ubiquitin-dependent protein catabolic process	108013175,108019299,108010042,108012147,108005187,108009651
GO:0036211	2.250	3	0.3921700000	0.9937481880	3	6	6	protein modification process	108009824,108016247,108016238
GO:0004185	1.308	2	0.3937200000	0.9937481880	2	5	5	serine-type carboxypeptidase activity	108010277,108008941
GO:0071577	5.144	6	0.3956900000	0.9937481880	6	11	13	zinc ion transmembrane transport	108013070,108007357,108021705,108011517,108021107,108015450
GO:0016323	4.242	5	0.3957500000	0.9937481880	5	7	7	basolateral plasma membrane	108006625,108009694,108016807,108010888,108021617
GO:0004046	2.247	3	0.4024900000	0.9937481880	3	7	7	aminoacylase activity	108018751,108011021,108011023
GO:0046982	10.034	11	0.4047600000	0.9937481880	11	46	229	protein heterodimerization activity	108006791,108018011,108010098,108013109,108017603,108009225,108004580,108012997,139352210,108016656,108016763
GO:0005507	8.107	9	0.4059000000	0.9937481880	9	20	22	copper ion binding	108005319,108021537,108009993,108010023,108007427,108010171,108010172,108018944,108011766
GO:0045893	20.914	22	0.4059100000	0.9937481880	22	43	49	positive regulation of DNA-templated transcription	108012482,108015537,108007209,108009871,108020198,108012637,108012632,108010021,108012668,108011394,108021790,108021784,108006188,108014678,108016568,108016537,108006381,108015329,108019729,108009527,108008323,108009595
GO:0005744	2.279	3	0.4061000000	0.9937481880	3	13	14	TIM23 mitochondrial import inner membrane translocase complex	118877797,108010213,108013618
GO:0005682	2.327	3	0.4061000000	0.9937481880	3	10	10	U5 snRNP	108016026,108007280,108009102
GO:0006086	2.253	3	0.4062300000	0.9937481880	3	5	5	pyruvate decarboxylation to acetyl-CoA	108016982,108008850,108021149
GO:0004867	26.645	28	0.4063300000	0.9937481880	28	82	84	serine-type endopeptidase inhibitor activity	108006618,108020968,108020964,118877969,108009744,108008466,108007109,108008373,108021325,108008364,108015689,108021630,108008660,108005676,108018033,108018080,108018078,108018079,108019517,108010222,108013317,108017716,108017897,108008022,108009322,108005808,108017842,108013675
GO:0032012	6.206	7	0.4079900000	0.9937481880	7	8	8	regulation of ARF protein signal transduction	108016071,108020047,108006251,108009209,108021114,108009481,108012388
GO:0005786	1.349	2	0.4082900000	0.9937481880	2	6	6	signal recognition particle, endoplasmic reticulum targeting	108014459,108012000
GO:0008312	1.349	2	0.4082900000	0.9937481880	2	6	6	7S RNA binding	108014459,108012000
GO:0005096	32.815	34	0.4090600000	0.9937481880	34	58	61	GTPase activator activity	108016890,108020978,108016077,108020030,108016839,108004844,108007928,108006745,108017459,108010821,108016199,108019139,108011277,108006869,108018002,108005671,108008779,108012830,108006222,108019590,108019495,108009241,108015968,108015239,108015211,108019620,108015240,108005140,108017137,108005135,108018394,108009481,108016794,108012388
GO:0030674	5.152	6	0.4092700000	0.9937481880	6	14	14	protein-macromolecule adaptor activity	108008365,108008505,108016929,108005517,108014740,108009446
GO:0006826	2.274	3	0.4108100000	0.9937481880	3	6	6	iron ion transport	108011732,108017239,108009658
GO:0016567	25.794	27	0.4116000000	0.9937481880	27	66	69	protein ubiquitination	108020975,108010715,108013775,108013739,108007252,108018863,108013937,108020298,108010056,108010077,108012807,108009176,108020541,108009315,108018233,108009227,108011738,108019708,108014019,108011820,108009446,108014866,108005955,108004652,108015304,108016725,108011060
GO:0070822	2.292	3	0.4126700000	0.9937481880	3	6	6	Sin3-type complex	108016878,108007277,108019723
GO:0006955	6.154	7	0.4129200000	0.9937481880	7	13	13	immune response	108018102,108019639,108013407,108005800,108013490,108008326,108010575
GO:0035435	4.257	5	0.4154400000	0.9937481880	5	9	9	phosphate ion transmembrane transport	118877920,108008440,108009898,108013934,108018303
GO:0005925	7.202	8	0.4175900000	0.9937481880	8	11	11	focal adhesion	108013737,108006797,108016914,108017505,108012911,108009431,108006504,108009618
GO:0034497	2.321	3	0.4185000000	0.9937481880	3	5	5	protein localization to phagophore assembly site	108013091,108010104,108021167
GO:0043015	6.186	7	0.4228000000	0.9937481880	7	12	12	gamma-tubulin binding	108005361,108013721,108021676,108014663,108015345,108019729,108008342
GO:0015986	3.337	4	0.4242700000	0.9937481880	4	12	12	proton motive force-driven ATP synthesis	108009960,108012023,108015214,108014146
GO:0005829	157.944	160	0.4242900000	0.9937481880	160	397	413	cytosol	108020935,108014269,108018618,108018614,108017339,108017311,108009759,108010716,108009729,108020021,108013719,108007086,108021396,108016839,108011151,108011135,108013779,108016804,108019082,108016813,108015552,108016885,108015519,108013091,108013076,108005454,108021503,108009876,108009840,108010833,108009851,108013927,108008552,108021522,108020146,108021470,108007161,108020136,108007154,108019124,108010794,108004924,108007183,108016900,108004954,108006710,108013015,108011297,108009900,108013175,108010923,108005563,108018889,108007333,108007332,108021615,108009979,108020309,108021642,108021585,108007276,136116458,108013987,108009051,108014459,108010070,108013103,108018985,108006975,108017667,108017666,108007453,108019425,108007436,108018149,108019460,108018137,108018125,108018068,108011420,108018045,108012743,108007395,108007391,108015826,108011472,108010186,108009165,108015840,108005615,108012088,108016439,108017739,108019511,108018225,108020514,108018203,108019598,108012961,108020562,108012921,108012877,108014623,108015927,108010228,108013315,108009292,108016547,108018300,108016596,108016595,108005030,118877643,108008108,108011740,108009345,108018297,108006295,108021009,108009376,108005820,108013499,108014795,108015330,108017982,108018420,108005113,108019724,108009509,108011813,108020751,108020786,108009468,108014823,108017086,118877356,108017923,108021167,108012277,108017969,108005960,108005965,108004635,108013590,108016614,108005238,108019860,108015497,108006540,108019848,108009602,108019890,108018556,108011968,108008262,108011886,108021246,108012352,108004757,108012379
GO:0008270	199.847	202	0.4248700000	0.9937481880	202	480	574	zinc ion binding	108007967,108006617,108005341,108020975,108006676,108006686,108019980,108005328,108017315,108005335,108016021,108009739,108010782,108010783,108009791,108021339,108019011,108008366,108008360,136117567,108012428,118877182,108008393,108011144,108011146,108011148,108020082,108011135,108007929,108016862,108006745,108017441,108005448,108018764,108014396,108014395,108020220,108016198,108019229,108008550,108009896,108021521,108020144,108008490,108004901,108020118,108007157,108004924,108021497,108020162,108021479,108019168,108020156,108021485,108013860,108021480,108007195,108016958,108004966,108013016,108013175,108016204,108014486,108018876,108021615,108006007,118877764,108008692,108006038,108018020,108021672,139352981,108021588,108021585,136116498,108013945,108019258,108012607,108020225,108013993,108010004,108019289,108011398,108009075,108010042,108010031,108006837,139352163,108010077,108018962,108017686,108008763,108016372,139352863,108012832,108012807,108006087,108018041,108015829,108010133,108015808,108011439,108006908,108014544,108010188,108014545,108009178,108005601,108015891,108014557,108005781,108012089,108012088,108008823,108013398,136117030,108009305,108018268,108009315,108009227,108006198,108010220,108006194,108018150,108011520,108011523,108009243,108011557,108015976,108013300,108005716,108014681,108017712,108012009,108005730,108013342,108013348,108015222,108008917,108020611,108015276,108019636,108008984,108020662,108019672,108006381,108008011,108010306,108009331,108013407,118878143,108009392,108021002,108014766,108021039,108013475,108007739,108014019,108012291,108015328,108015329,108006437,108014036,108019790,108018447,108005131,108009548,108021115,108021101,108008187,108021146,108010479,108013508,108009482,108017922,108013549,108005934,108004652,108015314,108015318,108017951,108014173,108007867,108014162,108017248,108009600,108011912,108019885,108009664,108009651,108010587,108008267,108010573,108012320,108012306,108013619,108004729,108013673,108004776,108004753,108016746,108012379
GO:0043928	1.388	2	0.4252100000	0.9937481880	2	5	5	obsolete exonucleolytic catabolism of deadenylated mRNA	108009204,108014668
GO:0051156	1.398	2	0.4258400000	0.9937481880	2	6	6	glucose 6-phosphate metabolic process	108020309,108009038
GO:0048188	3.285	4	0.4264500000	0.9937481880	4	12	16	Set1C/COMPASS complex	108012491,108005456,108020328,108011473
GO:0000127	2.355	3	0.4274000000	0.9937481880	3	5	5	transcription factor TFIIIC complex	108020587,108020840,108021284
GO:0000467	1.395	2	0.4284700000	0.9937481880	2	5	5	exonucleolytic trimming to generate mature 3'-end of 5.8S rRNA from tricistronic rRNA transcript (SSU-rRNA, 5.8S rRNA, LSU-rRNA)	108015722,108009204
GO:0006384	1.401	2	0.4288200000	0.9937481880	2	5	5	transcription initiation at RNA polymerase III promoter	108020587,108021284
GO:0050804	12.190	13	0.4294300000	0.9937481880	13	17	17	modulation of chemical synaptic transmission	108019970,108008383,108007032,108017428,108007365,108019326,108013990,108019422,108021718,108021095,108013538,108011995,108004750
GO:0004035	6.216	7	0.4296000000	0.9937481880	7	13	13	alkaline phosphatase activity	108008469,108013914,108012571,108008797,108016431,108018360,108008113
GO:0043984	2.329	3	0.4298300000	0.9937481880	3	6	6	obsolete histone H4-K16 acetylation	108013895,108009414,108005870
GO:0008013	4.304	5	0.4300300000	0.9937481880	5	7	7	beta-catenin binding	139353230,108016914,108018001,108007294,108019299
GO:0031080	2.337	3	0.4301300000	0.9937481880	3	8	8	nuclear pore outer ring	108017509,108015827,108006188
GO:0001708	8.216	9	0.4307300000	0.9937481880	9	11	11	cell fate specification	108012637,108007294,108012632,108012668,108021784,108014678,108016568,108009595,108011013
GO:0042407	1.416	2	0.4310600000	0.9937481880	2	7	7	cristae formation	108011346,108009418
GO:0032981	4.282	5	0.4332800000	0.9937481880	5	20	21	mitochondrial respiratory chain complex I assembly	108009771,108018097,108014552,108006282,108008294
GO:0042393	24.052	25	0.4359500000	0.9937481880	25	48	49	histone binding	108007976,108005347,108013767,108015516,108016855,108014379,108014354,108020162,108017563,108010065,108009063,108018954,108005787,108015131,108015230,108005000,108021051,108020770,108012202,108017936,108012221,108018554,108021213,108016746,108015405
GO:0008239	6.281	7	0.4364600000	0.9937481880	7	12	12	dipeptidyl-peptidase activity	108020991,108013161,108017569,108005689,108016437,108005246,108014195
GO:0006139	4.311	5	0.4372000000	0.9937481880	5	11	11	nucleobase-containing compound metabolic process	108009794,108016072,108017519,108015191,108012113
GO:0005504	3.317	4	0.4383900000	0.9937481880	4	6	6	fatty acid binding	108016987,108021566,108010033,108008338
GO:0019902	1.432	2	0.4384600000	0.9937481880	2	6	6	phosphatase binding	108019255,108009069
GO:0035869	3.334	4	0.4410800000	0.9937481880	4	9	10	ciliary transition zone	108007973,108007238,108009057,108012010
GO:0042043	5.435	6	0.4412100000	0.9937481880	6	6	6	neurexin family protein binding	108019970,108008383,108019326,108013990,108014529,108021095
GO:0097104	4.435	5	0.4412100000	0.9937481880	5	5	5	postsynaptic membrane assembly	108019970,108008383,108019326,108013990,108021095
GO:0097105	4.435	5	0.4412100000	0.9937481880	5	5	5	presynaptic membrane assembly	108019970,108008383,108019326,108013990,108021095
GO:0007158	4.435	5	0.4412100000	0.9937481880	5	5	5	neuron cell-cell adhesion	108019970,108008383,108019326,108013990,108021095
GO:0032968	3.352	4	0.4417900000	0.9937481880	4	8	8	positive regulation of transcription elongation by RNA polymerase II	108016228,108010057,108005788,108005021
GO:0005776	4.355	5	0.4425600000	0.9937481880	5	10	10	autophagosome	108020198,108007276,108006975,108010104,108004757
GO:0008643	9.231	10	0.4426700000	0.9937481880	10	19	19	carbohydrate transport	108007911,108009804,108016998,118877790,108009222,108010236,108019648,108017823,108017098,108020839
GO:0051119	9.231	10	0.4426700000	0.9937481880	10	19	19	sugar transmembrane transporter activity	108007911,108009804,108016998,118877790,108009222,108010236,108019648,108017823,108017098,108020839
GO:0006627	1.533	2	0.4451100000	0.9937481880	2	4	5	protein processing involved in protein targeting to mitochondrion	108008379,108007646
GO:0051016	3.421	4	0.4456600000	0.9937481880	4	7	7	barbed-end actin filament capping	108009769,108012451,108021451,108015190
GO:0005770	5.315	6	0.4456700000	0.9937481880	6	10	11	late endosome	108009813,108013290,108005727,108006358,108009426,108019699
GO:0018107	7.315	8	0.4457300000	0.9937481880	8	11	11	peptidyl-threonine phosphorylation	108020927,108011141,108013153,108021602,108009314,108018184,108016537,108011737
GO:0000030	3.416	4	0.4464000000	0.9937481880	4	6	6	mannosyltransferase activity	108009819,108021700,108006414,108021255
GO:2001235	3.393	4	0.4490500000	0.9937481880	4	7	7	positive regulation of apoptotic signaling pathway	108018102,108015832,108019639,108013490
GO:0010952	2.393	3	0.4490500000	0.9937481880	3	6	6	positive regulation of peptidase activity	108018102,108019639,108013490
GO:0008656	2.393	3	0.4490500000	0.9937481880	3	6	6	cysteine-type endopeptidase activator activity involved in apoptotic process	108018102,108019639,108013490
GO:0006261	4.350	5	0.4490900000	0.9937481880	5	14	14	DNA-templated DNA replication	108020953,108013777,108010098,108017792,108016669
GO:0031267	31.144	32	0.4510400000	0.9937481880	32	49	51	small GTPase binding	108005359,108011141,108019082,108010825,108019177,108013015,108014479,108016290,108009031,108011396,108018817,108018986,108018068,108018076,108014529,108009167,108013237,108019511,108015172,108013315,108007603,108018321,108012968,108013410,108005184,108009481,108009491,108021183,108011888,108021202,108014971,108012379
GO:0051233	3.389	4	0.4516100000	0.9937481880	4	14	14	spindle midzone	108011277,118878373,108018159,108019620
GO:0042274	2.450	3	0.4517000000	0.9937481880	3	7	7	ribosomal small subunit biogenesis	108016485,108013456,108015382
GO:0006402	1.481	2	0.4527800000	0.9937481880	2	5	5	mRNA catabolic process	108010801,108008060
GO:0006812	3.365	4	0.4531700000	0.9937481880	4	6	6	monoatomic cation transport	108019931,108008727,108019576,108004688
GO:0035267	4.364	5	0.4534700000	0.9937481880	5	13	14	NuA4 histone acetyltransferase complex	108018104,108015131,108005870,108008157,118877399
GO:0007156	30.277	31	0.4549200000	0.9937481880	31	35	35	homophilic cell adhesion via plasma membrane adhesion molecules	108020905,108009720,108021376,108020043,108015501,108009836,108008537,108010887,108004936,108005593,108018875,108008662,108014433,108020396,108017782,108005015,108005016,108018279,108016507,108005846,108014792,108020739,108009550,108014859,108014867,108013545,108017950,108004791,108011955,108009593,108016740
GO:0005324	3.331	4	0.4554300000	0.9937481880	4	5	5	long-chain fatty acid transmembrane transporter activity	108020947,108008448,108013728,108010288
GO:0004879	15.341	16	0.4561200000	0.9937481880	16	21	21	nuclear receptor activity	108006617,108020082,108009896,108004940,108013993,108019289,108017686,108015808,108006908,108018268,108013300,108021039,108019790,108010479,108007867,108013619
GO:0008173	3.395	4	0.4561300000	0.9937481880	4	9	9	RNA methyltransferase activity	108020201,108013832,108009104,108010660
GO:0004032	2.399	3	0.4565400000	0.9937481880	3	6	7	aldose reductase (NADPH) activity	108010716,108011740,108011813
GO:0006893	4.367	5	0.4570700000	0.9937481880	5	8	8	Golgi to plasma membrane transport	108004869,108013131,108015172,108020690,108018403
GO:0016491	28.149	29	0.4572400000	0.9937481880	29	63	65	oxidoreductase activity	108019918,108018656,108005331,108015500,108016889,108015544,108015521,108006732,108008506,108021537,108016943,108014329,108013176,108006004,139352915,108008646,108020269,108018124,108015114,108021813,108006230,108006283,108010233,108009336,108015399,108009476,108009663,108007014,108015415
GO:0006520	5.341	6	0.4580200000	0.9937481880	6	13	13	amino acid metabolic process	108018751,108018056,108018055,108013382,108011021,108011023
GO:0030527	2.503	3	0.4592300000	0.9937481880	3	16	245	structural constituent of chromatin	108006791,139352210,108016763
GO:0055088	5.359	6	0.4616600000	0.9937481880	6	9	9	lipid homeostasis	108009686,108019086,108016987,108021566,108010033,108008338
GO:0018401	13.275	14	0.4619100000	0.9937481880	14	28	30	peptidyl-proline hydroxylation to 4-hydroxy-L-proline	108013819,108013820,108006113,108008038,108008035,108008044,108017258,108017243,108017231,108017233,108017229,108017273,108017264,108017262
GO:0042826	3.408	4	0.4667900000	0.9937481880	4	8	8	histone deacetylase binding	108009784,108012565,108005730,108007724
GO:0004523	0.568	1	0.4673000000	0.9937481880	1	5	21	RNA-DNA hybrid ribonuclease activity	108020958
GO:0052689	2.446	3	0.4677800000	0.9937481880	3	7	7	carboxylic ester hydrolase activity	108009686,108011169,108014500
GO:0051011	4.377	5	0.4687400000	0.9937481880	5	8	8	microtubule minus-end binding	108005361,108013721,108009074,108014663,108015345
GO:0005432	3.417	4	0.4689000000	0.9937481880	4	6	6	calcium:sodium antiporter activity	108019931,108008727,108019576,108018359
GO:0005246	4.413	5	0.4699600000	0.9937481880	5	7	7	calcium channel regulator activity	108019041,108019197,108009235,108018196,108009614
GO:0031122	9.363	10	0.4713400000	0.9937481880	10	18	18	cytoplasmic microtubule organization	108005361,108013725,108013721,108010671,108006798,108007167,108009074,108014663,108013324,108015345
GO:0000786	3.504	4	0.4725600000	0.9937481880	4	18	247	nucleosome	108006791,108009158,139352210,108016763
GO:0003746	4.448	5	0.4739200000	0.9937481880	5	15	15	translation elongation factor activity	108019224,108008681,108010167,108019740,108015497
GO:0005975	38.258	39	0.4740600000	0.9937481880	39	85	97	carbohydrate metabolic process	108020907,108016893,108007102,118876761,108016948,108018867,108005551,108008656,108019276,108019251,108018062,108011480,108010150,108013251,108015152,108017795,108020514,108015177,108019580,108019583,108019585,108020563,108018232,108020663,108019665,108015285,108009419,108009347,108014745,108017805,108012105,108009443,108005098,139352551,108017923,108009631,108008327,108008262,108021208
GO:0042254	5.451	6	0.4778600000	0.9937481880	6	18	18	ribosome biogenesis	108013144,108008606,108007432,108020354,108008316,108021253
GO:0046835	2.468	3	0.4787600000	0.9937481880	3	7	7	carbohydrate phosphorylation	108020309,108013499,108011858
GO:0000287	21.385	22	0.4798800000	0.9937481880	22	45	45	magnesium ion binding	108020933,108008412,108013093,108015611,108008656,108019280,108011371,108006815,108019460,108009128,108018072,108010150,108006288,108020495,108008908,108015263,108006343,108019755,108020707,108013599,108017257,108010575
GO:0140662	10.421	11	0.4816700000	0.9937481880	11	29	30	ATP-dependent protein folding chaperone	118877785,108010068,108006847,108007391,108017777,108012921,108016596,108009479,108014830,108018520,108005296
GO:0007275	34.368	35	0.4825600000	0.9937481880	35	47	50	multicellular organism development	108010711,108016024,108010757,108008431,108015501,108016875,108008538,108009877,108016135,108019182,108007183,108019168,108018886,108008603,108007289,108009052,108005646,108016422,108006227,108006259,108010246,108005880,108019603,108005015,108009404,108014792,108004681,108019753,108009550,108014867,108005237,108009633,108021272,108013615,108011013
GO:0070125	1.520	2	0.4831600000	0.9937481880	2	5	5	mitochondrial translational elongation	108019224,108019740
GO:0031083	1.530	2	0.4833300000	0.9937481880	2	6	6	BLOC-1 complex	108010710,118877633
GO:0000902	7.421	8	0.4845000000	0.9937481880	8	10	10	cell morphogenesis	108009765,108015501,108014479,108012860,108021034,108014792,108009550,108014867
GO:0012507	1.567	2	0.4856000000	0.9937481880	2	6	6	ER to Golgi transport vesicle membrane	108005322,108012526
GO:0006914	3.485	4	0.4876800000	0.9937481880	4	7	7	autophagy	108005305,108018627,108005322,108004843
GO:0009966	5.498	6	0.4882900000	0.9937481880	6	11	12	regulation of signal transduction	108012437,108010847,108013451,108021050,108005874,108009526
GO:0070482	3.479	4	0.4894400000	0.9937481880	4	5	5	response to oxygen levels	108014222,108004915,108007582,108017081
GO:0008074	3.479	4	0.4894400000	0.9937481880	4	5	5	guanylate cyclase complex, soluble	108014222,108004915,108007582,108017081
GO:0000978	184.347	185	0.4898000000	0.9937481880	185	335	340	RNA polymerase II cis-regulatory region sequence-specific DNA binding	108007967,108005318,108020918,108019929,108006617,108020900,108016891,108014234,108014239,108005351,108019980,108019987,108005328,108014280,118877962,118877963,108016021,108019111,108009791,108021403,108008380,108008358,108019008,108016803,108012428,118877182,108020099,108019094,108011176,108005416,108017456,118876773,108008538,108008547,108008546,108008515,108021542,108009896,108013834,108021447,108019181,108016913,108019170,108019176,108021479,108014302,108012588,108016926,108015659,108016970,108006852,108006854,108005531,108008612,108009924,108008655,108019313,108006002,108006007,108017585,108006038,108020340,108012637,108007283,108012632,108007264,108021577,108007279,108007272,108012668,108013993,108010004,108013979,108019289,108018987,108006971,108021703,108017686,108006115,108020411,108019424,118877875,108021784,108020388,108011407,108020361,108010128,108015808,108010122,108020393,108020394,108006908,108014544,108014545,136116533,108005601,108010190,108014557,108008821,108012076,108016421,108009305,108018268,108009318,108020568,108020566,108019565,108006198,108010220,108010204,108011544,108015935,108009278,108010279,108017715,108013345,108014678,108016568,108017885,108016546,108006356,108019669,108011747,108009430,108017035,108006389,108009343,108011674,108012977,108011646,108010306,108010308,108009381,108009380,108017806,108017804,108014749,108021039,108021046,108012141,108004686,108012291,108014065,108014068,108005142,108019790,108011800,108014084,108018447,108019767,108008201,108017094,108021115,108018392,108010479,108013549,108005921,108014871,108012283,108007867,108015495,108018587,108010605,108020895,108006588,108009664,108009648,108018597,108009595,108021273,108013627,108014957,108014965,108012301,118879229,108014952,108011039,108011007,108013672,108021291,108011071,108007806,108015426,108004753,108004767
GO:0006357	295.288	296	0.4905200000	0.9937481880	296	556	567	regulation of transcription by RNA polymerase II	108007967,108014269,108018623,108007979,108005318,108018617,108020918,108019929,108018601,108020900,108016891,108014234,108014239,108005351,108019980,108005328,108020954,108014280,108007991,108020949,108020945,118877962,118877963,108008410,108016021,108010783,108009799,108008432,108021403,108016062,118877125,108008380,108008358,108021333,108019008,108004813,108016803,108011114,108012428,108013746,108008398,118877182,108020099,108019094,108020082,108007929,108011176,108015537,108006753,108005416,118876752,108017456,108017441,118876778,118876773,108008538,108016164,108008547,108017486,108008515,108005491,108021547,108021542,108009883,108008558,108009896,108021521,108019206,108013854,108004901,108021447,108010795,108004940,108019181,108016913,108019170,108019176,108013874,108013859,108021479,108020156,108016958,108014302,108012588,108016926,108016925,108012572,108016932,108004997,108016970,108005541,108006852,108006854,108005531,108008612,108009926,108013195,118877723,108008655,108019313,108006002,108019306,108017585,108017588,108020340,108021672,108021653,108008682,108021641,108012637,108007283,108012632,108021577,108007279,108021563,108020231,108007272,108011357,108012668,108020297,108013993,108019289,108010054,108013111,108010076,139352169,108018987,108006971,108017620,108021703,108008709,108006115,108018104,108020408,108006127,108020411,108019424,118877875,108008761,108016372,108018146,108021784,108012801,108012803,108012810,108020388,108006087,108011407,108020361,108010139,108010128,108015808,108018087,108010122,108020394,108006908,108010181,108006905,108010188,136116533,108009178,108014581,108013253,108017611,108010190,108008821,108012076,108016421,108013384,108017742,108016473,108015131,108020536,108009305,108009318,108020568,108020569,108020566,118877582,108018247,108010220,108010204,108011520,108015935,108009278,108010295,108009282,108010279,108013361,108017715,108013348,108014678,108016568,108017885,108016546,108016533,108006356,108019669,108005000,108011747,108009430,108017035,108008017,108011674,108009353,108012977,108011646,108018281,108010306,108010308,118878143,108009381,108009396,108009397,108011694,108017806,108013458,108017804,108014749,108021039,108021046,108012141,108013475,108017992,108004686,108012291,108014065,108014068,108020725,108014050,108015363,108005143,108005142,108018462,108019796,108011800,108007787,108014084,108018449,108018447,108005138,108019767,108009541,108008201,108011840,108017094,108021115,108018392,108008188,108008157,108013549,108005921,108014871,108012283,108013595,108006519,136116936,108007867,108015495,108010617,108018587,108009634,108010605,108011940,108020883,108019897,108011911,108019885,108009664,108017295,108009648,108018597,108014925,108009595,108021273,108012324,108014988,108013627,108014957,108012301,108012304,108013619,108008285,118879229,108011039,108011007,108013669,108004712,108013672,108012333,108007800,108007806,108015427,108015426,108004753,108004767
GO:0031012	40.453	41	0.4921900000	0.9937481880	41	77	77	extracellular matrix	108014242,108014243,108014237,108009739,108009783,108008364,108019066,108015555,108015689,108018782,108006786,108008588,108006715,108008660,108008648,108012714,108019288,108013129,108018973,108021735,108006083,108012770,108019555,108010222,108010258,108014649,108005005,108018377,108009322,108013484,108006437,108020758,108017100,118877368,108008175,108021145,108009482,108013564,108015473,108014183,108010653
GO:0016279	1.534	2	0.4925900000	0.9937481880	2	4	9	protein-lysine N-methyltransferase activity	108016899,108012825
GO:0031146	7.519	8	0.4930800000	0.9937481880	8	23	23	SCF-dependent proteasomal ubiquitin-dependent protein catabolic process	108009758,108007124,108009889,108014484,108008618,108017610,108015944,108009446
GO:0048619	3.500	4	0.4946900000	0.9937481880	4	5	5	embryonic hindgut morphogenesis	108021333,108007787,108018449,108007800
GO:0009880	4.500	5	0.4946900000	0.9937481880	5	6	6	embryonic pattern specification	108021333,108006389,108007787,108018449,108007800
GO:0016460	8.525	9	0.4952500000	0.9937481880	9	20	21	myosin II complex	108014262,108014236,108019039,108008615,108021670,108014539,108016479,108019534,108008297
GO:0005663	1.557	2	0.4973900000	0.9937481880	2	5	5	DNA replication factor C complex	108007314,108016669
GO:0006468	107.474	108	0.4982700000	0.9937481880	108	175	181	protein phosphorylation	108016890,108009754,108019113,108008431,108021348,108021335,108008360,108013766,108020092,108015503,108016885,108011162,108005428,108014389,108009825,108006788,108010847,108009850,108007231,108020117,108008471,108021444,108011230,108016912,108016954,108004950,108009900,108017545,108009980,108007309,108018029,108021645,108007289,108010025,108020298,108010057,108009049,108009052,108015014,108019439,108020405,108012835,108018065,108006055,108018047,108011471,108006904,108009167,108009162,108015840,108014587,108013259,108005638,108013238,108006947,108016422,108017782,108006259,108020545,108009201,108009265,108010246,108005727,108005880,108016536,108004592,108008963,108019603,108006338,108005015,108009431,108018373,108009404,108011645,108009329,108010304,108011682,108017856,108008901,108005850,108015357,108004681,108019753,108005159,108019782,108017117,108005134,108011857,108009551,108018477,108014834,108014895,108012254,108014149,108011092,108016773,108019803,108019875,108009633,108011912,108018599,108011963,108010575,108014910,108013615,108015431,108012399,108011050
GO:0030276	7.460	8	0.4984000000	0.9937481880	8	11	11	clathrin binding	108015563,108005352,108017485,108013157,108010910,108020508,108018438,108021274
GO:0030488	6.525	7	0.4996400000	0.9937481880	7	17	17	tRNA methylation	108013729,108020146,108019195,108016304,108009165,108020482,108009547
GO:0022625	19.598	20	0.5002100000	0.9937481880	20	47	55	cytosolic large ribosomal subunit	108007117,108008371,108008387,108005404,108006734,108013031,139353050,108010846,139352928,139352168,108008787,108007432,108009151,108010120,108009131,108015851,108020720,108015378,108021148,108012391
GO:0008299	3.525	4	0.5016100000	0.9937481880	4	7	7	isoprenoid biosynthetic process	108010765,108018985,108007833,108012305
GO:0005929	16.514	17	0.5017100000	0.9937481880	17	32	34	cilium	108011140,108013063,108007166,108020143,108009932,108021570,108014593,108020404,108012771,108009180,108020489,108009201,108014675,108010314,108012107,108005802,108004768
GO:0005544	7.469	8	0.5021200000	0.9937481880	8	11	11	calcium-dependent phospholipid binding	108015563,108005352,108007992,108019199,108010910,108018438,108018390,108021274
GO:0005868	7.557	8	0.5024300000	0.9937481880	8	22	22	cytoplasmic dynein complex	108019102,108016950,108007418,108009220,108005000,108021122,108009657,108004715
GO:0051321	4.519	5	0.5031300000	0.9937481880	5	10	10	meiotic cell cycle	108005361,108013721,108006084,108014663,108015345
GO:0015074	3.610	4	0.5032300000	0.9937481880	4	41	161	DNA integration	139352700,136117567,108020141,108015673
GO:0016614	8.502	9	0.5034100000	0.9937481880	9	15	15	oxidoreductase activity, acting on CH-OH group of donors	108014060,108017141,108005276,108005277,108005278,108005274,108005283,108005281,108010629
GO:0007259	2.539	3	0.5040200000	0.9937481880	3	5	5	cell surface receptor signaling pathway via JAK-STAT	108016885,108010409,108007806
GO:0006874	11.514	12	0.5042500000	0.9937481880	12	18	18	intracellular calcium ion homeostasis	108019931,108019197,108015667,108018021,108006821,108005659,108008727,108020464,108019576,108020476,108019716,108007704
GO:0000981	228.619	229	0.5044300000	0.9937481880	229	414	419	DNA-binding transcription factor activity, RNA polymerase II-specific	108007967,108018623,108007979,108005318,108020918,108019929,108020900,108016891,108014234,108014239,108005351,108019980,108019987,108020954,108006654,108014280,108007991,108020949,118877962,118877963,108019111,108010783,108009791,108016062,118877125,108008380,108021333,108019008,108004813,108016803,118877182,108020099,108019094,108007929,108011176,108006729,108005416,108017456,108008500,118876778,118876773,108008538,108016164,108008547,108008546,108008515,108005491,108021547,108021542,108010896,108008558,108021521,108013854,108013834,108004901,108021447,108019181,108016913,108019170,108019176,108013874,108021479,108020156,108004968,108014302,108012588,108016925,108012572,108016932,108004997,108015659,108016970,108006852,108006854,108008612,108009924,108008604,118877723,108008655,108019313,108006002,108006007,108017585,108006038,108020340,108021672,108021653,108008682,108021641,108012637,108007283,108012632,108007264,108021577,108007279,108021563,108007272,108011357,108012668,108010004,108013979,108013111,108006818,108010076,108018987,108006971,108008709,108006115,108006127,108020411,108019424,108008761,108021784,108012801,108012803,108012810,108020388,108012755,108020361,108010128,108010122,108020393,108020394,108006905,108014544,108010188,108014545,136116533,108009178,108017611,108005601,108014557,108012076,108016421,108016473,108020536,108009305,108009318,108020568,108020569,108020566,118877582,108019565,108006198,108010204,108011544,108015935,108010279,108017715,108013345,108014678,108016568,108017885,108016546,108006356,108019669,108011747,108017058,108017035,108012977,108011646,108010308,108009380,108009397,108017806,108021046,108016526,108012159,108012141,108013475,108004686,108012291,108014065,108014068,108014050,108015363,108005142,108018462,108019796,108011800,108007787,108014084,108018449,108019767,108008201,108011840,108017094,108021115,108021101,108018392,108008188,108013549,108005921,108014871,108012283,108013595,136116936,108015495,108010617,108018587,108010605,108020895,108011940,108019897,108011911,108006588,108019885,108017295,108018597,108014925,108009595,108021273,108012324,108014988,108013627,108014957,108014965,108012301,118879229,108014952,108011039,108011007,108004712,108013672,108007800,108011071,108007806,108015427,108015426
GO:0031902	4.558	5	0.5049300000	0.9937481880	5	12	12	late endosome membrane	108012526,108012992,108013407,108005852,108021228
GO:0070008	2.561	3	0.5054400000	0.9937481880	3	7	7	serine-type exopeptidase activity	108017569,108005246,108014195
GO:0051260	7.546	8	0.5075500000	0.9937481880	8	11	12	protein homooligomerization	108008439,108010674,108016939,108019327,108011521,108021079,108012318,108016735
GO:0043023	1.599	2	0.5090200000	0.9937481880	2	6	6	ribosomal large subunit binding	108016826,108009468
GO:0048513	4.403	5	0.5092500000	0.9937481880	5	5	5	animal organ development	108007183,108009971,108011413,108017035,108005142
GO:0031210	3.455	4	0.5126200000	0.9937481880	4	5	5	phosphatidylcholine binding	108007992,108010756,108013708,108013012
GO:0042800	2.526	3	0.5129600000	0.9937481880	3	5	10	histone H3K4 methyltransferase activity	108016855,108006381,108017936
GO:0005689	2.620	3	0.5143200000	0.9937481880	3	10	10	U12-type spliceosomal complex	108019939,108007280,108009560
GO:0051537	7.597	8	0.5149500000	0.9937481880	8	20	20	2 iron, 2 sulfur cluster binding	108013806,108020059,108017789,108019598,108018160,108014135,108007014,108016750
GO:0047498	2.567	3	0.5166400000	0.9937481880	3	6	6	calcium-dependent phospholipase A2 activity	108005479,108016997,108018949
GO:0030686	6.605	7	0.5180900000	0.9937481880	7	15	15	90S preribosome	118877953,108007126,108009761,108016485,108017800,108005876,108015312
GO:0051301	2.582	3	0.5187900000	0.9937481880	3	6	6	cell division	108014866,108005955,108015304
GO:0090263	4.541	5	0.5194700000	0.9937481880	5	7	7	positive regulation of canonical Wnt signaling pathway	108007342,108012147,108014025,108012245,108010587
GO:0070971	3.566	4	0.5201700000	0.9937481880	4	7	7	endoplasmic reticulum exit site	108005322,108006745,108009392,108021146
GO:0005730	35.813	36	0.5216800000	0.9937481880	36	116	118	nucleolus	118877953,108007126,108009780,108009761,108008366,108020067,108015516,108008530,108020203,108013832,108019123,108010791,108009909,108010966,108017589,139352981,108010008,108015722,108020370,108020354,108010158,108014589,108018908,108015230,108015212,118877626,108021029,108013456,108017800,108005876,108009468,108014811,108014837,108015312,108021301,108021213
GO:0030425	28.699	29	0.5219400000	0.9937481880	29	58	58	dendrite	108020919,108009716,108016014,108021350,108016804,108009834,108016151,108016175,108020130,118878561,108015645,108010941,108011348,108012672,108020405,139352873,108013200,108019510,108019512,108019509,108012908,108012948,108018189,108009292,108016595,118878130,108011805,108012222,108010545
GO:0006509	3.550	4	0.5225400000	0.9937481880	4	5	5	membrane protein ectodomain proteolysis	108020995,108006766,108013190,108015444
GO:0045214	3.528	4	0.5233600000	0.9937481880	4	5	5	sarcomere organization	108014236,108019039,108005002,108004684
GO:0000151	6.630	7	0.5243300000	0.9937481880	7	15	15	ubiquitin ligase complex	108020955,108013175,108010042,108020424,108005853,108004652,108009651
GO:0045504	6.619	7	0.5244700000	0.9937481880	7	14	14	dynein heavy chain binding	108010702,108019102,108009939,108005000,108013502,108009657,108004715
GO:0030433	7.666	8	0.5251500000	0.9937481880	8	23	23	obsolete ubiquitin-dependent ERAD pathway	108020955,108011151,108009876,108009228,108014686,108013342,108014830,108005296
GO:0032922	2.577	3	0.5260300000	0.9937481880	3	5	5	circadian regulation of gene expression	108006854,108017559,108015129
GO:0000776	6.635	7	0.5262700000	0.9937481880	7	16	16	kinetochore	108017336,108010671,108017788,108013324,108005850,108007709,108017120
GO:0000502	1.610	2	0.5267400000	0.9937481880	2	5	5	proteasome complex	108009859,108021197
GO:0006364	8.725	9	0.5268900000	0.9937481880	9	30	34	rRNA processing	108020067,108008530,139352927,108017589,108010043,108016485,108016602,108019813,108005258
GO:0006400	1.645	2	0.5272600000	0.9937481880	2	6	6	tRNA modification	108017313,108006815
GO:0042147	7.681	8	0.5279600000	0.9937481880	8	21	23	retrograde transport, endosome to Golgi	108020904,108007453,118877610,108009426,108019699,108016783,108017208,108008342
GO:0006265	2.574	3	0.5294800000	0.9937481880	3	5	5	DNA topological change	108021588,108020395,108008966
GO:0015914	2.561	3	0.5296500000	0.9937481880	3	4	5	phospholipid transport	108010756,108013708,108008348
GO:0046592	2.616	3	0.5309300000	0.9937481880	3	6	6	polyamine oxidase activity	108009753,108007048,108010501
GO:0004181	10.706	11	0.5336400000	0.9937481880	11	24	24	metallocarboxypeptidase activity	108005341,108011144,108011146,108011148,108018764,108012607,108019636,108005131,108017248,108012306,108013673
GO:0016757	6.628	7	0.5341900000	0.9937481880	7	12	12	glycosyltransferase activity	108021538,108009011,108015157,108018223,108009408,108009351,108009375
GO:0030018	10.621	11	0.5346900000	0.9937481880	11	16	16	Z disc	108019922,108016881,108005482,108013190,108020336,108013117,108010174,108005002,108019716,108014036,108017934
GO:0008237	10.698	11	0.5356400000	0.9937481880	11	23	23	metallopeptidase activity	108018657,108009859,108019229,108021445,108014486,108021615,108021660,108016347,108009102,108013398,108008011
GO:0005085	44.762	45	0.5361700000	0.9937481880	45	68	71	guanyl-nucleotide exchange factor activity	108020950,108016071,108008367,108020047,108016844,108019082,108016849,108006869,108010949,108018004,108018821,108006809,108006825,108013106,108009115,108011409,108021684,108018076,108018904,108009162,108017753,108017739,108006223,108012961,108006251,108018230,108010215,108019490,108009209,108012888,108012036,108013339,108007603,108016542,108021080,108016674,108005113,108009509,108021114,108005913,108009491,108005925,108016794,108011888,108012379
GO:0046777	5.576	6	0.5362000000	0.9937481880	6	8	8	protein autophosphorylation	108010678,108011166,108016188,108007276,108006975,108016537
GO:0042594	3.560	4	0.5365400000	0.9937481880	4	5	5	response to starvation	108005305,108007276,108006975,108018203
GO:0030154	39.771	40	0.5374300000	0.9937481880	40	65	65	cell differentiation	108006617,108015573,108020954,108016024,108004813,108020099,108016885,108011176,108017456,108016164,108008546,108008515,108013874,108018860,108018886,108021641,108007264,108013993,108019289,108017686,108019424,108006908,108014581,108016421,108018268,108013345,108016546,108018281,108019790,108018430,108018392,108010479,108013595,108005237,108007867,108011911,108017295,108021272,108021244,108016748
GO:0016274	2.702	3	0.5385100000	0.9937481880	3	9	9	protein-arginine N-methyltransferase activity	108013907,108010153,108006465
GO:0018216	2.702	3	0.5385100000	0.9937481880	3	9	9	peptidyl-arginine methylation	108013907,108010153,108006465
GO:0006751	3.583	4	0.5386300000	0.9937481880	4	6	6	glutathione catabolic process	108005475,108006284,108016681,108007860
GO:0000145	4.623	5	0.5392700000	0.9937481880	5	8	8	exocyst	108004869,108013131,108020690,108018403,108012349
GO:0016409	6.762	7	0.5393400000	0.9937481880	7	21	21	palmitoyltransferase activity	108009743,108008672,108014028,108018405,108019879,108021311,108014964
GO:0001731	1.684	2	0.5405100000	0.9937481880	2	6	6	formation of translation preinitiation complex	108004924,108014783
GO:0031032	3.551	4	0.5410400000	0.9937481880	4	5	5	actomyosin structure organization	108011141,108014539,108009314,108011737
GO:0140326	5.445	6	0.5416500000	0.9937481880	6	6	6	ATPase-coupled intramembrane lipid transporter activity	108020933,108019280,108006288,108006343,108019755,108020707
GO:0005749	1.659	2	0.5428900000	0.9937481880	2	5	5	obsolete mitochondrial respiratory chain complex II, succinate dehydrogenase complex (ubiquinone)	108009763,108007842
GO:0005765	11.756	12	0.5440600000	0.9937481880	12	25	25	lysosomal membrane	108013190,108016277,108009094,108006983,108012830,108012992,108005852,108009491,108019882,108011983,108021228,108011016
GO:0051015	46.860	47	0.5458900000	0.9937481880	47	72	73	actin filament binding	108014262,108014236,108009765,108009769,108019039,108021375,108007072,108015513,139353230,108012451,108016876,108013052,108006797,108021451,108008480,108016914,108013015,108015645,108005581,108021600,108018001,108015742,136117703,108021734,108011512,108014539,108014589,108013390,108012911,108015190,108009301,108012948,108010200,108018152,108009248,108015216,108020607,108019628,108008965,108018374,108021033,108004671,108011874,118877437,108021216,108010559,108008297
GO:0000139	27.949	28	0.5462800000	0.9937481880	28	69	70	Golgi membrane	108017473,108016172,108016977,108007453,108006910,108015846,108014576,108018933,108021815,108020563,108005756,108014692,108005897,108020661,108015285,108009359,108009361,108012101,108014028,108007704,108006411,108005098,108013506,108015311,108016634,108007844,108013679,108012388
GO:0048856	17.668	18	0.5463000000	0.9937481880	18	24	24	anatomical structure development	108016823,108011278,108020199,108008612,108013993,108019289,108017686,108006115,108020394,108006908,108017611,108018268,108017885,108012283,108017937,108007867,108013627,108011026
GO:0044877	4.638	5	0.5466600000	0.9937481880	5	8	8	protein-containing complex binding	108005324,108010086,108009425,108010323,108011963
GO:0007411	25.670	26	0.5471900000	0.9937481880	26	32	32	axon guidance	108020043,108009836,108013085,108009814,108010887,108009916,108014479,108008662,108018028,108020405,108007529,108015176,108010215,108018150,108012888,108014655,108005846,108014859,108009498,108017950,108007872,108009621,108009640,108011955,108005291,108016740
GO:0002161	3.645	4	0.5486100000	0.9937481880	4	7	7	aminoacyl-tRNA deacylase activity	108014471,108007454,108007506,108019848
GO:0030833	4.696	5	0.5488700000	0.9937481880	5	11	12	regulation of actin filament polymerization	108015645,108014479,108013293,108018374,108013410
GO:0035372	1.687	2	0.5493500000	0.9937481880	2	8	8	protein localization to microtubule	118878373,108018159
GO:0005813	23.953	24	0.5505300000	0.9937481880	24	62	63	centrosome	108005361,108013721,108011143,108006790,108019218,108007167,108009917,108021619,108007418,108011460,108015178,108020489,108014663,108015212,108019630,108009423,108012107,108005850,108015345,108019729,108017142,108017201,108018514,108004715
GO:0048791	4.483	5	0.5516300000	0.9937481880	5	5	5	calcium ion-regulated exocytosis of neurotransmitter	108015563,108011396,108012968,108018438,108021274
GO:0016301	1.672	2	0.5527300000	0.9937481880	2	5	5	kinase activity	108007178,108008327
GO:0031965	2.638	3	0.5529300000	0.9937481880	3	6	6	nuclear membrane	108005321,108008965,108009463
GO:0006607	1.706	2	0.5537200000	0.9937481880	2	6	6	NLS-bearing protein import into nucleus	108012656,108008314
GO:0000077	4.622	5	0.5539900000	0.9937481880	5	7	7	DNA damage checkpoint signaling	108016010,108006781,108010833,108020117,108006338
GO:0007021	1.732	2	0.5562100000	0.9937481880	2	8	8	tubulin complex assembly	108010794,108008847
GO:0007254	1.694	2	0.5570900000	0.9937481880	2	5	5	JNK cascade	108004592,108010575
GO:0006397	8.797	9	0.5589600000	0.9937481880	9	22	22	mRNA processing	108020938,108010811,108007172,108013866,108011258,108018100,108008762,108009181,108006272
GO:0005634	657.666	656	0.5598800000	0.9937481880	656	1476	1549	nucleus	108020938,108007967,108014269,108019955,108020927,108005318,108018617,108018618,108018614,108020918,108019929,108020900,108016891,108014234,108016895,108014239,108005347,108017336,108005351,108009712,108019980,108018659,108019987,108005328,108020955,108020954,108020951,108007991,108020945,118877962,118877963,108014273,108008410,108017376,108009754,108005399,108009759,108005364,108010715,108009727,108016021,108009733,108008407,108016010,108009784,108019114,108019116,108019111,108010783,108016077,108009791,108010755,108008432,108007106,108008438,108016064,108016062,108013725,108013729,118877125,108013719,108021338,108008380,108021335,108021333,108019012,108008368,108008365,108010671,108008360,108019008,108004813,108021391,108016803,108011114,108016800,108012428,108021384,108012436,108013767,108013746,108008398,108019058,118877182,108020029,108012410,108016826,108019096,108019092,108020082,108011135,108020070,108016813,108019911,108007929,108019900,108011176,108016862,108011166,108016855,108005428,108014389,108017414,108014379,108006736,108006729,108013039,108006742,108014354,108009820,108010811,118876752,108017456,108017441,118876778,118876773,108009808,108009863,108008538,108016164,108009876,108009871,118876781,108021500,108017486,108010833,108005482,108009849,108009851,108005491,108010829,108013930,108012601,108007252,108021542,108016198,108010896,108009884,108009883,108008552,108009889,108016188,108009896,108007231,108021521,108019206,108008490,108013854,108013834,108004901,108020118,108021447,108019136,108008471,108013831,108016091,108021444,108019123,108010795,108004924,108011230,108011235,108012565,108019185,108004940,108019181,108016913,108016912,108020162,108013870,108013874,108013859,108021479,108020156,108021485,108016958,108004968,108011277,108016967,108016952,108012588,108016926,108016925,108020198,108012572,108006710,108013016,108015659,108011285,108015645,108005541,108009900,108018855,108006852,108006854,108013153,108005530,108006869,108013144,108008618,108016245,108017563,108009926,108013190,108017559,108018889,108016228,118877721,118877723,139352927,108008656,108021622,108010982,108006002,108006007,108007309,108009975,108009971,108009979,108007314,108017585,108017588,108006038,108020336,108020340,108021672,108018013,139352981,108007342,108021653,108021641,108010995,108012637,108007285,108007283,108021588,108012632,108021577,108007279,108021563,108020231,108021560,108007272,108010021,108010024,108012668,108009037,108020297,108019299,108010004,108013979,108012656,108011394,108009064,108010065,108011398,108015738,108009075,108010057,108010043,108014460,108010093,108010098,108013111,139352163,108006818,108010076,108013103,139352169,108018987,118877818,108018978,108006971,108013271,108016304,108018954,108005682,108008709,108008719,108006112,108006114,108007449,108018104,108006120,108020408,108020406,108006127,108020411,108019424,108007426,118877875,108008762,118877880,108015043,108012835,108021790,108019460,108020447,108021784,108012807,108012810,108009104,108020388,108018065,108011416,108006087,108020372,108006084,108012755,108011407,108018036,108007391,108015829,108011472,108015832,108009159,108011460,108015824,108015805,108015807,108010122,108020395,108020393,108010113,108010114,108006905,108010188,108013212,108009181,108010174,136116533,108015848,108009167,108009178,108009176,108010150,108010153,108015840,108011489,108017609,108014583,108014581,108013253,108017611,108006962,108013246,108018918,108005601,108013237,108014568,108013238,108005615,108010190,108015885,108005781,108005787,108017774,108008821,108012076,108016435,108015108,108005762,108016421,108005771,108013384,108017788,108015129,108006230,108015191,108020536,108015190,108015193,108020513,108006222,108006272,108006274,108009305,108019598,108009315,108020566,118877582,108018247,108018246,108012921,108009227,108012877,108006198,108009228,108010220,108011552,108012866,108020493,108018178,108010210,108009201,108009219,108011520,108014615,108009266,108010268,108009279,108015935,108009278,108010253,108009243,108010245,108010228,108013328,108012001,108013331,108010295,108013324,108013309,108009292,108013361,108017715,108005731,108014678,108016568,108005882,108016542,108016546,108016537,118877613,108020607,108019620,108004592,108006303,108006356,108005021,108019669,108005000,108005002,108006335,108006338,108015293,108018321,108020623,108009420,108010419,108017058,108011735,108009439,108018373,108018376,108017035,108006381,108009345,108009343,108009358,108009353,118878116,108012977,108011646,108010306,108010307,108012972,118878143,108009381,108008052,108009396,108009397,108011694,108011688,108017806,108005820,108013458,108012108,118878191,108013427,108021051,108014766,108021046,108014753,108012169,108005870,108005876,108012141,108013475,108012147,108005850,108017825,108013467,108007724,108014025,108006406,108004678,108017992,108014003,108016669,108004685,108012291,108016652,108015328,108015329,108019754,108019750,108014065,108014068,108020725,108014052,108019743,108014054,108019747,108019739,108006427,108015363,108014038,108015369,108014036,108005143,108005142,108009508,108019790,108018462,108019796,108014096,108020770,108018454,108019783,108017126,108007787,108014084,108018449,108018447,108006465,136117283,108018430,108009541,108009547,108009551,108009559,108018485,108008201,108020796,108011840,108008132,108017094,108021115,108014807,108021101,108017086,108011780,108008140,108009447,118877356,108014865,108013519,108013508,108014839,108014834,108013574,108016602,108013567,108013549,108005921,108021174,108012221,108012220,108015314,108016642,108004660,108012270,108005965,108012261,108005959,108013595,108005973,108014149,108020801,108006519,136116936,108019808,108019813,108016773,108015446,108014119,108005224,108019875,108018536,108006539,108007867,108005204,108015495,108010617,108018587,108010605,108020895,108009605,108020883,108019897,108011911,108006588,108005258,108019885,108017223,108009667,108009664,108009660,108017295,108009675,108009644,108009648,108009647,108008323,108005293,108008320,108005296,108008329,108018597,108005291,108011963,108009589,108010587,108014941,108014925,108011899,108009597,108009595,108009592,108009590,108017198,108021273,108012320,108021272,108014988,108014956,108014965,108012304,108010589,108013619,108008285,108008287,108021246,108021244,118879229,108014952,108004729,108016725,108011037,108011039,108011007,108004712,108012342,108004722,108004717,108012333,108007800,108011071,108015431,108016763,108015426,108004753,108004754,108016746,108004767
GO:0032259	0.692	1	0.5623100000	0.9937481880	1	3	8	methylation	108007278
GO:0050767	3.780	4	0.5631200000	0.9937481880	4	13	13	regulation of neurogenesis	108020566,108019669,108014065,108014068
GO:0016570	2.766	3	0.5632500000	0.9937481880	3	9	11	obsolete histone modification	108016228,108013226,108005021
GO:0031629	1.749	2	0.5650000000	0.9937481880	2	5	5	synaptic vesicle fusion to presynaptic active zone membrane	139353199,108015761
GO:0005854	0.726	1	0.5650200000	0.9937481880	1	5	5	nascent polypeptide-associated complex	108019820
GO:0045165	9.647	10	0.5652700000	0.9937481880	10	13	13	cell fate commitment	108010711,108016875,108008603,108005646,108020388,108011407,108014544,108014545,108014557,108006227
GO:0006368	7.856	8	0.5660300000	0.9937481880	8	20	24	transcription elongation by RNA polymerase II	108010755,108016228,108018113,108010139,108013226,108005781,108005788,108005021
GO:0006898	5.657	6	0.5661800000	0.9937481880	6	9	9	receptor-mediated endocytosis	108019093,108019080,108009496,108006561,108014963,108016740
GO:0009952	8.801	9	0.5667500000	0.9937481880	9	19	19	anterior/posterior pattern specification	108019987,108015659,108013979,108020566,108019669,108014065,108014068,108006588,108011071
GO:0006606	13.980	14	0.5669200000	0.9937481880	14	36	37	protein import into nucleus	108016061,108011137,108018068,108015827,108013237,108019511,108006188,108013315,108018321,108008068,108009373,108021183,108011898,108004754
GO:0032367	1.746	2	0.5672300000	0.9937481880	2	7	7	intracellular cholesterol transport	108013886,108015937
GO:0004620	2.697	3	0.5679400000	0.9937481880	3	5	5	phospholipase activity	108014560,108013362,108018336
GO:0043666	1.743	2	0.5691500000	0.9937481880	2	6	6	obsolete regulation of phosphoprotein phosphatase activity	108021050,108009526
GO:0005694	14.914	15	0.5702700000	0.9937481880	15	29	29	chromosome	108016958,108019306,108017585,108021588,108010192,108008821,108011520,108009282,118878143,108004678,108013508,108021126,108009634,108009664,108013669
GO:0000932	9.924	10	0.5707300000	0.9937481880	10	26	27	P-body	108016008,108013055,108010801,108007172,108016244,108009071,108018100,108014668,108006457,108004786
GO:0006644	6.833	7	0.5714900000	0.9937481880	7	18	18	phospholipid metabolic process	108005479,108016997,108018949,108007440,108007439,108007438,108018336
GO:0051377	3.719	4	0.5716400000	0.9937481880	4	7	7	mannose-ethanolamine phosphotransferase activity	108015815,108017989,108009554,108010609
GO:0003779	22.870	23	0.5718600000	0.9937481880	23	34	34	actin binding	108020924,108019922,108021334,108013737,108016881,108016976,108020336,108009082,108013117,108006983,108018038,108006061,108018249,108005749,108016595,108021034,108019782,108011801,108017934,108015316,108017967,108021202,108014971
GO:0008236	4.642	5	0.5720300000	0.9937481880	5	6	6	serine-type peptidase activity	108005373,108020991,108013161,108005689,108016437
GO:0006629	13.922	14	0.5721700000	0.9937481880	14	27	27	lipid metabolic process	108008463,108016816,108009812,108008577,108012552,108020249,108007402,108009156,108008062,108013430,108013497,108005994,108015474,108015441
GO:0003729	51.319	51	0.5735100000	0.9937481880	51	115	134	mRNA binding	108019939,108016072,108016064,108004808,108021388,108013055,108006734,108005463,108010811,108013866,108009909,108009926,108010982,108021615,108010024,108014460,108009095,118877818,108017697,118877893,108020406,108020374,108018036,108010139,108010114,108013209,108009181,108015848,108017609,108013253,108016435,108012077,108015108,108009316,108010211,108009266,108017728,108009368,108014779,108015378,108019783,108014808,108014837,108014887,108012270,108012261,108019890,108009667,108008320,108004717,108004786
GO:0000122	30.105	30	0.5760100000	0.9937481880	30	65	65	negative regulation of transcription by RNA polymerase II	108006617,108019987,108005335,108007106,108016862,108008530,108015659,108007277,108018108,108015807,108020393,108014544,108014545,108014557,108005787,108013393,108015129,108006230,108013353,108005730,108007642,108009343,108019723,108019790,108021101,108010479,108005973,108006588,108021213,108021244
GO:0016811	2.717	3	0.5763200000	0.9937481880	3	6	6	hydrolase activity, acting on carbon-nitrogen (but not peptide) bonds, in linear amides	108021838,108004581,108021131
GO:0016573	6.881	7	0.5764200000	0.9937481880	7	19	19	obsolete histone acetylation	108014379,108005530,108018104,108009158,108015131,118877399,108004615
GO:0004067	1.791	2	0.5778900000	0.9937481880	2	7	7	asparaginase activity	108005436,108017707
GO:0000062	2.824	3	0.5787400000	0.9937481880	3	11	11	fatty-acyl-CoA binding	108009866,108005812,108013679
GO:0008061	48.380	48	0.5792500000	0.9937481880	48	111	112	chitin binding	108020907,108016893,108007102,108010694,108019010,108007082,108007090,118876761,108007168,108012533,108020305,108012615,108013129,108018981,108018951,108006080,108015820,108011438,108013251,108017795,108015177,108006220,108012952,108018231,108006195,108012851,108015920,108014649,108014641,108015972,108014647,108014673,108014674,108012176,108012102,108020782,108014900,108008200,108017145,118877367,139352551,108014892,108012233,108014881,118877419,108009631,108016758,108004749
GO:0034968	1.739	2	0.5804000000	0.9937481880	2	5	5	obsolete histone lysine methylation	108016862,108004924
GO:0007193	6.778	7	0.5830000000	0.9937481880	7	11	11	adenylate cyclase-inhibiting G protein-coupled receptor signaling pathway	108012599,108005554,108013105,108013597,108011938,108011924,108011978
GO:0035861	3.811	4	0.5840900000	0.9937481880	4	9	9	site of double-strand break	108020607,108006406,108018485,108009605
GO:0050482	2.767	3	0.5853100000	0.9937481880	3	7	7	arachidonate secretion	108005479,108016997,108018949
GO:0006486	9.984	10	0.5853800000	0.9937481880	10	22	23	protein glycosylation	108014260,108008427,108010016,108005897,108009408,108009359,108009361,108009375,108006411,108016634
GO:0055064	3.613	4	0.5858500000	0.9937481880	4	5	5	chloride ion homeostasis	108021435,108016237,108013269,108018109
GO:0055075	3.613	4	0.5858500000	0.9937481880	4	5	5	potassium ion homeostasis	108021435,108016237,108013269,108018109
GO:0034727	3.727	4	0.5881900000	0.9937481880	4	6	6	piecemeal microautophagy of the nucleus	108007276,108006975,108013211,108018176
GO:0000923	3.766	4	0.5885600000	0.9937481880	4	7	7	equatorial microtubule organizing center	108005361,108013721,108014663,108015345
GO:0007635	12.139	12	0.5894500000	0.9937481880	12	35	35	chemosensory behavior	108020919,108021350,108016151,108016175,108011348,108012672,108013200,108019510,108019512,108019509,108018189,108011805
GO:0008049	12.139	12	0.5894500000	0.9937481880	12	35	35	male courtship behavior	108020919,108021350,108016151,108016175,108011348,108012672,108013200,108019510,108019512,108019509,108018189,108011805
GO:0003993	2.707	3	0.5910200000	0.9937481880	3	5	5	acid phosphatase activity	108019463,108004595,108004675
GO:0004497	38.481	38	0.5912200000	0.9937481880	38	81	82	monooxygenase activity	108007968,108006685,108017397,108016827,108005433,108009815,108021548,108021541,108013828,108016946,108016981,108017524,108017560,108008671,108014401,108005504,108005505,108018132,108019387,108017741,108017783,108006234,108020556,108009231,108009232,108008947,108008946,108008949,108008948,108008943,108017871,118877697,108019793,108011869,139352569,108005242,108014938,108014959
GO:0016705	38.481	38	0.5912200000	0.9937481880	38	81	82	oxidoreductase activity, acting on paired donors, with incorporation or reduction of molecular oxygen	108007968,108006685,108017397,108016827,108005433,108009815,108021548,108021541,108013828,108016946,108016981,108017524,108017560,108008671,108014401,108005504,108005505,108018132,108019387,108017741,108017783,108006234,108020556,108009231,108009232,108008947,108008946,108008949,108008948,108008943,108017871,118877697,108019793,108011869,139352569,108005242,108014938,108014959
GO:0062023	18.181	18	0.5934900000	0.9937481880	18	43	44	obsolete collagen-containing extracellular matrix	108018646,108011106,108021378,118876801,108005528,139352941,108019307,108006994,108008721,108013451,108005854,108021089,108017080,108012245,108017250,108019898,108014980,108015422
GO:0000132	5.730	6	0.5949500000	0.9937481880	6	8	8	establishment of mitotic spindle orientation	108016079,108010671,108019533,108013324,108019729,108009616
GO:0005525	63.727	63	0.5964200000	0.9937481880	63	149	150	GTP binding	108014291,108007993,108009747,108016073,108007069,108019041,108016839,108019080,108009816,108009813,108005457,108008526,108021539,108016199,108004924,108016986,108011297,108013144,108016243,108016263,108008681,108014421,108010031,108014459,108013285,108015011,108010141,108015852,108011496,108010167,108013243,108015150,108015141,108018216,108018203,108009235,108006182,108011521,108018194,108018196,108009252,108017709,108005893,108017005,108019699,108011645,108009383,108013419,108014756,108021088,108017990,108017997,108019740,108019747,108005151,108005177,108014823,108014833,108014891,108015497,108010600,108009614,108004754
GO:0009888	8.542	9	0.5970100000	0.9937481880	9	9	9	tissue development	108019063,108013119,108015808,108013332,108006347,108006349,108021039,108021153,108016740
GO:0000209	23.218	23	0.5976800000	0.9937481880	23	47	47	protein polyubiquitination	108020955,108008416,108021338,108019011,108004803,108019058,108009811,108016952,108013175,108010042,108018041,108018037,108015171,108013407,108005095,108013567,108005934,108017223,108009651,108010587,108011892,108009578,108021201
GO:0000146	8.744	9	0.5979200000	0.9937481880	9	12	12	microfilament motor activity	108014262,108014236,108019039,108015742,136117703,108013390,108020607,108021216,108008297
GO:0061564	2.864	3	0.5982900000	0.9937481880	3	8	8	axon development	108010896,108004968,108012755
GO:0070888	2.864	3	0.5982900000	0.9937481880	3	8	8	E-box binding	108010896,108004968,108012755
GO:0061077	1.678	2	0.5989100000	0.9937481880	2	4	6	obsolete chaperone-mediated protein folding	108009975,108007426
GO:0005686	3.932	4	0.5996100000	0.9937481880	4	16	16	U2 snRNP	108019939,108016026,108007280,108013108
GO:0031110	2.832	3	0.5999900000	0.9937481880	3	10	11	regulation of microtubule polymerization or depolymerization	118878373,108018159,108015216
GO:0051879	2.860	3	0.6000200000	0.9937481880	3	8	8	Hsp90 protein binding	108020934,108008461,108008876
GO:0071986	0.827	1	0.6004800000	0.9937481880	1	5	5	Ragulator complex	108016674
GO:0005840	41.461	41	0.6018400000	0.9937481880	41	115	124	ribosome	108007983,118877954,108016089,108008443,108007117,108021355,108008371,108008387,108007021,108011119,108007902,108005404,108006734,108013031,139353050,108010846,108008498,108008470,108011263,108006717,139352928,108021615,108010059,139352168,108008787,108009151,108010120,108009131,108015851,108016485,108018225,108009342,108020720,108015378,108018501,108005221,108015488,108017269,108010567,108021203,108012391
GO:0005847	3.900	4	0.6019200000	0.9937481880	4	10	10	mRNA cleavage and polyadenylation specificity factor complex	108004873,108005526,108010113,108011719
GO:0016311	10.058	10	0.6020300000	0.9937481880	10	21	21	dephosphorylation	108008469,108011152,108013914,108012571,108008797,108016431,108018360,108017022,108005171,108008113
GO:0031490	5.888	6	0.6020600000	0.9937481880	6	13	13	chromatin DNA binding	108005347,108010099,108009358,108020770,108004615,108021291
GO:0009055	3.964	4	0.6030600000	0.9937481880	4	12	12	electron transfer activity	108009763,108017789,108013351,108014671
GO:0070181	0.840	1	0.6038700000	0.9937481880	1	5	5	small ribosomal subunit rRNA binding	108017269
GO:0006884	3.669	4	0.6050400000	0.9937481880	4	6	6	cell volume homeostasis	108021435,108016237,108013269,108018109
GO:0008320	4.008	4	0.6052400000	0.9937481880	4	18	19	protein transmembrane transporter activity	108005543,118877797,108010213,108008907
GO:0016758	3.882	4	0.6055800000	0.9937481880	4	9	9	hexosyltransferase activity	108005897,108009359,108009361,108016634
GO:0033499	1.887	2	0.6056900000	0.9937481880	2	7	7	galactose catabolic process via UDP-galactose, Leloir pathway	108013712,108008636
GO:0045332	6.650	7	0.6060400000	0.9937481880	7	9	9	phospholipid translocation	108020933,108020904,108019280,108006288,108006343,108019755,108020707
GO:0005615	184.917	183	0.6065100000	0.9937481880	183	457	465	extracellular space	108015573,108014242,108014243,108006618,108014237,108005341,108020968,108020964,108018646,118877969,108009744,108010711,108009739,108009783,108019118,108008466,108016076,108021407,108016065,108008373,108021325,108011106,108011107,108013741,108004855,108011144,108011146,108011148,108015551,108016875,108011169,108018785,108018782,108008501,108018764,108018765,108009810,108006786,108009879,108016158,108005490,108008588,108016172,108021445,108019126,108016905,108019182,108016964,108015631,108011278,108006715,108016980,108015656,118876801,108016973,139353139,108005528,108008603,108008665,139352941,108019307,108008648,108012714,139352983,139352946,108012638,108012607,108019288,108006804,108010045,108013129,139353499,108006994,108005676,108018973,108005646,108006988,108016347,108008721,108018102,108021735,108007427,108021777,108020434,108018062,108006083,108011413,108018033,108018080,108018078,108018079,108012770,108015853,108013252,108018944,108014567,108006946,108008822,108019517,108016451,108019555,118877546,108006227,108016493,108015166,108018232,108015949,108015934,108015986,108017716,108017897,108004553,108019639,108019636,108006308,108006364,118877663,108005005,108009427,108018377,108011732,108008022,108011654,108017810,108005803,108005808,108014757,108013490,108013484,108017842,108005854,108014043,108020758,108020754,108005131,108009555,108018498,108011839,108008137,108017080,108009443,118877368,108008175,108008173,108021145,108010494,108021130,108009482,108013511,108013564,108017937,108007844,108019830,108019831,108007838,108014183,108020826,108011946,108017250,108017240,108006573,108019898,108009612,108017224,108017225,108010653,108011966,108008326,108009658,108009564,108010563,108014980,108012306,108014970,108008270,108011026,108013675,108011013,108012347,136116980,136116982,108015422,108016733
GO:0016263	4.958	5	0.6074200000	0.9937481880	5	12	12	glycoprotein-N-acetylgalactosamine 3-beta-galactosyltransferase activity	108008437,108021364,108019165,108015080,108010135
GO:0016267	4.958	5	0.6074200000	0.9937481880	5	12	12	obsolete core 1 and core 2 O-glycan biosynthetic process	108008437,108021364,108019165,108015080,108010135
GO:0006623	4.812	5	0.6081400000	0.9937481880	5	9	10	protein targeting to vacuole	108013724,108007274,108013290,108005727,108017918
GO:0005921	3.859	4	0.6092700000	0.9937481880	4	8	8	gap junction	108019014,108016975,108007634,108015282
GO:0005243	3.859	4	0.6092700000	0.9937481880	4	8	8	gap junction channel activity	108019014,108016975,108007634,108015282
GO:0036157	1.789	2	0.6095000000	0.9937481880	2	5	5	outer dynein arm	108010702,108009939
GO:0042744	1.870	2	0.6099900000	0.9937481880	2	7	7	hydrogen peroxide catabolic process	108017339,108007161
GO:0005793	6.122	6	0.6102600000	0.9937481880	6	22	22	endoplasmic reticulum-Golgi intermediate compartment	108004819,108015520,108012520,108011282,108006418,108017958
GO:0032222	7.029	7	0.6104100000	0.9937481880	7	17	17	regulation of synaptic transmission, cholinergic	108006299,108006453,108008228,108009497,108004604,108019873,108008299
GO:1903818	7.029	7	0.6104100000	0.9937481880	7	17	17	positive regulation of voltage-gated potassium channel activity	108006299,108006453,108008228,108009497,108004604,108019873,108008299
GO:0030431	7.029	7	0.6104100000	0.9937481880	7	17	17	sleep	108006299,108006453,108008228,108009497,108004604,108019873,108008299
GO:0006896	2.812	3	0.6105700000	0.9937481880	3	7	7	Golgi to vacuole transport	108008426,108013724,108016877
GO:0051225	6.002	6	0.6108900000	0.9937481880	6	17	17	spindle assembly	108005361,108013721,118878373,108018159,108014663,108015345
GO:0004568	8.026	8	0.6108900000	0.9937481880	8	16	17	chitinase activity	108020907,108016893,108007102,118876761,108013251,108017795,108015177,139352551
GO:0006032	8.026	8	0.6108900000	0.9937481880	8	16	17	chitin catabolic process	108020907,108016893,108007102,118876761,108013251,108017795,108015177,139352551
GO:0030234	4.918	5	0.6115800000	0.9937481880	5	13	15	enzyme regulator activity	108009775,108006802,108017785,108021197,108015408
GO:0000724	13.220	13	0.6117700000	0.9937481880	13	33	33	double-strand break repair via homologous recombination	108018659,108019116,108009064,108006841,108006084,108010275,108020607,108017008,108008087,108013508,108021166,108016776,108009605
GO:0005666	4.024	4	0.6126000000	0.9937481880	4	17	17	RNA polymerase III complex	108019147,108008634,108010183,108021012
GO:0005778	7.083	7	0.6132100000	0.9937481880	7	20	21	peroxisomal membrane	108013728,108009840,108020208,108021497,108012842,108012844,108007833
GO:0031901	3.776	4	0.6133400000	0.9937481880	4	6	6	early endosome membrane	108016153,108009882,108013407,108021184
GO:0034975	2.858	3	0.6134900000	0.9937481880	3	8	8	protein folding in endoplasmic reticulum	108018792,118878009,108007707
GO:1905515	5.994	6	0.6145500000	0.9937481880	6	13	13	non-motile cilium assembly	108007973,108006798,108021666,108009057,108012107,108013626
GO:0034587	4.965	5	0.6146700000	0.9937481880	5	12	12	piRNA processing	108009104,108008876,108010278,108019621,108009428
GO:0004222	36.572	36	0.6188400000	0.9937481880	36	76	80	metalloendopeptidase activity	118877974,108016005,108020995,108009739,108019072,108019066,108013794,108006766,108015689,108008581,108009888,108015893,108014565,108010205,108011523,108010258,108009289,108012008,108007646,108020611,108004594,108020662,108005013,108020598,108006437,108009548,108014801,108009482,108015318,108005961,108015473,108015444,108014162,108010573,108010560,108012307
GO:0006367	7.203	7	0.6191800000	0.9937481880	7	26	26	transcription initiation at RNA polymerase II promoter	108006646,108017441,108014492,108005530,108013109,108013398,108007657
GO:0015131	1.840	2	0.6205500000	0.9937481880	2	5	5	oxaloacetate transmembrane transporter activity	118877920,108018303
GO:0071422	1.840	2	0.6205500000	0.9937481880	2	5	5	succinate transmembrane transport	118877920,108018303
GO:0015729	1.840	2	0.6205500000	0.9937481880	2	5	5	oxaloacetate transport	118877920,108018303
GO:0006821	2.742	3	0.6211100000	0.9937481880	3	5	5	chloride transport	108007483,108019477,108006534
GO:0016298	13.352	13	0.6211900000	0.9937481880	13	37	37	lipase activity	108011169,108009810,108016158,108005490,108016980,139352983,108021777,108014567,108005803,108011839,108011946,108009564,108014970
GO:0036402	1.965	2	0.6222900000	0.9937481880	2	9	9	proteasome-activating activity	108014686,108007852
GO:1902975	1.863	2	0.6224600000	0.9937481880	2	5	5	mitotic DNA replication initiation	108006112,108014873
GO:0061574	1.838	2	0.6241600000	0.9937481880	2	5	5	ASAP complex	108005000,108004699
GO:0008180	2.950	3	0.6246900000	0.9937481880	3	10	10	COP9 signalosome	108020741,108013517,108010562
GO:0042834	1.919	2	0.6268100000	0.9937481880	2	8	8	peptidoglycan binding	108006676,108019672
GO:0005242	2.807	3	0.6271300000	0.9937481880	3	5	5	inward rectifier potassium channel activity	108011101,108005228,108011028
GO:0006936	4.741	5	0.6274600000	0.9937481880	5	6	6	muscle contraction	108014236,108019039,108016868,108011512,108004684
GO:0030983	2.904	3	0.6283200000	0.9937481880	3	6	6	mismatched DNA binding	108021560,108018099,108019891
GO:1990124	2.602	3	0.6289700000	0.9937481880	3	5	5	obsolete messenger ribonucleoprotein complex	108012866,108009368,108014865
GO:0097526	0.895	1	0.6292300000	0.9937481880	1	5	5	spliceosomal tri-snRNP complex	108007280
GO:0006396	5.135	5	0.6303800000	0.9937481880	5	18	18	RNA processing	108007280,108010058,108006821,108010660,108009590
GO:0015035	1.975	2	0.6305100000	0.9937481880	2	11	12	protein-disulfide reductase activity	108019301,108008806
GO:0044782	2.930	3	0.6305400000	0.9937481880	3	7	8	cilium organization	108020206,108014336,108016704
GO:0016310	3.958	4	0.6318400000	0.9937481880	4	9	9	phosphorylation	108021398,108016824,108007178,108011251
GO:0008528	10.742	11	0.6329700000	0.9937481880	11	12	12	G protein-coupled peptide receptor activity	108012426,108016833,108005453,108008523,108021632,108010005,108010050,108012052,108015271,108009349,108013607
GO:0000381	9.094	9	0.6377300000	0.9937481880	9	19	19	regulation of alternative mRNA splicing, via spliceosome	108010024,108015848,108014052,108019783,108012270,108012261,108014119,108009667,108008320
GO:0005675	1.976	2	0.6381300000	0.9937481880	2	8	8	transcription factor TFIIH holo complex	108007657,108008321
GO:0007399	8.957	9	0.6383800000	0.9937481880	9	14	14	nervous system development	108020206,108016094,108006869,108007294,108018047,108011413,108018288,108005802,108012261
GO:0036158	4.014	4	0.6387300000	0.9937481880	4	10	10	outer dynein arm assembly	108010702,108018789,108009939,108014675
GO:0006979	13.198	13	0.6391800000	0.9937481880	13	25	25	response to oxidative stress	108017339,108019900,108017414,108007161,108011235,108021574,108011479,108013252,108014750,108007725,108019750,108020789,108021140
GO:0006281	17.464	17	0.6393000000	0.9937481880	17	37	38	DNA repair	108016010,108004863,108004880,108006781,108009849,108016091,108017563,108007314,108010093,108019388,108017792,108018233,108015980,108016669,108018464,108018485,108011780
GO:0005819	2.976	3	0.6401100000	0.9937481880	3	9	9	spindle	108016079,108021819,108018514
GO:0008104	9.030	9	0.6402400000	0.9937481880	9	16	16	intracellular protein localization	108020021,108011139,108005457,108016188,118877610,108020690,108009320,108013424,108004635
GO:0043138	3.997	4	0.6415200000	0.9937481880	4	8	8	3'-5' DNA helicase activity	108010966,108006112,108017037,108013508
GO:0071277	4.776	5	0.6435700000	0.9937481880	5	6	6	cellular response to calcium ion	108015563,108005352,108010910,108018438,108021274
GO:0070382	5.776	6	0.6435700000	0.9937481880	6	7	7	exocytic vesicle	108015563,108005352,108010910,108014529,108018438,108021274
GO:0014059	4.776	5	0.6435700000	0.9937481880	5	6	6	regulation of dopamine secretion	108015563,108005352,108010910,108018438,108021274
GO:0001786	4.776	5	0.6435700000	0.9937481880	5	6	6	phosphatidylserine binding	108015563,108005352,108010910,108018438,108021274
GO:0017158	4.776	5	0.6435700000	0.9937481880	5	6	6	regulation of calcium ion-dependent exocytosis	108015563,108005352,108010910,108018438,108021274
GO:0020037	62.347	61	0.6439300000	0.9937481880	61	129	130	heme binding	108007968,108006685,108009764,108017397,108016827,108014222,108005433,108009815,108010848,108021548,108021541,108013828,108004915,108016946,108016981,108017524,108017560,108018878,108008671,108018008,108021574,108014401,108005504,108005505,108018132,108018123,108019387,108011479,108015840,108013252,108017741,108017783,108006234,108007582,108020556,108009231,108009232,108013351,108014671,108008947,108008946,108008949,108008948,108008943,108017871,118877697,108014750,108017819,108007725,108019793,108011869,108020789,108021112,108017081,108008189,108021140,139352569,108007842,108005242,108014938,108014959
GO:0005669	5.245	5	0.6451100000	0.9937481880	5	20	20	transcription factor TFIID complex	108005530,108013109,108013398,108004580,108016656
GO:0043235	20.969	21	0.6466400000	0.9937481880	21	24	24	receptor complex	108008431,108007289,108009052,108006259,108010246,108005880,108019603,108005015,108009404,108018288,108014712,108004681,108019753,108019741,108011857,108006561,108009633,108014910,108014963,108013615,108016740
GO:0006890	6.240	6	0.6475000000	0.9937481880	6	19	19	retrograde vesicle-mediated transport, Golgi to endoplasmic reticulum	108014374,108021470,108021663,118877851,108020707,108015481
GO:0006730	6.190	6	0.6487300000	0.9937481880	6	14	14	one-carbon metabolic process	108017315,108010782,108021633,108013945,108008823,108008187
GO:0036064	12.461	12	0.6516600000	0.9937481880	12	28	28	ciliary basal body	108018619,108017312,108009864,108009917,108005538,108012645,108014593,108008841,108014675,108007660,108019642,108016704
GO:0006000	1.984	2	0.6531000000	0.9937481880	2	6	6	fructose metabolic process	108021396,136116458
GO:0006338	19.491	19	0.6535900000	0.9937481880	19	41	43	chromatin remodeling	108015516,108013045,108017441,108018855,108017563,108009063,108015069,108006087,108005787,108015131,108010204,108015230,108007647,108011735,108009358,108012972,108019754,108009447,108012221
GO:0000492	1.967	2	0.6546100000	0.9937481880	2	6	6	box C/D snoRNP assembly	108015805,108005204
GO:0035371	7.041	7	0.6552600000	0.9937481880	7	15	15	microtubule plus-end	108013725,108010671,118878373,108018159,108013324,108015216,108019729
GO:0016042	13.624	13	0.6562300000	0.9937481880	13	37	37	lipid catabolic process	108011169,108009810,108016158,108005490,108016980,139352983,108021777,108014567,108005803,108011839,108011946,108009564,108014970
GO:0061817	1.894	2	0.6566500000	0.9937481880	2	5	5	endoplasmic reticulum-plasma membrane tethering	108007992,108012676
GO:0003723	120.442	118	0.6583000000	0.9937481880	118	321	355	RNA binding	108020938,108018629,108017333,108006686,108020958,108014273,108005399,108009729,108016026,108016089,108021355,108008371,108020010,108021321,108021395,108015516,108016832,108011119,108016814,108007902,108005426,108005404,108013031,139353050,108005468,108009865,108010846,108009878,108009852,108020203,108009884,108008498,108014301,108011263,108011258,108011285,108021608,108021610,108017589,108007364,108010991,108007280,136116481,108009037,108020269,108010058,108010059,108006837,108013108,108010085,108006821,139352168,108006120,108019425,108018125,108018058,108020354,108015832,108010133,108009199,108010158,108011489,108010159,108018908,108005762,108018225,108020520,108009302,108006274,108012947,108018188,108020482,108019488,108012001,108013309,108015230,108016547,108006303,108005031,108005000,108009413,108011719,108021029,108014783,108013456,108017800,108012169,108013460,108014798,108014799,108004699,108020720,108015371,108006481,108005122,108006457,108018430,108021148,108009484,108014826,108012240,108021177,108004659,108005959,108019813,108011901,108006559,108020891,108008332,108010660,108009675,108010587,108011898,108010567,108009590,108021253,108008287,108012391
GO:0033962	2.003	2	0.6585200000	0.9937481880	2	6	6	P-body assembly	108006457,108004786
GO:0000796	3.983	4	0.6591100000	0.9937481880	4	7	7	condensin complex	108009050,108008902,108021126,108015405
GO:0004866	5.022	5	0.6596900000	0.9937481880	5	9	9	endopeptidase inhibitor activity	108011128,108010038,108020434,108011966,108008270
GO:0004693	2.991	3	0.6617000000	0.9937481880	3	7	7	cyclin-dependent protein serine/threonine kinase activity	108008471,108018065,108015840
GO:0006897	13.292	13	0.6624300000	0.9937481880	13	22	22	endocytosis	108007342,108015011,108009194,108020508,108009241,118877610,108020607,108012147,108014019,108020707,108009509,108014891,118877437
GO:0030150	5.386	5	0.6634800000	0.9937481880	5	26	27	protein import into mitochondrial matrix	108005543,118877797,108018962,108010213,108013618
GO:0017056	7.338	7	0.6642400000	0.9937481880	7	19	19	structural constituent of nuclear pore	108011137,108019132,108006188,108008068,108009373,108008314,108011898
GO:0005109	4.877	5	0.6650000000	0.9937481880	5	8	8	frizzled binding	108010711,108016875,108008603,108005646,108006227
GO:0070628	2.133	2	0.6657300000	0.9937481880	2	10	10	proteasome binding	108011128,108010038
GO:0051568	1.827	2	0.6659900000	0.9937481880	2	4	8	obsolete histone H3-K4 methylation	108011473,108006381
GO:0006811	14.350	14	0.6660700000	0.9937481880	14	23	23	monoatomic ion transport	108005324,108007032,108016871,108017428,108016232,108007365,108019422,108021718,108006225,108008972,108011769,108013548,108006527,108011995
GO:0030424	43.880	43	0.6665600000	0.9937481880	43	74	74	axon	108020919,108015563,108009716,108021350,108010671,108021376,108020043,108009836,108008537,108016151,108010887,108016175,108013863,108016933,108005593,108008662,108007289,108013958,108011348,108012672,108014433,108013200,108016422,108019510,108019512,108019509,108017782,108015176,108006223,108018189,108013324,108018359,108005846,108011805,108018438,108014859,108017950,108009618,108011955,108018598,108009593,108021274,108016740
GO:0031624	5.159	5	0.6668400000	0.9937481880	5	11	11	ubiquitin conjugating enzyme binding	108019168,108013175,108010042,108005853,108009651
GO:0006099	16.787	16	0.6674300000	0.9937481880	16	39	39	tricarboxylic acid cycle	108009763,108010762,108006003,108019251,108011350,108008713,108015152,108017789,108020562,118877643,108017982,108011831,108017063,108007842,108019892,108009646
GO:0015031	11.549	11	0.6677900000	0.9937481880	11	27	27	protein transport	108007940,108007946,108007945,108007941,108007944,108013808,108013816,108021639,118878002,108012112,108021184
GO:0042802	4.067	4	0.6682700000	0.9937481880	4	8	8	identical protein binding	108010848,108019344,108013361,108009662
GO:0008080	4.237	4	0.6695100000	0.9937481880	4	15	15	N-acetyltransferase activity	108009842,108008882,108017109,108017148
GO:0016255	1.990	2	0.6697100000	0.9937481880	2	5	5	attachment of GPI anchor to protein	108011110,108016438
GO:0042765	1.990	2	0.6697100000	0.9937481880	2	5	5	GPI-anchor transamidase complex	108011110,108016438
GO:0007094	3.140	3	0.6709400000	0.9937481880	3	9	9	mitotic spindle assembly checkpoint signaling	108017336,108010862,108010825
GO:0045296	9.912	10	0.6721000000	0.9937481880	10	12	13	cadherin binding	108016895,139353230,108015501,108009194,108018279,108016507,108014792,108020739,108009550,108014867
GO:0017116	3.056	3	0.6721600000	0.9937481880	3	7	7	single-stranded DNA helicase activity	108006112,108014583,108015424
GO:0006635	4.252	4	0.6723700000	0.9937481880	4	13	13	fatty acid beta-oxidation	108013728,108013318,108020882,108008293
GO:0042026	5.320	5	0.6731600000	0.9937481880	5	17	19	protein refolding	108012601,108006847,108013328,108018300,108011968
GO:0090575	8.172	8	0.6745300000	0.9937481880	8	16	16	RNA polymerase II transcription regulator complex	108020196,108015737,108018052,108015808,118877515,108021039,108014871,108008240
GO:0031209	1.926	2	0.6746300000	0.9937481880	2	5	5	SCAR complex	108014479,108017206
GO:0043014	2.038	2	0.6747100000	0.9937481880	2	6	6	alpha-tubulin binding	108019225,108008342
GO:0019898	5.885	6	0.6749500000	0.9937481880	6	8	8	extrinsic component of membrane	108013091,108007274,108010215,108012888,108017918,108021167
GO:0006995	1.954	2	0.6750300000	0.9937481880	2	5	5	cellular response to nitrogen starvation	108018176,108004757
GO:0008285	2.030	2	0.6750800000	0.9937481880	2	6	6	negative regulation of cell population proliferation	108020231,108015746
GO:0061630	46.284	45	0.6753300000	0.9937481880	45	94	94	ubiquitin protein ligase activity	108008416,108019011,108004803,108013775,108019058,108013739,108016823,108009811,108019168,108013860,108013001,108013175,108006862,108019258,108020298,108010056,108010042,118877833,108012807,108020424,108018041,108018037,108017774,108015171,108018207,108009315,108018233,108009227,108011542,108012009,108013407,108014025,108005095,108013567,108005934,108004652,108017951,108016775,108009651,108005291,108009592,108011892,108009578,108021201,108011060
GO:0033041	6.438	6	0.6759900000	0.9937481880	6	21	21	sweet taste receptor activity	108016175,108019510,108019512,108019509,108011825,108011843
GO:0006289	6.377	6	0.6762800000	0.9937481880	6	19	19	nucleotide-excision repair	108015043,108006084,108010268,108007657,108009605,108008321
GO:0004653	7.206	7	0.6770600000	0.9937481880	7	12	12	polypeptide N-acetylgalactosaminyltransferase activity	108021635,108021636,108018200,108017738,108007610,108009386,108021266
GO:0003725	6.383	6	0.6775600000	0.9937481880	6	19	20	double-stranded RNA binding	108009780,108010848,108010966,108008591,108014681,108009368
GO:0071028	1.000	1	0.6781400000	0.9937481880	1	5	5	nuclear mRNA surveillance	108009204
GO:0061024	1.926	2	0.6784500000	0.9937481880	2	4	5	membrane organization	108009995,108018249
GO:0000812	1.993	2	0.6799800000	0.9937481880	2	6	7	Swr1 complex	108009063,108007647
GO:0008301	2.021	2	0.6805100000	0.9937481880	2	5	5	DNA binding, bending	108009799,108010054
GO:0005759	12.736	12	0.6809600000	0.9937481880	12	35	36	mitochondrial matrix	108010704,108019224,108013887,108010923,108019251,108014466,108006847,108010079,108015152,108020520,108020675,108010485
GO:1990837	7.033	7	0.6829600000	0.9937481880	7	10	10	sequence-specific double-stranded DNA binding	108016062,108013854,108006818,108016526,108015363,136116936,108014925
GO:0004016	18.181	18	0.6829800000	0.9937481880	18	22	22	adenylate cyclase activity	108005381,108021327,108012599,108005554,108013105,108005621,108014587,108013259,108006947,108018235,108011645,108008901,108013541,108013597,108011938,108011924,108011978,108011050
GO:0030479	3.098	3	0.6841700000	0.9937481880	3	8	8	actin cortical patch	108009769,108008480,118877437
GO:0051603	8.527	8	0.6860100000	0.9937481880	8	22	22	proteolysis involved in protein catabolic process	108008401,108013741,108004914,108018102,108006946,108009206,108019639,108013490
GO:0017108	2.025	2	0.6866900000	0.9937481880	2	5	5	5'-flap endonuclease activity	108013930,108015424
GO:0043123	2.025	2	0.6867100000	0.9937481880	2	5	5	positive regulation of canonical NF-kappaB signal transduction	108009325,108010575
GO:1990573	10.272	10	0.6870800000	0.9937481880	10	17	17	potassium ion import across plasma membrane	108011101,108021514,108016237,108008702,108013269,108018109,108018387,108020696,108005228,108011028
GO:0004089	8.434	8	0.6886700000	0.9937481880	8	17	17	carbonate dehydratase activity	108017315,108010782,108013945,108008823,108015276,108021002,108008187,108004776
GO:0051539	6.473	6	0.6891600000	0.9937481880	6	19	22	4 iron, 4 sulfur cluster binding	108014552,108005794,108020562,118877643,108007733,108017975
GO:0004298	2.178	2	0.6895600000	0.9937481880	2	8	8	threonine-type endopeptidase activity	108008401,108009206
GO:0050684	2.077	2	0.6906200000	0.9937481880	2	5	5	regulation of mRNA processing	108010966,108007449
GO:0008277	2.975	3	0.6911300000	0.9937481880	3	5	5	regulation of G protein-coupled receptor signaling pathway	108016077,108004844,108009481
GO:0000175	4.180	4	0.6922400000	0.9937481880	4	10	10	3'-5'-RNA exonuclease activity	108006022,108015722,108014093,108009560
GO:0032008	1.003	1	0.6928600000	0.9937481880	1	5	5	positive regulation of TOR signaling	108015827
GO:0017157	4.001	4	0.6930800000	0.9937481880	4	7	7	regulation of exocytosis	108005457,108009252,108013419,108005140
GO:0005687	1.049	1	0.6937000000	0.9937481880	1	6	6	U4 snRNP	108007280
GO:0016342	11.042	11	0.6940300000	0.9937481880	11	14	14	catenin complex	108016895,139353230,108015501,108018001,108007294,108018279,108016507,108014792,108020739,108009550,108014867
GO:0015117	2.095	2	0.6950500000	0.9937481880	2	6	6	thiosulfate transmembrane transporter activity	118877920,108018303
GO:0015709	2.095	2	0.6950500000	0.9937481880	2	6	6	thiosulfate transport	118877920,108018303
GO:0008272	2.095	2	0.6950500000	0.9937481880	2	6	6	obsolete sulfate transport	118877920,108018303
GO:0072487	2.138	2	0.6978300000	0.9937481880	2	6	6	MSL complex	108013895,108005870
GO:0044613	1.048	1	0.6981900000	0.9937481880	1	6	6	nuclear pore central transport channel	108008314
GO:0009267	1.020	1	0.7007100000	0.9937481880	1	4	5	cellular response to starvation	108019747
GO:0030182	19.487	19	0.7013500000	0.9937481880	19	27	28	neuron differentiation	118877962,118877963,108010711,108016875,108008500,108008538,108012572,108008603,108021672,108007283,108007279,108007272,108005646,108010122,136116533,108006227,108011840,108019800,108018597
GO:0008195	4.025	4	0.7015000000	0.9937481880	4	9	9	phosphatidate phosphatase activity	108007440,108007439,108007438,108019743
GO:0000338	1.079	1	0.7051300000	0.9937481880	1	5	5	protein deneddylation	108010562
GO:0140658	11.512	11	0.7054000000	0.9937481880	11	19	19	ATP-dependent chromatin remodeler activity	108013767,108004863,108016091,108017563,108009063,108009159,108014574,108005787,108011780,108013567,108012221
GO:0006559	3.249	3	0.7063400000	0.9937481880	3	8	8	L-phenylalanine catabolic process	108016110,108006344,108012381
GO:0016324	9.234	9	0.7065100000	0.9937481880	9	13	14	apical plasma membrane	108009765,108011139,108013190,118879475,108018401,108006561,108006534,108014963,108016740
GO:0032934	4.327	4	0.7074900000	0.9937481880	4	13	13	sterol binding	108013886,108018151,108015937,108009602
GO:0006614	2.230	2	0.7080000000	0.9937481880	2	9	9	SRP-dependent cotranslational protein targeting to membrane	108014459,108012000
GO:0006388	2.207	2	0.7084700000	0.9937481880	2	8	8	tRNA splicing, via endonucleolytic cleavage and ligation	108013135,108014875
GO:0034451	3.038	3	0.7103300000	0.9937481880	3	5	5	centriolar satellite	108006798,108008535,108013145
GO:0007015	17.428	17	0.7120700000	0.9937481880	17	24	24	actin filament organization	108009765,108016876,108021600,108015742,136117703,108011512,108013390,108018269,108012948,108018152,108020607,108019628,108021034,108011874,108017244,118877437,108021216
GO:0034427	2.184	2	0.7131700000	0.9937481880	2	8	8	obsolete nuclear-transcribed mRNA catabolic process, exonucleolytic, 3'-5'	108010026,108009204
GO:0042273	5.423	5	0.7132000000	0.9937481880	5	16	16	ribosomal large subunit biogenesis	108016061,108010791,139352168,108020720,108021213
GO:0007166	14.713	14	0.7138900000	0.9937481880	14	25	26	cell surface receptor signaling pathway	108019917,108009720,108016833,108011161,108008523,108008527,108013291,136116597,108009349,108018283,136116855,136116904,108005214,108005292
GO:0005509	120.380	118	0.7145000000	0.9937481880	118	192	197	calcium ion binding	108020905,108015563,108015569,108020973,108005352,108007992,108005339,108009720,108010757,108009775,108008370,108011109,108021378,108015501,108016816,108004882,139353044,108006744,108015681,108009823,108018762,108016135,108019130,108019197,108019199,118877273,108004936,108011278,108016948,108015611,108020199,108006876,108018865,108013142,108008615,108010910,108017558,108018886,108009983,108020338,108021670,108018028,108020249,108009069,108006802,108019410,108012817,108018121,108018090,108020396,108009194,108008818,108016479,108015122,108019534,108015178,108006224,108021831,108018248,108018158,108011523,108005702,108015988,108009292,108015210,108008908,108019601,108018342,108005015,108005016,108015285,108015286,108009423,108009432,108012989,108006298,108018279,108016507,108014792,108014002,108020739,108019741,108018438,108009555,108009550,108005176,108009537,108010461,108010456,108018390,108014867,108014847,108005912,108021140,108014854,108009498,108014891,108013545,108017902,108012266,108017937,108015467,108004791,108014180,108006561,108014159,108011942,108017267,108021274,108014963,108008289,108004729,108011026,108011013,108021290,108004719,108015408,108016740
GO:0044545	2.120	2	0.7146200000	0.9937481880	2	5	5	NSL complex	108009414,108011834
GO:0016971	2.161	2	0.7156500000	0.9937481880	2	6	6	flavin-dependent sulfhydryl oxidase activity	108016172,108007844
GO:0035725	33.421	32	0.7159700000	0.9937481880	32	58	58	sodium ion transmembrane transport	108005307,108020921,118877916,108009732,108011109,108009802,108009858,108019220,108021460,108019178,108016237,108008654,108009987,108018023,108009024,108013130,108013269,108017679,108018142,108009124,108018089,108008896,108007560,108007590,108008971,108011707,108018359,108018416,108011794,108008144,108008114,108017932
GO:0030335	4.698	5	0.7195600000	0.9937481880	5	5	5	positive regulation of cell migration	108009916,108014655,108007872,108009621,108009640
GO:0001755	4.698	5	0.7195600000	0.9937481880	5	5	5	neural crest cell migration	108009916,108014655,108007872,108009621,108009640
GO:0048843	4.698	5	0.7195600000	0.9937481880	5	5	5	negative regulation of axon extension involved in axon guidance	108009916,108014655,108007872,108009621,108009640
GO:0030215	4.698	5	0.7195600000	0.9937481880	5	5	5	semaphorin receptor binding	108009916,108014655,108007872,108009621,108009640
GO:0045499	4.698	5	0.7195600000	0.9937481880	5	5	5	chemorepellent activity	108009916,108014655,108007872,108009621,108009640
GO:0071526	4.698	5	0.7195600000	0.9937481880	5	5	5	semaphorin-plexin signaling pathway	108009916,108014655,108007872,108009621,108009640
GO:0000076	3.015	3	0.7216400000	0.9937481880	3	5	5	DNA replication checkpoint signaling	108019388,108014003,108018464
GO:0046839	3.075	3	0.7223700000	0.9937481880	3	8	8	phospholipid dephosphorylation	108007440,108007439,108007438
GO:0007168	6.694	7	0.7224400000	0.9937481880	7	7	7	receptor guanylyl cyclase signaling pathway	108014587,108013259,108006947,108018235,108011645,108008901,108011050
GO:0001653	6.694	7	0.7224400000	0.9937481880	7	7	7	peptide receptor activity	108014587,108013259,108006947,108018235,108011645,108008901,108011050
GO:0035082	0.968	1	0.7226800000	0.9937481880	1	3	5	axoneme assembly	108009132
GO:0030687	4.498	4	0.7268600000	0.9937481880	4	16	16	preribosome, large subunit precursor	108019123,108009219,108009468,108008316
GO:0017171	10.789	10	0.7278200000	0.9937481880	10	23	24	serine hydrolase activity	108018731,108013956,108013962,108013947,108013954,108006909,108009166,136117065,108011083,108008231
GO:0005200	8.625	8	0.7283400000	0.9937481880	8	18	18	structural constituent of cytoskeleton	108009747,108010141,108015852,108012911,108017005,108009409,108014833,108010600
GO:0032958	4.015	4	0.7294500000	0.9937481880	4	6	6	inositol phosphate biosynthetic process	108019955,108010253,108009439,108005293
GO:0016558	2.204	2	0.7300200000	0.9937481880	2	6	6	protein import into peroxisome matrix	108009840,108021497
GO:0019915	1.109	1	0.7303900000	0.9937481880	1	5	5	lipid storage	108011886
GO:0070534	3.093	3	0.7308900000	0.9937481880	3	6	6	protein K63-linked ubiquitination	108016823,108021480,108006333
GO:0003735	50.059	48	0.7310400000	0.9937481880	48	152	161	structural constituent of ribosome	108007983,118877954,108016089,108016072,108008443,108007117,108021355,108008371,108008387,108007021,108011119,108007902,108005404,108006734,108013031,139353050,108010846,108008498,108008470,108020183,108011263,108006717,139352928,108021615,108010059,139352168,108008787,108007432,108015832,108009151,108010120,108009131,108015851,108016485,108018225,108009342,108020720,108015378,108006481,108021148,108018501,108005221,108015488,108009668,108017269,108010567,108021203,108012391
GO:0006284	2.244	2	0.7316100000	0.9937481880	2	7	7	base-excision repair	108015043,108020812
GO:0070085	4.309	4	0.7321700000	0.9937481880	4	11	11	glycosylation	108021538,108009011,108015157,108009419
GO:0007204	3.945	4	0.7339400000	0.9937481880	4	5	5	positive regulation of cytosolic calcium ion concentration	108015546,108012041,118878129,108010545
GO:0018105	26.130	25	0.7342500000	0.9937481880	25	45	45	peptidyl-serine phosphorylation	108020927,108017336,108005376,108019092,108013779,108004842,108011166,108016188,108013153,108021602,108007342,108007276,108011371,108006975,108005682,108007449,108020372,108018184,108009243,108016537,108021037,108012158,108012147,108005998,108005224
GO:0035064	5.652	5	0.7349700000	0.9937481880	5	24	24	obsolete methylated histone binding	108011394,108013393,108012901,108009358,108005973
GO:0080025	3.032	3	0.7358700000	0.9937481880	3	5	5	phosphatidylinositol-3,5-bisphosphate binding	108013091,108021167,118877437
GO:0000307	3.358	3	0.7363200000	0.9937481880	3	10	11	cyclin-dependent protein kinase holoenzyme complex	108007976,108018918,108010245
GO:0005743	28.098	26	0.7363400000	0.9937481880	26	96	97	mitochondrial inner membrane	108009771,118876781,108020120,108013141,108013190,118877797,108006847,108008731,108012821,108010147,108017777,108012058,108017785,108012953,108010213,108009279,108010330,108014753,108021080,108005160,118877325,108011769,108004663,108004664,108008294,108012372
GO:0045041	2.075	2	0.7369300000	0.9937481880	2	5	5	protein import into mitochondrial intermembrane space	108019301,108006847
GO:0050830	1.066	1	0.7389200000	0.9937481880	1	6	6	defense response to Gram-positive bacterium	108009325
GO:0032797	2.155	2	0.7396400000	0.9937481880	2	5	5	SMN complex	108009863,108010159
GO:0007052	8.840	8	0.7417200000	0.9937481880	8	21	21	mitotic spindle organization	108019096,108006742,108019225,108019630,108005850,108004685,108005937,108012392
GO:0015267	5.181	5	0.7443000000	0.9937481880	5	8	8	channel activity	108010101,108010284,108009655,108009654,108009652
GO:0007165	88.284	86	0.7468900000	0.9937481880	86	137	138	signal transduction	108018618,108019983,108017376,108019113,108016079,108016077,108013734,108010678,108013769,108019069,108013779,108019082,108015555,108004869,139353246,108011165,108005407,108013099,108018782,108017459,108021510,108010847,108010821,108010828,108020205,108010877,108019139,118877282,108020196,108018862,108018853,108013157,108018889,108017582,108020343,108007342,108010060,108011393,108006836,108018807,136117703,108005671,108017645,108018969,108005682,108007440,108015077,108007439,108007438,108019446,108020372,108018039,108009142,108009167,108019507,108021800,108018221,108012908,108015189,108012955,108012887,108018165,108011533,108009260,108010238,108015968,108013301,108005893,108009320,108013441,108012147,108006426,108017100,108009461,108018394,108016794,108004795,108005224,108014169,108014157,108014942,108011881,108014953,108011018,108012399,108016733
GO:0000900	3.008	3	0.7473400000	0.9937481880	3	6	6	mRNA regulatory element binding translation repressor activity	108011135,108012866,108014865
GO:0070403	2.391	2	0.7482400000	0.9937481880	2	9	9	NAD+ binding	108008718,108020882
GO:0006376	4.082	4	0.7488900000	0.9937481880	4	6	6	mRNA splice site recognition	108004808,108014052,108012270,108014119
GO:0140664	3.427	3	0.7490600000	0.9937481880	3	8	8	ATP-dependent DNA damage sensor activity	108021560,108018099,108019891
GO:0005739	128.111	123	0.7497300000	0.9937481880	123	405	411	mitochondrion	108017339,108017313,108009740,108008419,108009729,108009786,108008456,108016088,108010765,108016073,108009686,108007021,108021398,108007069,108021359,108019901,108006730,108016110,108018761,108018754,108010844,108007178,108019124,108019190,108016943,108006724,108013175,108018858,108014471,108010929,108009980,108006003,108009968,108006049,108019334,108020309,108021556,108011350,108010027,108010015,108009010,108012696,108014463,108010093,108015786,108010079,108018962,108008713,108019437,108007436,108018140,108012843,108008792,108008799,108018121,108018090,108018097,108009199,108010177,108009165,108005628,108005794,108008806,108007506,108006283,108006282,108018241,108020562,108018246,108012875,108018160,108009211,108015942,108011560,108013318,108009287,108012018,108016552,108004566,108007646,108016592,108007697,108018331,118877643,108021025,108017807,108012113,108013428,108013430,108013460,108019750,108005116,108019740,108006412,108019720,108011831,108006481,108014093,108020744,108010516,108009479,108009457,108017063,108010485,108014826,108021174,108014888,108005986,108014142,108016779,108009622,108017245,108020882,108019892,108009646,108008327,108008328,108013603,108008293,108012305,108021246,108004704,108012375
GO:0034314	2.334	2	0.7500500000	0.9937481880	2	8	9	Arp2/3 complex-mediated actin nucleation	108021734,108008342
GO:0043025	24.516	23	0.7501800000	0.9937481880	23	52	52	neuronal cell body	108020919,108021350,108021376,108016887,108008537,108016151,108016175,108005593,108013190,108011348,108012672,108014433,108013200,108019510,108019512,108019509,108017782,108018189,108016595,108009368,108011805,108004656,108009593
GO:0071880	12.975	13	0.7503900000	0.9937481880	13	14	14	adenylate cyclase-activating adrenergic receptor signaling pathway	108020130,108010943,108010944,108007433,108019461,108015841,108018183,108012041,108017731,108012181,118878129,108014886,108010545
GO:0000470	2.437	2	0.7512400000	0.9937481880	2	11	11	maturation of LSU-rRNA	108010158,108009468
GO:0046856	6.753	6	0.7532900000	0.9937481880	6	15	16	phosphatidylinositol dephosphorylation	108020922,108017034,108012992,108013516,108009629,108008337
GO:0000398	25.962	24	0.7533500000	0.9937481880	24	79	79	mRNA splicing, via spliceosome	108021388,108020118,108021438,108020112,108016972,108013108,108012803,108009102,108010115,108015848,108018930,108005791,108018233,108019600,108009413,108004699,108017126,108005122,108014823,108021177,108006559,108008332,108009563,108009560
GO:0000245	2.372	2	0.7535500000	0.9937481880	2	8	8	spliceosomal complex assembly	108019939,108007449
GO:0005506	67.200	64	0.7539700000	0.9937481880	64	139	143	iron ion binding	108007968,108006685,108006666,108017397,108016827,108005433,108009815,108021548,108021541,108013828,108013819,108013820,108016946,108016981,108017524,108017560,108008671,108014401,108005504,108005505,108006113,108018132,108019387,108013229,108015897,108016438,108017741,108016480,108017783,108006234,108006224,108020556,108009231,108009232,108008947,108008946,108008949,108008948,108008943,108017871,118877697,118878101,108008038,108008035,108008044,108017819,108019793,108011869,139352569,108013569,108014135,108017258,108017243,108005242,108017231,108017233,108017229,108007014,108017273,108017264,108017262,108014938,108014959,108013695
GO:0005654	21.626	20	0.7555300000	0.9937481880	20	57	58	nucleoplasm	108015516,108020136,108016225,108017542,108021608,108010991,108013979,108021703,108009199,108018246,108005730,108015230,108016533,108008087,108004699,108021166,108018554,108021213,108013689,108011071
GO:0016485	8.701	8	0.7556600000	0.9937481880	8	17	19	protein processing	108005341,108017316,108013794,108013190,108005517,108012008,108004594,108020598
GO:0071230	1.220	1	0.7563200000	0.9937481880	1	6	6	cellular response to amino acid stimulus	108016674
GO:0006517	4.378	4	0.7567800000	0.9937481880	4	10	10	protein deglycosylation	108015846,108014576,108017707,108009347
GO:0007043	3.740	4	0.7570300000	0.9937481880	4	4	5	cell-cell junction assembly	108015501,108014792,108009550,108014867
GO:0015280	13.333	12	0.7584400000	0.9937481880	12	30	30	ligand-gated sodium channel activity	108005307,118877916,108019220,108017679,108008896,108007560,108011707,108018416,108011794,108008144,108008114,108017932
GO:0006869	11.678	11	0.7591200000	0.9937481880	11	17	17	lipid transport	108007992,108015543,108018849,108021617,108012701,108014551,108018226,108015201,108015246,108021016,108015430
GO:0060070	11.363	11	0.7594200000	0.9937481880	11	15	15	canonical Wnt signaling pathway	108016895,108010711,108016875,118876780,108008603,108005646,108020361,108006227,108013488,108019728,108015419
GO:0031072	1.222	1	0.7596300000	0.9937481880	1	5	5	heat shock protein binding	108010015
GO:0048015	5.249	5	0.7602900000	0.9937481880	5	8	8	phosphatidylinositol-mediated signaling	108016816,108013032,108020249,108006331,108015410
GO:0003727	3.387	3	0.7609300000	0.9937481880	3	9	28	single-stranded RNA binding	108015722,108005670,108014681
GO:0006171	10.489	10	0.7611800000	0.9937481880	10	14	14	cAMP biosynthetic process	108021327,108012599,108005554,108013105,108005621,108013541,108013597,108011938,108011924,108011978
GO:0005742	1.176	1	0.7619400000	0.9937481880	1	6	6	mitochondrial outer membrane translocase complex	108005543
GO:0046540	3.682	3	0.7620100000	0.9937481880	3	18	18	U4/U6 x U5 tri-snRNP complex	108016026,108005791,108014823
GO:0019888	3.265	3	0.7620400000	0.9937481880	3	7	7	protein phosphatase regulator activity	108015569,108013927,136117283
GO:0090090	5.453	5	0.7621300000	0.9937481880	5	10	10	negative regulation of canonical Wnt signaling pathway	108007294,108019299,108015824,108005014,108005224
GO:0016791	8.102	7	0.7626100000	0.9937481880	7	25	25	phosphatase activity	108008438,108012700,108008784,108017022,108009559,108005171,108013516
GO:0007389	3.130	3	0.7638500000	0.9937481880	3	5	5	pattern specification process	108019136,108007294,108013506
GO:0046475	3.346	3	0.7641300000	0.9937481880	3	6	6	glycerophospholipid catabolic process	108009931,108016509,108020732
GO:0046907	4.324	4	0.7653400000	0.9937481880	4	8	8	intracellular transport	108010710,108007928,108017485,108017733
GO:0005049	2.273	2	0.7657700000	0.9937481880	2	5	5	nuclear export signal receptor activity	108019177,108019511
GO:0006406	6.803	6	0.7658700000	0.9937481880	6	17	17	mRNA export from nucleus	108005399,108016064,108010211,108006188,108008068,108009373
GO:0000956	1.261	1	0.7666700000	0.9937481880	1	6	6	nuclear-transcribed mRNA catabolic process	108015183
GO:0045292	2.483	2	0.7667200000	0.9937481880	2	10	11	mRNA cis splicing, via spliceosome	108015327,108020891
GO:0048488	8.191	8	0.7670400000	0.9937481880	8	10	10	synaptic vesicle endocytosis	108015563,108019970,108008383,108019326,108013990,108013483,108021095,108021274
GO:0008137	1.189	1	0.7671200000	0.9937481880	1	5	7	NADH dehydrogenase (ubiquinone) activity	108019187
GO:0005604	5.748	6	0.7676900000	0.9937481880	6	6	6	basement membrane	108019517,108013332,108006349,108009555,108021153,108016740
GO:0071011	8.100	7	0.7681800000	0.9937481880	7	29	30	precatalytic spliceosome	108016026,108021388,108020112,108007280,108014681,108005000,108009471
GO:0030422	2.357	2	0.7683700000	0.9937481880	2	9	10	siRNA processing	108009104,108005959
GO:0003824	5.898	5	0.7692400000	0.9937481880	5	28	64	catalytic activity	118877915,108017488,108018072,108015343,108011996
GO:0000930	4.580	4	0.7705000000	0.9937481880	4	10	10	gamma-tubulin complex	108005361,108013721,108014663,108015345
GO:0008066	7.546	7	0.7723100000	0.9937481880	7	11	11	glutamate receptor activity	108007032,108017428,108007365,108019422,108021718,108013538,108011995
GO:0006611	3.347	3	0.7732300000	0.9937481880	3	7	7	protein export from nucleus	108019177,108020298,108019511
GO:0006122	2.517	2	0.7732400000	0.9937481880	2	12	13	mitochondrial electron transport, ubiquinol to cytochrome c	108013351,108014671
GO:0033674	14.443	14	0.7735900000	0.9937481880	14	17	17	positive regulation of kinase activity	108008431,108007289,108009052,108016422,108006259,108010246,108005880,108019603,108005015,108009404,108004681,108019753,108009633,108013615
GO:0008474	1.264	1	0.7758500000	0.9937481880	1	5	5	palmitoyl-(protein) hydrolase activity	108014500
GO:0006506	10.395	9	0.7761900000	0.9937481880	9	31	31	GPI anchor biosynthetic process	108008415,108018127,108015815,108017793,108017989,108009554,108015311,108017958,108010609
GO:0007507	7.302	7	0.7763900000	0.9937481880	7	10	10	heart development	108016881,108012637,108012632,108012668,108017934,108009595,108021244
GO:0005576	93.823	90	0.7769800000	0.9937481880	90	209	213	extracellular region	108006610,108020907,108016893,108020969,108010711,108021433,108007102,108008442,108010694,108019010,108010668,108012437,108007082,108007090,108021378,108016835,108016875,108015689,118876761,108009879,108007168,108012558,108020187,108012533,108020199,108005547,108008603,108020305,108012615,136116449,108013129,108018981,108005646,108018951,108021701,108020434,108006080,108015820,108011438,108010171,108010172,108009196,108010168,108013251,108019517,108017795,108015177,108006220,108006227,108015166,108012952,108018231,108006195,108012851,108011586,108015920,108014649,108014641,108015972,108014647,108013362,108014673,108014674,108017894,108012176,108011732,108009350,108013451,108012102,108020782,108014900,108009529,108008200,108017145,118877367,139352551,108012245,108012233,108016638,108009628,118877419,108009631,108017227,108011966,108014907,108014911,108008270,108004741,108016758,108004749
GO:0043113	3.102	3	0.7782400000	0.9937481880	3	5	5	receptor clustering	108009694,108016807,108010888
GO:0003796	3.757	3	0.7818700000	0.9937481880	3	18	18	lysozyme activity	108008519,108010000,108008926
GO:0030992	4.627	4	0.7830600000	0.9937481880	4	10	10	intraciliary transport particle B	108012645,108020489,108007660,108012107
GO:0006325	5.865	5	0.7831100000	0.9937481880	5	22	22	chromatin organization	108009808,118877880,108012009,108005870,108005973
GO:0019432	5.608	5	0.7841300000	0.9937481880	5	10	10	triglyceride biosynthetic process	108008582,108010123,108019527,108009438,108019743
GO:0003887	5.515	5	0.7843600000	0.9937481880	5	9	9	DNA-directed DNA polymerase activity	108013777,108009064,108015829,108021025,108014873
GO:0000176	2.569	2	0.7853400000	0.9937481880	2	10	10	nuclear exosome (RNase complex)	108015722,108009204
GO:0008139	5.875	5	0.7859900000	0.9937481880	5	13	13	nuclear localization sequence binding	108011137,108012656,108013237,108018321,108011898
GO:0045892	15.231	14	0.7872300000	0.9937481880	14	30	30	negative regulation of DNA-templated transcription	108013719,108021384,108020029,108020162,108018895,108018954,108009158,108016530,108008017,108021051,108013418,108008140,108012202,108016746
GO:0009982	3.419	3	0.7874800000	0.9937481880	3	9	9	pseudouridine synthase activity	108012001,108013309,108005031
GO:0008046	7.321	7	0.7889600000	0.9937481880	7	10	10	axon guidance receptor activity	108021376,108009814,108008537,108005593,108014433,108017782,108009593
GO:0003676	53.637	50	0.7915600000	0.9937481880	50	199	495	nucleic acid binding	139352700,108009794,108007107,108021353,108008366,136117567,108013774,108018724,118876781,108020141,108013870,108016967,108015673,108017519,108014471,108009994,118877764,108007278,108010008,108015754,108011398,108013135,136117703,108017683,108018100,108020453,139352863,108010113,108005781,108012059,108006202,108015183,136117030,108009315,108009279,108014668,108009287,108019604,108006354,108010307,108014753,108017120,108018485,108011852,118877370,108014807,139352588,108013508,108016602,108011912
GO:0010923	1.337	1	0.7933100000	0.9937481880	1	5	5	negative regulation of phosphatase activity	108019255
GO:0050982	2.275	2	0.7944800000	0.9937481880	2	6	6	detection of mechanical stimulus	108016593,108012266
GO:0000727	2.610	2	0.7956100000	0.9937481880	2	10	10	double-strand break repair via break-induced replication	108006112,108015296
GO:0007268	36.292	35	0.7969400000	0.9937481880	35	46	46	chemical synaptic transmission	108009716,108019970,108008383,108019075,108016807,108004869,139353246,108009834,108021510,108020130,118878561,108020196,108018853,108016232,108017582,108019326,108013990,108018807,139352153,108017645,108015077,108018109,139352873,108018039,108015189,108012887,108006298,118878130,108021095,108006426,108012222,108004795,108014169,108010545,108011881
GO:0000993	3.747	3	0.7969400000	0.9937481880	3	12	16	RNA polymerase II complex binding	108013226,108009316,108021308
GO:0006470	22.821	21	0.7993400000	0.9937481880	21	48	52	protein dephosphorylation	108018618,108015569,108005337,108010724,108016858,108007179,108019127,108015626,108017542,108007284,108009069,108010291,108010280,108015212,108015265,108015325,108015326,108020751,108006539,108011037,108004704
GO:0000815	1.406	1	0.7998000000	0.9937481880	1	7	7	ESCRT III complex	108010274
GO:0030136	3.348	3	0.8002000000	0.9937481880	3	6	6	clathrin-coated vesicle	108017449,108017128,118877437
GO:0007059	4.279	4	0.8002700000	0.9937481880	4	6	6	chromosome segregation	108017336,108009712,108019092,108019729
GO:0016604	3.884	3	0.8004500000	0.9937481880	3	13	18	nuclear body	108008402,108012482,108009527
GO:0006814	8.013	7	0.8004700000	0.9937481880	7	18	18	sodium ion transport	108010856,108010869,108014436,108016300,108021818,108008877,108018206
GO:0005121	4.323	4	0.8008300000	0.9937481880	4	6	6	Toll binding	108012558,108020187,108009196,108009350
GO:0021556	4.323	4	0.8008300000	0.9937481880	4	6	6	central nervous system formation	108012558,108020187,108009196,108009350
GO:0030514	5.199	5	0.8009900000	0.9937481880	5	7	7	negative regulation of BMP signaling pathway	108019111,108019182,108010099,108020393,108009578
GO:0007030	11.500	10	0.8014800000	0.9937481880	10	31	31	Golgi organization	108005359,108005322,108004819,108021470,108012520,108016277,108019280,108020661,108006418,108015481
GO:0032956	2.370	2	0.8017500000	0.9937481880	2	6	6	regulation of actin cytoskeleton organization	108015175,108015968
GO:0030050	6.135	6	0.8024500000	0.9937481880	6	7	7	vesicle transport along actin filament	108021600,108015742,136117703,108013390,108020607,108021216
GO:0031982	5.135	5	0.8024500000	0.9937481880	5	6	6	vesicle	108021600,108015742,136117703,108013390,108021216
GO:0008289	6.638	6	0.8027400000	0.9937481880	6	11	11	lipid binding	108017459,108021617,108010147,108012866,108006337,108021151
GO:0008540	3.755	3	0.8032600000	0.9937481880	3	12	12	proteasome regulatory particle, base subcomplex	108014686,118877356,108007852
GO:0032508	3.518	3	0.8037600000	0.9937481880	3	7	7	obsolete DNA duplex unwinding	108014583,108015191,108010210
GO:0034475	1.437	1	0.8043700000	0.9937481880	1	7	7	U4 snRNA 3'-end processing	108009204
GO:0006196	1.236	1	0.8047200000	0.9937481880	1	4	6	AMP catabolic process	108008429
GO:0050829	1.180	1	0.8051100000	0.9937481880	1	6	6	defense response to Gram-negative bacterium	108005800
GO:0006401	1.158	1	0.8056300000	0.9937481880	1	5	5	RNA catabolic process	108013689
GO:0030246	14.717	13	0.8057700000	0.9937481880	13	39	40	carbohydrate binding	108013712,108012473,108009964,108008636,108008798,108018062,108021699,108015846,108014576,108018232,108014745,108010463,108021208
GO:0007035	4.669	4	0.8069600000	0.9937481880	4	9	9	vacuolar acidification	108021626,108018092,108004655,108011016
GO:0016471	3.628	3	0.8087600000	0.9937481880	3	8	8	vacuolar proton-transporting V-type ATPase complex	108021626,108018092,108011016
GO:0006417	4.425	4	0.8090100000	0.9937481880	4	7	7	regulation of translation	108014479,118877893,108013209,108012077
GO:0032133	1.385	1	0.8095200000	0.9937481880	1	5	5	chromosome passenger complex	108017788
GO:0043565	19.442	18	0.8096500000	0.9937481880	18	35	35	sequence-specific DNA binding	108019927,108020954,108004813,108016164,108009871,108020162,108013874,108016282,108008750,108021790,108013300,108005730,108006381,108009397,108013595,108011911,108017295,108008287
GO:0000775	2.386	2	0.8107600000	0.9937481880	2	6	6	chromosome, centromeric region	108009712,108010230
GO:0007409	7.015	7	0.8115100000	0.9937481880	7	8	8	axonogenesis	108006654,108016887,108018065,108006259,108010246,108016595,108009618
GO:0051560	3.412	3	0.8117800000	0.9937481880	3	7	7	mitochondrial calcium ion homeostasis	108013141,108019410,108006337
GO:0043065	4.371	4	0.8146600000	0.9937481880	4	7	7	positive regulation of apoptotic process	108009754,108016912,108012158,108013467
GO:0000184	5.995	5	0.8149200000	0.9937481880	5	13	13	nuclear-transcribed mRNA catabolic process, nonsense-mediated decay	108006607,108016064,108012846,108015371,108016773
GO:0022627	15.037	14	0.8162000000	0.9937481880	14	33	34	cytosolic small ribosomal subunit	108008443,108021355,108011119,108007902,108008498,108008470,108020183,108011263,108006717,108015832,108016485,108018501,108015488,108010567
GO:0006378	6.067	5	0.8174100000	0.9937481880	5	15	15	obsolete mRNA polyadenylation	108004873,108009884,108010113,108009316,108011719
GO:0005179	2.655	2	0.8185200000	0.9937481880	2	12	15	hormone activity	108005547,136116449
GO:0005721	2.595	2	0.8192800000	0.9937481880	2	14	14	pericentric heterochromatin	108009358,108005973
GO:0050916	2.518	2	0.8196900000	0.9937481880	2	6	6	sensory perception of sweet taste	108011825,108011843
GO:0050912	2.518	2	0.8196900000	0.9937481880	2	6	6	detection of chemical stimulus involved in sensory perception of taste	108011825,108011843
GO:0007601	3.552	3	0.8200300000	0.9937481880	3	8	8	visual perception	108006668,108020110,108016312
GO:0000045	9.278	8	0.8202000000	0.9937481880	8	22	22	autophagosome assembly	108004843,108020198,108007276,108006975,108013211,108018176,108015927,108004757
GO:0016887	104.642	100	0.8203000000	0.9937481880	100	185	189	ATP hydrolysis activity	108020933,108005319,108020977,108014288,108014276,108008419,108010712,108020986,108013728,108020057,108007071,108020070,108015543,108015691,108018724,108014352,108009876,108009840,108019209,108021457,108016094,108019180,108013006,108018849,108017563,108010966,118877785,108021610,108007314,108018021,108012701,108021561,108015714,108019280,108009063,108010068,108014459,108014444,108014446,108021708,108006112,108020422,108016394,108018122,108018128,108012821,108009159,108018099,108009123,108014574,108013229,108010192,108005787,108017777,108018226,108006288,108009233,108018174,108018179,108010210,108011514,108009219,108014633,108014686,108017705,108016596,108007633,108015246,108006343,108018387,108018365,108021016,108007704,108016669,108012292,108019755,108014046,108020707,108005160,108020792,108009478,108021147,108021143,108021144,108021126,108021122,108014830,108012221,108015317,108015318,108007852,108016798,108006559,136116901,108018520,108010610,108019891,108011983,108013616,108015430
GO:1904263	2.658	2	0.8204400000	0.9937481880	2	7	7	positive regulation of TORC1 signaling	108015519,108016674
GO:0008143	2.371	2	0.8208000000	0.9937481880	2	5	5	poly(A) binding	108007172,108009979
GO:0051010	5.780	5	0.8223600000	0.9937481880	5	14	14	microtubule plus-end binding	108013725,108010671,118878373,108018159,108013324
GO:0032511	1.530	1	0.8230800000	0.9937481880	1	7	7	late endosome to vacuole transport via multivesicular body sorting pathway	108010274
GO:0015293	7.055	6	0.8232900000	0.9937481880	6	15	15	symporter activity	108010856,108010869,108014436,108016300,108021818,108018206
GO:1990817	3.643	3	0.8239500000	0.9937481880	3	9	9	poly(A) RNA polymerase activity	108009884,108009302,108014837
GO:0000278	20.012	18	0.8243600000	0.9937481880	18	39	42	mitotic cell cycle	108009747,108005361,108013721,108019019,108009112,108015829,108010141,108015852,108017792,108014663,108017005,108009423,108009344,108018275,108015345,108014833,108010600,108016748
GO:0090158	1.402	1	0.8258600000	0.9937481880	1	5	5	endoplasmic reticulum membrane organization	108012676
GO:0008250	1.509	1	0.8269100000	0.9937481880	1	7	7	oligosaccharyltransferase complex	108005081
GO:0033314	3.660	3	0.8276600000	0.9937481880	3	7	7	mitotic DNA replication checkpoint signaling	108006781,108020210,108018128
GO:0051087	10.591	9	0.8282100000	0.9937481880	9	33	33	protein-folding chaperone binding	108021503,108021522,108009975,108006847,108006823,108018962,108007426,108011420,108012743
GO:0017119	3.813	3	0.8283000000	0.9937481880	3	8	8	Golgi transport complex	108006619,108019284,108015481
GO:0003688	3.897	3	0.8302500000	0.9937481880	3	10	10	DNA replication origin binding	108018128,108015296,108014873
GO:0007131	2.738	2	0.8304400000	0.9937481880	2	8	8	reciprocal meiotic recombination	108019006,108008966
GO:0061617	1.490	1	0.8311000000	0.9937481880	1	9	9	MICOS complex	108011346
GO:0019894	4.567	4	0.8311200000	0.9937481880	4	7	8	kinesin binding	118877253,108020396,108007589,108012895
GO:0009897	9.799	9	0.8314600000	0.9937481880	9	15	15	external side of plasma membrane	108005353,108005360,108012473,108008621,108020269,108017685,108017684,108018136,108018288
GO:0008333	2.642	2	0.8317200000	0.9937481880	2	7	7	endosome to lysosome transport	108009813,108016929
GO:0061709	3.403	3	0.8320000000	0.9937481880	3	5	5	reticulophagy	108007276,108006975,108013211
GO:0000813	1.469	1	0.8354400000	0.9937481880	1	6	6	ESCRT I complex	108016614
GO:0009058	6.233	5	0.8356800000	0.9937481880	5	14	14	biosynthetic process	108005350,108021633,108006282,108018230,108017830
GO:0032456	8.224	7	0.8357600000	0.9937481880	7	16	16	endocytic recycling	108007977,108019069,108021539,108021533,108016573,108009509,108008342
GO:0008273	4.190	4	0.8366800000	0.9937481880	4	5	5	calcium, potassium:sodium antiporter activity	108015667,108005659,108020464,108020476
GO:0042073	6.979	6	0.8370300000	0.9937481880	6	12	12	intraciliary transport	108006879,108012645,108009201,108005000,108012107,108009657
GO:0007602	5.014	4	0.8378100000	0.9937481880	4	13	13	phototransduction	108006668,108019014,108020110,108007634
GO:0035249	9.022	8	0.8384600000	0.9937481880	8	13	13	synaptic transmission, glutamatergic	108007032,108017428,108005596,108007365,108019422,108021718,108013538,108011995
GO:0006744	5.023	4	0.8386800000	0.9937481880	4	12	12	ubiquinone biosynthetic process	108010765,108010147,108009457,108012305
GO:0007064	2.707	2	0.8393000000	0.9937481880	2	7	7	mitotic sister chromatid cohesion	108009849,108010230
GO:0007023	1.483	1	0.8401400000	0.9937481880	1	6	6	post-chaperonin tubulin folding pathway	108010794
GO:0032036	2.519	2	0.8410500000	0.9937481880	2	7	7	myosin heavy chain binding	108021670,108016479
GO:0006518	3.541	3	0.8421200000	0.9937481880	3	6	7	peptide metabolic process	108005341,108010171,108010172
GO:0003730	12.132	11	0.8430200000	0.9937481880	11	21	21	mRNA 3'-UTR binding	108009863,108007154,108009979,108006962,108012866,108012996,108014052,108014865,108017922,108021174,108014119
GO:0007032	3.778	3	0.8433500000	0.9937481880	3	9	11	endosome organization	108016929,108016277,108009496
GO:0007010	8.768	8	0.8437500000	0.9937481880	8	12	12	cytoskeleton organization	108007086,108012451,108021451,108017588,108012895,108021034,108010559,108017198
GO:0005783	76.329	71	0.8455900000	0.9937481880	71	182	185	endoplasmic reticulum	108014252,108016892,108020947,108009764,108021406,108008448,108021339,108007086,108004819,108011151,108019086,108015547,108004882,108015520,108014374,108009819,108005486,108012520,108007161,108021448,108013819,108013820,108019197,108016948,108013175,108017558,108006004,108009990,108021617,108009969,108016269,108021634,108010016,108005517,118877851,108006113,108016393,108010123,108015897,108018914,108021813,108006288,108012866,108018192,108010288,108007698,108006343,108015285,108008038,108008035,108008044,108017819,108007704,108020729,108006418,108006414,108005173,108021125,108014830,108019800,108017258,108017243,108017231,108017233,108017232,108017229,108017273,108017264,108017262,108017265,108021252
GO:0000339	2.323	2	0.8458900000	0.9937481880	2	5	5	RNA cap binding	108016064,108014795
GO:0022008	4.214	4	0.8465200000	0.9937481880	4	6	6	neurogenesis	108016094,108009404,108020786,108013590
GO:0000079	4.940	4	0.8470200000	0.9937481880	4	12	13	regulation of cyclin-dependent protein serine/threonine kinase activity	108021500,108018918,108010245,108009382
GO:0006414	2.826	2	0.8471300000	0.9937481880	2	11	11	translational elongation	108010167,108015497
GO:0005891	7.262	7	0.8476800000	0.9937481880	7	8	8	voltage-gated calcium channel complex	108016046,108021430,108010018,108016339,108021783,108015997,108006298
GO:0019991	3.079	2	0.8477000000	0.9937481880	2	8	8	septate junction assembly	108015380,108015381
GO:0005680	5.236	4	0.8480300000	0.9937481880	4	17	17	anaphase-promoting complex	108017790,108014866,108005955,108015304
GO:0005216	3.271	3	0.8482900000	0.9937481880	3	5	5	monoatomic ion channel activity	108005324,108008972,108013548
GO:0006094	3.808	3	0.8492500000	0.9937481880	3	9	9	gluconeogenesis	108021396,108009038,108018203
GO:0050877	16.198	15	0.8494600000	0.9937481880	15	22	22	nervous system process	139353246,108021510,108020196,108018853,108017582,108018807,108017645,108015077,108018039,108015189,108012887,108006426,108004795,108014169,108011881
GO:0007267	3.339	3	0.8500900000	0.9937481880	3	5	5	cell-cell signaling	108012041,118878129,108011013
GO:0090630	11.122	10	0.8505800000	0.9937481880	10	19	19	activation of GTPase activity	108016890,108020030,108016199,108006869,108006825,108011409,108015239,108015211,108015240,108005135
GO:0030322	8.680	8	0.8511300000	0.9937481880	8	11	11	stabilization of membrane potential	108009731,108013272,108021788,108010163,108015854,108016561,108016558,108014979
GO:0015271	9.680	9	0.8511300000	0.9937481880	9	12	12	outward rectifier potassium channel activity	108009731,108013272,108021788,108010163,108015854,108016561,108016558,108008193,108014979
GO:0022841	8.680	8	0.8511300000	0.9937481880	8	11	11	potassium ion leak channel activity	108009731,108013272,108021788,108010163,108015854,108016561,108016558,108014979
GO:0031124	1.488	1	0.8511500000	0.9937481880	1	5	5	mRNA 3'-end processing	108021308
GO:0003714	14.807	13	0.8515900000	0.9937481880	13	33	33	transcription corepressor activity	108010829,108015824,108015807,108005730,108009420,108008017,108019723,108005143,108008140,108013574,108015314,108021213,108012342
GO:0006783	1.523	1	0.8524000000	0.9937481880	1	5	5	heme biosynthetic process	108008328
GO:0005750	1.658	1	0.8527100000	0.9937481880	1	10	11	obsolete mitochondrial respiratory chain complex III	108013351
GO:0032039	5.187	4	0.8533000000	0.9937481880	4	12	13	integrator complex	108016942,108017547,108007378,139352176
GO:0071051	1.552	1	0.8541900000	0.9937481880	1	6	6	poly(A)-dependent snoRNA 3'-end processing	108015722
GO:0005871	2.792	2	0.8545400000	0.9937481880	2	7	7	kinesin complex	108020070,118877253
GO:0006270	5.368	4	0.8546500000	0.9937481880	4	15	15	DNA replication initiation	108020150,108018128,108005796,108015296
GO:0006309	6.584	5	0.8548000000	0.9937481880	5	19	19	apoptotic DNA fragmentation	118876781,108009279,108014753,108014812,108005959
GO:0016671	1.402	1	0.8556600000	0.9937481880	1	4	5	oxidoreductase activity, acting on a sulfur group of donors, disulfide as acceptor	108014913
GO:0000070	1.594	1	0.8567200000	0.9937481880	1	5	5	mitotic sister chromatid segregation	108010825
GO:0015347	5.708	5	0.8569700000	0.9937481880	5	8	8	sodium-independent organic anion transmembrane transporter activity	108014279,108018739,108009891,108007405,108010315
GO:0043252	5.708	5	0.8569700000	0.9937481880	5	8	8	sodium-independent organic anion transport	108014279,108018739,108009891,108007405,108010315
GO:0004176	1.534	1	0.8570300000	0.9937481880	1	5	5	ATP-dependent peptidase activity	108015318
GO:0006493	8.377	7	0.8573400000	0.9937481880	7	15	16	protein O-linked glycosylation	108021635,108021636,108018200,108017738,108007610,108009386,108021266
GO:0006102	2.816	2	0.8577900000	0.9937481880	2	7	7	isocitrate metabolic process	108011350,108008713
GO:0006646	3.844	3	0.8581000000	0.9937481880	3	7	7	phosphatidylethanolamine biosynthetic process	108020903,108021186,108019846
GO:0005184	3.409	3	0.8591600000	0.9937481880	3	5	5	neuropeptide hormone activity	108011528,108015934,108009628
GO:0005815	4.699	4	0.8591600000	0.9937481880	4	12	13	microtubule organizing center	108016845,118878373,108018159,108014978
GO:0016706	2.777	2	0.8597700000	0.9937481880	2	7	7	2-oxoglutarate-dependent dioxygenase activity	108012191,108012201
GO:0005747	6.985	5	0.8623900000	0.9937481880	5	39	41	obsolete mitochondrial respiratory chain complex I	108021507,108012696,108014552,108004566,108017975
GO:0000276	2.632	2	0.8624500000	0.9937481880	2	9	9	obsolete mitochondrial proton-transporting ATP synthase complex, coupling factor F(o)	108012023,108014146
GO:0034614	2.767	2	0.8628500000	0.9937481880	2	10	10	cellular response to reactive oxygen species	108019437,108016592
GO:0006013	3.680	3	0.8631700000	0.9937481880	3	8	8	mannose metabolic process	108021699,108015846,108014576
GO:0016442	1.704	1	0.8632800000	0.9937481880	1	9	10	RISC complex	108005959
GO:0035023	4.593	4	0.8637600000	0.9937481880	4	6	6	regulation of Rho protein signal transduction	108020950,108021334,108017459,108016290
GO:0031594	3.616	3	0.8637700000	0.9937481880	3	6	6	neuromuscular junction	108016807,108013190,108013293
GO:0061512	3.701	3	0.8647900000	0.9937481880	3	7	7	protein localization to cilium	108009932,108008841,108013626
GO:0016925	2.818	2	0.8649200000	0.9937481880	2	11	11	protein sumoylation	108019006,108013348
GO:0004550	1.660	1	0.8650600000	0.9937481880	1	6	6	nucleoside diphosphate kinase activity	108017201
GO:0007005	5.433	4	0.8657100000	0.9937481880	4	19	19	mitochondrion organization	108005562,108007274,108010015,108018140
GO:0006352	4.135	3	0.8664700000	0.9937481880	3	17	20	DNA-templated transcription initiation	108012997,108016656,108020801
GO:0004407	2.550	2	0.8665400000	0.9937481880	2	5	5	histone deacetylase activity	108005335,108007106
GO:0032266	6.054	5	0.8667400000	0.9937481880	5	11	11	phosphatidylinositol-3-phosphate binding	108019069,108013091,108019218,108013211,108021167
GO:0006883	4.805	4	0.8678400000	0.9937481880	4	9	9	intracellular sodium ion homeostasis	108021514,108008702,108018387,108020696
GO:0030007	4.805	4	0.8678400000	0.9937481880	4	9	9	intracellular potassium ion homeostasis	108021514,108008702,108018387,108020696
GO:0036376	4.805	4	0.8678400000	0.9937481880	4	9	9	sodium ion export across plasma membrane	108021514,108008702,108018387,108020696
GO:0032580	3.560	3	0.8718900000	0.9937481880	3	6	6	Golgi cisterna membrane	108019151,108008479,108009949
GO:0007169	17.338	16	0.8727100000	0.9937481880	16	23	23	cell surface receptor protein tyrosine kinase signaling pathway	108008431,108007289,108009052,108013201,108016422,108006259,108010246,108005880,108019603,108005015,108009404,108004681,108019753,108009531,108009633,108013615
GO:0032502	4.149	3	0.8727200000	0.9937481880	3	12	12	developmental process	108016932,108004997,108008682
GO:0004017	1.631	1	0.8730100000	0.9937481880	1	5	5	AMP kinase activity	108012113
GO:0007200	4.208	4	0.8733600000	0.9937481880	4	5	5	phospholipase C-activating G protein-coupled receptor signaling pathway	108019054,108012041,118878129,108010545
GO:0005102	6.662	6	0.8734500000	0.9937481880	6	10	10	signaling receptor binding	108021401,108016188,108020199,108013119,108012842,108011413
GO:0032418	1.509	1	0.8735100000	0.9937481880	1	5	5	lysosome localization	108011739
GO:0038023	17.386	15	0.8736100000	0.9937481880	15	50	50	signaling receptor activity	108019970,108008383,108012473,108015605,139355161,108019326,108012640,108013990,108006225,139352315,108012003,108006358,108009429,108018288,108021095
GO:0061608	4.321	3	0.8745300000	0.9937481880	3	12	12	nuclear import signal receptor activity	108012656,108013237,108018321
GO:0051378	4.334	4	0.8749500000	0.9937481880	4	5	5	serotonin binding	108009858,108020130,118878561,139352873
GO:0005771	1.834	1	0.8753300000	0.9937481880	1	9	9	multivesicular body	108010274
GO:0019901	14.752	13	0.8754700000	0.9937481880	13	27	28	protein kinase binding	108007976,108009780,108020021,108009877,108019299,108015011,108017777,108013331,108018373,108014022,108019729,108011801,108004635
GO:0044772	2.789	2	0.8756500000	0.9937481880	2	8	8	mitotic cell cycle phase transition	108018918,108010245
GO:0016197	6.486	5	0.8758000000	0.9937481880	5	14	14	endosomal transport	108009882,108006983,108009194,108018342,108014891
GO:0009755	7.344	7	0.8763200000	0.9937481880	7	8	8	hormone-mediated signaling pathway	108005453,108021632,108015808,108012052,108021039,108010479,108017240
GO:0000064	3.612	3	0.8770600000	0.9937481880	3	5	5	L-ornithine transmembrane transporter activity	108007996,108021340,108018858
GO:0060090	10.583	9	0.8778900000	0.9937481880	9	21	22	molecular adaptor activity	108005457,108013878,108019299,108009071,108012955,108009228,108018342,108019729,108013512
GO:0000445	1.557	1	0.8785700000	0.9937481880	1	5	5	THO complex part of transcription export complex	108010211
GO:0005844	6.294	5	0.8805900000	0.9937481880	5	15	15	obsolete polysome	108018036,108010114,108013209,108012077,108008847
GO:0008241	3.828	3	0.8817500000	0.9937481880	3	7	7	peptidyl-dipeptidase activity	108018657,108021445,108016347
GO:0071712	1.678	1	0.8824000000	0.9937481880	1	7	7	obsolete ER-associated misfolded protein catabolic process	108009876
GO:0030490	3.193	2	0.8832000000	0.9937481880	2	14	14	maturation of SSU-rRNA	108015382,118877370
GO:0071949	14.393	12	0.8841100000	0.9937481880	12	26	26	FAD binding	108018656,108008444,108016987,108017559,108021566,108009066,108010033,108007395,108014135,108008338,108007014,108008324
GO:0016787	6.618	5	0.8844700000	0.9937481880	5	17	19	hydrolase activity	108021411,108012542,108006194,118877382,108009480
GO:0005788	1.780	1	0.8847700000	0.9937481880	1	6	6	endoplasmic reticulum lumen	108005296
GO:0046983	35.506	32	0.8852900000	0.9937481880	32	73	74	protein dimerization activity	108005318,108020918,108020900,108010896,108004940,108019170,108019176,108004968,108016932,108004997,108016970,108006854,108016245,108018892,108009924,108008682,108014406,108006971,108012801,108012755,108016473,118877515,108020566,108019669,108009380,108021012,108014065,108014068,108014050,108018462,108014871,108014170
GO:0000177	1.855	1	0.8855700000	0.9937481880	1	8	8	cytoplasmic exosome (RNase complex)	108009204
GO:0007020	5.390	4	0.8865300000	0.9937481880	4	11	11	microtubule nucleation	108005361,108013721,108014663,108015345
GO:0008033	2.763	2	0.8869500000	0.9937481880	2	7	7	tRNA processing	108021395,108016742
GO:0004559	3.868	3	0.8876600000	0.9937481880	3	8	8	alpha-mannosidase activity	108021699,108015846,108014576
GO:0042555	2.866	2	0.8879000000	0.9937481880	2	7	7	MCM complex	108006112,108014583
GO:0006882	2.806	2	0.8879100000	0.9937481880	2	6	6	intracellular zinc ion homeostasis	108013070,108015450
GO:0006636	2.861	2	0.8880600000	0.9937481880	2	6	6	unsaturated fatty acid biosynthetic process	108016480,118878101
GO:0004768	2.861	2	0.8880600000	0.9937481880	2	6	6	stearoyl-CoA 9-desaturase activity	108016480,118878101
GO:0045116	1.606	1	0.8888700000	0.9937481880	1	6	6	protein neddylation	108005853
GO:0034045	4.774	4	0.8889200000	0.9937481880	4	8	8	phagophore assembly site membrane	108013091,108007276,108006975,108021167
GO:0005801	1.768	1	0.8893400000	0.9937481880	1	6	6	cis-Golgi network	108014692
GO:0000447	1.651	1	0.8895600000	0.9937481880	1	6	6	endonucleolytic cleavage in ITS1 to separate SSU-rRNA from 5.8S rRNA and LSU-rRNA from tricistronic rRNA transcript (SSU-rRNA, 5.8S rRNA, LSU-rRNA)	108017800
GO:0004601	7.785	7	0.8902800000	0.9937481880	7	10	10	peroxidase activity	108021574,108011479,108013252,108014750,108007725,108020789,108021140
GO:0015179	19.779	17	0.8907800000	0.9937481880	17	35	35	L-amino acid transmembrane transporter activity	108019924,108005396,108009732,108018736,108009802,108010853,108021460,108012589,108008654,108009987,108018023,108009024,108009312,108007590,108013347,108014097,108006565
GO:0003712	18.809	16	0.8907800000	0.9937481880	16	44	45	transcription coregulator activity	108018601,108009733,108020029,108005482,108013195,108017620,108020408,108016372,108009158,108010174,108017742,108005882,108009430,108009396,108014036,108008323
GO:0003994	2.857	2	0.8921400000	0.9937481880	2	5	5	aconitate hydratase activity	108020562,118877643
GO:0006488	1.766	1	0.8924300000	0.9937481880	1	7	7	dolichol-linked oligosaccharide biosynthetic process	108021252
GO:0015630	7.861	6	0.8931400000	0.9937481880	6	22	22	microtubule cytoskeleton	108014352,108005457,108010794,108021736,108005151,108010656
GO:0031105	1.327	1	0.8932900000	0.9937481880	1	5	5	septin complex	108005457
GO:0005940	1.327	1	0.8932900000	0.9937481880	1	5	5	septin ring	108005457
GO:0032153	1.327	1	0.8932900000	0.9937481880	1	5	5	cell division site	108005457
GO:0061061	4.513	4	0.8935200000	0.9937481880	4	6	6	muscle structure development	108019922,108016881,108013117,108017934
GO:0051371	4.513	4	0.8935200000	0.9937481880	4	6	6	muscle alpha-actinin binding	108019922,108016881,108013117,108017934
GO:1904262	2.540	2	0.8938800000	0.9937481880	2	5	5	negative regulation of TORC1 signaling	108012830,108009660
GO:0003724	13.801	11	0.8943000000	0.9937481880	11	35	36	RNA helicase activity	108010966,108012059,108018188,108012846,108019604,108009413,108018430,118877370,108016602,108021177,108011901
GO:0009986	15.307	14	0.8947400000	0.9937481880	14	19	19	cell surface	108020932,108019970,108008383,108011156,108013085,108020199,108013190,108009989,108019326,108013990,108020396,108013451,108021095,108012245
GO:0036159	2.765	2	0.8953100000	0.9937481880	2	6	6	inner dynein arm assembly	108018789,108018804
GO:0016575	4.023	3	0.8965200000	0.9937481880	3	9	9	obsolete histone deacetylation	108005335,108007106,108005730
GO:0047389	2.842	2	0.8965500000	0.9937481880	2	5	5	glycerophosphocholine phosphodiesterase activity	108009931,108020732
GO:2001070	2.842	2	0.8965500000	0.9937481880	2	5	5	starch binding	108009931,108020732
GO:0043539	2.622	2	0.8983700000	0.9937481880	2	5	5	protein serine/threonine kinase activator activity	108020298,108015192
GO:0045324	1.637	1	0.8984100000	0.9937481880	1	6	6	late endosome to vacuole transport	108005727
GO:0030332	2.599	2	0.8987700000	0.9937481880	2	5	5	cyclin binding	108010057,108015840
GO:0007187	8.547	8	0.8987900000	0.9937481880	8	10	10	G protein-coupled receptor signaling pathway, coupled to cyclic nucleotide second messenger	108009834,108020130,118878561,108010941,139352873,118878130,108012222,108010545
GO:0004993	8.547	8	0.8987900000	0.9937481880	8	10	10	G protein-coupled serotonin receptor activity	108009834,108020130,118878561,108010941,139352873,118878130,108012222,108010545
GO:0035591	4.881	4	0.8990500000	0.9937481880	4	7	7	signaling adaptor activity	108020343,108012908,108017206,108009618
GO:0000266	1.761	1	0.8992600000	0.9937481880	1	5	6	mitochondrial fission	108014473
GO:0017080	2.715	2	0.8998500000	0.9937481880	2	5	5	sodium channel regulator activity	108020031,108013893
GO:0033180	1.820	1	0.9001700000	0.9937481880	1	6	6	proton-transporting V-type ATPase, V1 domain	108011983
GO:0007097	5.933	5	0.9005600000	0.9937481880	5	8	8	nuclear migration	108010671,108012895,108013324,108009409,108021033
GO:0001725	7.719	7	0.9008800000	0.9937481880	7	10	10	stress fiber	108019922,108013793,108016881,108013117,108015216,108019754,108017934
GO:0003678	3.177	2	0.9009700000	0.9937481880	2	8	8	DNA helicase activity	108015191,108010268
GO:0007186	46.362	43	0.9012000000	0.9937481880	43	70	74	G protein-coupled receptor signaling pathway	108019986,108006668,108009720,108016083,108012426,108004844,108011161,108021511,108008527,108020209,108013852,108020110,108013862,108016983,108010931,108008607,108010973,108021586,108010005,108013291,108018988,108016312,108009115,108021698,136116597,108009193,108019579,108015991,108016407,108015271,118877629,108021042,108007747,108007757,108008207,108021108,108021155,108015458,108019874,108017219,108005292,108013607,108008296
GO:0035194	4.010	3	0.9025400000	0.9937481880	3	7	7	regulatory ncRNA-mediated post-transcriptional gene silencing	108005670,108018125,108012277
GO:0030198	14.839	14	0.9026400000	0.9937481880	14	16	16	extracellular matrix organization	108018646,108009739,108019066,108015689,108019307,108019288,108006994,108021735,108010258,108013431,108005854,108006437,108009482,108015473
GO:0000290	1.651	1	0.9028400000	0.9937481880	1	5	5	deadenylation-dependent decapping of nuclear-transcribed mRNA	108006457
GO:0031593	3.028	2	0.9031500000	0.9937481880	2	10	10	polyubiquitin modification-dependent protein binding	108009876,118877356
GO:0005881	6.756	5	0.9034000000	0.9937481880	5	18	18	cytoplasmic microtubule	108013005,108007294,118878373,108018159,108005284
GO:0018345	4.416	3	0.9039100000	0.9937481880	3	12	12	protein palmitoylation	108014028,108018405,108014964
GO:0051056	4.597	4	0.9045000000	0.9937481880	4	7	8	regulation of small GTPase mediated signal transduction	108020030,108006222,108015211,108005135
GO:0016592	9.277	7	0.9046300000	0.9937481880	7	29	30	mediator complex	108018601,108006753,108017620,108020408,108010181,108009430,108012969
GO:0000220	2.868	2	0.9048400000	0.9937481880	2	5	5	vacuolar proton-transporting V-type ATPase, V0 domain	108021626,108018092
GO:0004439	1.828	1	0.9050400000	0.9937481880	1	5	5	phosphatidylinositol-4,5-bisphosphate 5-phosphatase activity	108008337
GO:0051536	2.854	2	0.9058000000	0.9937481880	2	6	6	iron-sulfur cluster binding	108006666,108019187
GO:0046872	49.123	44	0.9064300000	0.9937481880	44	110	111	metal ion binding	108020935,108008429,108008456,108013708,108021395,108012436,108011140,108016823,108005463,118876781,108016153,108013930,108009882,108019218,108021438,108015673,108018863,108018002,108009037,108018108,108018037,108014560,108016481,108009279,108009241,108010278,108017879,108007642,108007646,108018304,108016573,108011700,108009433,108014753,108007733,108004675,108019720,108017923,108012277,108005238,108009629,108019890,108010568,108012307
GO:0071218	1.766	1	0.9068200000	0.9937481880	1	6	6	cellular response to misfolded protein	108017744
GO:0008134	7.691	6	0.9069100000	0.9937481880	6	19	19	transcription factor binding	108005335,108013767,108020029,108006230,108009318,108013672
GO:0018279	1.944	1	0.9071300000	0.9937481880	1	7	7	protein N-linked glycosylation via asparagine	108005046
GO:0036297	3.159	2	0.9071500000	0.9937481880	2	13	15	interstrand cross-link repair	108017037,108016725
GO:0019887	3.682	3	0.9074000000	0.9937481880	3	6	6	protein kinase regulator activity	108008649,108009127,108018373
GO:0030991	2.877	2	0.9075900000	0.9937481880	2	5	5	intraciliary transport particle A	108010314,108013626
GO:0000922	10.992	9	0.9082700000	0.9937481880	9	18	19	spindle pole	108005361,108013721,108010671,108014663,108013324,108015212,108018275,108005850,108015345
GO:0004190	6.023	4	0.9086300000	0.9937481880	4	25	71	aspartic-type endopeptidase activity	108009687,136117567,108005425,108008840
GO:0018344	1.885	1	0.9092900000	0.9937481880	1	5	5	protein geranylgeranylation	108009851
GO:0140359	36.296	33	0.9107600000	0.9937481880	33	49	49	ABC-type transporter activity	108020977,108014288,108010712,108020986,108013728,108020057,108015543,108019209,108021457,108018849,108012701,108021561,108015714,108021708,108012821,108018226,108009233,108018174,108018179,108011514,108017705,108007633,108015246,108021016,108014046,108020792,108009478,108021147,108021143,108021144,108010610,108013616,108015430
GO:0003774	4.909	5	0.9112700000	0.9937481880	5	5	5	cytoskeletal motor activity	108020167,108021600,108021791,108014539,108014991
GO:0061575	1.902	1	0.9118500000	0.9937481880	1	6	7	cyclin-dependent protein serine/threonine kinase activator activity	108007976
GO:0000785	30.950	27	0.9120700000	0.9937481880	27	68	115	chromatin	108009712,108020951,108020082,108016862,108009849,108018855,108017585,108010991,108020231,108020361,108009158,108014581,108005787,108013393,108009270,108010230,108013348,108005882,108012977,108012972,108019754,108019723,108005138,108009447,108012202,108012221,108013619
GO:0032588	1.806	1	0.9122100000	0.9937481880	1	5	5	trans-Golgi network membrane	108017485
GO:0051453	4.486	4	0.9123300000	0.9937481880	4	6	6	regulation of intracellular pH	108015745,108014400,108013214,108010526
GO:0061640	1.507	1	0.9123900000	0.9937481880	1	6	6	cytoskeleton-dependent cytokinesis	108005457
GO:0006120	3.588	2	0.9124000000	0.9937481880	2	16	18	mitochondrial electron transport, NADH to ubiquinone	108014552,108017975
GO:0005667	29.700	26	0.9132900000	0.9937481880	26	60	61	transcription regulator complex	108005318,108019929,108008410,108008398,108019094,118876752,108021447,108012588,108017585,108015824,108020393,108010181,108014581,108017742,108009318,108013361,108017715,108008017,108012977,108018462,108019796,108009541,108021115,108004615,108020883,108013672
GO:0019905	9.052	7	0.9145700000	0.9937481880	7	20	20	syntaxin binding	139353199,108015563,108020048,108009952,108005140,108015443,108021274
GO:0010508	2.554	2	0.9152000000	0.9937481880	2	5	5	positive regulation of autophagy	108007276,108012830
GO:0001228	11.923	10	0.9159100000	0.9937481880	10	20	20	DNA-binding transcription activator activity, RNA polymerase II-specific	108005328,108016926,108008821,108009278,108006389,108010306,108009381,108020725,108009664,108009648
GO:0072659	9.881	8	0.9168100000	0.9937481880	8	17	17	protein localization to plasma membrane	108019090,108007459,108018063,108009252,118879475,108005177,108019810,108005282
GO:0007179	2.407	2	0.9171600000	0.9937481880	2	5	5	transforming growth factor beta receptor signaling pathway	108020099,108018281
GO:0016459	9.822	9	0.9177900000	0.9937481880	9	11	11	myosin complex	108020167,108021600,108015742,136117703,108021791,108013390,108020607,108021216,108014991
GO:0051117	3.018	2	0.9178000000	0.9937481880	2	6	6	ATPase binding	108021626,108018092
GO:0004888	18.167	16	0.9180300000	0.9937481880	16	26	26	transmembrane signaling receptor activity	139353246,108021510,108020196,108018853,108017582,108018807,108017645,108015077,108018039,108015189,108011533,108005800,108006426,108004795,108014169,108011881
GO:0008188	8.220	7	0.9182200000	0.9937481880	7	11	13	neuropeptide receptor activity	108004832,108004831,108008607,108010973,108016307,108008851,108018290
GO:0005319	10.866	9	0.9189600000	0.9937481880	9	16	16	lipid transporter activity	108015543,108018849,108012701,108014551,108018226,108015201,108015246,108021016,108015430
GO:0002028	2.916	2	0.9206600000	0.9937481880	2	6	6	regulation of sodium ion transport	108020031,108013893
GO:0050821	1.965	1	0.9224000000	0.9937481880	1	7	7	protein stabilization	108018962
GO:0034464	1.874	1	0.9227100000	0.9937481880	1	5	5	BBSome	108008617
GO:0030968	4.516	3	0.9231300000	0.9937481880	3	11	11	endoplasmic reticulum unfolded protein response	108007086,108006414,108005296
GO:0070577	1.895	1	0.9231600000	0.9937481880	1	6	6	obsolete lysine-acetylated histone binding	108018855
GO:0030865	1.910	1	0.9236900000	0.9937481880	1	5	5	cortical cytoskeleton organization	108018514
GO:0004473	2.957	2	0.9248500000	0.9937481880	2	5	5	malate dehydrogenase (decarboxylating) (NADP+) activity	108010177,108009622
GO:0000014	6.097	4	0.9251900000	0.9937481880	4	17	17	single-stranded DNA endodeoxyribonuclease activity	118876781,108009279,108017008,108014753
GO:0030145	10.178	8	0.9254600000	0.9937481880	8	22	22	manganese ion binding	108016813,108008555,108019460,108018203,108006224,108011591,108019650,108013633
GO:0060294	6.303	5	0.9258500000	0.9937481880	5	11	11	cilium movement involved in cell motility	108015691,108020148,108012831,108009132,108021122
GO:0006268	3.264	2	0.9258900000	0.9937481880	2	7	7	obsolete DNA unwinding involved in DNA replication	108006112,108013508
GO:0004029	2.956	2	0.9260600000	0.9937481880	2	5	5	aldehyde dehydrogenase (NAD+) activity	108021633,108018129
GO:1901642	1.980	1	0.9261300000	0.9937481880	1	5	5	nucleoside transmembrane transport	108020272
GO:0071482	2.927	2	0.9262800000	0.9937481880	2	7	7	cellular response to light stimulus	108006668,108020110
GO:0008020	2.927	2	0.9262800000	0.9937481880	2	7	7	G protein-coupled photoreceptor activity	108006668,108020110
GO:0051123	2.189	1	0.9265000000	0.9937481880	1	11	11	RNA polymerase II preinitiation complex assembly	108016656
GO:0016818	3.199	2	0.9265300000	0.9937481880	2	6	6	hydrolase activity, acting on acid anhydrides, in phosphorus-containing anhydrides	108015191,108010268
GO:0030672	7.213	6	0.9271100000	0.9937481880	6	11	11	synaptic vesicle membrane	108015563,108006787,108005596,108018158,108019735,108021274
GO:0000460	2.039	1	0.9280000000	0.9937481880	1	9	9	maturation of 5.8S rRNA	108009468
GO:0031625	9.170	7	0.9281900000	0.9937481880	7	23	23	ubiquitin protein ligase binding	108019299,118877613,108012108,108019708,108009446,108017223,108004757
GO:0046034	2.014	1	0.9284700000	0.9937481880	1	5	5	ATP metabolic process	108011983
GO:0034388	1.921	1	0.9295700000	0.9937481880	1	5	5	Pwp2p-containing subcomplex of 90S preribosome	108009516
GO:0006412	38.613	34	0.9302600000	0.9937481880	34	113	119	translation	108014291,108007983,118877954,108016089,108016072,108008443,108007117,108021355,108008371,108008387,108011119,108007902,108005404,108006734,108008498,108008470,108011263,108006717,139352928,108021615,139352168,108015832,108010120,108015851,108013243,108016485,108018225,108015378,108006481,108018501,108005221,108015488,108010567,108021203
GO:0000028	4.536	3	0.9303100000	0.9937481880	3	15	19	ribosomal small subunit assembly	108011119,108007902,108009516
GO:0004983	5.501	5	0.9307500000	0.9937481880	5	6	6	neuropeptide Y receptor activity	108019986,108016083,108016124,108013852,108015991
GO:0004725	14.997	13	0.9314700000	0.9937481880	13	23	26	protein tyrosine phosphatase activity	108005337,108010724,108016858,108019127,108015626,108007284,108010280,108015212,108015265,108014712,108015326,108006539,108021272
GO:0004571	3.050	2	0.9314800000	0.9937481880	2	6	6	mannosyl-oligosaccharide 1,2-alpha-mannosidase activity	108016948,108015285
GO:1904382	3.050	2	0.9314800000	0.9937481880	2	6	6	mannose trimming involved in glycoprotein ERAD pathway	108016948,108015285
GO:0008219	3.808	2	0.9323600000	0.9937481880	2	13	13	cell death	108009687,108008840
GO:0005762	6.677	4	0.9327000000	0.9937481880	4	36	36	mitochondrial large ribosomal subunit	108007983,118877954,108021615,108005221
GO:0009653	10.212	8	0.9333000000	0.9937481880	8	22	22	anatomical structure morphogenesis	108020099,108008546,108008515,108007264,108013345,108018281,108012141,108021089
GO:0034472	3.452	2	0.9334200000	0.9937481880	2	8	8	snRNA 3'-end processing	108016942,108017547
GO:0005664	2.116	1	0.9336400000	0.9937481880	1	6	6	nuclear origin of replication recognition complex	108018128
GO:0007283	7.312	5	0.9340800000	0.9937481880	5	26	28	spermatogenesis	108021392,118878363,108008876,108010278,108009428
GO:0004930	31.400	28	0.9350900000	0.9937481880	28	47	47	G protein-coupled receptor activity	108009720,108015546,108011161,108021511,108008527,108020209,108016983,108021586,108012631,108013291,108018988,108019461,136116597,108015841,108016484,108019579,108018183,108017731,108016407,108018283,108021042,108008207,108017914,108014886,136116855,108019874,136116904,108005292
GO:0045727	3.008	2	0.9351400000	0.9937481880	2	6	6	positive regulation of translation	108007154,108014795
GO:0043495	3.054	2	0.9361100000	0.9937481880	2	5	6	protein-membrane adaptor activity	108018141,118879475
GO:0035336	10.435	8	0.9375500000	0.9937481880	8	21	21	long-chain fatty-acyl-CoA metabolic process	108015581,108008362,108011136,108015669,108010155,108018345,108017959,108019800
GO:0034511	2.064	1	0.9376700000	0.9937481880	1	5	5	U3 snoRNA binding	108013144
GO:0035721	4.245	3	0.9376800000	0.9937481880	3	7	7	intraciliary retrograde transport	108010314,108021122,108013626
GO:0043195	6.110	5	0.9377300000	0.9937481880	5	8	8	terminal bouton	108013724,139352153,108009292,108010324,108019735
GO:0051231	3.357	2	0.9396500000	0.9937481880	2	7	7	spindle elongation	108013271,108012392
GO:0008305	7.297	6	0.9396600000	0.9937481880	6	9	9	integrin complex	108005353,108005360,108008621,108017685,108017684,108018136
GO:0033627	7.297	6	0.9396600000	0.9937481880	6	9	9	cell adhesion mediated by integrin	108005353,108005360,108008621,108017685,108017684,108018136
GO:0080009	2.030	1	0.9397500000	0.9937481880	1	5	5	obsolete mRNA methylation	108014946
GO:0005245	4.941	4	0.9400800000	0.9937481880	4	6	6	voltage-gated calcium channel activity	108016046,108021430,108010018,108016339
GO:0016251	5.215	3	0.9401200000	0.9937481880	3	21	21	RNA polymerase II general transcription initiation factor activity	108005530,108013398,108016656
GO:0007189	19.396	17	0.9405800000	0.9937481880	17	25	25	adenylate cyclase-activating G protein-coupled receptor signaling pathway	108005381,108021327,108015546,108005453,108012599,108005554,108021632,108013105,108005621,108012052,108016484,108017914,108013541,108013597,108011938,108011924,108011978
GO:0007095	3.332	2	0.9406600000	0.9937481880	2	7	7	mitotic G2 DNA damage checkpoint signaling	108008365,108020210
GO:0005890	3.073	2	0.9408700000	0.9937481880	2	6	6	sodium:potassium-exchanging ATPase complex	108021514,108020696
GO:0008201	5.847	5	0.9409800000	0.9937481880	5	9	9	heparin binding	108011156,108015555,108016887,108018028,108017100
GO:0005885	2.147	1	0.9411200000	0.9937481880	1	7	8	Arp2/3 protein complex	108021734
GO:0004843	15.327	12	0.9411400000	0.9937481880	12	34	35	cysteine-type deubiquitinase activity	108009759,108019159,108021642,108010010,108011472,108014501,108012877,108015353,108007739,108009525,108005965,108017198
GO:0042391	23.108	21	0.9413300000	0.9937481880	21	29	29	regulation of membrane potential	108005330,139353246,108021510,108020196,108018853,108016232,108017582,108011396,108018807,108017645,108015077,108018039,108015189,108012887,108016593,108012968,108009334,108006426,108004795,108014169,108011881
GO:0016226	2.488	1	0.9414900000	0.9937481880	1	12	15	iron-sulfur cluster assembly	108006952
GO:0009116	1.874	1	0.9415500000	0.9937481880	1	5	5	nucleoside metabolic process	108015343
GO:0080019	9.480	7	0.9416000000	0.9937481880	7	20	20	alcohol-forming very long-chain fatty acyl-CoA reductase activity	108015581,108008362,108011136,108015669,108010155,108018345,108017959
GO:0006954	5.373	4	0.9417100000	0.9937481880	4	8	8	inflammatory response	108015546,108013834,108005800,108020895
GO:0007274	4.550	4	0.9425700000	0.9937481880	4	5	5	neuromuscular synaptic transmission	108013293,108009122,108006392,108014897
GO:0001934	3.857	3	0.9426800000	0.9937481880	3	6	6	positive regulation of protein phosphorylation	108015573,108017376,108020513
GO:0098839	10.142	8	0.9427600000	0.9937481880	8	15	15	postsynaptic density membrane	108007032,108016807,108017428,108007365,108019422,108021718,108013538,108011995
GO:0010008	4.469	3	0.9432900000	0.9937481880	3	8	8	endosome membrane	108013724,108009433,108009496
GO:0005884	10.843	9	0.9442700000	0.9937481880	9	17	17	actin filament	108016898,108021375,108009082,108011512,108012947,108015216,108018374,108021202,108014956
GO:0043005	53.801	50	0.9448200000	0.9937481880	50	69	72	neuron projection	108019986,108005323,108016807,108004844,108016887,139353246,108021510,108009858,108011228,108020196,108018853,108014479,108018890,108016232,108009923,108021627,108017582,108007298,108013130,108018807,108017645,108015077,108021783,108021698,108021679,108018039,108015189,108019526,108018250,108012887,108012866,108018150,108015991,108006324,108006308,108006364,108009368,108007747,108007757,108006426,108014865,108013569,108014897,108004656,108004795,108017219,108014169,108021221,108011881,108013617
GO:0061631	3.745	2	0.9449900000	0.9937481880	2	12	12	ubiquitin conjugating enzyme activity	108016952,108007853
GO:1904315	12.488	10	0.9450300000	0.9937481880	10	19	19	transmitter-gated monoatomic ion channel activity involved in regulation of postsynaptic membrane potential	108007032,108017428,108007365,108019422,108021718,108013538,108004795,108014169,108011995,108011881
GO:0006405	3.556	2	0.9456600000	0.9937481880	2	9	9	RNA export from nucleus	108011137,108011898
GO:0005635	8.479	6	0.9458300000	0.9937481880	6	16	16	nuclear envelope	108018141,108018068,108019511,108012895,108013315,108009409
GO:0043186	9.309	7	0.9460100000	0.9937481880	7	17	17	P granule	108021354,139353041,108018125,108010278,108009428,108018430,108012277
GO:0014069	6.071	5	0.9460700000	0.9937481880	5	8	8	postsynaptic density	108009694,108010888,108009301,108009307,108012948
GO:0006303	2.349	1	0.9464200000	0.9937481880	1	7	7	double-strand break repair via nonhomologous end joining	108013678
GO:1990246	2.858	2	0.9470300000	0.9937481880	2	6	6	uniplex complex	108013141,108019410
GO:0036444	2.858	2	0.9470300000	0.9937481880	2	6	6	calcium import into the mitochondrion	108013141,108019410
GO:0070573	3.223	3	0.9472400000	0.9937481880	3	4	5	metallodipeptidase activity	108019120,108014645,108014078
GO:0005886	542.455	525	0.9473900000	0.9937481880	525	869	886	plasma membrane	108020933,108005307,108020932,108005319,108020921,139353199,118877916,108019917,108020905,108015563,108016896,108016005,108019998,108005352,108014293,108019986,108018657,108019970,108017316,108017315,108018644,108005330,108007996,108006668,108014279,108005381,108017378,108009755,108009752,108008429,108009720,108020995,108009732,108009731,108005373,108020991,108016083,108010782,108016077,108008431,108007114,108013726,108007058,108007054,108021340,108007052,108008383,108021327,108021334,108019014,108007032,108021316,108011109,108019075,108012426,108011101,108020048,108021376,108020043,108019041,108020031,108007072,108016844,108015514,108015501,108016833,108004832,108019090,108004831,108013794,108004844,108019080,108016871,108015546,139353246,108018739,108018708,108006744,108009828,108009826,108009825,108016124,108005475,108009836,108009834,108013085,108017449,108005448,108009802,108018769,108018765,108005453,118876762,108005458,108006788,108013063,108017428,108008537,108021510,108021511,108009873,118876780,108005480,108008523,108005497,108009858,108010887,108020209,108019220,108008581,108016188,108009891,108016179,108019209,108021473,108013852,108021460,108020130,108019145,118878561,108021445,108020111,108020110,108016914,108019194,108019197,108013893,108004936,108019173,108019178,108019160,108013862,108012599,108011252,108020196,108015667,108016975,108009903,108018861,108018865,108005554,108013161,108018853,108010931,108016241,108016243,108009952,108005593,108016232,108010910,108013190,108018884,108018886,108008607,108018876,108008654,108021626,108009987,108021632,108008662,108016277,108010973,139352901,108010941,108010943,108010944,108017582,108007365,108018023,108007342,108021646,108018004,108007357,108016290,108019326,108007289,108021586,136116498,108013945,108019254,108009024,108012676,108013990,108019299,108012661,108010005,108020269,108019280,108020272,108010050,108015742,108015745,108014400,108009052,108013130,108013131,108018807,108013110,108010086,108015761,108010075,108014433,108013105,108018988,108008702,108017645,108016312,108013272,108016307,108005659,108021705,108007405,108015039,108005689,108017679,108016347,108018993,108007440,108015077,108019439,108018109,108008781,108020405,108019422,108007433,108021718,108007439,108007438,108021720,108007483,108021788,108019477,108018142,108020464,108021783,108019461,108006161,108018063,108010101,108011433,108012753,108018047,139352873,108021678,108021684,108018038,108007391,108018039,108010140,108018092,108018089,108006914,108013214,108014529,108009194,108013201,108010163,108015856,108015854,108015841,108014514,108005621,108014587,108013259,108005604,108013239,108006947,108015111,108017763,108017762,108017765,108013390,108017752,108017756,108017755,108016422,108017758,108017757,108005777,108012052,108008851,108016484,108017782,108012911,108008896,108007560,108019558,108015189,108015176,108018207,108006223,108020508,108009301,108012958,108009306,108006288,108006284,108011609,108006259,108019579,108012921,108018235,108007590,108018183,108012887,108009235,108012869,108018165,108012861,108011533,108011517,108018151,108020476,108015946,108010246,108011557,108012888,108018196,108009252,108015991,108014665,108005713,108013308,108010284,108012041,108017731,108016407,108005756,108017714,108013339,108012008,108008937,108007603,108016561,108016559,108016558,108005880,108012181,108016542,108015210,108008971,108016593,108004594,108007634,108019603,108011707,108006358,108018342,108018333,108008995,108006343,108005013,108005014,108005015,108005016,108015282,118877642,108009425,108018387,108018374,108009404,108011732,108018352,108009347,108009349,108018290,108012992,108009325,108011645,108010315,108010323,108009334,108020598,108018279,108009368,108021007,118878129,118878130,108005825,108013451,108012121,108013459,108005800,108013431,108016507,108005874,108008901,108013488,108005846,108021095,108013479,108005852,108014792,108014793,108021083,108021081,108016681,108019703,108007704,108004681,108004688,108012293,108020739,108019753,108019755,108019741,108015380,108015381,108018416,108007747,108020707,108006428,108007757,108006426,108005140,108010500,108019782,108018438,108011857,108009550,108005177,108005173,108009537,108021107,108011794,108008144,108008114,108009449,108014801,108011762,108014859,108014867,108014847,108014854,108017932,108012245,108013575,108014891,108013552,108008193,108012222,108014883,108014886,108008191,108013538,108021161,108013541,108013545,108004656,108017972,108015316,108005961,108017950,108013597,108006527,108016799,108019824,108004791,108004795,108019810,108015458,108015444,108019800,108005228,108006560,108006561,108014173,108014170,108017200,108019853,108015496,108014169,108005214,108007877,108009626,108009633,108011938,108017242,108009600,108011924,108009617,108009614,108017293,108008337,108007008,108017296,108011995,108011978,108005282,108009655,108011955,108009654,108009652,108009658,108005291,108005292,108009587,108013607,108021228,108021217,108021216,108009593,108014932,108011888,108010560,108010545,108011881,108014910,108014979,108021274,108021259,108014963,108014947,108013615,108011028,108021297,108013670,108016701,108007804,108015419,108016740,108011050,108015410,108015414,108004768
GO:0042383	4.466	4	0.9475500000	0.9937481880	4	6	6	sarcolemma	108006263,108018359,108019716,108009498
GO:0001671	4.866	3	0.9475500000	0.9937481880	3	13	13	ATPase activator activity	108021514,108021522,108020696
GO:0031369	2.306	1	0.9475600000	0.9937481880	1	9	9	translation initiation factor binding	108017441
GO:0008138	4.601	3	0.9475800000	0.9937481880	3	9	9	protein tyrosine/serine/threonine phosphatase activity	108010291,108015212,108015325
GO:0005044	7.889	6	0.9482100000	0.9937481880	6	13	14	scavenger receptor activity	108013081,108015672,108006812,108008009,108013568,108008298
GO:0004521	13.576	10	0.9483400000	0.9937481880	10	34	35	RNA endonuclease activity	108021354,139353041,118876781,108005670,108014556,108009266,108009279,108014753,108015382,108015446
GO:0042277	15.861	13	0.9485500000	0.9937481880	13	23	23	peptide binding	108014396,108014395,108020220,108020209,108013852,108007195,108021586,108020225,108012832,108005716,108007747,108007757,108008267
GO:0017196	2.393	1	0.9498000000	0.9937481880	1	9	9	N-terminal peptidyl-methionine acetylation	118877681
GO:0019752	2.260	1	0.9506100000	0.9937481880	1	6	6	carboxylic acid metabolic process	108015229
GO:0019843	5.182	3	0.9510300000	0.9937481880	3	19	19	rRNA binding	108020067,108008787,108021080
GO:0010506	4.500	3	0.9515400000	0.9937481880	3	9	9	regulation of autophagy	108006975,108012877,108011654
GO:0017025	3.015	2	0.9518200000	0.9937481880	2	8	8	TBP-class protein binding	108014574,108020801
GO:0006952	3.329	2	0.9519100000	0.9937481880	2	21	21	defense response	108017890,108007806
GO:0016538	4.781	3	0.9520500000	0.9937481880	3	13	14	cyclin-dependent protein serine/threonine kinase regulator activity	108021500,108018918,108010245
GO:0008076	6.585	6	0.9528800000	0.9937481880	6	7	7	voltage-gated potassium channel complex	108010674,108019327,108009281,108021079,108012318,108016735
GO:0004672	26.722	23	0.9540900000	0.9937481880	23	46	48	protein kinase activity	108016890,108019113,108015503,108016954,108015014,108011471,108009162,108014587,108013259,108006947,108017782,108006259,108009265,108010246,108011645,108008901,108019782,108005134,108014895,108012254,108012339,108012399,108011050
GO:0010494	4.368	3	0.9558200000	0.9937481880	3	7	7	cytoplasmic stress granule	108007154,108009368,108014795
GO:0006383	2.722	2	0.9561600000	0.9937481880	2	6	6	transcription by RNA polymerase III	108020801,108020840
GO:0008017	42.417	37	0.9566300000	0.9937481880	37	71	74	microtubule binding	108005321,108016087,108017383,108019019,108021375,108019080,108020070,108014352,108007167,108013005,108019338,108007294,108018986,108013271,108014593,108012771,108015885,108021819,108019526,108015938,108009295,108015216,108016595,108019601,108009344,108009383,108019729,108009463,108014811,108013528,108013561,108013563,108017978,108012278,108013628,108012392,108016732
GO:0008284	5.586	5	0.9566300000	0.9937481880	5	6	6	positive regulation of cell population proliferation	108014269,108015573,108004855,108009404,108006389
GO:0005777	20.460	16	0.9579000000	0.9937481880	16	43	43	peroxisome	108015581,108016015,108008362,108011136,108013867,108015669,108016987,108021566,108010033,108018072,108010155,108018345,108005933,108017959,108008338,108008324
GO:0034551	2.036	1	0.9581000000	0.9937481880	1	7	7	mitochondrial respiratory chain complex III assembly	108010923
GO:0006631	7.449	5	0.9582800000	0.9937481880	5	19	19	fatty acid metabolic process	108009740,108008718,108005812,108017819,108004696
GO:0006260	11.646	8	0.9584100000	0.9937481880	8	30	30	DNA replication	108020150,108007314,108006112,108006084,108015829,108013508,108014873,108009605
GO:0015297	4.825	3	0.9585800000	0.9937481880	3	12	12	antiporter activity	118877920,108005602,108018303
GO:0017053	2.217	1	0.9593000000	0.9937481880	1	5	5	transcription repressor complex	108016533
GO:0031047	3.008	2	0.9596400000	0.9937481880	2	5	5	regulatory ncRNA-mediated gene silencing	108021354,139353041
GO:0005774	2.598	1	0.9602100000	0.9937481880	1	8	8	vacuolar membrane	108015519
GO:0030036	25.850	23	0.9604900000	0.9937481880	23	34	34	actin cytoskeleton organization	108019922,108009769,108021316,108013737,108007072,108016845,108016881,108016849,108005428,108017459,108005581,108013117,108006251,108010265,108009248,108012036,108011801,108017934,108014149,108014138,108021202,108014978,108014971
GO:0006108	5.157	3	0.9605300000	0.9937481880	3	11	11	malate metabolic process	108010177,108017063,108009622
GO:0008045	10.625	10	0.9605700000	0.9937481880	10	14	14	motor neuron axon guidance	108005304,108021489,108021623,108021589,108007430,108018098,108006349,108012104,108020879,108021236
GO:0005125	7.873	6	0.9611300000	0.9937481880	6	15	15	cytokine activity	108010711,108016875,108009879,108008603,108005646,108006227
GO:0003684	7.778	5	0.9615600000	0.9937481880	5	20	20	damaged DNA binding	108015043,108006084,108010268,108020607,108017008
GO:0043328	2.115	1	0.9615700000	0.9937481880	1	6	6	protein transport to vacuole involved in ubiquitin-dependent protein catabolic process via the multivesicular body sorting pathway	108019668
GO:0034198	3.848	2	0.9625200000	0.9937481880	2	9	9	cellular response to amino acid starvation	108015519,108012830
GO:0004989	4.962	5	0.9626100000	0.9937481880	5	5	5	octopamine receptor activity	108010943,108010944,108007433,108012181,108010545
GO:0008083	12.268	10	0.9631300000	0.9937481880	10	20	20	growth factor activity	108015573,108009776,108004855,108009879,108012558,108020187,108009196,108009350,108008156,108021185
GO:0031519	3.631	2	0.9636000000	0.9937481880	2	9	9	PcG protein complex	108017585,108012977
GO:0004683	4.062	3	0.9649300000	0.9937481880	3	6	6	calcium/calmodulin-dependent protein kinase activity	108011166,108016188,108011912
GO:0030134	5.514	3	0.9655000000	0.9937481880	3	19	19	COPII-coated ER to Golgi transport vesicle	108004819,108012520,108014560
GO:0010468	13.254	10	0.9656700000	0.9937481880	10	28	29	regulation of gene expression	108018013,108010991,108017609,108012972,108019754,108009447,108012221,108021291,108011013,108004717
GO:0003333	12.381	9	0.9657200000	0.9937481880	9	23	23	amino acid transmembrane transport	108019924,108005396,108018736,108010853,108012589,108009312,108013347,108014097,108006565
GO:0005942	3.119	2	0.9669000000	0.9937481880	2	6	6	phosphatidylinositol 3-kinase complex	108021465,108015410
GO:0045747	2.141	1	0.9676400000	0.9937481880	1	5	5	positive regulation of Notch signaling pathway	108018477
GO:0004402	3.610	2	0.9679000000	0.9937481880	2	8	8	histone acetyltransferase activity	108009158,108004615
GO:0004865	1.869	1	0.9684300000	0.9937481880	1	4	5	protein serine/threonine phosphatase inhibitor activity	108021315
GO:0005524	350.099	332	0.9684800000	0.9937481880	332	635	650	ATP binding	108020935,108020933,108020927,108005319,108016890,108014236,108020977,108017336,108014288,108014276,108008419,108009754,108010712,108009729,108005376,108020986,108019113,108016088,108008431,108017383,108013728,108021348,108021353,108010678,108013707,108021335,108019019,108008360,108013774,108020057,108013767,108013766,108007071,108004863,108011140,108011141,108020092,108015503,108019092,108013779,108004842,108020070,108016885,108015543,108011162,108011166,108005428,108014389,108015691,108018724,108014352,108009825,108013093,108006787,108006788,108009876,108010847,108009840,108010833,108009850,108016188,108007231,108019204,108019209,108021457,108020117,108008471,108016094,108016091,108021444,108011230,108019180,108016912,108020167,108016900,108020148,108016954,108004950,108013006,108009900,108013153,108018849,108014471,108010923,108017563,108017545,108021622,108010966,118877785,108009960,108007309,108021602,108021600,108007314,108018021,108018029,108012701,108007342,108019338,108020309,108007289,108007276,108021561,108021560,108010025,108015714,108020298,136116458,108010015,108019280,108009063,108010068,108015742,108010057,108009049,108011371,108009052,108014463,108006847,108010093,136117703,108014444,108014446,108018985,108006975,108013271,108006981,108006984,108021708,108005682,108015014,108006112,108007449,108020422,108019439,108007454,108020405,108016394,108012835,108021791,108018122,108018128,108012821,108018065,108020372,108006055,108018047,139352878,108007391,108011471,108011458,108009159,108018099,108009123,108020395,108014539,108006904,108009167,108009162,108015840,108005627,108014583,108014587,108013259,108005638,108014574,108013229,108013238,108006947,108005615,108010192,108005787,108017777,108013390,108016422,108016413,108012059,108007506,108017782,108015191,108018226,108009314,108006288,108006259,108012921,108020545,108018184,108018188,108009233,108018174,108018179,108009201,108011514,108009219,108009265,108010268,108015938,108010253,108009243,108010246,108015983,108009287,108009295,108014633,108014686,108005727,108017705,108005880,108016537,108016536,108018300,108020607,108016596,108004592,108008963,108007633,108008966,108015246,108019603,108019604,108006354,108006343,108005015,108018387,108009433,108009431,108011737,108018376,108009404,108017037,108018365,108009413,108009344,108011645,108009329,108010304,108021037,108021016,108009374,108011682,108005820,108012113,108013499,108017856,108008901,108012158,108012147,108005850,108015357,108007704,108016669,108004681,108012292,108019753,108019755,108015371,108014046,108020707,108019720,108005159,108019782,108017117,108005134,108018430,108011857,108009551,108005160,108020792,108018477,118877370,108009479,108009478,108011780,108013528,108021147,108021143,108021144,108013508,108010485,108021126,108021122,108014830,108014834,108016602,108014895,108013567,108021177,108012221,108015312,108015317,108015318,108017978,108005998,108012254,108014149,108007852,108016798,108019803,108011901,108005224,108019875,136116901,108005238,108017201,108018520,108019848,108017257,108009633,108010610,108019891,108011912,108009662,108011983,108005296,108018599,108013603,108021216,108010575,108014910,108008297,108014965,108013615,108013616,108014952,108013678,108014991,108015430,108015431,108012392,108012399,108011050,108012375
GO:0007018	26.517	22	0.9685600000	0.9937481880	22	52	59	microtubule-based movement	108017383,108019019,108020070,108019204,118877253,108013006,108019338,108014444,108014446,108013271,108007418,108016394,108011632,108015938,108009295,108018365,108009344,108013528,108017978,108016798,108004715,108012392
GO:0015276	7.980	5	0.9695400000	0.9937481880	5	16	18	ligand-gated monoatomic ion channel activity	108017647,108006225,108018287,108017812,108012232
GO:0005875	6.007	4	0.9700700000	0.9937481880	4	10	10	microtubule associated complex	108010671,108013324,108016595,108012392
GO:0030515	2.689	1	0.9708900000	0.9937481880	1	9	9	snoRNA binding	108008606
GO:0051480	4.163	3	0.9709000000	0.9937481880	3	5	5	regulation of cytosolic calcium ion concentration	108021646,108007698,108015496
GO:0017147	6.547	5	0.9718900000	0.9937481880	5	10	10	Wnt-protein binding	118876780,108009052,108013488,108019728,108015419
GO:1902936	9.315	6	0.9729800000	0.9937481880	6	22	22	phosphatidylinositol bisphosphate binding	108020957,108010830,108010046,108015000,108009146,108007850
GO:0043171	12.559	9	0.9746800000	0.9937481880	9	20	20	peptide catabolic process	108014396,108014395,108020220,108007195,108021615,108020225,108012832,108005716,108008267
GO:0070006	17.694	13	0.9751100000	0.9937481880	13	36	36	metalloaminopeptidase activity	108014396,108014395,108020220,108008555,108007195,108020225,108012832,118877583,108011591,108005716,108019650,108008267,108013633
GO:0000400	2.632	1	0.9754900000	0.9937481880	1	6	6	four-way junction DNA binding	108017037
GO:0050808	22.746	20	0.9756900000	0.9937481880	20	29	31	synapse organization	108020989,108016052,108021376,108008537,108021455,108005593,108019247,108019290,108014433,108010078,108019447,108021680,108017782,108010262,108006319,108013434,108006566,108014158,108009593,108013630
GO:0007229	8.164	6	0.9762100000	0.9937481880	6	11	11	integrin-mediated signaling pathway	108005353,108005360,108008621,108017685,108017684,108018136
GO:0005516	16.120	13	0.9770700000	0.9937481880	13	24	25	calmodulin binding	108011132,108011166,108016188,108010019,108009074,118878367,108020616,108018275,108012146,108019729,108021112,108004656,108011912
GO:0031145	4.270	2	0.9773600000	0.9937481880	2	13	13	anaphase-promoting complex-dependent catabolic process	108014866,108005955
GO:0000082	2.928	2	0.9775800000	0.9937481880	2	5	5	G1/S transition of mitotic cell cycle	108021500,108012158
GO:0043001	2.663	1	0.9776400000	0.9937481880	1	7	7	Golgi to plasma membrane protein transport	108021470
GO:0031941	7.524	6	0.9778900000	0.9937481880	6	10	10	filamentous actin	108019922,108016845,108016881,108013117,108017934,108014978
GO:0005814	9.079	6	0.9783200000	0.9937481880	6	19	20	centriole	108011143,108009917,108005538,108013145,108009423,108017142
GO:0005178	12.342	10	0.9784100000	0.9937481880	10	16	16	integrin binding	108005353,108005360,108015555,108008621,108017685,108017684,108018136,108012911,108017100,108016740
GO:0005789	60.910	51	0.9788200000	0.9937481880	51	159	161	endoplasmic reticulum membrane	108018619,108007971,108020903,108007992,108018708,118876772,108009871,108008582,108013833,108012526,108011282,108006853,108009964,108021639,108013958,108012676,108021700,108021790,108018127,108015815,108005617,108017615,108015893,108017744,108016480,108021815,108017793,108018229,108019527,108018151,108009289,108005756,108013342,108012198,108012186,108009438,118878101,108006292,108017989,108017127,108009554,108021125,108015311,108017960,108007832,108007833,108019846,108010609,108018598,108021255,108013695
GO:0030594	10.574	9	0.9796900000	0.9937481880	9	13	13	neurotransmitter receptor activity	108020130,118878561,108010941,108017645,139352873,108012887,118878130,108012222,108010545
GO:0008023	2.210	1	0.9800100000	0.9937481880	1	5	7	transcription elongation factor complex	108005788
GO:0005852	3.224	1	0.9806300000	0.9937481880	1	12	22	eukaryotic translation initiation factor 3 complex	108010107
GO:0007264	9.980	7	0.9808500000	0.9937481880	7	19	20	small GTPase-mediated signal transduction	108009851,108016243,108011409,108017753,108019495,108007603,108011888
GO:0030976	3.763	2	0.9818300000	0.9937481880	2	6	6	thiamine pyrophosphate binding	108010762,108018072
GO:0006207	2.171	1	0.9819000000	0.9937481880	1	5	5	'de novo' pyrimidine nucleobase biosynthetic process	108005238
GO:0051287	12.247	8	0.9821700000	0.9937481880	8	28	33	NAD binding	108019141,139352981,108010186,108010177,108020514,108013427,108009622,108008262
GO:0034751	2.938	2	0.9826600000	0.9937481880	2	5	5	aryl hydrocarbon receptor complex	108005318,108004940
GO:0031491	5.348	3	0.9826700000	0.9937481880	3	13	13	nucleosome binding	108010065,108007647,108005000
GO:1990904	17.117	13	0.9830300000	0.9937481880	13	32	32	ribonucleoprotein complex	108016832,108016814,108005468,108011297,108010966,108009979,108014460,118877818,108016435,108014052,108012270,108014119,108015497
GO:0004713	5.876	4	0.9831100000	0.9937481880	4	8	8	protein tyrosine kinase activity	108013153,108009049,108009431,108010304
GO:0070588	14.120	12	0.9833300000	0.9937481880	12	16	16	calcium ion transmembrane transport	108004916,108015667,108016269,108018021,108021646,108005659,108016339,108020464,108021783,108020476,108007704,108015496
GO:0007163	4.693	3	0.9835600000	0.9937481880	3	9	9	establishment or maintenance of cell polarity	108013737,108015011,108009551
GO:0019003	2.291	1	0.9836500000	0.9937481880	1	8	8	GDP binding	108016243
GO:0001784	3.074	2	0.9839000000	0.9937481880	2	4	5	phosphotyrosine residue binding	108005386,108016748
GO:0050661	5.507	3	0.9856700000	0.9937481880	3	14	14	NADP binding	108010186,108021112,108007833
GO:0005231	4.942	3	0.9857500000	0.9937481880	3	8	8	excitatory extracellular ligand-gated monoatomic ion channel activity	108004795,108014169,108011881
GO:0005856	32.499	28	0.9860800000	0.9937481880	28	45	48	cytoskeleton	108020927,108019968,108010771,108021375,108011141,108016885,108013052,108016130,108016914,108020167,108010034,108021791,108018038,108015121,108012911,108009301,108009314,108019601,108005014,108009431,108009519,108018394,108005925,108015316,108014138,108014157,108017244,108014991
GO:0071805	22.998	20	0.9862800000	0.9937481880	20	29	29	potassium ion transmembrane transport	108005330,108009731,108010674,108019327,108014400,108013272,108021788,108009124,108010163,108015854,108009281,108016561,108016558,108009334,108021079,108008193,108004656,108014979,108012318,108016735
GO:0045197	6.549	6	0.9872900000	0.9937481880	6	8	8	establishment or maintenance of epithelial cell apical/basal polarity	108009694,108011139,108019090,108016807,108010888,108018886
GO:0004386	5.922	3	0.9872900000	0.9937481880	3	12	12	helicase activity	108021610,108015371,108012277
GO:0006355	56.960	47	0.9876000000	0.9937481880	47	127	134	regulation of DNA-templated transcription	108018612,108005347,108009733,108009791,108019012,108013055,108008500,108008546,108008572,108013878,108018855,108016244,108008604,108006007,108006038,108007264,108010004,108010036,108006818,108008750,108018113,108011416,108015824,108005601,108013226,108015193,108012901,108019565,108006198,108011544,108010275,108013300,108006303,108006335,108020675,108009345,108016526,108005870,108012159,108004678,108019739,108020770,108013512,108015314,108016790,108014965,108014952
GO:0043087	8.671	6	0.9876500000	0.9937481880	6	14	14	regulation of GTPase activity	108016831,108019122,108016305,108013262,108014942,108014953
GO:0005254	13.643	10	0.9878300000	0.9937481880	10	21	21	chloride channel activity	108007999,108006769,108017645,108013396,108012887,108004795,108014170,108006534,108014169,108011881
GO:0004438	2.582	1	0.9880100000	0.9937481880	1	5	6	phosphatidylinositol-3-phosphate phosphatase activity	108009629
GO:0030866	5.147	4	0.9881600000	0.9937481880	4	7	7	cortical actin cytoskeleton organization	108021375,108011141,108013052,108013015
GO:0030148	8.417	5	0.9882400000	0.9937481880	5	22	22	sphingolipid biosynthetic process	118876772,108005617,108017615,108012198,108012186
GO:0009306	3.273	1	0.9885100000	0.9937481880	1	10	11	protein secretion	108009252
GO:0007218	12.063	9	0.9888500000	0.9937481880	9	17	19	neuropeptide signaling pathway	108004832,108004831,108016124,108010050,108016307,108008851,108015934,108018290,108013575
GO:0016579	13.706	9	0.9891900000	0.9937481880	9	32	33	protein deubiquitination	108009759,108019159,108010010,108011472,108014501,108012877,108007739,108009525,108005965
GO:0010997	2.438	1	0.9893300000	0.9937481880	1	5	5	anaphase-promoting complex binding	108020210
GO:0035098	3.923	2	0.9893600000	0.9937481880	2	7	7	ESC/E(Z) complex	108018087,108013669
GO:0006612	2.664	1	0.9893700000	0.9937481880	1	8	8	protein targeting to membrane	108019820
GO:0005249	4.765	4	0.9895400000	0.9937481880	4	5	5	voltage-gated potassium channel activity	108005330,108009124,108009281,108009334
GO:0006888	15.173	9	0.9896100000	0.9937481880	9	55	56	endoplasmic reticulum to Golgi vesicle-mediated transport	108005359,108004819,108006745,108008539,108012520,108014692,108009392,108021146,108017958
GO:0005262	8.618	6	0.9897900000	0.9937481880	6	15	15	calcium channel activity	108015667,108013141,108005659,108020464,108020476,108012266
GO:0007160	11.911	9	0.9899300000	0.9937481880	9	15	15	cell-matrix adhesion	108005353,108005360,108008621,108009983,108017685,108017684,108018136,108019517,108009555
GO:0044419	1.859	1	0.9899500000	0.9937481880	1	5	5	biological process involved in interspecies interaction between organisms	108012473
GO:0005112	5.569	4	0.9903100000	0.9937481880	4	8	8	Notch binding	108010757,108018762,108016135,108004596
GO:0008146	4.425	2	0.9904000000	0.9937481880	2	11	11	sulfotransferase activity	108020448,108013440
GO:0032589	15.485	13	0.9908000000	0.9937481880	13	19	21	neuron projection membrane	108016052,108021455,108019247,108019290,108010078,108019447,108021680,108010262,108006319,108013434,108006566,108014158,108013630
GO:0000723	4.652	2	0.9908400000	0.9937481880	2	9	9	telomere maintenance	108018178,108006338
GO:0016055	2.570	1	0.9908800000	0.9937481880	1	5	5	Wnt signaling pathway	108007294
GO:0016973	4.818	2	0.9909500000	0.9937481880	2	16	16	poly(A)+ mRNA export from nucleus	108011285,108012169
GO:0030139	6.322	5	0.9911200000	0.9937481880	5	8	8	endocytic vesicle	108019082,108006223,118877610,108020607,108012379
GO:0005684	2.766	1	0.9912600000	0.9937481880	1	7	7	U2-type spliceosomal complex	108013108
GO:0016477	23.252	19	0.9912700000	0.9937481880	19	32	32	cell migration	108017378,139353230,108010821,108013878,108013015,108009989,108020343,108018001,108007294,108013201,108018269,108013451,108009449,108013512,108012245,108011888,108017198,108016740,108015410
GO:0003697	13.461	8	0.9917500000	0.9937481880	8	34	34	single-stranded DNA binding	108006112,108014583,108020607,108017008,108015296,108014873,108009605,108008287
GO:0032504	9.995	5	0.9919100000	0.9937481880	5	32	32	obsolete multicellular organism reproduction	108006804,108006988,108008822,118877546,108006573
GO:0006487	7.205	3	0.9919200000	0.9937481880	3	20	20	protein N-linked glycosylation	108010121,108005081,108012276
GO:0042734	7.255	5	0.9921900000	0.9937481880	5	9	9	presynaptic membrane	108019327,108011396,108018342,108012968,108021079
GO:0005230	3.340	2	0.9924500000	0.9937481880	2	5	5	extracellular ligand-gated monoatomic ion channel activity	108017645,108012887
GO:0009253	4.887	2	0.9927000000	0.9937481880	2	14	14	peptidoglycan catabolic process	108006676,108019672
GO:0008745	4.887	2	0.9927000000	0.9937481880	2	14	14	N-acetylmuramoyl-L-alanine amidase activity	108006676,108019672
GO:0050839	12.526	11	0.9932700000	0.9937481880	11	13	13	cell adhesion molecule binding	118876762,108018884,108019288,108021735,108019446,108010140,118877642,108021083,108015316,108019824,108021217
GO:0006090	4.557	2	0.9938600000	0.9937481880	2	8	8	pyruvate metabolic process	108010177,108009622
GO:0009922	7.422	4	0.9940400000	0.9937481880	4	18	18	fatty acid elongase activity	118876772,108005617,108012198,108012186
GO:0034626	7.422	4	0.9940400000	0.9937481880	4	18	18	fatty acid elongation, polyunsaturated fatty acid	118876772,108005617,108012198,108012186
GO:0034625	7.422	4	0.9940400000	0.9937481880	4	18	18	fatty acid elongation, monounsaturated fatty acid	118876772,108005617,108012198,108012186
GO:0019367	7.422	4	0.9940400000	0.9937481880	4	18	18	fatty acid elongation, saturated fatty acid	118876772,108005617,108012198,108012186
GO:0098703	5.005	4	0.9941700000	0.9937481880	4	6	6	calcium ion import across plasma membrane	108015997,108018359,108006298,108009626
GO:0048024	3.297	2	0.9942800000	0.9937481880	2	5	5	regulation of mRNA splicing, via spliceosome	108011258,108009926
GO:0004715	6.676	5	0.9944200000	0.9937481880	5	8	8	non-membrane spanning protein tyrosine kinase activity	108016885,108006981,108019439,108005638,108011682
GO:1902476	13.883	10	0.9945100000	0.9937481880	10	20	20	chloride transmembrane transport	108021435,108016237,108017645,108013269,108018109,108012887,108004795,108014170,108014169,108011881
GO:0009166	2.898	1	0.9949400000	0.9937481880	1	5	5	nucleotide catabolic process	108009480
GO:0000118	4.186	2	0.9951300000	0.9937481880	2	9	9	histone deacetylase complex	108005335,108008017
GO:0001227	6.260	3	0.9956200000	0.9937481880	3	13	14	DNA-binding transcription repressor activity, RNA polymerase II-specific	108021703,108011407,108009343
GO:0001682	1.913	1	0.9958100000	0.9937481880	1	8	8	tRNA 5'-leader removal	108018058
GO:0045087	13.730	9	0.9958200000	0.9937481880	9	26	26	innate immune response	108006676,108013834,108012558,108020187,108009196,108019672,108009350,108009325,108020895
GO:0019509	1.863	1	0.9958900000	0.9937481880	1	6	6	L-methionine salvage from methylthioadenosine	108010837
GO:0097730	3.180	1	0.9959800000	0.9937481880	1	5	5	non-motile cilium	108013626
GO:0043547	14.867	11	0.9959900000	0.9937481880	11	20	22	positive regulation of GTPase activity	108016844,108004844,108018004,108021684,108017753,108017739,108006222,108019590,108015968,108013339,108016794
GO:0003777	15.201	10	0.9960200000	0.9937481880	10	26	29	microtubule motor activity	108017383,108019019,108020070,108019338,108015938,108009295,108009344,108013528,108017978,108012392
GO:0030041	8.779	6	0.9963100000	0.9937481880	6	14	15	actin filament polymerization	108016898,108021375,108009082,108012947,108021202,108014956
GO:0008360	5.619	3	0.9964900000	0.9937481880	3	10	10	regulation of cell shape	108013015,108017588,108015316
GO:0031507	6.086	3	0.9973200000	0.9937481880	3	13	58	heterochromatin formation	108016010,108018895,108009409
GO:0031410	7.817	4	0.9973300000	0.9937481880	4	15	15	cytoplasmic vesicle	108018063,108009491,108017245,108005282
GO:0016514	3.688	2	0.9974000000	0.9937481880	2	7	7	SWI/SNF complex	108007209,108016530
GO:0043410	2.918	2	0.9975100000	0.9937481880	2	5	5	positive regulation of MAPK cascade	108016422,108010324
GO:0003690	5.958	2	0.9975600000	0.9937481880	2	19	63	double-stranded DNA binding	108020675,108009396
GO:0006805	2.122	1	0.9978200000	0.9937481880	1	5	5	xenobiotic metabolic process	108004940
GO:0032040	13.320	7	0.9979100000	0.9937481880	7	36	36	small-subunit processome	108009761,108017589,108020370,108016485,108005876,108009516,108005258
GO:0008081	2.876	1	0.9980800000	0.9937481880	1	6	6	phosphoric diester hydrolase activity	108017958
GO:0042761	8.364	4	0.9982500000	0.9937481880	4	21	21	very long-chain fatty acid biosynthetic process	118876772,108005617,108012198,108012186
GO:0042813	5.159	4	0.9984400000	0.9937481880	4	6	6	Wnt receptor activity	118876780,108013488,108019728,108015419
GO:0030864	6.270	3	0.9990300000	0.9937481880	3	10	10	cortical actin cytoskeleton	108009765,108007072,108018374
GO:0006891	7.255	2	0.9991400000	0.9937481880	2	19	19	intra-Golgi vesicle-mediated transport	108006619,108019284
GO:0007051	2.897	1	0.9991800000	0.9937481880	1	4	5	spindle organization	108018275
GO:0016747	14.006	7	0.9992000000	0.9937481880	7	31	31	acyltransferase activity, transferring groups other than amino-acyl groups	108014425,108014415,108008706,108021044,108008133,108011091,108008293
GO:0005879	2.890	1	0.9992400000	0.9937481880	1	5	5	axonemal microtubule	108011143
GO:0007265	8.713	5	0.9992700000	0.9937481880	5	16	17	Ras protein signal transduction	108016844,108016954,108018004,108021684,108013339
GO:0016082	2.123	1	0.9994000000	0.9937481880	1	5	5	synaptic vesicle priming	139353199
GO:0005543	9.480	5	0.9997100000	0.9937481880	5	17	17	phospholipid binding	108016071,108007072,108020508,108018249,108017967
GO:0048193	2.921	1	0.9999000000	0.9937481880	1	5	5	Golgi vesicle transport	108009031
GO:0043197	3.371	2	0.9999700000	0.9937481880	2	5	5	dendritic spine	108019075,108009307
GO:0030054	3.925	1	0.9999900000	0.9937481880	1	6	6	cell junction	108007072
GO:0032465	3.170	1	0.9999900000	0.9937481880	1	6	6	regulation of cytokinesis	108014769
GO:0030915	2.427	1	1.0000000000	1.0000000000	1	6	6	Smc5-Smc6 complex	108020607
GO:0042995	5.222	1	1.0000000000	1.0000000000	1	10	10	cell projection	108007072
GO:0030659	3.631	1	1.0000000000	1.0000000000	1	5	5	cytoplasmic vesicle membrane	108019209
GO:0035092	2.644	1	1.0000000000	1.0000000000	1	14	16	sperm DNA condensation	118878363
GO:0051295	3.895	1	1.0000000000	1.0000000000	1	5	6	establishment of meiotic spindle localization	108018275
