GO:0000002	obsolete mitochondrial genome maintenance	108021359
GO:0000003	obsolete reproduction	108012634 108016533
GO:0000009	alpha-1,6-mannosyltransferase activity	108008424 108008424 108010557
GO:0000012	single strand break repair	108013752 108013753 108021822
GO:0000014	single-stranded DNA endodeoxyribonuclease activity	108005067 108007613 108007617 108007636 108008983 108009009 108009279 108010069 108010978 108011177 108014520 108014753 108014759 108017008 108020752 108020753 118876781
GO:0000015	phosphopyruvate hydratase complex	108015263 108015263
GO:0000026	alpha-1,2-mannosyltransferase activity	108005055 108010249 108011833
GO:0000027	ribosomal large subunit assembly	108007432 108009219 108009219 108009319 108010846 108011266 108013527 108014216 108014405 108015313 108018637 108020067 108021301 139352928 139353741
GO:0000028	ribosomal small subunit assembly	108004563 108005493 108007656 108007902 108009083 108009516 108011119 108011573 108015009 108016622 108017469 108018185 108018733 139352174 139353027 139354035 139354670 139355154 139355157
GO:0000030	mannosyltransferase activity	108004850 108006414 108007383 108009819 108021255 108021700
GO:0000033	alpha-1,3-mannosyltransferase activity	108007177
GO:0000035	acyl binding	108012485
GO:0000036	acyl carrier activity	108012485
GO:0000045	autophagosome assembly	108004757 108004843 108006072 108006612 108006975 108007207 108007276 108007994 108008351 108009581 108009746 108012042 108012492 108012492 108013211 108015249 108015511 108015927 108018176 108018209 108018414 108020198 108021826
GO:0000049	tRNA binding	108004924 108004924 108005086 108005627 108006417 108006564 108006730 108006748 108007454 108007506 108008591 108009547 108010027 108010027 108013103 108013729 108013987 108014334 108014466 108015004 108015173 108015312 108015784 108016304 108017624 108017669 108018101 108018204 108018246 108018928 108019152 108021063 108021063 108021540
GO:0000050	urea cycle	108015983 139352878
GO:0000052	citrulline metabolic process	108005295
GO:0000053	argininosuccinate metabolic process	108015983 139352878
GO:0000054	ribosomal subunit export from nucleus	108004754 108009468 108010540 108013229 108016575 108019357
GO:0000055	ribosomal large subunit export from nucleus	108008068 108009219 108010048 108016826 108018111
GO:0000056	ribosomal small subunit export from nucleus	108008068 108009517 108017800 108018111
GO:0000062	fatty-acyl-CoA binding	108005776 108005776 108005810 108005810 108005812 108005812 108005915 108005915 108009866 108013054 108013054 108013679 108015349 108015349 108021105 108021324 108021324 108021535 108021535
GO:0000064	L-ornithine transmembrane transporter activity	108007702 108007996 108008027 108018858 108021340
GO:0000070	mitotic sister chromatid segregation	108007108 108008281 108010825 108012692 108017674
GO:0000076	DNA replication checkpoint signaling	108014003 108017994 108018464 108019388 108020730
GO:0000077	DNA damage checkpoint signaling	108006338 108006705 108006705 108006781 108010833 108015620 108016010 108020117
GO:0000079	regulation of cyclin-dependent protein serine/threonine kinase activity	108007485 108009382 108010245 108010810 108011795 108017321 108017606 108018918 108020468 108021431 108021500 139352939 139353993
GO:0000082	G1/S transition of mitotic cell cycle	108010546 108012158 108015153 108017962 108021500
GO:0000086	G2/M transition of mitotic cell cycle	108006539 108007241 108007318
GO:0000095	S-adenosyl-L-methionine transmembrane transporter activity	108019978
GO:0000103	sulfate assimilation	108005906 108005906
GO:0000110	nucleotide-excision repair factor 1 complex	108008334 108013686 108017008
GO:0000111	nucleotide-excision repair factor 2 complex	108017980
GO:0000112	nucleotide-excision repair factor 3 complex	108013265
GO:0000118	histone deacetylase complex	108005313 108005335 108005466 108008017 108011310 108015321 108017314 108017489 108020889
GO:0000122	negative regulation of transcription by RNA polymerase II	108004853 108005191 108005313 108005313 108005335 108005730 108005772 108005787 108005973 108006230 108006588 108006617 108006775 108006826 108006991 108007106 108007277 108007642 108007700 108008101 108008308 108008530 108008541 108008622 108009343 108009535 108010479 108011491 108012587 108013353 108013393 108013509 108013978 108014544 108014545 108014557 108014618 108014618 108015129 108015234 108015362 108015386 108015401 108015659 108015807 108016862 108016873 108017478 108017727 108017772 108017965 108018108 108019723 108019790 108019987 108020076 108020393 108021055 108021101 108021213 108021244 108021367 108021412 118878281 136116639 136117256 139353270
GO:0000123	histone acetyltransferase complex	108004601 108004615 108014960
GO:0000124	SAGA complex	108005003 108005003 108005530 108008725 108010681 108011705 108013195 108015537 108016254 108016656 108016801 108016864 108016961 108016961 108021352 108021516 108021763 139354930
GO:0000126	transcription factor TFIIIB complex	108020801 108021085
GO:0000127	transcription factor TFIIIC complex	108010235 108019715 108020587 108020840 108021284
GO:0000132	establishment of mitotic spindle orientation	108009616 108009779 108010671 108012990 108013324 108016079 108019533 108019729
GO:0000137	Golgi cis cisterna	108009084
GO:0000138	Golgi trans cisterna	108008443
GO:0000139	Golgi membrane	108004705 108005098 108005756 108005897 108006373 108006411 108006820 108006910 108006910 108006954 108007453 108007704 108007844 108007936 108007966 108007966 108007984 108008319 108009359 108009360 108009361 108010666 108010721 108010860 108011965 108011977 108012101 108012364 108012376 108012388 108012518 108013192 108013506 108013679 108013680 108013688 108014028 108014090 108014259 108014339 108014420 108014576 108014692 108014692 108014791 108015124 108015285 108015311 108015475 108015846 108015849 108016172 108016183 108016634 108016866 108016977 108016977 108017338 108017473 108018933 108018933 108019876 108020563 108020639 108020661 108021053 108021135 108021498 108021499 108021518 108021581 108021815 118877619 118878124 139355007
GO:0000145	exocyst	108004869 108004869 108012349 108012349 108013131 108013131 108018042 108018042 108018403 108020591 108020690 108021150
GO:0000146	microfilament motor activity	108008297 108013152 108013390 108014236 108014262 108015742 108018059 108019030 108019039 108020607 108021216 136117703
GO:0000149	SNARE binding	108005352 108005641 108009392 108009947 108010151 108010910 108011264 108012405 108012526 108013305 108015761 108017128 108017513 108018042 108018438 108018909 108018959 108020403 108021146 108021267 108021518 118877357
GO:0000150	DNA strand exchange activity	108011710 108019454 108019454
GO:0000151	ubiquitin ligase complex	108004652 108005401 108005853 108006659 108008336 108009651 108010042 108011364 108011970 108011970 108012581 108013175 108016919 108017781 108020424 108020955 108020955
GO:0000159	protein phosphatase type 2A complex	108004685 108006742 108013927 108013927 108015569 108018618 108018618 108019096 108019524 108019524 108021314 136117270 136117270
GO:0000164	protein phosphatase type 1 complex	108007266 108013383 108020446
GO:0000165	MAPK cascade	108007951 108014895 108015584
GO:0000166	nucleotide binding	108004667 108005127 108008429 108008702 108009064 108010184 108013460 108013777 108014873 108015722 108015829 108017441 108019536 108020079 108020389 108021575
GO:0000172	ribonuclease MRP complex	108013713 108013713 108015308 108018058 118877373 118877373
GO:0000175	3'-5'-RNA exonuclease activity	108006022 108009454 108009560 108010834 108011891 108011891 108013046 108014093 108014710 108015722 108017596
GO:0000176	nuclear exosome (RNase complex)	108005465 108005804 108008678 108009204 108009410 108015270 108015722 108015722 108017596 108020564 108020926
GO:0000177	cytoplasmic exosome (RNase complex)	108005465 108005804 108008678 108009204 108015270 108017596 108020564 108020926
GO:0000178	exosome (RNase complex)	108019074
GO:0000179	rRNA (adenine-N6,N6-)-dimethyltransferase activity	108007213 108007213 108010704 108010704 108013887
GO:0000183	rDNA heterochromatin formation	108017831
GO:0000184	nuclear-transcribed mRNA catabolic process, nonsense-mediated decay	108006607 108010094 108012846 108014039 108014039 108015371 108016064 108016773 108016773 108016920 108016934 108019070 108020535 108020857 108020885 108020885
GO:0000209	protein polyubiquitination	108004803 108005095 108005243 108005673 108005934 108005938 108006291 108006664 108006918 108008416 108009578 108009651 108009811 108010042 108010587 108010850 108010986 108011600 108011892 108011892 108011970 108012581 108012973 108013175 108013407 108013421 108013567 108015171 108015612 108016919 108016952 108017223 108018037 108018041 108018110 108018834 108019001 108019011 108019058 108019062 108019253 108020169 108020955 108021041 108021201 108021338 108021390 139353131
GO:0000212	meiotic spindle organization	108008281 108017674
GO:0000213	tRNA-intron lyase activity	108013135 108013135 108014653 108014653
GO:0000214	tRNA-intron endonuclease complex	108013135 108014653 136116446
GO:0000215	tRNA 2'-phosphotransferase activity	108012356
GO:0000220	vacuolar proton-transporting V-type ATPase, V0 domain	108007205 108017510 108017517 108018092 108021626
GO:0000221	vacuolar proton-transporting V-type ATPase, V1 domain	108009094 108014616 108014616
GO:0000224	peptide-N4-(N-acetyl-beta-glucosaminyl)asparagine amidase activity	118878886
GO:0000225	N-acetylglucosaminylphosphatidylinositol deacetylase activity	108005027
GO:0000226	microtubule cytoskeleton organization	108004679 108004715 108005044 108006055 108007166 108008963 108009180 108009283 108009747 108010141 108010600 108011139 108011140 108012278 108012396 108013005 108013604 108013766 108013957 108014809 108014833 108015212 108015852 108016595 108016595 108017005 108017134 108018514 108019526 108020014 108020014 108020101 108020143 108020404 108020916 108020959 108021207 108021570 108021819
GO:0000228	nuclear chromosome	108008966 108010816 108016262
GO:0000242	pericentriolar material	108019729 108021504
GO:0000243	commitment complex	108006272 108007280 108007625 108008092 108008762
GO:0000244	spliceosomal tri-snRNP complex assembly	108009102 108014257 108018595 108020734
GO:0000245	spliceosomal complex assembly	108007449 108011225 108016599 108017993 108018970 108019939 108020714 108020837
GO:0000254	C-4 methylsterol oxidase activity	108004707 108013695
GO:0000256	allantoin catabolic process	108010414
GO:0000266	mitochondrial fission	108009782 108014473 108016901 108019191 108021175 139354589 139354589
GO:0000274	obsolete mitochondrial proton-transporting ATP synthase, stator stalk	108004921 108008611 108014146
GO:0000275	obsolete mitochondrial proton-transporting ATP synthase complex, catalytic sector F(1)	108013920 108013920 108015214 108019202 108019202 118878112
GO:0000276	obsolete mitochondrial proton-transporting ATP synthase complex, coupling factor F(o)	108008611 108008611 108010861 108012023 108012023 108012252 108012252 108014146 108014146 108014475 108014475 108017498 108017498 108020894 108020894 108021424 108021424
GO:0000278	mitotic cell cycle	108005361 108005770 108008281 108008714 108009112 108009344 108009423 108009747 108010141 108010600 108010798 108012396 108013498 108013721 108013957 108014309 108014663 108014809 108014833 108015345 108015801 108015829 108015852 108016748 108016922 108017005 108017134 108017306 108017674 108017792 108017994 108018275 108019019 108019142 108019179 108020477 108021162 108021282 108021504 139353921 139354026 139354878
GO:0000281	mitotic cytokinesis	108006001 108006430 108006869 108007764 108009286 108009452 108009982 108011141 108011277 108011737 108013327 108013868 108014811 108014811 108017788 108018007 108018071 108019225 108019620 118877550
GO:0000285	1-phosphatidylinositol-3-phosphate 5-kinase activity	108009433 108009433
GO:0000287	magnesium ion binding	108005082 108005446 108005952 108006288 108006343 108006815 108006815 108007499 108008141 108008412 108008656 108008908 108008930 108008930 108009128 108009128 108009627 108009627 108010040 108010150 108010575 108010631 108011371 108011745 108012964 108012985 108013068 108013093 108013093 108013233 108013599 108015119 108015263 108015263 108015332 108015611 108015611 108017257 108017257 108017536 108017623 108017623 108018072 108019280 108019460 108019755 108019816 108020477 108020495 108020495 108020525 108020525 108020606 108020707 108020933 118878055
GO:0000288	nuclear-transcribed mRNA catabolic process, deadenylation-dependent decay	108009071 108014093 108018834
GO:0000289	nuclear-transcribed mRNA poly(A) tail shortening	108007172 108007172 108010309 108013055 108016244 108018100 108018100 108020623 139354519
GO:0000290	deadenylation-dependent decapping of nuclear-transcribed mRNA	108004871 108004871 108006457 108008399 108010223 108010223 108020535 108020535
GO:0000291	obsolete nuclear-transcribed mRNA catabolic process, exonucleolytic	108004907
GO:0000298	endopolyphosphatase activity	108014615
GO:0000301	retrograde transport, vesicle recycling within Golgi	108020661
GO:0000302	response to reactive oxygen species	108005212 108008463 108008577 108012538
GO:0000307	cyclin-dependent protein kinase holoenzyme complex	108007976 108010245 108010546 108010810 108011795 108017321 108017962 108018918 108020468 108021717 139353993
GO:0000309	nicotinamide-nucleotide adenylyltransferase activity	108014579 108014579
GO:0000323	lytic vacuole	108021267
GO:0000338	protein deneddylation	108004943 108008464 108010562 108012183 108021157
GO:0000339	RNA cap binding	108008399 108014795 108016064 108016920 108018590
GO:0000340	RNA 7-methylguanosine cap binding	108004871 108006846 108012363 108012673 108012712 108014479 108014928 108015766 108020151
GO:0000346	transcription export complex	108013592
GO:0000347	THO complex	108013592
GO:0000349	generation of catalytic spliceosome for first transesterification step	108019600
GO:0000350	generation of catalytic spliceosome for second transesterification step	108014140
GO:0000379	tRNA-type intron splice site recognition and cleavage	108013135 108013135 108014653 136116446
GO:0000380	alternative mRNA splicing, via spliceosome	108012815 108016832 139354198
GO:0000381	regulation of alternative mRNA splicing, via spliceosome	108005164 108007182 108008320 108009667 108010017 108010024 108010096 108012261 108012270 108012815 108012815 108013674 108014052 108014119 108015290 108015848 108017580 108019783 108019872 108019872 118878586
GO:0000387	spliceosomal snRNP assembly	108007280 108007280 108008092 108008092 108008332 108008488 108008488 108008778 108009863 108010159 108011127 108013494 108016026 108018938 108020118 108020118 108020714 108020714 108020890
GO:0000390	spliceosomal complex disassembly	108006202 108009413 108017126 108021706
GO:0000395	mRNA 5'-splice site recognition	108007625 108015197 108020118
GO:0000398	mRNA splicing, via spliceosome	108004562 108004570 108004575 108004699 108004807 108005122 108005188 108005791 108005911 108005911 108006559 108007182 108007886 108008332 108008743 108009102 108009102 108009177 108009249 108009413 108009560 108009563 108009563 108009942 108010115 108011127 108011328 108011470 108011558 108011558 108011631 108011631 108011720 108012402 108012698 108012704 108012803 108013108 108013282 108013299 108013523 108013523 108013526 108013731 108014257 108014764 108014823 108015252 108015676 108015778 108015778 108015848 108016279 108016279 108016375 108016551 108016599 108016972 108016972 108017126 108017484 108017796 108017796 108017899 108018210 108018233 108018274 108018930 108018938 108018938 108019085 108019085 108019491 108019493 108019493 108019600 108020064 108020112 108020118 108020118 108020734 108020734 108020870 108020890 108020901 108021177 108021199 108021288 108021289 108021303 108021388 108021438 108021438 108021552 108021552 118877925
GO:0000400	four-way junction DNA binding	108008644 108010437 108011710 108014474 108017037 108017497
GO:0000403	Y-form DNA binding	108020231
GO:0000407	phagophore assembly site	108004843 108006072 108006975 108007276 108009581 108010104 108013211 108015001 108015249 108015927 108018176 108018414
GO:0000408	EKC/KEOPS complex	108012543 108018839 108018839 136117019
GO:0000413	protein peptidyl-prolyl isomerization	108006325 108006933 108007406 108008395 108008416 108008589 108009059 108009536 108009536 108009741 108009741 108010051 108011147 108011489 108012106 108012863 108013115 108013155 108013155 108014732 108014832 108015425 108017794 108019809 108021330 139354331
GO:0000417	HIR complex	108004710
GO:0000421	autophagosome membrane	108004757 108012042 108015511
GO:0000422	autophagy of mitochondrion	108004757 108006975 108007276 108007994 108010104 108012042 108012395 108012492 108013091 108013175 108013211 108015346 108015927 108018176 108018448 108021167 108021689 108021826 139354589
GO:0000423	mitophagy	108006072 108007207 108021128
GO:0000439	transcription factor TFIIH core complex	108006057 108006057 108007657 108007657 108007703 108008321 108011372 108011372
GO:0000445	THO complex part of transcription export complex	108006094 108010211 108013048 108014371 108019234
GO:0000447	endonucleolytic cleavage in ITS1 to separate SSU-rRNA from 5.8S rRNA and LSU-rRNA from tricistronic rRNA transcript (SSU-rRNA, 5.8S rRNA, LSU-rRNA)	108008423 108011422 108013453 108016563 108016648 108017800
GO:0000448	cleavage in ITS2 between 5.8S rRNA and LSU-rRNA of tricistronic rRNA transcript (SSU-rRNA, 5.8S rRNA, LSU-rRNA)	108009597
GO:0000454	snoRNA guided rRNA pseudouridine synthesis	108008096
GO:0000455	enzyme-directed rRNA pseudouridine synthesis	108005031 108021545
GO:0000460	maturation of 5.8S rRNA	108007655 108009468 108014088 108015018 108019074 108019928 108020931 108021212 108021492
GO:0000461	endonucleolytic cleavage to generate mature 3'-end of SSU-rRNA from (SSU-rRNA, 5.8S rRNA, LSU-rRNA)	108008423
GO:0000462	maturation of SSU-rRNA from tricistronic rRNA transcript (SSU-rRNA, 5.8S rRNA, LSU-rRNA)	108004700 108005876 108006850 108007126 108007486 108008498 108009516 108013144 108014054 108015361 108015361 108015488 108016979 108017791 108017954 108019186 108019353 108020370 108020910 118877953
GO:0000463	maturation of LSU-rRNA from tricistronic rRNA transcript (SSU-rRNA, 5.8S rRNA, LSU-rRNA)	108005204 108006597 108006597 108008316 108015378 108016070 108018066 108018575 108018637 108019123 108020354 108021285 108021285 118877626
GO:0000466	maturation of 5.8S rRNA from tricistronic rRNA transcript (SSU-rRNA, 5.8S rRNA, LSU-rRNA)	108019123 118877626
GO:0000467	exonucleolytic trimming to generate mature 3'-end of 5.8S rRNA from tricistronic rRNA transcript (SSU-rRNA, 5.8S rRNA, LSU-rRNA)	108005465 108008678 108009204 108015270 108015722
GO:0000470	maturation of LSU-rRNA	108007655 108009177 108009468 108010158 108014088 108014161 108015018 108015324 108018650 108021212 108021492
GO:0000472	endonucleolytic cleavage to generate mature 5'-end of SSU-rRNA from (SSU-rRNA, 5.8S rRNA, LSU-rRNA)	108009276 108016563 108016648 108017800
GO:0000479	endonucleolytic cleavage of tricistronic rRNA transcript (SSU-rRNA, 5.8S rRNA, LSU-rRNA)	108006850 108013144 108013683
GO:0000480	endonucleolytic cleavage in 5'-ETS of tricistronic rRNA transcript (SSU-rRNA, 5.8S rRNA, LSU-rRNA)	108009276 108016563 108016648 108017800
GO:0000481	maturation of 5S rRNA	108020998
GO:0000492	box C/D snoRNP assembly	108005204 108012039 108014289 108015805 108018066 118877514
GO:0000493	box H/ACA snoRNP assembly	108017108 108021253
GO:0000494	box C/D sno(s)RNA 3'-end processing	108008253 108011585
GO:0000495	box H/ACA sno(s)RNA 3'-end processing	108010208
GO:0000502	proteasome complex	108007236 108007715 108009859 108012235 108021197
GO:0000506	glycosylphosphatidylinositol-N-acetylglucosaminyltransferase (GPI-GnT) complex	108007164 108008415 108008415 108014879
GO:0000703	oxidized pyrimidine nucleobase lesion DNA N-glycosylase activity	108008892 108020812
GO:0000706	meiotic DNA double-strand break processing	108008966
GO:0000707	meiotic DNA recombinase assembly	108011710
GO:0000712	resolution of meiotic recombination intermediates	108004693 108005900 108008087 108008446 108015368 108017008 108020395 108021166
GO:0000715	nucleotide-excision repair, DNA damage recognition	108013686
GO:0000719	photoreactive repair	108010227
GO:0000722	telomere maintenance via recombination	108010210 108017497
GO:0000723	telomere maintenance	108005067 108005483 108005483 108005936 108006338 108008644 108010624 108010624 108013559 108018178 108021506
GO:0000724	double-strand break repair via homologous recombination	108005067 108005231 108005863 108005936 108006001 108006084 108006841 108006882 108007248 108007715 108008087 108008644 108009064 108009605 108009762 108010275 108010437 108011944 108013247 108013508 108013559 108016776 108017008 108018516 108018659 108018994 108019116 108019454 108020133 108020607 108021166 108021572 139352156
GO:0000727	double-strand break repair via break-induced replication	108004747 108006112 108006462 108007467 108012450 108014064 108015253 108015296 108015368 108017778
GO:0000730	DNA recombinase assembly	108019454
GO:0000774	adenyl-nucleotide exchange factor activity	108011381 108012998 108019626 108019626 118877215
GO:0000775	chromosome, centromeric region	108007108 108009086 108009712 108010230 108012692 108016922
GO:0000776	kinetochore	108005850 108006913 108007369 108007709 108009779 108009892 108010671 108011427 108012990 108013324 108014316 108014562 108017120 108017336 108017788 108021060
GO:0000779	condensed chromosome, centromeric region	108014309 108015405
GO:0000781	chromosome, telomeric region	108009605
GO:0000785	chromatin	108004710 108004905 108005138 108005755 108005787 108005882 108006435 108006860 108007210 108009158 108009270 108009447 108009506 108009712 108009849 108009886 108010230 108010327 108010659 108010991 108011163 108011494 108011894 108012022 108012202 108012221 108012500 108012595 108012972 108012977 108013089 108013156 108013348 108013393 108013619 108013703 108014581 108015027 108015091 108015322 108016535 108016647 108016862 108016888 108017489 108017585 108017878 108017941 108018466 108018758 108018855 108019309 108019723 108019754 108019888 108020082 108020191 108020231 108020351 108020361 108020951 108021111 108021200 108021606 108021664 118878302 139352213 139352256 139352258 139352261 139352264 139352267 139352272 139352276 139352280 139352284 139352286 139352289 139352291 139352293 139352297 139352301 139352305 139352325 139352330 139352335 139352338 139352343 139352345 139352350 139352353 139352356 139352361 139352365 139352372 139352376 139352384 139352391 139352394 139352397 139352398 139352402 139352407 139352411 139352414 139352419 139352423 139352425 139352427 139352541 139352573 139353270 139354085 139354950 139355176
GO:0000786	nucleosome	108006791 108006860 108006860 108009158 108014624 108016763 108016763 108017891 108017891 108018019 108018019 108018758 108018758 108019847 108019847 108021408 108021408 108021824 108021824 139352208 139352209 139352209 139352210 139352211 139352212 139352212 139352213 139352213 139352214 139352215 139352216 139352216 139352217 139352218 139352219 139352219 139352220 139352221 139352223 139352224 139352226 139352227 139352229 139352229 139352230 139352232 139352234 139352235 139352236 139352236 139352237 139352238 139352239 139352239 139352240 139352241 139352241 139352242 139352243 139352243 139352244 139352244 139352245 139352246 139352246 139352247 139352248 139352248 139352250 139352251 139352251 139352252 139352253 139352253 139352254 139352255 139352255 139352256 139352256 139352257 139352257 139352258 139352258 139352259 139352260 139352260 139352261 139352261 139352262 139352263 139352263 139352264 139352264 139352265 139352265 139352266 139352267 139352267 139352268 139352269 139352269 139352270 139352271 139352271 139352272 139352272 139352273 139352274 139352274 139352275 139352276 139352276 139352277 139352278 139352278 139352279 139352280 139352280 139352281 139352282 139352282 139352283 139352284 139352284 139352285 139352285 139352286 139352286 139352287 139352288 139352288 139352289 139352289 139352290 139352290 139352291 139352291 139352292 139352292 139352293 139352293 139352294 139352294 139352295 139352296 139352296 139352297 139352297 139352298 139352298 139352299 139352300 139352300 139352301 139352301 139352302 139352302 139352303 139352304 139352304 139352305 139352305 139352323 139352324 139352324 139352325 139352325 139352326 139352327 139352327 139352328 139352329 139352329 139352330 139352330 139352331 139352332 139352332 139352333 139352334 139352334 139352335 139352335 139352336 139352336 139352337 139352338 139352338 139352339 139352340 139352340 139352341 139352342 139352342 139352343 139352343 139352344 139352344 139352345 139352345 139352346 139352347 139352347 139352348 139352349 139352349 139352350 139352350 139352351 139352352 139352352 139352353 139352353 139352354 139352355 139352355 139352356 139352356 139352357 139352358 139352358 139352359 139352360 139352360 139352361 139352361 139352362 139352363 139352363 139352364 139352365 139352365 139352366 139352367 139352367 139352368 139352368 139352369 139352369 139352370 139352371 139352371 139352372 139352372 139352373 139352374 139352374 139352375 139352376 139352376 139352377 139352378 139352378 139352379 139352379 139352380 139352380 139352381 139352381 139352382 139352383 139352384 139352384 139352385 139352386 139352386 139352387 139352387 139352388 139352388 139352389 139352390 139352390 139352391 139352391 139352392 139352393 139352393 139352394 139352394 139352395 139352396 139352396 139352397 139352397 139352398 139352398 139352399 139352400 139352400 139352401 139352402 139352402 139352403 139352404 139352404 139352405 139352406 139352406 139352407 139352407 139352408 139352409 139352409 139352410 139352411 139352411 139352412 139352413 139352413 139352414 139352414 139352415 139352416 139352416 139352417 139352418 139352418 139352419 139352419 139352420 139352421 139352421 139352422 139352423 139352423 139352424 139352425 139352425 139352426 139352427 139352427 139352428 139352429 139352429 139352430 139352431 139352432 139352432 139352433 139352434 139352435 139352436 139352436 139352437 139352438 139352438 139352439 139352439 139352440 139352440 139352441 139352441 139352442 139352443 139352443 139352444 139352445 139352445 139352446 139352447 139352447 139352448 139352449 139352449 139352454 139352456 139352521 139352521 139352541 139352541 139352559 139352560 139352567 139352573 139352573 139352582 139352595 139352596 139352954 139353345 139354938 139354938 139354994 139355176 139355176 139355184 139355184
GO:0000793	condensed chromosome	108009050 108019428
GO:0000794	condensed nuclear chromosome	108010210 108011710 108019454
GO:0000795	synaptonemal complex	108017467 108019006
GO:0000796	condensin complex	108008902 108008902 108009050 108010938 108014309 108015405 108021126 108021713 108021713
GO:0000811	GINS complex	108007467 108012665 108012665 108014064 108019088
GO:0000812	Swr1 complex	108007647 108008541 108009063 108012039 108018910 118877514 139353997
GO:0000813	ESCRT I complex	108006670 108006951 108016368 108016614 108016614 108016632 108019807 108019807
GO:0000814	ESCRT II complex	108012557 108016182 108016182 108019668 108019668
GO:0000815	ESCRT III complex	108005821 108009365 108010274 108011659 108014465 108015539 118878100
GO:0000819	sister chromatid segregation	108020395
GO:0000822	inositol hexakisphosphate binding	108011433 108016179 108016799 108019160 108019889
GO:0000828	inositol hexakisphosphate kinase activity	108005076 108009439
GO:0000829	diphosphoinositol pentakisphosphate kinase activity	108005076
GO:0000839	Hrd1p ubiquitin ligase ERAD-L complex	108007817 118877780
GO:0000900	mRNA regulatory element binding translation repressor activity	108011135 108012866 108014136 108014865 139353290 139353291
GO:0000902	cell morphogenesis	108004602 108007448 108009550 108009765 108012860 108014479 108014792 108014867 108015501 108021034
GO:0000915	actomyosin contractile ring assembly	108009452 108018007
GO:0000922	spindle pole	108005361 108005770 108005850 108006913 108008714 108010671 108010798 108013324 108013721 108014562 108014663 108015212 108015345 108015801 108017306 108018275 108021282 108021504 139353921
GO:0000923	equatorial microtubule organizing center	108005361 108005770 108013721 108014663 108015345 108015801 108021282
GO:0000930	gamma-tubulin complex	108005361 108005770 108008281 108008281 108013721 108014089 108014663 108015345 108015801 108017674 108017674 108021282
GO:0000931	gamma-tubulin ring complex	108012459 108012459 118877577
GO:0000932	P-body	108004786 108004871 108004907 108006457 108006518 108007172 108008399 108009071 108009942 108010223 108010309 108010801 108011751 108012704 108013046 108013055 108014668 108015024 108015778 108016008 108016244 108018085 108018100 108020377 108020535 108020890 139354519
GO:0000938	GARP complex	108015412 108019883 108021344 108021484
GO:0000956	nuclear-transcribed mRNA catabolic process	108005308 108009249 108009319 108009991 108015183 108020890
GO:0000958	mitochondrial mRNA catabolic process	108010834
GO:0000963	mitochondrial RNA processing	108020520
GO:0000965	mitochondrial RNA 3'-end processing	108010834 108011648
GO:0000971	obsolete tRNA exon ligation utilizing 2',3' cyclic phosphate of 5'-exon as source of linkage phosphate	108005306
GO:0000972	transcription-dependent tethering of RNA polymerase II gene DNA at nuclear periphery	108008266 108008353 108021073 118877638
GO:0000973	post-transcriptional tethering of RNA polymerase II gene DNA at nuclear periphery	108010699 108011898 108021117
GO:0000974	Prp19 complex	108005188 108008637 108011660 108012803 108016599 108017462 108018233 108019600
GO:0000976	transcription cis-regulatory region binding	108004940 108005661 108007153 108007811 108009799 108010054 108011217 108011473 108012412 108013011 108013398 108015129 108018895 108019729 108020231 108020499 108020569 118877721
GO:0000977	RNA polymerase II transcription regulatory region sequence-specific DNA binding	108004712 108004901 108004997 108005162 108005491 108005944 108006036 108006127 108006729 108007373 108007451 108007606 108007787 108007800 108007929 108007964 108007979 108007991 108008188 108008222 108008291 108008558 108008625 108008682 108008709 108008761 108009089 108009393 108009944 108010188 108010584 108010728 108010783 108011222 108011712 108011758 108011840 108011940 108012284 108012304 108012572 108012801 108012803 108013111 108013222 108013475 108014050 108014581 108014609 108014810 108014972 108014974 108014983 108014988 108015044 108015107 108015322 108015427 108015961 108016473 108016623 108016692 108016700 108016723 108016728 108016925 108016932 108017058 108017611 108018449 108018462 108018623 108018916 108019134 108019171 108019796 108019885 108019897 108020060 108020156 108020398 108020398 108020536 108020725 108020949 108021101 108021292 108021333 108021521 108021547 108021641 108021644 108021672 118876778 118877069 118877125 118877582 136116549 136116997 139354509
GO:0000978	RNA polymerase II cis-regulatory region sequence-specific DNA binding	108004686 108004753 108004767 108005033 108005034 108005038 108005039 108005063 108005142 108005147 108005155 108005222 108005316 108005318 108005328 108005351 108005416 108005440 108005531 108005577 108005601 108005651 108005654 108005746 108005907 108005909 108005921 108006002 108006007 108006038 108006100 108006115 108006136 108006198 108006356 108006389 108006486 108006588 108006617 108006696 108006760 108006852 108006854 108006908 108006971 108007264 108007272 108007279 108007283 108007346 108007366 108007385 108007637 108007664 108007690 108007806 108007835 108007867 108007867 108007937 108007943 108007963 108007967 108008083 108008201 108008358 108008380 108008465 108008515 108008538 108008546 108008547 108008549 108008612 108008655 108008674 108008690 108008821 108008962 108009005 108009077 108009278 108009305 108009318 108009343 108009380 108009381 108009430 108009595 108009648 108009656 108009664 108009791 108009896 108009924 108010004 108010122 108010128 108010190 108010204 108010220 108010279 108010306 108010308 108010431 108010452 108010479 108010605 108010626 108010809 108011007 108011039 108011067 108011071 108011075 108011176 108011397 108011407 108011544 108011555 108011596 108011646 108011673 108011674 108011717 108011747 108011800 108011816 108011860 108011863 108012076 108012141 108012167 108012283 108012291 108012301 108012420 108012428 108012531 108012587 108012588 108012625 108012632 108012637 108012668 108012687 108012923 108012977 108013049 108013156 108013344 108013345 108013367 108013452 108013544 108013549 108013627 108013672 108013672 108013834 108013845 108013856 108013929 108013978 108013979 108013993 108014057 108014058 108014065 108014067 108014068 108014084 108014234 108014239 108014246 108014280 108014302 108014308 108014320 108014522 108014544 108014545 108014557 108014599 108014678 108014731 108014749 108014775 108014871 108014951 108014952 108014957 108014958 108014965 108015032 108015071 108015091 108015130 108015207 108015235 108015426 108015495 108015652 108015659 108015808 108015935 108016021 108016032 108016048 108016069 108016250 108016306 108016309 108016363 108016421 108016546 108016555 108016568 108016724 108016731 108016803 108016882 108016891 108016913 108016926 108016927 108016970 108017035 108017094 108017249 108017374 108017453 108017456 108017461 108017585 108017638 108017686 108017715 108017787 108017804 108017806 108017816 108017826 108017885 108018268 108018298 108018358 108018392 108018441 108018447 108018587 108018597 108018803 108018915 108018917 108018919 108018966 108018987 108019008 108019094 108019111 108019133 108019137 108019170 108019174 108019176 108019181 108019196 108019289 108019309 108019313 108019424 108019565 108019669 108019698 108019712 108019767 108019790 108019929 108019980 108019987 108019997 108020076 108020099 108020147 108020277 108020340 108020347 108020351 108020357 108020361 108020365 108020368 108020388 108020391 108020393 108020394 108020407 108020411 108020416 108020428 108020566 108020568 108020624 108020760 108020895 108020900 108020918 108021039 108021046 108021055 108021111 108021115 108021200 108021243 108021273 108021291 108021360 108021403 108021412 108021447 108021479 108021542 108021577 108021587 108021587 108021664 108021665 108021703 108021784 118876773 118877182 118877556 118877875 118877962 118877963 118879229 136116533 139352175 139353421 139353766 139353767 139354561
GO:0000981	DNA-binding transcription factor activity, RNA polymerase II-specific	108004686 108004712 108004712 108004813 108004901 108004968 108004997 108005024 108005033 108005034 108005038 108005039 108005063 108005142 108005142 108005147 108005155 108005162 108005316 108005318 108005351 108005416 108005416 108005440 108005491 108005601 108005651 108005654 108005746 108005907 108005909 108005921 108005944 108005977 108006002 108006007 108006036 108006038 108006099 108006100 108006115 108006127 108006136 108006198 108006356 108006356 108006486 108006588 108006588 108006654 108006654 108006729 108006743 108006760 108006818 108006852 108006854 108006905 108006971 108007153 108007264 108007272 108007272 108007279 108007279 108007283 108007283 108007346 108007366 108007373 108007386 108007390 108007451 108007606 108007637 108007690 108007690 108007787 108007800 108007806 108007835 108007929 108007942 108007943 108007961 108007963 108007964 108007967 108007979 108007991 108008083 108008188 108008188 108008201 108008201 108008222 108008291 108008380 108008465 108008500 108008515 108008538 108008538 108008546 108008547 108008549 108008549 108008558 108008558 108008604 108008612 108008612 108008625 108008625 108008655 108008674 108008674 108008682 108008690 108008709 108008709 108008761 108008761 108008962 108008991 108009005 108009077 108009089 108009178 108009305 108009318 108009380 108009393 108009397 108009474 108009595 108009656 108009791 108009924 108009924 108009944 108010004 108010076 108010122 108010122 108010128 108010188 108010204 108010279 108010279 108010308 108010431 108010452 108010584 108010605 108010617 108010728 108010728 108010783 108010809 108010896 108011007 108011039 108011067 108011067 108011071 108011071 108011075 108011075 108011176 108011176 108011222 108011357 108011397 108011515 108011544 108011555 108011596 108011646 108011673 108011712 108011747 108011758 108011800 108011816 108011840 108011860 108011863 108011911 108011940 108012076 108012076 108012141 108012141 108012159 108012167 108012283 108012283 108012284 108012284 108012291 108012301 108012324 108012420 108012531 108012572 108012572 108012588 108012588 108012625 108012632 108012637 108012668 108012687 108012687 108012755 108012801 108012803 108012810 108012977 108012979 108013111 108013156 108013177 108013222 108013344 108013345 108013367 108013367 108013452 108013452 108013475 108013544 108013549 108013570 108013595 108013627 108013627 108013672 108013834 108013845 108013845 108013854 108013854 108013856 108013856 108013874 108013929 108013978 108013978 108013979 108013979 108014050 108014057 108014058 108014065 108014067 108014068 108014084 108014234 108014234 108014239 108014239 108014246 108014246 108014280 108014280 108014302 108014302 108014308 108014320 108014522 108014544 108014545 108014557 108014599 108014609 108014678 108014731 108014810 108014871 108014925 108014951 108014952 108014957 108014958 108014965 108014972 108014972 108014974 108014974 108014983 108014983 108014988 108015032 108015044 108015071 108015091 108015107 108015130 108015207 108015363 108015426 108015426 108015427 108015427 108015495 108015652 108015659 108015659 108015935 108015961 108016048 108016062 108016062 108016069 108016069 108016164 108016250 108016306 108016309 108016421 108016421 108016473 108016526 108016527 108016546 108016546 108016568 108016623 108016630 108016692 108016692 108016700 108016723 108016724 108016728 108016731 108016803 108016891 108016913 108016925 108016927 108016932 108016970 108017035 108017035 108017058 108017094 108017249 108017295 108017456 108017456 108017585 108017611 108017715 108017715 108017787 108017806 108017816 108017826 108017885 108018298 108018392 108018449 108018462 108018587 108018597 108018597 108018623 108018623 108018803 108018915 108018916 108018919 108018966 108018987 108019008 108019094 108019111 108019133 108019134 108019170 108019171 108019174 108019176 108019181 108019196 108019309 108019313 108019424 108019424 108019565 108019669 108019698 108019767 108019796 108019885 108019897 108019929 108019980 108019987 108019987 108019997 108019997 108020060 108020099 108020147 108020156 108020277 108020340 108020347 108020351 108020357 108020361 108020365 108020368 108020368 108020379 108020388 108020391 108020391 108020393 108020394 108020398 108020407 108020411 108020416 108020428 108020536 108020566 108020568 108020569 108020624 108020760 108020895 108020900 108020918 108020949 108020949 108020954 108021046 108021055 108021101 108021111 108021115 108021200 108021243 108021273 108021275 108021292 108021292 108021309 108021333 108021360 108021447 108021479 108021508 108021521 108021542 108021547 108021547 108021563 108021577 108021641 108021644 108021653 108021664 108021672 108021672 108021784 118876773 118876778 118876778 118877069 118877125 118877182 118877582 118877723 118877962 118877962 118877963 118877963 118879229 136116456 136116478 136116533 136116549 136116936 136116936 136116997 136117121 139353766 139353767 139354509 139354509 139354561
GO:0000987	cis-regulatory region sequence-specific DNA binding	108005788 108019012
GO:0000993	RNA polymerase II complex binding	108005395 108008653 108008863 108009316 108011543 108012435 108013226 108018802 108019597 108019826 108021308 108021456 139353051 139353903 139353916 139354862
GO:0000994	RNA polymerase III core binding	108019341
GO:0000995	RNA polymerase III general transcription initiation factor activity	108020801
GO:0001002	RNA polymerase III type 1 promoter sequence-specific DNA binding	108021284
GO:0001003	RNA polymerase III type 2 promoter sequence-specific DNA binding	108021284
GO:0001006	RNA polymerase III type 3 promoter sequence-specific DNA binding	108016363 108019712 108020801
GO:0001018	mitochondrial promoter sequence-specific DNA binding	108021362
GO:0001042	RNA polymerase I core binding	108014038 118878191 139355011 139355013
GO:0001046	core promoter sequence-specific DNA binding	108009699 108019712
GO:0001054	obsolete RNA polymerase I activity	108008634 108008868 108009016 108011493 108014390 108016256 108017614 108017943 108020796 108021012 108021012
GO:0001055	obsolete RNA polymerase II activity	108006149 108008634 108008868 108011493 108013872 108013872 108015940 108016256 108016784 108017614
GO:0001056	obsolete RNA polymerase III activity	108008592 108008634 108008868 108010183 108011493 108016256 108017614 108017943 108019147 108021012 108021012
GO:0001091	RNA polymerase II general transcription initiation factor binding	108015989
GO:0001096	TFIIF-class transcription factor complex binding	108016017
GO:0001097	TFIIH-class transcription factor complex binding	108020040
GO:0001099	basal RNA polymerase II transcription machinery binding	108020203
GO:0001113	transcription open complex formation at RNA polymerase II promoter	108014492
GO:0001156	TFIIIC-class transcription factor complex binding	108021085
GO:0001164	RNA polymerase I core promoter sequence-specific DNA binding	108013943
GO:0001181	RNA polymerase I general transcription initiation factor activity	108014038 108014038 118878191 118878191 139355011 139355011 139355013 139355013
GO:0001188	RNA polymerase I preinitiation complex assembly	108013943 108020291
GO:0001193	maintenance of transcriptional fidelity during transcription elongation by RNA polymerase II	108007269
GO:0001221	transcription coregulator binding	108014125
GO:0001222	transcription corepressor binding	108015129
GO:0001223	transcription coactivator binding	108013418
GO:0001227	DNA-binding transcription repressor activity, RNA polymerase II-specific	108006696 108009343 108011407 108012587 108016555 108017638 108018358 108018917 108019137 108020076 108021412 108021703 118877556 139353421
GO:0001228	DNA-binding transcription activator activity, RNA polymerase II-specific	108005328 108006389 108007664 108007937 108008821 108009278 108009381 108009648 108009664 108010306 108011717 108013049 108014775 108016882 108016926 108017453 108018441 108020725 108021587 139352175
GO:0001401	SAM complex	108005244 108005244 108005245 108005245 108005562 108005562 108017479 108017479
GO:0001405	PAM complex, Tim23 associated import motor	108004625 108016390 108019626
GO:0001507	acetylcholine catabolic process in synaptic cleft	108018765
GO:0001510	RNA methylation	108006889 108006889 108009104 108015565 108015565
GO:0001514	selenocysteine incorporation	108006748 108008681 108013199
GO:0001517	N-acetylglucosamine 6-O-sulfotransferase activity	108021103 108021106
GO:0001518	voltage-gated sodium channel complex	108008971 108008971 108011109 108011109 108021783
GO:0001522	pseudouridine synthesis	108010959 108010959 108013309 108013309 108021253
GO:0001530	lipopolysaccharide binding	108005800 108010058
GO:0001534	radial spoke	108009132 108009132
GO:0001540	amyloid-beta binding	108020396 108021081
GO:0001558	regulation of cell growth	108012437 108017545
GO:0001561	fatty acid alpha-oxidation	108018072
GO:0001578	microtubule bundle formation	108011309 108015216 108019729
GO:0001588	dopamine neurotransmitter receptor activity, coupled via Gs	108018183
GO:0001591	dopamine neurotransmitter receptor activity, coupled via Gi/Go	108015841
GO:0001607	neuromedin U receptor activity	108006902
GO:0001640	adenylate cyclase inhibiting G protein-coupled glutamate receptor activity	108016312 108017616
GO:0001641	group II metabotropic glutamate receptor activity	108020420
GO:0001653	peptide receptor activity	108006947 108008901 108011050 108011645 108013259 108014587 108018235
GO:0001654	eye development	108006389
GO:0001655	urogenital system development	108017094 108018587
GO:0001664	G protein-coupled receptor binding	108009115 108009816 108010828 108012519 108013285 108013557 108018194 108018862 108019472 108019611 108019611 108019612 108019612 108019778 108019778 108019779 108019779 108021020 108021800 118877293 139354023
GO:0001666	response to hypoxia	108006518 108014549
GO:0001669	acrosomal vesicle	108013183 108020518
GO:0001671	ATPase activator activity	108004625 108005865 108007502 108007502 108010747 108010749 108011372 108011372 108016289 108016390 108020696 108020994 108021156 108021514 108021522 108021522
GO:0001676	long-chain fatty acid metabolic process	108005116 108008467 108008503 108008708 108010263 108010264 108011538 108014176 108014181 108014185 108015574 108019245 108019800 108020622 108020729 139353152
GO:0001678	intracellular glucose homeostasis	108010900 108010900 108015366 108015366 108017940 108017940 108020309 108020309
GO:0001680	tRNA 3'-terminal CCA addition	108006730
GO:0001682	tRNA 5'-leader removal	108013713 108013713 108015308 108018058 108019302 108019302 108019963 118877373 118877373 118877375 118878107 118878107
GO:0001694	histamine biosynthetic process	108009956
GO:0001700	embryonic development via the syncytial blastoderm	108010409 108010411 108010412
GO:0001707	mesoderm formation	108006971 108014678
GO:0001708	cell fate specification	108005147 108007294 108009595 108011013 108012632 108012637 108012668 108014678 108016568 108020590 108021784
GO:0001717	conversion of seryl-tRNAsec to selenocys-tRNAsec	108006748 108006748
GO:0001725	stress fiber	108008487 108013117 108013215 108013793 108015216 108016881 108017934 108019754 108019922 108020418
GO:0001726	ruffle	108008337 108011112 108012911
GO:0001729	ceramide kinase activity	108011251 108021398
GO:0001731	formation of translation preinitiation complex	108004572 108004924 108005380 108011733 108014783 118876747
GO:0001732	formation of cytoplasmic translation initiation complex	108011634 108011733 118876747
GO:0001734	mRNA m(6)A methyltransferase activity	108015751
GO:0001736	establishment of planar polarity	108005802 108010182
GO:0001738	morphogenesis of a polarized epithelium	108016740
GO:0001755	neural crest cell migration	108007872 108009621 108009640 108009916 108014655
GO:0001764	neuron migration	108012910 108013085 108016084 108017206
GO:0001782	B cell homeostasis	108018514
GO:0001784	phosphotyrosine residue binding	108005386 108012346 108016748 108019828 139354980
GO:0001786	phosphatidylserine binding	108005352 108010910 108015563 108018438 108020403 108021274
GO:0001816	cytokine production	108008020
GO:0001875	lipopolysaccharide immune receptor activity	108005800
GO:0001881	receptor recycling	108013358 108020261 118879697
GO:0001919	regulation of receptor recycling	108004815 108004815
GO:0001932	regulation of protein phosphorylation	108012883
GO:0001933	negative regulation of protein phosphorylation	108013175
GO:0001934	positive regulation of protein phosphorylation	108007994 108015573 108017376 108019065 108019443 108020513
GO:0001965	G-protein alpha-subunit binding	108015389 108019533
GO:0001973	G protein-coupled adenosine receptor signaling pathway	108016484
GO:0002009	morphogenesis of an epithelium	108009498
GO:0002011	morphogenesis of an epithelial sheet	108019090
GO:0002020	protease binding	108006786 108011561
GO:0002028	regulation of sodium ion transport	108009327 108013893 108020017 108020018 108020031 108020032
GO:0002031	G protein-coupled receptor internalization	108010828 108013557 108018862 108021800
GO:0002039	p53 binding	108008132 108011967 108016862 108020401
GO:0002055	adenine binding	108012568
GO:0002058	uracil binding	108015341
GO:0002082	regulation of oxidative phosphorylation	108006101 108006111
GO:0002083	obsolete 4-hydroxybenzoate decaprenyltransferase activity	108006105
GO:0002084	protein depalmitoylation	108005054 108014500 108015029 108018317
GO:0002090	regulation of receptor internalization	108018063
GO:0002092	positive regulation of receptor internalization	108014292
GO:0002094	obsolete polyprenyltransferase activity	108021837
GO:0002098	tRNA wobble uridine modification	108008434 108009547 108013103 108015440 108015440 108016304 108016662 108018305 108018305 108020637
GO:0002100	tRNA wobble adenosine to inosine editing	108020817
GO:0002115	store-operated calcium entry	108009172 108019197
GO:0002116	semaphorin receptor complex	108020382 108020383
GO:0002142	stereocilia ankle link complex	108004768 108013063
GO:0002143	tRNA wobble position uridine thiolation	108010027 108015298 108016319 108016319 108021063
GO:0002144	cytosolic tRNA wobble base thiouridylase complex	108010027
GO:0002151	G-quadruplex RNA binding	108011834 108021087
GO:0002161	aminoacyl-tRNA deacylase activity	108007454 108007506 108013609 108014471 108018043 108019848 108021182
GO:0002178	palmitoyltransferase complex	108020307
GO:0002181	cytoplasmic translation	108004661 108004861 108007432 108008526 108008668 108008691 108008787 108009131 108009151 108010846 108012391 108013031 108014205 108015003 108016264 108016554 108016622 108018412 108019890 108020605 108020720 108021011 118877894 139353050 139354740 139354741 139354861
GO:0002182	cytoplasmic translational elongation	108017966 108017966
GO:0002183	cytoplasmic translational initiation	108010107 108018230 108021483
GO:0002184	cytoplasmic translational termination	108005884
GO:0002188	translation reinitiation	108005380 108011634
GO:0002189	ribose phosphate diphosphokinase complex	108013093 108017257
GO:0002196	Ser-tRNA(Ala) deacylase activity	108018946
GO:0002218	activation of innate immune response	108008351 108008351
GO:0002224	toll-like receptor signaling pathway	108016051 108017040 108018759 139353175
GO:0002244	hematopoietic progenitor cell differentiation	108018219
GO:0002376	immune system process	108011755 108012377 108016189 108017390 118877788 118877789 118877860
GO:0002495	antigen processing and presentation of peptide antigen via MHC class II	108013407
GO:0002755	MyD88-dependent toll-like receptor signaling pathway	108005800 108009325
GO:0002926	tRNA wobble base 5-methoxycarbonylmethyl-2-thiouridinylation	108013987 108021346
GO:0002939	tRNA N1-guanine methylation	108005086 108007112
GO:0002940	tRNA N2-guanine methylation	108014273
GO:0002943	tRNA dihydrouridine synthesis	108006564
GO:0002949	tRNA threonylcarbamoyladenosine modification	108013684 108018839
GO:0002953	5'-deoxynucleotidase activity	108021193
GO:0003007	heart morphogenesis	108014678
GO:0003009	skeletal muscle contraction	108017946
GO:0003254	regulation of membrane depolarization	108009124
GO:0003333	amino acid transmembrane transport	108005396 108005398 108006565 108008800 108009157 108009312 108009477 108010853 108011689 108012589 108013347 108013594 108014097 108014101 108014580 108016152 108018736 108018738 108018742 108019924 108021120 108021427 139353147
GO:0003341	cilium movement	108006548 108007900 108008344 108008483 108009939 108010656 108010702 108011174 108011174 108012157 108013202 108013502 108014675 108018789 108018992 108021329 108021736
GO:0003351	epithelial cilium movement involved in extracellular fluid movement	118876896
GO:0003352	regulation of cilium movement	108008120 108012606 108018931 108020036 108020036 136116540
GO:0003356	regulation of cilium beat frequency	108009864
GO:0003400	regulation of COPII vesicle coating	108020494 139353980
GO:0003676	nucleic acid binding	108004845 108005119 108005781 108005885 108006091 108006202 108006352 108006354 108006416 108006474 108006616 108006669 108006692 108007107 108007248 108007269 108007278 108007386 108007456 108007613 108007617 108007636 108008366 108008477 108008592 108008983 108009009 108009108 108009169 108009279 108009287 108009315 108009332 108009688 108009794 108009855 108009994 108010008 108010069 108010113 108010307 108010643 108010863 108010978 108011177 108011208 108011398 108011635 108011852 108011880 108011891 108011912 108011918 108012059 108012122 108012296 108012345 108012362 108012362 108012464 108012804 108012847 108013135 108013247 108013400 108013422 108013508 108013713 108013718 108013774 108013870 108014230 108014390 108014471 108014520 108014531 108014571 108014653 108014668 108014753 108014759 108014807 108015031 108015183 108015206 108015302 108015660 108015673 108015754 108016520 108016602 108016791 108016967 108017120 108017279 108017519 108017683 108017872 108017939 108018043 108018100 108018224 108018485 108018500 108018575 108018724 108019193 108019604 108019816 108019906 108020064 108020141 108020453 108020472 108020752 108020753 108020837 108020871 108021283 108021353 108021650 108021706 118876781 118877264 118877370 118877764 118877814 118878276 118878368 118878427 118878440 118878448 118878453 118878454 118878456 118878467 118878521 118878566 118878581 118878707 118878762 118878925 118878926 118879094 118879224 118879346 118879539 118879675 118879693 118879735 118879778 136116535 136116545 136116567 136116588 136116946 136116983 136116998 136117008 136117014 136117030 136117220 136117222 136117225 136117341 136117391 136117394 136117427 136117432 136117443 136117449 136117466 136117567 136117577 136117579 136117580 136117581 136117595 136117647 136117703 136117753 136117788 136117838 136117840 139352193 139352306 139352493 139352587 139352588 139352599 139352700 139352703 139352705 139352707 139352710 139352716 139352718 139352721 139352722 139352725 139352734 139352735 139352736 139352738 139352745 139352747 139352753 139352755 139352756 139352758 139352759 139352761 139352763 139352766 139352780 139352792 139352795 139352796 139352801 139352802 139352803 139352804 139352805 139352811 139352820 139352821 139352822 139352824 139352826 139352827 139352834 139352835 139352838 139352841 139352852 139352853 139352857 139352858 139352863 139352879 139352970 139353053 139353089 139353147 139353210 139353211 139353257 139353281 139353301 139353308 139353385 139353403 139353411 139353415 139353416 139353417 139353419 139353420 139353422 139353423 139353426 139353427 139353484 139353521 139353526 139353527 139353528 139353570 139353571 139353572 139353577 139353601 139353602 139353603 139353606 139353629 139353636 139353644 139353648 139353654 139353667 139353681 139353692 139353694 139353711 139353712 139353713 139353714 139353717 139353724 139353726 139353728 139353729 139353730 139353731 139353732 139353736 139353745 139353747 139353748 139353863 139353864 139353866 139353867 139353873 139353874 139353875 139353878 139353922 139353923 139353937 139353941 139353944 139353946 139353947 139353956 139353976 139354002 139354003 139354008 139354035 139354055 139354058 139354059 139354084 139354095 139354098 139354103 139354105 139354107 139354110 139354115 139354118 139354134 139354136 139354140 139354147 139354162 139354174 139354203 139354270 139354280 139354282 139354292 139354298 139354307 139354308 139354318 139354319 139354322 139354333 139354335 139354338 139354346 139354349 139354354 139354356 139354357 139354363 139354370 139354372 139354378 139354380 139354382 139354386 139354388 139354390 139354392 139354395 139354398 139354399 139354401 139354404 139354411 139354414 139354415 139354417 139354418 139354419 139354420 139354421 139354426 139354429 139354431 139354432 139354434 139354437 139354439 139354440 139354443 139354445 139354448 139354455 139354456 139354458 139354460 139354488 139354504 139354510 139354514 139354522 139354537 139354569 139354628 139354629 139354639 139354656 139354659 139354662 139354671 139354673 139354684 139354691 139354711 139354712 139354723 139354726 139354733 139354742 139354753 139354757 139354758 139354759 139354761 139354762 139354764 139354796 139354800 139354814 139354816 139354817 139354819 139354823 139354835 139354859 139354887 139354899 139354900 139354901 139354903 139354907 139354908 139354913 139354920 139354924 139354927 139354928 139354951 139354962 139354964 139354965 139354967 139354969 139354973 139354974 139354977 139354987 139354992 139354995 139354998 139354999 139355022 139355024 139355025 139355030 139355034 139355035 139355036 139355038 139355048 139355054 139355056 139355060 139355064 139355065 139355066 139355069 139355073 139355080 139355084 139355086 139355087 139355094 139355095 139355099 139355108 139355113 139355126 139355129 139355137 139355138 139355146 139355147 139355148 139355154 139355157
GO:0003677	DNA binding	108004552 108004552 108004665 108004678 108004682 108004755 108004966 108005008 108005174 108005299 108005299 108005338 108005413 108005715 108005787 108005787 108005842 108005859 108006149 108006238 108006336 108006654 108006791 108006791 108006860 108006860 108006968 108007149 108007314 108007314 108007480 108007573 108007939 108008309 108008309 108008323 108008343 108008352 108008398 108008432 108008446 108008500 108008500 108008530 108008590 108008604 108008634 108008844 108008868 108008892 108008966 108008966 108009016 108009064 108009158 108009244 108009258 108009270 108009273 108009284 108009284 108009353 108009420 108009541 108009643 108009665 108009665 108009883 108009883 108009997 108010040 108010041 108010061 108010065 108010093 108010095 108010183 108010224 108010295 108010816 108011114 108011124 108011124 108011170 108011428 108011428 108011493 108011493 108011531 108011705 108011899 108011937 108011937 108011939 108012034 108012159 108012221 108012299 108012320 108012324 108012333 108012379 108012482 108012494 108012577 108012634 108012972 108013158 108013158 108013265 108013319 108013320 108013361 108013442 108013443 108013458 108013515 108013521 108013601 108013601 108013678 108013678 108013746 108013767 108013777 108013841 108013859 108013872 108013930 108014003 108014039 108014574 108014624 108014679 108014882 108014966 108015191 108015193 108015368 108015491 108015538 108015621 108015621 108015749 108015829 108015829 108015940 108015967 108015989 108016017 108016017 108016256 108016261 108016372 108016533 108016604 108016669 108016763 108016763 108016784 108017010 108017126 108017425 108017559 108017563 108017639 108017663 108017799 108017849 108017891 108017891 108017943 108017994 108018012 108018019 108018019 108018060 108018138 108018138 108018292 108018376 108018464 108018466 108018538 108018706 108018758 108018758 108018851 108019022 108019074 108019147 108019206 108019388 108019414 108019465 108019847 108019847 108019888 108019888 108020027 108020150 108020234 108020241 108020291 108020291 108020395 108020399 108020496 108020516 108020587 108020796 108020883 108020917 108020952 108021010 108021025 108021025 108021137 108021164 108021408 108021408 108021563 108021572 108021588 108021588 108021653 108021780 108021780 108021824 108021824 118877213 118877213 118878667 139352169 139352208 139352209 139352209 139352210 139352210 139352212 139352212 139352213 139352213 139352215 139352215 139352216 139352216 139352219 139352219 139352223 139352223 139352226 139352226 139352229 139352229 139352235 139352236 139352236 139352238 139352238 139352239 139352239 139352241 139352241 139352243 139352243 139352244 139352244 139352245 139352245 139352246 139352246 139352247 139352247 139352248 139352248 139352250 139352250 139352251 139352251 139352253 139352253 139352254 139352255 139352255 139352256 139352256 139352257 139352257 139352258 139352258 139352259 139352259 139352260 139352260 139352261 139352261 139352262 139352262 139352263 139352263 139352264 139352264 139352265 139352265 139352267 139352267 139352268 139352268 139352269 139352269 139352271 139352271 139352272 139352272 139352273 139352273 139352274 139352274 139352276 139352276 139352277 139352277 139352278 139352278 139352280 139352280 139352281 139352281 139352282 139352282 139352284 139352284 139352285 139352285 139352286 139352286 139352287 139352287 139352288 139352288 139352289 139352289 139352290 139352290 139352291 139352291 139352292 139352292 139352293 139352293 139352294 139352294 139352295 139352296 139352296 139352297 139352297 139352298 139352298 139352299 139352300 139352300 139352301 139352301 139352302 139352302 139352303 139352304 139352304 139352305 139352305 139352323 139352323 139352324 139352324 139352325 139352325 139352326 139352326 139352327 139352327 139352329 139352329 139352330 139352330 139352331 139352331 139352332 139352332 139352334 139352334 139352335 139352335 139352336 139352336 139352338 139352338 139352339 139352339 139352340 139352340 139352342 139352342 139352343 139352343 139352344 139352344 139352345 139352345 139352346 139352346 139352347 139352347 139352349 139352349 139352350 139352350 139352351 139352351 139352352 139352352 139352353 139352353 139352354 139352354 139352355 139352355 139352356 139352356 139352357 139352357 139352358 139352358 139352360 139352360 139352361 139352361 139352362 139352362 139352363 139352363 139352365 139352365 139352366 139352366 139352367 139352367 139352368 139352368 139352369 139352369 139352371 139352371 139352372 139352372 139352373 139352373 139352374 139352374 139352376 139352376 139352377 139352377 139352378 139352378 139352379 139352379 139352380 139352380 139352381 139352381 139352382 139352382 139352384 139352384 139352385 139352385 139352386 139352386 139352387 139352387 139352388 139352388 139352389 139352389 139352390 139352390 139352391 139352391 139352392 139352392 139352393 139352393 139352394 139352394 139352395 139352395 139352396 139352396 139352397 139352397 139352398 139352398 139352399 139352399 139352400 139352400 139352402 139352402 139352403 139352403 139352404 139352404 139352406 139352406 139352407 139352407 139352408 139352408 139352409 139352409 139352411 139352411 139352412 139352412 139352413 139352413 139352414 139352414 139352415 139352415 139352416 139352416 139352418 139352418 139352419 139352419 139352420 139352420 139352421 139352421 139352423 139352423 139352425 139352425 139352427 139352427 139352429 139352429 139352430 139352430 139352432 139352432 139352433 139352433 139352436 139352436 139352437 139352437 139352438 139352438 139352439 139352439 139352440 139352440 139352441 139352441 139352443 139352443 139352445 139352445 139352447 139352447 139352449 139352449 139352456 139352456 139352521 139352521 139352541 139352541 139352559 139352559 139352560 139352560 139352567 139352567 139352573 139352573 139352582 139352582 139352595 139352595 139352596 139352596 139352954 139352954 139352981 139353270 139353271 139353345 139353345 139354938 139354938 139354950 139354994 139354994 139355047 139355176 139355176 139355184 139355184
GO:0003678	DNA helicase activity	108010268 108010268 108010624 108011170 108011170 108012039 108015191 108015191 108021087 108021506 118877514
GO:0003681	bent DNA binding	108019712
GO:0003682	chromatin binding	108004853 108005003 108005395 108005456 108005730 108005787 108005951 108005973 108006087 108006230 108006433 108006659 108006781 108006991 108007592 108007700 108008101 108008902 108009255 108009535 108009643 108010606 108010673 108010938 108011481 108011481 108011494 108011899 108011972 108012009 108012022 108012221 108012595 108013266 108013393 108013398 108013895 108014685 108014873 108015015 108015027 108015230 108015296 108015362 108015401 108015516 108015524 108016114 108016746 108016747 108016873 108016888 108016961 108017115 108017441 108017455 108017727 108017792 108017941 108017965 108018128 108018466 108018802 108018895 108018895 108018954 108019136 108019414 108020162 108020231 108020951 108020953 108021051 108021456 108021713 118878281 136116639 136117256 139353049 139353270
GO:0003684	damaged DNA binding	108005231 108005483 108006082 108006084 108007768 108008334 108010268 108010624 108013559 108013576 108013686 108013686 108015043 108015762 108016276 108017008 108017980 108018516 108020423 108020607 108021822
GO:0003688	DNA replication origin binding	108005655 108006462 108008661 108013116 108014873 108015296 108018128 108019849 108021555 118876768
GO:0003689	DNA clamp loader activity	108006781 108007314 108009244 108016669 108020027 108021137
GO:0003690	double-stranded DNA binding	108004658 108004905 108005483 108005784 108006487 108006495 108009396 108010624 108010699 108011149 108011372 108011710 108012580 108012580 108018592 108018592 108019454 108019454 108020675 108020675 108021576 139352211 139352214 139352217 139352218 139352220 139352221 139352224 139352227 139352230 139352232 139352234 139352237 139352240 139352242 139352252 139352266 139352270 139352275 139352279 139352283 139352328 139352333 139352337 139352341 139352348 139352359 139352364 139352370 139352375 139352383 139352401 139352405 139352410 139352417 139352422 139352424 139352426 139352428 139352431 139352434 139352435 139352442 139352444 139352446 139352448 139352454
GO:0003691	double-stranded telomeric DNA binding	108010210
GO:0003697	single-stranded DNA binding	108004658 108004693 108004747 108004907 108005231 108005362 108005370 108005655 108006112 108006462 108006882 108008287 108008334 108008644 108009605 108010680 108011559 108011559 108011710 108012450 108013752 108013753 108014583 108014814 108014814 108014873 108015253 108015296 108017008 108017008 108017778 108017980 108018591 108018685 108019454 108019454 108020607 108021488 108021488
GO:0003700	DNA-binding transcription factor activity	108004753 108004767 108005222 108005531 108005577 108006381 108007256 108007385 108007921 108008750 108009271 108009355 108009591 108009871 108009871 108010190 108010220 108010626 108011674 108012428 108014749 108015193 108015235 108016021 108017089 108017374 108017461 108017804 108018447 108018941 108019012 108019012 108021403 108021665 108021790 118877515 118877875
GO:0003707	nuclear steroid receptor activity	108007867 108013089 108016647
GO:0003711	transcription elongation factor activity	108010755 108018113
GO:0003712	transcription coregulator activity	108005124 108005466 108005482 108005869 108005879 108005879 108005882 108006341 108007505 108007505 108008323 108008598 108009158 108009396 108009430 108009430 108009506 108009544 108009676 108009733 108010174 108010488 108010488 108010922 108010922 108011163 108012525 108013040 108013040 108013185 108013195 108013703 108013792 108013792 108014036 108014733 108015028 108015028 108015806 108015806 108016060 108016372 108016780 108016780 108017489 108017620 108017620 108017660 108017742 108018601 108019105 108020029 108020029 108020408 108020749 108021154 108021154 108021606
GO:0003713	transcription coactivator activity	108004601 108004615 108005003 108005003 108005715 108005730 108006087 108006087 108006520 108006521 108006544 108006753 108008240 108008368 108008739 108009116 108009712 108010021 108010419 108010586 108010681 108011122 108012781 108012781 108012907 108012907 108012969 108013246 108013337 108013720 108014125 108014960 108015213 108015314 108015329 108015537 108015737 108016254 108016262 108016537 108016656 108016801 108016855 108016864 108016895 108016961 108016961 108017441 108017441 108017936 108018052 108018454 108018720 108019250 108019743 108020196 108020273 108020356 108021352 108021763 139352173 139353373
GO:0003714	transcription corepressor activity	108005143 108005730 108006305 108006336 108006518 108006775 108008017 108008140 108008140 108008541 108009420 108009535 108010293 108010829 108011310 108011967 108012342 108013574 108013574 108014125 108014125 108014278 108014278 108014829 108014829 108015133 108015234 108015314 108015321 108015807 108015824 108017772 108019617 108019723 108020742 108020889 108021010 108021213
GO:0003723	RNA binding	108004565 108004565 108004572 108004650 108004659 108004662 108004673 108004694 108004699 108004733 108004978 108005000 108005031 108005122 108005122 108005185 108005248 108005399 108005404 108005426 108005426 108005439 108005468 108005630 108005643 108005762 108005762 108005773 108005774 108005896 108005903 108005959 108005959 108006006 108006120 108006140 108006274 108006303 108006341 108006341 108006357 108006408 108006457 108006481 108006536 108006536 108006559 108006597 108006686 108006803 108006821 108006837 108006858 108006864 108006864 108006867 108006889 108006926 108007118 108007223 108007280 108007280 108007364 108007486 108007886 108007902 108007982 108008049 108008092 108008092 108008253 108008253 108008266 108008287 108008287 108008290 108008317 108008332 108008332 108008353 108008371 108008485 108008485 108008498 108008529 108008678 108008678 108008691 108008743 108008778 108008831 108009037 108009058 108009058 108009059 108009177 108009177 108009199 108009249 108009249 108009302 108009319 108009340 108009403 108009410 108009413 108009484 108009590 108009590 108009608 108009608 108009639 108009639 108009675 108009675 108009678 108009729 108009730 108009852 108009865 108009878 108009881 108009884 108009885 108009885 108009886 108009886 108009942 108009942 108009992 108010058 108010059 108010085 108010133 108010158 108010159 108010208 108010256 108010448 108010567 108010587 108010658 108010660 108010660 108010699 108010785 108010827 108010827 108010834 108010834 108010846 108010959 108010963 108010991 108010991 108011046 108011119 108011127 108011127 108011158 108011258 108011263 108011263 108011285 108011470 108011489 108011497 108011585 108011585 108011631 108011652 108011719 108011898 108011901 108012001 108012001 108012048 108012169 108012169 108012240 108012369 108012391 108012429 108012698 108012698 108012704 108012704 108012815 108012815 108012829 108012855 108012898 108012898 108012922 108012947 108012993 108013009 108013031 108013046 108013108 108013108 108013124 108013124 108013282 108013309 108013309 108013456 108013456 108013460 108013474 108013494 108013520 108013520 108013523 108013523 108013731 108013731 108013933 108014039 108014041 108014161 108014161 108014273 108014273 108014301 108014301 108014482 108014577 108014694 108014733 108014733 108014783 108014798 108014799 108014826 108014921 108014935 108015007 108015007 108015037 108015132 108015133 108015197 108015230 108015250 108015270 108015270 108015315 108015324 108015350 108015371 108015506 108015516 108015524 108015540 108015678 108015778 108015778 108015817 108015832 108015906 108015967 108016026 108016070 108016070 108016089 108016273 108016273 108016279 108016279 108016547 108016554 108016563 108016629 108016631 108016648 108016648 108016756 108016814 108016832 108016884 108016979 108017041 108017308 108017333 108017469 108017484 108017506 108017580 108017580 108017589 108017596 108017664 108017771 108017800 108017800 108018058 108018125 108018185 108018188 108018225 108018274 108018274 108018319 108018430 108018440 108018629 108018650 108018650 108018908 108018938 108019070 108019074 108019172 108019172 108019425 108019488 108019813 108019870 108020010 108020039 108020203 108020207 108020207 108020269 108020354 108020369 108020369 108020377 108020442 108020482 108020520 108020535 108020604 108020606 108020720 108020720 108020733 108020733 108020870 108020870 108020888 108020891 108020931 108020938 108020938 108020958 108021001 108021029 108021038 108021043 108021091 108021092 108021148 108021148 108021165 108021177 108021180 108021199 108021199 108021249 108021253 108021285 108021288 108021288 108021289 108021303 108021321 108021355 108021355 108021395 108021418 108021474 108021483 108021494 108021545 108021552 108021608 108021608 108021610 108021787 118877390 118877392 118877393 118877672 118877887 118878302 118878302 118878586 118878586 136116481 136116481 136117356 139352168 139353036 139353050 139353189 139353276 139353276 139353337 139353573 139353575 139353576 139353578 139353579 139353580 139353581 139353582 139353583 139353584 139353585 139353586 139353587 139353588 139353589 139353590 139353592 139353593 139353594 139353595 139353596 139353597 139353604 139353605 139353607 139353906 139354198 139354670 139354861 139354941 139355002
GO:0003724	RNA helicase activity	108004662 108004662 108005119 108005439 108005439 108006091 108006500 108006500 108007456 108007982 108007982 108009413 108009413 108009855 108010966 108011208 108011631 108011631 108011648 108011648 108011901 108011901 108012059 108012846 108013009 108013009 108013422 108013474 108013494 108013494 108014039 108014039 108014921 108014921 108015817 108015817 108016602 108018085 108018188 108018430 108018430 108018575 108019604 108020931 108020931 108021087 108021177 108021289 108021289 118877370 139353189 139353189 139354941 139354941
GO:0003725	double-stranded RNA binding	108005314 108008591 108009368 108009780 108009780 108010848 108010966 108012734 108013752 108013753 108013839 108014681 108015085 108015247 108016265 108016817 108018706 108018834 108019046 108021374 118878272
GO:0003726	double-stranded RNA adenosine deaminase activity	108016817
GO:0003727	single-stranded RNA binding	108004907 108005670 108008203 108011377 108011936 108013674 108014681 108015722 108019749 118877699 118878609 118878804 118879420 139352566 139353019 139353215 139353252 139353253 139353394 139353395 139353720 139353721 139353722 139354860 139355078 139355081 139355082 139355083
GO:0003729	mRNA binding	108004562 108004717 108004786 108004786 108004808 108004808 108004848 108005380 108005417 108005463 108005493 108005653 108005656 108005887 108006432 108006500 108006630 108006734 108006793 108007182 108007376 108007656 108008203 108008242 108008320 108009083 108009095 108009181 108009266 108009291 108009316 108009368 108009667 108009909 108009926 108010017 108010024 108010049 108010049 108010094 108010096 108010114 108010139 108010211 108010223 108010811 108010982 108011328 108011408 108011634 108011706 108011733 108011751 108011895 108012077 108012261 108012270 108012561 108012582 108013055 108013209 108013253 108013397 108013555 108013866 108014303 108014460 108014695 108014779 108014808 108014837 108014887 108015108 108015204 108015204 108015252 108015274 108015290 108015355 108015378 108015508 108015776 108015848 108016064 108016072 108016102 108016287 108016435 108016581 108016796 108016920 108017138 108017556 108017609 108017624 108017697 108017728 108018036 108018085 108018567 108018725 108018834 108018897 108019234 108019491 108019783 108019890 108019939 108020374 108020406 108020605 108021388 108021599 108021615 118877545 118877691 118877699 118877818 118877893 118878609 118878804 118879420 139352566 139353019 139353215 139353252 139353253 139353342 139353394 139353395 139353720 139353721 139353722 139354860 139355078 139355081 139355082 139355083
GO:0003730	mRNA 3'-UTR binding	108006181 108006682 108006962 108007154 108007957 108009863 108009979 108012866 108012996 108013199 108013881 108014052 108014119 108014764 108014865 108016572 108017922 108021174 118877925 139353290 139353291
GO:0003735	structural constituent of ribosome	108004563 108004563 108004661 108004661 108004706 108004706 108004978 108005163 108005163 108005166 108005166 108005221 108005221 108005404 108005493 108005493 108005578 108005578 108005773 108005773 108006006 108006006 108006160 108006160 108006436 108006481 108006537 108006597 108006597 108006717 108006717 108006734 108006734 108006793 108006793 108006895 108006895 108006926 108006926 108007021 108007021 108007117 108007432 108007656 108007656 108007902 108007902 108007983 108007983 108008371 108008371 108008387 108008387 108008388 108008423 108008423 108008443 108008443 108008452 108008452 108008470 108008470 108008498 108008498 108008534 108008534 108008688 108008691 108008691 108008707 108008707 108008787 108008787 108008831 108009061 108009061 108009081 108009083 108009131 108009131 108009151 108009151 108009342 108009342 108009599 108009599 108009668 108009772 108010059 108010059 108010120 108010120 108010256 108010256 108010567 108010567 108010570 108010570 108010846 108010846 108010855 108010930 108011119 108011119 108011263 108011263 108011266 108011266 108011934 108011934 108012116 108012116 108012391 108012391 108012446 108012446 108012467 108012467 108012507 108012582 108012582 108012662 108012857 108012857 108012982 108012982 108013031 108013031 108013193 108013193 108013323 108013323 108013522 108013527 108013527 108013824 108013824 108013933 108013933 108014020 108014020 108014059 108014059 108014161 108014216 108014216 108014935 108015003 108015003 108015009 108015009 108015372 108015372 108015378 108015378 108015488 108015488 108015832 108015832 108015851 108015851 108016072 108016089 108016089 108016264 108016264 108016485 108016485 108016554 108016554 108016613 108016622 108016622 108016670 108016670 108016679 108016781 108016928 108016928 108017269 108017269 108017460 108017469 108017469 108017491 108017491 108017506 108017506 108017945 108017945 108017966 108017966 108018185 108018185 108018212 108018212 108018225 108018302 108018302 108018313 108018313 108018433 108018433 108018501 108018571 108018650 108018733 108018733 108018934 108018934 108018950 108018967 108018967 108019009 108019308 108019308 108019821 108019821 108020183 108020202 108020202 108020427 108020442 108020442 108020605 108020720 108020720 108020961 108021011 108021011 108021148 108021148 108021165 108021165 108021203 108021203 108021285 108021285 108021355 108021355 108021413 108021441 108021441 108021494 108021615 108021615 118877250 118877250 118877625 118877625 118877672 118877954 118877954 139352168 139352168 139352174 139352174 139352177 139352177 139352928 139352928 139353027 139353027 139353050 139353050 139353149 139353276 139353276 139353906 139354570 139354570 139354670 139354670 139354740 139354740 139354741 139354741 139354861 139354861 139355002 139355002
GO:0003743	translation initiation factor activity	108004924 108005221 108005380 108005426 108005426 108006120 108006681 108006681 108006846 108006846 108007069 108007118 108007118 108008310 108008310 108009058 108009058 108009211 108009514 108009514 108009885 108009885 108010107 108011634 108011733 108011733 108011895 108012363 108012363 108012673 108012673 108012712 108012712 108013230 108013230 108013798 108013798 108014756 108014756 108014783 108014783 108014928 108014928 108015483 108015766 108015766 108016629 108016772 108016984 108016984 108017403 108017403 108017624 108017624 108017728 108018230 108018629 108018629 108018904 108019675 108019675 108020151 108020151 108020374 108021043 108021483 108021483 118876747 118876747 118876870 118876870 118877887 118877928 118877928 139353591 139353591 139353598 139353598 139353599 139353599 139353932 139353932 139353933 139353933 139354188 139354188 139354406 139354406 139354902 139354902 139355058 139355058
GO:0003746	translation elongation factor activity	108008453 108008485 108008485 108008681 108009113 108009113 108010167 108010784 108010784 108012898 108012898 108014358 108014785 108015497 108017801 108018095 108019224 108019224 108019740 108019740 108021462 108021462
GO:0003747	translation release factor activity	108008417 108014291 108020925
GO:0003755	peptidyl-prolyl cis-trans isomerase activity	108004680 108004685 108006271 108006325 108006435 108006435 108006742 108006933 108007406 108007406 108007939 108007939 108008370 108008395 108008416 108008450 108008589 108008589 108008876 108009059 108009536 108009536 108009741 108009741 108010051 108011147 108011489 108012106 108012863 108013115 108013155 108013155 108014337 108014337 108014732 108014732 108014832 108015356 108015356 108015425 108017794 108018045 108019096 108019809 108021330 139354085 139354085 139354331 139354331
GO:0003756	protein disulfide isomerase activity	108005157 108005157 108006311 108007469 108007844 108009990 108009990 108009996 108011282 108014252 108014252 108016172 108016183 108019876 108021634 108021634 108021687 118877619
GO:0003774	cytoskeletal motor activity	108014539 108014991 108020167 108021600 108021791
GO:0003777	microtubule motor activity	108004701 108004701 108005354 108005354 108008264 108008264 108008428 108008428 108008508 108008508 108008576 108008576 108009295 108009344 108009344 108010455 108010455 108012392 108012392 108013528 108013528 108015487 108015487 108015938 108015938 108016428 108016966 108016966 108017383 108017978 108018153 108018153 108018660 108018660 108019019 108019019 108019216 108019216 108019338 108020070 108020070 108020350 108020350 108020942 108020942 108021162 108021162 139353888 139353888 139353902 139353902 139353915 139353915
GO:0003779	actin binding	108004925 108005749 108006061 108006983 108007628 108008487 108009082 108011801 108012691 108013117 108013215 108013737 108013737 108014971 108014990 108014990 108015316 108015316 108016217 108016595 108016881 108016976 108017934 108017967 108018038 108018249 108019161 108019161 108019782 108019922 108020228 108020336 108020893 108020924 108021034 108021034 108021202 108021334 118877684
GO:0003785	actin monomer binding	108013730 108013730 108015645 108017207 139354944
GO:0003796	lysozyme activity	108005894 108005894 108006811 108008519 108008519 108008926 108008926 108009565 108009565 108009566 108009566 108009567 108009567 108010000 108010001 108012689 108012689 108013018 108013018 108013019 108013019 108013020 108013020 108013021 108013021 108013023 108013023 108015342 108019733 108019733 118877165 118877165
GO:0003810	protein-glutamine gamma-glutamyltransferase activity	108011931 108011931 108019208 108019208
GO:0003824	catalytic activity	108005234 108006152 108009453 108009511 108009945 108010316 108011184 108011996 108015343 108015862 108017001 108017488 108017488 108018072 108018168 108018569 108019641 108019913 108021214 118877915 136117573 136117574 139352703 139352711 139352713 139352746 139352757 139352768 139352769 139352780 139352790 139352797 139352808 139352850 139352851 139352867 139353697 139353743 139353751 139353753 139353950 139354084 139354108 139354109 139354269 139354276 139354277 139354278 139354313 139354324 139354332 139354335 139354338 139354377 139354384 139354663 139354685 139354686 139354923 139354972 139354977 139355030 139355034 139355056 139355130
GO:0003827	alpha-1,3-mannosylglycoprotein 2-beta-N-acetylglucosaminyltransferase activity	108010121
GO:0003830	beta-1,4-mannosylglycoprotein 4-beta-N-acetylglucosaminyltransferase activity	108011959
GO:0003834	beta-carotene 15,15'-dioxygenase activity	108017552
GO:0003835	beta-galactoside alpha-2,6-sialyltransferase activity	108008427
GO:0003837	beta-ureidopropionase activity	108006123
GO:0003839	gamma-glutamylcyclotransferase activity	108005203 108007860 108012216 118877427
GO:0003841	1-acylglycerol-3-phosphate O-acyltransferase activity	108005486 108005486 108011303 108011319 108021406 108021406
GO:0003842	L-glutamate gamma-semialdehyde dehydrogenase activity	108011352 108013524 108017633 108017633
GO:0003844	1,4-alpha-glucan branching enzyme activity	108019857 108019857
GO:0003854	3-beta-hydroxy-Delta5-steroid dehydrogenase (NAD+) activity	108012633
GO:0003857	(3S)-3-hydroxyacyl-CoA dehydrogenase (NAD+) activity	108020882
GO:0003860	3-hydroxyisobutyryl-CoA hydrolase activity	108006412
GO:0003865	3-oxo-5-alpha-steroid 4-dehydrogenase activity	108021252
GO:0003867	obsolete 4-aminobutyrate transaminase activity	108005536 108005536
GO:0003868	4-hydroxyphenylpyruvate dioxygenase activity	108013192 108013192
GO:0003870	5-aminolevulinate synthase activity	108008328 108008328
GO:0003872	6-phosphofructokinase activity	108009662 108009662
GO:0003873	6-phosphofructo-2-kinase activity	136116458 136116458
GO:0003874	6-pyruvoyltetrahydropterin synthase activity	108021132
GO:0003876	AMP deaminase activity	108006540 108006540
GO:0003878	ATP citrate synthase activity	108017982 108017982
GO:0003881	CDP-diacylglycerol-inositol 3-phosphatidyltransferase activity	108019143
GO:0003883	CTP synthase activity	108013361 108013361
GO:0003884	D-amino-acid oxidase activity	108008444 108008444 108009251 108009251
GO:0003887	DNA-directed DNA polymerase activity	108006082 108007768 108009064 108009064 108013576 108013777 108013777 108014873 108014873 108014882 108014882 108015829 108015829 108021025 108021025
GO:0003896	obsolete DNA primase activity	108013279 108013279
GO:0003899	DNA-directed RNA polymerase activity	108007269 108007269 108021362 108021362
GO:0003904	deoxyribodipyrimidine photo-lyase activity	108006238 108010227 108010227
GO:0003906	DNA-(apurinic or apyrimidinic site) endonuclease activity	108006406 108008892 108008892 108017639
GO:0003908	methylated-DNA-[protein]-cysteine S-methyltransferase activity	108015980
GO:0003910	DNA ligase (ATP) activity	108010093 108010093 108013678 108013678 108018376 108018376
GO:0003917	DNA topoisomerase type I (single strand cut, ATP-independent) activity	108005413 108005413 108021588 108021588 108021780 108021780
GO:0003918	DNA topoisomerase type II (double strand cut, ATP-hydrolyzing) activity	108008966 108008966 108020395
GO:0003919	FMN adenylyltransferase activity	108005178 108011791
GO:0003921	GMP synthase activity	108017116 108017116
GO:0003922	GMP synthase (glutamine-hydrolyzing) activity	108017116
GO:0003923	GPI-anchor transamidase activity	108016645 108016645
GO:0003924	GTPase activity	108004726 108004726 108004754 108004754 108004924 108005151 108005151 108005177 108005177 108005309 108005446 108005446 108005457 108005469 108005740 108005740 108005790 108005790 108005837 108005837 108005893 108005969 108006109 108006109 108006850 108007069 108007706 108007993 108008014 108008014 108008141 108008141 108008290 108008292 108008292 108008491 108008491 108008504 108008526 108008526 108008681 108009113 108009113 108009190 108009190 108009235 108009252 108009252 108009383 108009383 108009598 108009598 108009614 108009747 108009813 108009816 108009816 108010141 108010162 108010167 108010269 108010269 108010540 108010540 108010784 108010784 108010840 108011223 108011229 108011297 108011297 108011496 108011521 108011521 108011563 108012374 108012374 108012523 108013144 108013243 108013243 108013285 108013285 108013306 108013306 108013419 108013419 108013433 108013433 108013448 108013449 108013503 108013676 108013676 108013778 108014205 108014205 108014291 108014291 108014358 108014421 108014421 108014428 108014459 108014459 108014756 108014823 108014823 108014833 108015011 108015011 108015141 108015141 108015150 108015150 108015260 108015260 108015291 108015291 108015497 108015497 108015767 108015775 108015775 108015852 108016073 108016073 108016196 108016196 108016197 108016197 108016199 108016199 108016201 108016201 108016243 108016243 108016263 108016575 108016590 108016590 108016661 108016661 108016839 108016986 108017005 108017131 108017493 108017493 108017709 108017773 108017801 108017997 108017997 108018194 108018194 108018196 108018216 108019027 108019041 108019080 108019080 108019156 108019198 108019198 108019357 108019357 108019472 108019472 108019528 108019528 108019568 108019611 108019611 108019612 108019612 108019658 108019699 108019740 108019747 108019778 108019778 108019779 108019779 108020050 108020050 108020346 108020425 108020467 108020467 108020494 108020494 108020637 108020997 108021088 108021173 108021175 108021175 108021462 108021462 108021539 108021539 108021598 108021823 108021823 118877410 118877845 118877845 118877942 136116463 136116463 139354252 139354252
GO:0003934	GTP cyclohydrolase I activity	108010031 108010031
GO:0003937	IMP cyclohydrolase activity	108017311 108017311
GO:0003938	IMP dehydrogenase activity	108004751 108004751
GO:0003939	L-iditol 2-dehydrogenase (NAD+) activity	108005028 108012089 108014112
GO:0003940	L-iduronidase activity	108005551
GO:0003941	L-serine ammonia-lyase activity	108006982
GO:0003948	N4-(beta-N-acetylglucosaminyl)-L-asparaginase activity	108008269 108009144 108017707
GO:0003950	NAD+ poly-ADP-ribosyltransferase activity	108012072 139352981 139352981
GO:0003951	NAD+ kinase activity	108009856 108009856 108019780 108019780 108019781 108019781
GO:0003952	NAD+ synthase (glutamine-hydrolyzing) activity	108013707 108013707
GO:0003953	NAD+ nucleosidase activity	108012908
GO:0003954	NADH dehydrogenase activity	108012735 108014552 108016874
GO:0003958	NADPH-hemoprotein reductase activity	108012352 139354052 139354052 139354072 139354412
GO:0003963	RNA-3'-phosphate cyclase activity	108016752 108016752
GO:0003972	RNA ligase (ATP) activity	108005306 108005306
GO:0003975	UDP-N-acetylglucosamine-dolichyl-phosphate N-acetylglucosaminephosphotransferase activity	108011961 108011961
GO:0003976	UDP-N-acetylglucosamine-lysosomal-enzyme N-acetylglucosaminephosphotransferase activity	108008347
GO:0003977	UDP-N-acetylglucosamine diphosphorylase activity	108021361
GO:0003978	UDP-glucose 4-epimerase activity	108013416 108013416
GO:0003979	UDP-glucose 6-dehydrogenase activity	108013427 108013427
GO:0003980	UDP-glucose:glycoprotein glucosyltransferase activity	108020728 108020728
GO:0003983	UTP:glucose-1-phosphate uridylyltransferase activity	108013205 108013205
GO:0003985	acetyl-CoA C-acetyltransferase activity	108013318 108021817
GO:0003987	acetate-CoA ligase activity	108013098 108013098
GO:0003989	acetyl-CoA carboxylase activity	108019720 108019720
GO:0003990	acetylcholinesterase activity	108018765 108018765
GO:0003993	acid phosphatase activity	108004595 108004675 108010997 108019463 118877959
GO:0003994	aconitate hydratase activity	108005987 108006031 108006031 108017106 108017106 108020562 118877643
GO:0003995	acyl-CoA dehydrogenase activity	108008474 108020744 108020744
GO:0003997	acyl-CoA oxidase activity	108008338 108008338 108009736 108009736 108010033 108010033 108016987 108016987
GO:0003998	acylphosphatase activity	108009711 108009711 108010180 108010180 108012417 108012417 108021076 108021076 118877702 118877702 118878084 118878084
GO:0003999	adenine phosphoribosyltransferase activity	108012568 108012568
GO:0004000	adenosine deaminase activity	108008665 108010494 108010494 108015550 108015550 108015551 108015551 108015631 108015631 108016376 108017540 108017540
GO:0004001	adenosine kinase activity	108006710 108006710 108017410 108017410 108017802
GO:0004013	adenosylhomocysteinase activity	108005158
GO:0004014	adenosylmethionine decarboxylase activity	108021056 108021056
GO:0004016	adenylate cyclase activity	108005381 108005554 108005554 108005621 108005621 108006301 108006301 108006947 108008901 108011050 108011645 108011923 108011924 108011925 108011938 108011978 108011980 108012599 108013105 108013259 108013541 108013541 108013597 108014587 108018235 108021327 108021327
GO:0004017	AMP kinase activity	108009138 108009138 108012113 108012113 108012915 108012918 108012918 108019794 108019794
GO:0004018	N6-(1,2-dicarboxyethyl)AMP AMP-lyase (fumarate-forming) activity	118876786 118876786
GO:0004019	adenylosuccinate synthase activity	118877794 118877794
GO:0004020	adenylylsulfate kinase activity	108005906 108005906
GO:0004021	L-alanine:2-oxoglutarate aminotransferase activity	108005350
GO:0004022	alcohol dehydrogenase (NAD+) activity	108008456 108008456 108008643 108015552 108018835
GO:0004024	obsolete alcohol dehydrogenase (NAD+) activity, zinc-dependent	108012088
GO:0004029	aldehyde dehydrogenase (NAD+) activity	108016112 108018129 108019318 108021633 118877341
GO:0004032	aldose reductase (NADPH) activity	108010716 108011740 108011813 108011838 108014502 108017817 139353764
GO:0004034	aldose 1-epimerase activity	108008636 108013446 108013712 108017631 118877452
GO:0004035	alkaline phosphatase activity	108008113 108008469 108008496 108008797 108011429 108011430 108012160 108012571 108013914 108016431 108016911 108018360 118878313
GO:0004038	allantoinase activity	108010414 108010414
GO:0004044	amidophosphoribosyltransferase activity	108011785 108011785 108013470 108013470
GO:0004045	peptidyl-tRNA hydrolase activity	108011574 108011574 108015661 108015984 108015984 108021613
GO:0004046	aminoacylase activity	108011020 108011020 108011021 108011021 108011022 108011022 108011023 108011023 108011024 108011024 108018751 108018751 108018752 108018752
GO:0004047	aminomethyltransferase activity	108005986
GO:0004053	arginase activity	108016813 108016813
GO:0004055	argininosuccinate synthase activity	108015983 108015983 139352878 139352878
GO:0004056	argininosuccinate lyase activity	108018899 108018899
GO:0004057	arginyl-tRNA--protein transferase activity	108018166 108018166
GO:0004058	aromatic-L-amino-acid decarboxylase activity	108007865 108013382
GO:0004066	asparagine synthase (glutamine-hydrolyzing) activity	108012413 108012413 118879104 118879106 118879107 139354597
GO:0004067	asparaginase activity	108005436 108005436 108008269 108009144 108016216 108016216 108017707 108018649 108019207 108019207
GO:0004069	L-aspartate:2-oxoglutarate aminotransferase activity	108009376 108021098
GO:0004070	aspartate carbamoyltransferase activity	108005238 108005238
GO:0004074	biliverdin reductase [NAD(P)H] activity	108016218
GO:0004077	biotin--[biotin carboxyl-carrier protein] ligase activity	108016238 108016238
GO:0004081	bis(5'-nucleosyl)-tetraphosphatase (asymmetrical) activity	108017743
GO:0004084	branched-chain-amino-acid transaminase activity	108005459 108005459
GO:0004085	obsolete butyryl-CoA dehydrogenase activity	108015957 108017408
GO:0004088	carbamoyl-phosphate synthase (glutamine-hydrolyzing) activity	108005238 108005238
GO:0004089	carbonate dehydratase activity	108004776 108008187 108008823 108009250 108010768 108010768 108010782 108010782 108010803 108010803 108011562 108011562 108012286 108012416 108013945 108013945 108015276 108015403 108016162 108016162 108017315 108017315 108020515 108020515 108021002 108021002
GO:0004090	carbonyl reductase (NADPH) activity	108011219 108014464 108019125
GO:0004092	carnitine O-acetyltransferase activity	108011981 108016015 108020808
GO:0004095	carnitine O-palmitoyltransferase activity	108009740 108012368
GO:0004096	catalase activity	108007869 108007869 108015929 108015929
GO:0004100	chitin synthase activity	108007770 108011245
GO:0004102	choline O-acetyltransferase activity	108014897
GO:0004103	choline kinase activity	108021186
GO:0004104	cholinesterase activity	108013947 108013962 108013965
GO:0004105	choline-phosphate cytidylyltransferase activity	108013012 108013014
GO:0004108	obsolete citrate (Si)-synthase activity	108015152 108015152 108019251
GO:0004109	coproporphyrinogen oxidase activity	108006176 108006176
GO:0004111	creatine kinase activity	108013043 108013044 118877671
GO:0004114	3',5'-cyclic-nucleotide phosphodiesterase activity	108009461 108009461 108010877 108010877
GO:0004115	3',5'-cyclic-AMP phosphodiesterase activity	108011393 108013441 108018889
GO:0004122	cystathionine beta-synthase activity	108015168 108015168
GO:0004126	cytidine deaminase activity	108021583 108021583 108021584 108021584 108021585 108021585
GO:0004127	obsolete (d)CMP kinase activity	108012915 108012918 108014053 108014053 108021622
GO:0004128	cytochrome-b5 reductase activity, acting on NAD(P)H	108009764
GO:0004134	4-alpha-glucanotransferase activity	108009310 108009310
GO:0004135	amylo-alpha-1,6-glucosidase activity	108009310 108009310
GO:0004139	deoxyribose-phosphate aldolase activity	108008411 108008411
GO:0004140	dephospho-CoA kinase activity	108011458 108011458 108017140 108017140
GO:0004142	diacylglycerol cholinephosphotransferase activity	108019846
GO:0004143	ATP-dependent diacylglycerol kinase activity	108009537 108009537 108013811 108013811 108014920 108014920 108015754 108015754 108019818 108019818 108021398
GO:0004144	diacylglycerol O-acyltransferase activity	108008582 108008596 108009438 108019527 108019527
GO:0004146	dihydrofolate reductase activity	118877781 118877781
GO:0004148	dihydrolipoyl dehydrogenase (NADH) activity	108010516 108010516
GO:0004149	dihydrolipoyllysine-residue succinyltransferase activity	108006003 108006003
GO:0004151	dihydroorotase activity	108005238
GO:0004152	dihydroorotate dehydrogenase activity	108007956 108007956
GO:0004155	6,7-dihydropteridine reductase activity	108012381
GO:0004157	dihydropyrimidinase activity	108016271
GO:0004161	dimethylallyltranstransferase activity	108010116
GO:0004163	diphosphomevalonate decarboxylase activity	108018985 108018985
GO:0004164	diphthine synthase activity	108012184 108012184
GO:0004168	dolichol kinase activity	108017960
GO:0004169	dolichyl-phosphate-mannose-protein mannosyltransferase activity	108015533 108016393
GO:0004170	dUTP diphosphatase activity	108008930 108008930
GO:0004174	electron-transferring-flavoprotein dehydrogenase activity	108009379
GO:0004176	ATP-dependent peptidase activity	108010161 108010161 108010680 108010680 108013426 108015318 108020899 108020899
GO:0004177	aminopeptidase activity	108021615
GO:0004181	metallocarboxypeptidase activity	108005131 108005341 108005341 108005757 108005757 108005765 108005765 108005797 108005797 108005801 108005801 108005830 108005830 108007776 108007776 108007777 108007777 108011144 108011146 108011146 108011148 108011148 108012306 108012306 108012607 108012607 108013673 108015061 108015061 108016821 108016821 108017248 108018764 108018764 108019564 108019564 108019636 108019636 108021070 108021070 108021071 108021071 118877474 118877474
GO:0004185	serine-type carboxypeptidase activity	108008941 108008941 108010277 108010277 108012529 108012529 108013304 108013304 108015956 108015956
GO:0004190	aspartic-type endopeptidase activity	108005425 108008840 108008840 108009687 108009687 108009934 108009934 108010055 108010055 108010761 108010761 108011281 108011281 108015179 108015179 108016671 108016671 108020787 108020787 108020788 108020788 108020827 108020827 108021018 108021018 108021019 108021019 108021113 108021113 136116545 136116946 136117014 136117567 136117578 136117840 139352493 139352745 139352759 139352795 139352805 139353427 139353710 139353712 139353722 139353728 139353757 139353873 139353874 139353875 139353878 139353946 139354088 139354098 139354107 139354282 139354283 139354292 139354323 139354362 139354373 139354391 139354392 139354447 139354455 139354527 139354662 139354711 139354734 139354735 139354736 139354738 139354760 139354761 139354814 139354819 139354901 139354927 139354959 139354967 139355039 139355088 139355089 139355091 139355092 139355138
GO:0004197	cysteine-type endopeptidase activity	108004607 108004957 108006946 108008346 108009790 108011460 108011460 108013490 108013531 108013741 108013741 108014367 108014782 108015136 108017875 108018102 108019639
GO:0004198	calcium-dependent cysteine-type endopeptidase activity	108006345 108009432 108009432 108012989 108012989 108015266 108015266
GO:0004222	metalloendopeptidase activity	108004594 108004594 108004852 108004852 108005013 108005013 108005320 108005333 108005333 108005362 108005387 108005387 108005819 108005819 108005961 108005961 108005963 108005963 108005964 108005964 108006244 108006437 108006437 108006766 108007300 108007300 108007303 108007303 108007600 108007600 108007630 108007630 108007631 108007631 108007646 108007646 108008066 108008066 108008581 108008581 108008594 108008594 108009288 108009288 108009289 108009289 108009290 108009290 108009482 108009482 108009548 108009548 108009739 108009739 108009888 108010161 108010205 108010205 108010258 108010258 108010425 108010425 108010560 108010560 108010573 108010573 108010928 108010928 108011189 108011189 108011523 108011527 108011618 108011618 108012008 108012008 108012217 108012217 108012307 108012596 108012596 108012703 108012703 108013426 108013426 108013794 108013794 108014162 108014162 108014281 108014281 108014344 108014344 108014565 108014565 108014801 108014801 108014868 108014868 108015269 108015269 108015318 108015318 108015444 108015444 108015473 108015523 108015523 108015689 108015893 108016005 108016005 108018512 108018512 108018896 108018896 108019066 108019066 108019072 108019605 108020598 108020598 108020610 108020610 108020611 108020611 108020647 108020647 108020662 108020662 108020995 108020995 118877716 118877716 118877974 118877974 139353354 139353354 139353436 139353436 139354486 139354486 139354768 139354768 139354918
GO:0004252	serine-type endopeptidase activity	108004553 108004716 108004787 108004794 108004804 108004827 108004946 108005048 108005133 108005339 108005339 108005342 108005343 108005343 108005344 108005345 108005346 108005565 108005565 108005815 108005833 108005943 108005943 108006040 108006040 108006300 108006308 108006308 108006364 108006364 108006404 108006771 108006771 108006783 108006958 108006958 108006976 108006976 108007011 108007084 108007084 108007135 108007135 108007217 108007221 108007615 108007616 108007619 108007619 108007651 108007838 108007838 108007845 108007846 108007848 108007854 108008086 108008108 108008134 108008136 108008136 108008137 108008139 108008139 108008146 108008146 108008176 108008176 108008202 108008209 108008214 108008214 108008239 108008248 108008249 108008252 108008252 108008256 108008283 108008340 108008379 108008473 108008476 108008476 108008521 108008522 108008554 108008556 108008560 108008647 108008647 108008651 108008666 108008666 108008673 108008738 108008749 108008749 108008758 108008768 108008793 108008826 108008837 108008878 108008916 108008938 108009030 108009030 108009051 108009076 108009099 108009099 108009173 108009173 108009280 108009405 108009406 108009407 108009568 108009568 108009588 108009666 108009726 108009774 108010071 108010071 108010072 108010072 108010197 108010252 108010252 108010259 108010259 108010270 108010270 108010272 108010272 108010281 108010318 108010421 108010426 108010470 108010563 108010563 108010564 108010580 108010580 108010581 108010601 108010680 108010680 108010751 108010751 108010759 108010805 108010805 108011107 108011107 108011157 108011157 108011181 108011181 108011183 108011308 108011384 108011606 108011658 108011677 108011890 108011917 108012101 108012101 108012246 108012246 108012288 108012353 108012354 108012427 108012484 108012484 108012498 108012499 108012678 108012678 108012817 108012817 108012864 108012864 108012865 108012916 108012952 108013008 108013008 108013024 108013025 108013028 108013029 108013030 108013056 108013056 108013065 108013138 108013163 108013203 108013423 108013447 108013447 108013478 108013491 108013589 108013589 108013631 108013631 108013967 108013976 108014047 108014073 108014126 108014131 108014203 108014439 108014439 108014796 108014802 108014816 108014820 108014820 108015052 108015052 108015053 108015053 108015123 108015123 108015224 108015224 108015275 108015402 108015466 108015470 108015472 108015656 108015656 108015679 108015949 108015949 108015981 108016065 108016076 108016134 108016159 108016404 108016405 108016406 108016418 108016448 108016448 108016451 108016451 108016585 108016587 108016587 108016678 108016792 108016973 108016973 108017241 108017416 108017417 108017417 108017634 108017634 108017687 108017698 108017810 108017810 108017811 108017841 108017841 108017853 108017854 108017869 108017870 108017919 108017921 108017957 108017961 108017973 108017974 108018069 108018134 108018134 108018549 108018558 108018558 108018628 108018913 108019107 108019144 108019148 108019244 108019281 108019281 108019317 108019319 108019328 108019328 108019514 108019514 108019571 108019652 108019691 108019756 108019756 108019830 108019831 108019834 108019834 108020016 108020049 108020065 108020668 108020668 108020700 108020754 108020764 108020793 108020795 108020797 108020800 108020803 108020803 108020876 108020899 108020899 108020943 108020974 108020974 108020983 108020983 108020990 108020990 108021082 108021171 108021172 108021234 108021234 108021271 108021415 108021415 108021416 108021416 108021417 108021417 108021690 108021691 108021728 118876800 118876800 118876902 118876902 118876908 118876908 118876929 118876934 118876934 118876966 118876966 118877289 118877289 118877290 118877290 118877361 118877361 118877416 118877539 118877645 118877645 118877900 118877905 118877905 118877929 118879756 118879795 136116457 136116465 136116470 136116581 136116852 136116919 136117164 136117386 136117386 139352198 139352553 139352553 139352894 139352922 139352946 139352946 139353139 139353139 139353177 139353268 139353499 139353499 139353706
GO:0004298	threonine-type endopeptidase activity	108008401 108008756 108009206 108010988 108011125 108013432 108018649 108018649 108019442
GO:0004300	enoyl-CoA hydratase activity	108019775 108020882
GO:0004301	epoxide hydrolase activity	108017786 108018147 108018148 108021615
GO:0004303	estradiol 17-beta-dehydrogenase [NAD(P)+] activity	108016802
GO:0004305	ethanolamine kinase activity	108006326 108021186
GO:0004306	ethanolamine-phosphate cytidylyltransferase activity	108020939
GO:0004307	ethanolaminephosphotransferase activity	108019846 108020903 108021530
GO:0004309	exopolyphosphatase activity	108016829
GO:0004312	fatty acid synthase activity	108015114 108018124 139353186
GO:0004315	3-oxoacyl-[acyl-carrier-protein] synthase activity	108006724 108006724 108015114 108018124 139353186
GO:0004322	ferroxidase activity	108016761 108016761
GO:0004325	ferrochelatase activity	108010779 108010779
GO:0004326	tetrahydrofolylpolyglutamate synthase activity	108005186 108005186 108021084 108021084
GO:0004329	formate-tetrahydrofolate ligase activity	108010923
GO:0004331	fructose-2,6-bisphosphate 2-phosphatase activity	136116458
GO:0004332	fructose-bisphosphate aldolase activity	108014070 108014070 108018420 108018420
GO:0004333	fumarate hydratase activity	108015254 108015254 108015255 108015255 108017063 108017063 108021458 108021458
GO:0004334	fumarylacetoacetase activity	108011841 108011841
GO:0004335	galactokinase activity	108013499 108013499
GO:0004337	(2E,6E)-farnesyl diphosphate synthase activity	108010116
GO:0004340	glucokinase activity	108010900 108015366 108017940 108020309
GO:0004341	gluconolactonase activity	108005176 108015611
GO:0004342	glucosamine-6-phosphate deaminase activity	108005223 108005223
GO:0004343	glucosamine 6-phosphate N-acetyltransferase activity	108015520
GO:0004345	glucose-6-phosphate dehydrogenase activity	108007425 108007425 108015140 108015140
GO:0004346	glucose-6-phosphatase activity	108009038
GO:0004347	glucose-6-phosphate isomerase activity	108017955 108017955
GO:0004348	glucosylceramidase activity	108007409 108007843 108020663
GO:0004349	glutamate 5-kinase activity	108007760
GO:0004350	glutamate-5-semialdehyde dehydrogenase activity	108007760 108007760
GO:0004351	glutamate decarboxylase activity	108011828
GO:0004352	glutamate dehydrogenase (NAD+) activity	108012018 108014860
GO:0004356	glutamine synthetase activity	108013661 108013661 108016918 108016918
GO:0004357	glutamate-cysteine ligase activity	108019060 108019060
GO:0004359	glutaminase activity	108013707 108013707 108019863 108019863
GO:0004360	glutamine-fructose-6-phosphate transaminase (isomerizing) activity	108014835 108014835 108017369 108017369
GO:0004361	glutaryl-CoA dehydrogenase activity	108021105
GO:0004362	glutathione-disulfide reductase (NADPH) activity	108007436 108019124
GO:0004363	glutathione synthase activity	108016900 108016900
GO:0004364	glutathione transferase activity	108007773 108007821 108008276 108008435 108009150 108009197 108009510 108012516 108012516 108012517 108012517 108013534 108013534 108013537 108013537 108015220 108016105 108016110 108016111 108017130 108017779 108017780 108017832 108017833 108017838 108017844 108017848 108017850 108017861 108017881 108018222 108018242 108018243 108018355 108018356 108018357 108018407 108018408 108019880 136117122 136117125 139353192
GO:0004365	glyceraldehyde-3-phosphate dehydrogenase (NAD+) (phosphorylating) activity	108009068 108010186 108019188
GO:0004366	glycerol-3-phosphate O-acyltransferase activity	108010123 108012123 108015281 108017495 108017495
GO:0004368	glycerol-3-phosphate dehydrogenase (quinone) activity	108018090 108018090 108018121 108018121 108018241 108018241
GO:0004370	glycerol kinase activity	108012927 108012927 108013450 108013450
GO:0004372	glycine hydroxymethyltransferase activity	108011135 108011135
GO:0004373	alpha-1,4-glucan glucosyltransferase (UDP-glucose donor) activity	108014165 108014165
GO:0004375	glycine dehydrogenase (decarboxylating) activity	108012054 108012054
GO:0004376	GPI mannosyltransferase activity	108008424 108008424 108009698 108009698
GO:0004377	GDP-Man:Man(3)GlcNAc(2)-PP-Dol alpha-1,2-mannosyltransferase activity	108017621 108017621
GO:0004378	GDP-Man:Man(1)GlcNAc(2)-PP-Dol alpha-1,3-mannosyltransferase activity	108007177
GO:0004379	glycylpeptide N-tetradecanoyltransferase activity	108012393 108012393
GO:0004382	GDP phosphatase activity	108010644
GO:0004383	guanylate cyclase activity	108004915 108004915 108004937 108004937 108006947 108007582 108007582 108008901 108008901 108011050 108011645 108013259 108013259 108014222 108014222 108014587 108017081 108017081 108018235 108018235
GO:0004385	GMP kinase activity	108012414 108012414
GO:0004386	helicase activity	108004650 108004673 108004858 108005314 108011865 108012277 108014577 108015371 108016979 108019491 108021418 108021610
GO:0004392	heme oxygenase (decyclizing) activity	108011722 108011722
GO:0004394	heparan sulfate 2-sulfotransferase activity	108019666
GO:0004395	obsolete hexaprenyldihydroxybenzoate methyltransferase activity	108019920
GO:0004398	histidine decarboxylase activity	108009956
GO:0004402	histone acetyltransferase activity	108004601 108004615 108009158 108009158 108012376 108014960 108014960 108015989 108021178 108021606 108021606
GO:0004407	histone deacetylase activity	108005313 108005313 108005335 108007106 108007106 108016260 108016260 108017314 108017314
GO:0004408	holocytochrome-c synthase activity	108011349 108011349
GO:0004411	homogentisate 1,2-dioxygenase activity	108006344 108006344
GO:0004416	hydroxyacylglutathione hydrolase activity	108012475 108012475
GO:0004418	hydroxymethylbilane synthase activity	108013223 108013223
GO:0004419	hydroxymethylglutaryl-CoA lyase activity	108021594
GO:0004420	hydroxymethylglutaryl-CoA reductase (NADPH) activity	108007833 108007833
GO:0004421	hydroxymethylglutaryl-CoA synthase activity	108009091 108009091
GO:0004423	iduronate-2-sulfatase activity	108007121 108007121
GO:0004427	inorganic diphosphate phosphatase activity	108009627 108009627
GO:0004430	1-phosphatidylinositol 4-kinase activity	108013032 108015098 108016277
GO:0004435	phosphatidylinositol-4,5-bisphosphate phospholipase C activity	108006331 108006331 108016816 108016816 108020249 108020249
GO:0004438	phosphatidylinositol-3-phosphate phosphatase activity	108005437 108006310 108009254 108009629 108013228 139353981
GO:0004439	phosphatidylinositol-4,5-bisphosphate 5-phosphatase activity	108007840 108008337 108009688 108011112 108016944
GO:0004441	inositol-1,4-bisphosphate 1-phosphatase activity	108020858
GO:0004445	inositol-polyphosphate 5-phosphatase activity	108006632
GO:0004449	isocitrate dehydrogenase (NAD+) activity	108008713 108013233 108015119
GO:0004450	isocitrate dehydrogenase (NADP+) activity	108012964 108012964
GO:0004452	isopentenyl-diphosphate delta-isomerase activity	108014417 108014417
GO:0004454	ketohexokinase activity	108006219 108006221 108015887 108015903
GO:0004459	L-lactate dehydrogenase (NAD+) activity	108012439 108012439 108019670
GO:0004462	lactoylglutathione lyase activity	108017879
GO:0004465	lipoprotein lipase activity	108013711
GO:0004467	long-chain fatty acid-CoA ligase activity	108005116 108008448 108008467 108008503 108008708 108010263 108010264 108010288 108011538 108014176 108014181 108014185 108015574 108019245 108020622 108020729 108020729 108020947 108021448 108021481 139353152
GO:0004473	malate dehydrogenase (decarboxylating) (NADP+) activity	108009622 108009624 108010177 108014689 108016132
GO:0004475	mannose-1-phosphate guanylyltransferase (GTP) activity	108005928 108005928
GO:0004476	mannose-6-phosphate isomerase activity	108006956 108006956
GO:0004477	methenyltetrahydrofolate cyclohydrolase activity	108010923 108011560
GO:0004478	methionine adenosyltransferase activity	108015953 108015953
GO:0004479	methionyl-tRNA formyltransferase activity	108010767 108010767
GO:0004482	mRNA 5'-cap (guanine-N7-)-methyltransferase activity	108005364 108005364
GO:0004483	methyltransferase cap1 activity	108010144 108019193
GO:0004484	mRNA guanylyltransferase activity	108006563 108006563
GO:0004485	methylcrotonoyl-CoA carboxylase activity	108010806 108017807
GO:0004487	methylenetetrahydrofolate dehydrogenase (NAD+) activity	108011560
GO:0004488	methylenetetrahydrofolate dehydrogenase (NADP+) activity	108010923 108010923 108011560 108011560
GO:0004489	methylenetetrahydrofolate reductase [NAD(P)H] activity	108007395 108007395
GO:0004491	methylmalonate-semialdehyde dehydrogenase (acylating, NAD) activity	108016965 108016965
GO:0004496	mevalonate kinase activity	108019596 108019596
GO:0004497	monooxygenase activity	108004856 108005183 108005242 108005397 108005433 108005504 108005505 108005841 108005981 108006234 108006237 108006685 108007096 108007968 108008061 108008102 108008381 108008671 108008943 108008944 108008945 108008946 108008947 108008948 108008949 108009153 108009231 108009232 108009264 108009272 108009751 108009815 108010880 108011444 108011869 108012166 108012453 108012461 108013828 108013829 108014127 108014401 108014938 108014959 108015390 108015530 108016827 108016828 108016931 108016946 108016981 108017397 108017524 108017560 108017740 108017741 108017783 108017871 108018006 108018132 108018693 108019259 108019387 108019485 108019588 108019591 108019592 108019593 108019594 108019629 108019631 108019644 108019793 108020556 108021541 108021548 108021549 108021821 118877697 136116477 139352569 139354644
GO:0004499	N,N-dimethylaniline monooxygenase activity	108008562 108018061
GO:0004500	dopamine beta-monooxygenase activity	108007427 108018944 118877277
GO:0004502	kynurenine 3-monooxygenase activity	108009066 108009066
GO:0004505	phenylalanine 4-monooxygenase activity	108006855 108006855
GO:0004510	tryptophan 5-monooxygenase activity	108013569 108013569
GO:0004511	tyrosine 3-monooxygenase activity	108013408 108013408
GO:0004512	inositol-3-phosphate synthase activity	108018201 108018201
GO:0004515	nicotinate-nucleotide adenylyltransferase activity	108014579 108014579
GO:0004516	nicotinate phosphoribosyltransferase activity	108021009 108021009
GO:0004517	nitric-oxide synthase activity	108021112
GO:0004518	nuclease activity	108012855
GO:0004519	endonuclease activity	108007455 108014088 108014088 108017596 108017639
GO:0004520	DNA endonuclease activity	108006089 108008087 108021166 108021488
GO:0004521	RNA endonuclease activity	108005670 108006408 108007613 108007617 108007636 108008983 108009009 108009266 108009279 108009611 108010069 108010978 108011177 108011377 108011936 108013683 108014520 108014556 108014556 108014694 108014753 108014759 108015382 108015382 108015446 108015590 108019749 108020752 108020753 108021354 108021436 108021469 108021810 108021810 118876781 118877691 139353041 139354874
GO:0004523	RNA-DNA hybrid ribonuclease activity	108010040 108019816 108019816 108020958 108020958 118878762 139352826 139352835 139352835 139353415 139353416 139353654 139353731 139353731 139353747 139353747 139354008 139354008 139354140 139354140 139354322 139354415 139354415 139354742 139354742 139354757 139354823 139354987 139354987 139355064 139355069
GO:0004525	ribonuclease III activity	108005959 108005959 108009639 108009639 108016265 108019813 108019813
GO:0004526	ribonuclease P activity	108019302 108019963 118878107
GO:0004527	exonuclease activity	108013400 108013870 108016967
GO:0004530	deoxyribonuclease I activity	108005959 108009639
GO:0004531	deoxyribonuclease II activity	108014812 108014812
GO:0004534	5'-3' RNA exonuclease activity	108014694 108020472
GO:0004535	poly(A)-specific ribonuclease activity	108014668 108018100 108018100 108020623
GO:0004550	nucleoside diphosphate kinase activity	108006548 108009523 108010792 108010792 108012915 108012918 108017201
GO:0004553	hydrolase activity, hydrolyzing O-glycosyl compounds	108012105 108012868 108014744 108014745 108018867 108019665 108019857
GO:0004555	alpha,alpha-trehalase activity	108009242 108009242 108010310 108010310
GO:0004556	alpha-amylase activity	108008669 108008669 108009443 108009443 108018488 108018488
GO:0004557	alpha-galactosidase activity	108006656 108008509 108009093
GO:0004559	alpha-mannosidase activity	108005279 108014576 108014576 108015846 108015846 108018957 108018957 108019013 108019013 108019227 108019227 108021302 108021302 108021699 108021699
GO:0004560	alpha-L-fucosidase activity	108017059 108017059
GO:0004565	beta-galactosidase activity	108019276 108019276
GO:0004566	beta-glucuronidase activity	108010867 108018062 108018232 139352537
GO:0004567	beta-mannosidase activity	108011650
GO:0004568	chitinase activity	108007102 108009387 108009767 108013251 108015177 108015400 108016893 108017795 108020907 118876761 118877614 136117795 139352486 139352488 139352547 139352550 139352551
GO:0004571	mannosyl-oligosaccharide 1,2-alpha-mannosidase activity	108010666 108010666 108014594 108014594 108015285 108015285 108015475 108015475 108016948 108016948 118877939 118877939
GO:0004573	Glc3Man9GlcNAc2 oligosaccharide glucosidase activity	108004690
GO:0004577	N-acetylglucosaminyldiphosphodolichol N-acetylglucosaminyltransferase activity	108005363
GO:0004579	dolichyl-diphosphooligosaccharide-protein glycotransferase activity	108005046 108015167
GO:0004582	dolichyl-phosphate beta-D-mannosyltransferase activity	108016863 108016863
GO:0004586	ornithine decarboxylase activity	108017857 108019627 108019680 108019926 139352564
GO:0004587	ornithine aminotransferase activity	108019344 108019344
GO:0004588	orotate phosphoribosyltransferase activity	108006139 108006139
GO:0004590	orotidine-5'-phosphate decarboxylase activity	108006139 108006139
GO:0004591	oxoglutarate dehydrogenase (succinyl-transferring) activity	108006828 108006828 108010762 108010762 108012820 108012820
GO:0004594	pantothenate kinase activity	108005615 108005820 108005820
GO:0004596	protein-N-terminal amino-acid acetyltransferase activity	108012376 108012671 108015149 108015300 108021729 108021730
GO:0004601	peroxidase activity	108005979 108005979 108007725 108007725 108011479 108011479 108012053 108012053 108013252 108013252 108014750 108014750 108020789 108020789 108021140 108021140 108021574 108021574 118878588 118878588
GO:0004602	glutathione peroxidase activity	108017866 108017866 118877434 118877434
GO:0004605	phosphatidate cytidylyltransferase activity	108012849 108012849 108015721 108015721
GO:0004609	phosphatidylserine decarboxylase activity	108015758 108015758
GO:0004610	phosphoacetylglucosamine mutase activity	108011745 108011745
GO:0004613	phosphoenolpyruvate carboxykinase (GTP) activity	108018126 108018126 108018203 108018203
GO:0004614	phosphoglucomutase activity	108007499
GO:0004615	phosphomannomutase activity	108011761 108011761
GO:0004616	phosphogluconate dehydrogenase (decarboxylating) activity	108016847 108016847
GO:0004617	phosphoglycerate dehydrogenase activity	108021655
GO:0004618	phosphoglycerate kinase activity	108016562 108016562 108016583 108016583
GO:0004620	phospholipase activity	108013362 108013362 108014560 108018336 108020062 108020367
GO:0004622	phosphatidylcholine lysophospholipase activity	108004677 108004677 108018229
GO:0004623	phospholipase A2 activity	108006635 108006635
GO:0004630	phospholipase D activity	108019871 108019871
GO:0004631	phosphomevalonate kinase activity	108005636 108005636
GO:0004632	phosphopantothenate--cysteine ligase activity	108013831
GO:0004633	phosphopantothenoylcysteine decarboxylase activity	108010087
GO:0004634	phosphopyruvate hydratase activity	108015263 108015263
GO:0004637	phosphoribosylamine-glycine ligase activity	108020935 108020935
GO:0004639	phosphoribosylaminoimidazolesuccinocarboxamide synthase activity	139352172 139352172
GO:0004641	phosphoribosylformylglycinamidine cyclo-ligase activity	108020935 108020935
GO:0004642	phosphoribosylformylglycinamidine synthase activity	139355105
GO:0004643	phosphoribosylaminoimidazolecarboxamide formyltransferase activity	108017311 108017311
GO:0004644	phosphoribosylglycinamide formyltransferase activity	108020935
GO:0004648	O-phospho-L-serine:2-oxoglutarate aminotransferase activity	108014788 108014788
GO:0004649	poly(ADP-ribose) glycohydrolase activity	108019210 108019210
GO:0004651	polynucleotide 5'-phosphatase activity	108010291
GO:0004653	polypeptide N-acetylgalactosaminyltransferase activity	108006110 108007520 108007610 108009386 108010462 108012937 108017738 108018200 108018924 108021266 108021635 108021636
GO:0004654	polyribonucleotide nucleotidyltransferase activity	108010834 108010834
GO:0004655	porphobilinogen synthase activity	108013466 108013466
GO:0004656	procollagen-proline 4-dioxygenase activity	108006081 108006081 108006113 108006113 108007297 108007297 108007748 108007748 108007749 108007749 108007758 108007758 108007759 108007759 108008035 108008035 108008038 108008038 108008044 108013818 108013818 108013819 108013819 108013820 108013820 108015013 108015013 108015797 108015797 108015798 108015798 108016504 108016504 108017229 108017229 108017231 108017231 108017232 108017233 108017233 108017243 108017243 108017258 108017258 108017259 108017259 108017260 108017260 108017262 108017262 108017264 108017264 108017265 108017273 108017273 108020608 139353157 139353157 139353170 139353170
GO:0004657	proline dehydrogenase activity	108011221
GO:0004659	prenyltransferase activity	108005908 108010765 108012305 108021053 108021053
GO:0004660	protein farnesyltransferase activity	108004944 108021045
GO:0004662	CAAX-protein geranylgeranyltransferase activity	108021045 108021525
GO:0004663	Rab geranylgeranyltransferase activity	108006302 108006302 108019441
GO:0004671	protein C-terminal S-isoprenylcysteine carboxyl O-methyltransferase activity	108011256 108011256
GO:0004672	protein kinase activity	108004851 108004870 108005134 108005229 108005905 108005993 108006240 108006259 108006947 108007369 108007369 108008901 108009162 108009265 108010246 108010780 108010974 108010974 108011050 108011102 108011102 108011471 108011530 108011641 108011641 108011645 108011724 108011990 108012254 108012339 108012399 108012399 108013259 108014587 108014895 108014998 108015014 108015174 108015174 108015503 108015584 108015584 108016285 108016285 108016890 108016954 108016954 108017782 108017782 108018621 108019113 108019113 108019782 108019866 108019866 108020158 108021060 108021060 108021631 108021820 108021820 139354775
GO:0004674	protein serine/threonine kinase activity	108004842 108004842 108004880 108004880 108004950 108004950 108005082 108005082 108005224 108005298 108005428 108005682 108005727 108005844 108005844 108005850 108006055 108006338 108006338 108006904 108006904 108006913 108006975 108007276 108007309 108007342 108007342 108007449 108007531 108007729 108007729 108007895 108008047 108008048 108008963 108008963 108009039 108009103 108009167 108009201 108009314 108009314 108009329 108009551 108009705 108009754 108009850 108009850 108009900 108010025 108010689 108010689 108011092 108011162 108011162 108011241 108011371 108011371 108011450 108011450 108011636 108011737 108011737 108011810 108011929 108011963 108011963 108012147 108012158 108012158 108012524 108012543 108012543 108012835 108012835 108012926 108012926 108013038 108013038 108013153 108013766 108014095 108014095 108014149 108014270 108014389 108014834 108014894 108014894 108015099 108015244 108015249 108015346 108015346 108015358 108015590 108016536 108016536 108016537 108016577 108016773 108016773 108016903 108016912 108017117 108017336 108017545 108017545 108017993 108018184 108018477 108018599 108018970 108019030 108019092 108019803 108019875 108020092 108020092 108020095 108020117 108020117 108020298 108020302 108020372 108020414 108020545 108020927 108021037 108021207 108021335 108021602 108021704 139353140 139353140
GO:0004675	transmembrane receptor protein serine/threonine kinase activity	108009825 108009825
GO:0004683	calcium/calmodulin-dependent protein kinase activity	108011166 108011912 108014722 108016188 108020375 108020386
GO:0004689	phosphorylase kinase activity	108005367
GO:0004691	cAMP-dependent protein kinase activity	108013779
GO:0004692	cGMP-dependent protein kinase activity	108015357 108017856 108021348
GO:0004693	cyclin-dependent protein serine/threonine kinase activity	108007318 108008471 108010546 108015840 108017962 108018065 108021829
GO:0004694	eukaryotic translation initiation factor 2alpha kinase activity	108010833 108010833 108011230
GO:0004697	diacylglycerol-dependent serine/threonine kinase activity	108005376 108007231 108008360 108009243
GO:0004703	G protein-coupled receptor kinase activity	108010847 139354023 139354023
GO:0004705	JUN kinase activity	108004592
GO:0004707	MAP kinase activity	108006529 108013238 108015431 108015785 108020638 108020638 108021444 108021444
GO:0004708	MAP kinase kinase activity	108005159
GO:0004709	MAP kinase kinase kinase activity	108005952 108010575 108010678 108015332
GO:0004712	protein serine/threonine/tyrosine kinase activity	108016537 108017336 108020414 108020927
GO:0004713	protein tyrosine kinase activity	108009049 108009049 108009096 108009096 108009431 108010304 108011452 108013153 108019030 108020068 108020068
GO:0004714	transmembrane receptor protein tyrosine kinase activity	108004681 108004681 108005015 108005880 108007289 108008431 108009052 108009404 108009633 108009633 108013615 108019603 108019753 108021688 108021688
GO:0004715	non-membrane spanning protein tyrosine kinase activity	108005638 108005888 108006981 108010964 108011682 108016885 108019439 108020477
GO:0004719	protein-L-isoaspartate (D-aspartate) O-methyltransferase activity	108016247 108016247
GO:0004720	protein-lysine 6-oxidase activity	108008372 108010838
GO:0004721	phosphoprotein phosphatase activity	108006224 108007187 108015387 108019574
GO:0004722	protein serine/threonine phosphatase activity	108004600 108005083 108005418 108006427 108007179 108008720 108008799 108009589 108009874 108011037 108012220 108012370 108012627 108015153 108015212 108015494 108015921 108016779 108016889 108017536 108018659 108018719 108019064 108019116 108019179 108019460 108020133 108021254 139353891 139354825 139354864
GO:0004725	protein tyrosine phosphatase activity	108005215 108005337 108006539 108006539 108007241 108007241 108007284 108007284 108009674 108009674 108010280 108010724 108010724 108012802 108012802 108013260 108013270 108014712 108015212 108015265 108015265 108015326 108015626 108015626 108016858 108019127 108019127 108020109 108020109 108021005 108021005 108021272 108021546 108021546 118877960 139352696 139353985 139354121
GO:0004726	non-membrane spanning protein tyrosine phosphatase activity	108010997 108013331 108016748 118877959
GO:0004729	oxygen-dependent protoporphyrinogen oxidase activity	108011475
GO:0004730	pseudouridylate synthase activity	108021300
GO:0004731	purine-nucleoside phosphorylase activity	108009661 108009661 108013380 108013380
GO:0004733	pyridoxamine phosphate oxidase activity	108006125 108006125 108013813 108013813 108019110 108019110
GO:0004735	pyrroline-5-carboxylate reductase activity	108014144 108014144 108017350 108017350
GO:0004736	pyruvate carboxylase activity	108009274 108009274
GO:0004739	pyruvate dehydrogenase (acetyl-transferring) activity	108007216 108008850 108008850 108016651 108016651 108016982 108016982
GO:0004740	pyruvate dehydrogenase (acetyl-transferring) kinase activity	108009980
GO:0004741	[pyruvate dehydrogenase (acetyl-transferring)]-phosphatase activity	108004704
GO:0004742	dihydrolipoyllysine-residue acetyltransferase activity	108021149 108021149
GO:0004743	pyruvate kinase activity	108009128 108009128 108013599 108013599 108015611 108015611 108017623 108017623 108020495 108020495 108020525 108020525
GO:0004747	ribokinase activity	108014108 108016618
GO:0004748	ribonucleoside-diphosphate reductase activity, thioredoxin disulfide as acceptor	108008420 108021425 108021425
GO:0004749	ribose phosphate diphosphokinase activity	108013093 108013093 108017257 108017257
GO:0004750	D-ribulose-phosphate 3-epimerase activity	108017923 108017923
GO:0004751	ribose-5-phosphate isomerase activity	108008318 108008318
GO:0004753	saccharopine dehydrogenase activity	108015232
GO:0004756	selenide, water dikinase activity	108006977
GO:0004757	sepiapterin reductase (NADP+) activity	108004762 108004762 108021835
GO:0004758	serine C-palmitoyltransferase activity	108019858 108021235
GO:0004760	L-serine-pyruvate transaminase activity	108015323
GO:0004767	sphingomyelin phosphodiesterase activity	108007115
GO:0004768	stearoyl-CoA 9-desaturase activity	108016480 108018338 108018676 108018676 108018737 108020216 118878101
GO:0004771	sterol ester esterase activity	108018137
GO:0004775	succinate-CoA ligase (ADP-forming) activity	108011831 108013759 108018450
GO:0004776	succinate-CoA ligase (GDP-forming) activity	108011831 108012528 108012528 108013759
GO:0004777	succinate-semialdehyde dehydrogenase (NAD+) activity	108012109
GO:0004781	sulfate adenylyltransferase (ATP) activity	108005906
GO:0004784	superoxide dismutase activity	108008495
GO:0004788	thiamine diphosphokinase activity	108007249 108007249
GO:0004791	thioredoxin-disulfide reductase (NADPH) activity	108006420 108007436 108019124
GO:0004792	thiosulfate-cyanide sulfurtransferase activity	108014890 108016319
GO:0004794	threonine deaminase activity	108006982
GO:0004798	dTMP kinase activity	108009523 108009523
GO:0004799	thymidylate synthase activity	108021463 108021463
GO:0004801	transaldolase activity	108017805 108017805
GO:0004802	transketolase activity	108007980 108019541
GO:0004805	trehalose-phosphatase activity	108006522 108019724 108021571
GO:0004806	triacylglycerol lipase activity	108005494 108013387 108018137
GO:0004807	triose-phosphate isomerase activity	108016474 108016474
GO:0004812	aminoacyl-tRNA ligase activity	108018946
GO:0004813	alanine-tRNA ligase activity	108014471 108014471 108018043 108018043
GO:0004814	arginine-tRNA ligase activity	108016088 108016088 108018922 108018922 108019152
GO:0004815	aspartate-tRNA ligase activity	108017771 108017771 108018500
GO:0004816	asparagine-tRNA ligase activity	108009287 108009287 108021283 108021283
GO:0004817	cysteine-tRNA ligase activity	108009374 108009374 108010193 108010193
GO:0004818	glutamate-tRNA ligase activity	108014334 108014334 108015755
GO:0004819	glutamine-tRNA ligase activity	108007938 108007938
GO:0004820	glycine-tRNA ligase activity	108012375 108012375
GO:0004821	histidine-tRNA ligase activity	108010448 108010448
GO:0004822	isoleucine-tRNA ligase activity	108007454 108007454 108007506 108007506
GO:0004823	leucine-tRNA ligase activity	108014463 108014463 108021182 108021182
GO:0004824	lysine-tRNA ligase activity	108015173 108015173
GO:0004825	methionine-tRNA ligase activity	108016413 108016413 108018197 108018197
GO:0004826	phenylalanine-tRNA ligase activity	108018204 108018204 108018928 108018928 108020606 108020606
GO:0004827	proline-tRNA ligase activity	108013603 108013603 108015755 108015755
GO:0004828	serine-tRNA ligase activity	108006417 108006417 108015784 108015784 108021540 108021540
GO:0004829	threonine-tRNA ligase activity	108021394 108021394
GO:0004830	tryptophan-tRNA ligase activity	108006984 108006984 108010485 108010485
GO:0004831	tyrosine-tRNA ligase activity	108005627 108005627 108009729 108009729
GO:0004832	valine-tRNA ligase activity	108013609 108013609 108019848 108019848
GO:0004833	tryptophan 2,3-dioxygenase activity	108021836 108021836
GO:0004838	L-tyrosine-2-oxoglutarate transaminase activity	108006531 108006531
GO:0004839	ubiquitin activating enzyme activity	108009636
GO:0004842	ubiquitin-protein transferase activity	108004914 108006045 108006665 108008241 108009762 108010034 108010077 108010429 108011820 108011820 108011824 108011824 108012681 108012740 108014019 108014769 108015073 108016725 108018863 108019730 108020145 108020888 108020975 108021497 118877470 118878224 118878254 139353453
GO:0004843	cysteine-type deubiquitinase activity	108004756 108004756 108005079 108005233 108005233 108005375 108005375 108005589 108005589 108005743 108005743 108005965 108005965 108007098 108007542 108007542 108007739 108009097 108009097 108009525 108009759 108009759 108010010 108010804 108010804 108011111 108011111 108011225 108011441 108011441 108011449 108011449 108011472 108011472 108012877 108012877 108013088 108013088 108014461 108014501 108014782 108015307 108015353 108017198 108017977 108018402 108019159 108019359 108020135 108021642 108021642 139353877 139353877
GO:0004844	uracil DNA N-glycosylase activity	108020399
GO:0004846	urate oxidase activity	108005933 108005933
GO:0004850	uridine phosphorylase activity	108008568 108008568 108016136 108016136 108016140 108016140 108016149 108016149
GO:0004852	uroporphyrinogen-III synthase activity	108007022 108007022 108015010 108015010
GO:0004853	uroporphyrinogen decarboxylase activity	108008385 108008385
GO:0004854	xanthine dehydrogenase activity	108014135 108014135
GO:0004856	D-xylulokinase activity	108020215 108020215 108021349 108021349
GO:0004857	enzyme inhibitor activity	108014022 108015526
GO:0004860	protein kinase inhibitor activity	108006327 108009718 108009780
GO:0004861	cyclin-dependent protein serine/threonine kinase inhibitor activity	108008329 108014618 108014618
GO:0004862	cAMP-dependent protein kinase inhibitor activity	108009750
GO:0004864	protein phosphatase inhibitor activity	108009526 108010453 108010453 108012943 108012943 108013126 108021050
GO:0004865	protein serine/threonine phosphatase inhibitor activity	108009291 108011910 108011910 108015283 108015283 108020984 108021315
GO:0004866	endopeptidase inhibitor activity	108008270 108010038 108011128 108011966 108012002 108017530 108020376 108020434 139352914
GO:0004867	serine-type endopeptidase inhibitor activity	108004893 108004906 108005676 108005779 108005807 108005808 108005889 108006015 108006015 108006026 108006026 108006209 108006217 108006217 108006515 108006618 108007109 108008022 108008210 108008245 108008364 108008373 108008373 108008466 108008660 108008742 108008810 108008842 108009322 108009369 108009744 108009798 108009965 108010222 108010440 108010440 108012447 108012932 108013050 108013113 108013113 108013127 108013317 108013675 108013891 108014017 108014547 108014547 108015394 108015394 108015689 108016029 108016031 108017355 108017716 108017716 108017842 108017868 108017897 108017897 108018031 108018033 108018034 108018035 108018078 108018079 108018080 108019000 108019162 108019459 108019473 108019484 108019517 108019550 108019550 108020115 108020727 108020964 108020964 108020965 108020966 108020966 108020968 108020968 108021325 108021630 108021710 108021711 108021727 118877383 118877537 118877969 118877969 118878123 136117184 136117189 139352202 139355187 139355192
GO:0004869	cysteine-type endopeptidase inhibitor activity	108006946 108015022 108015070 108020171 118877889 118877890
GO:0004879	nuclear receptor activity	108004940 108006617 108006908 108007867 108009896 108009896 108010479 108010479 108012500 108013089 108013300 108013619 108013993 108015808 108016032 108016535 108016647 108017686 108018268 108019289 108019790 108019790 108020082 108021039
GO:0004888	transmembrane signaling receptor activity	108004795 108004795 108005800 108005800 108006426 108006426 108009518 108009518 108010870 108010870 108011533 108011881 108011881 108014148 108014169 108014169 108014177 108014177 108014711 108014711 108015077 108015077 108015189 108015189 108016051 108016639 108016639 108017040 108017582 108017582 108017645 108017645 108018039 108018039 108018759 108018807 108018807 108018853 108018853 108020196 108020196 108021510 139353175 139353246
GO:0004890	GABA-A receptor activity	108012887 108012887 108018926 108018926 108018976
GO:0004896	cytokine receptor activity	118877251
GO:0004930	G protein-coupled receptor activity	108005292 108005759 108008207 108008527 108008755 108008852 108009720 108010408 108011082 108011161 108012514 108012631 108012862 108012925 108013291 108013292 108014083 108014083 108014886 108014886 108015377 108015546 108015841 108015841 108016407 108016407 108016484 108016484 108016513 108016644 108016751 108016983 108017085 108017085 108017731 108017731 108017914 108017914 108018107 108018183 108018183 108018283 108018988 108018988 108019461 108019461 108019579 108019771 108019771 108019874 108020209 108020209 108020570 108021042 108021511 108021511 108021586 108021586 118877398 136116597 136116855 136116904
GO:0004935	adrenergic receptor activity	108012181
GO:0004937	alpha1-adrenergic receptor activity	108010545 108011385 108012041 118878129
GO:0004948	calcitonin receptor activity	108005214 108019917
GO:0004965	G protein-coupled GABA receptor activity	108021108 108021155 108021155 118877629
GO:0004972	NMDA glutamate receptor activity	108016232 108016871
GO:0004983	neuropeptide Y receptor activity	108007614 108013852 108015991 108016083 108016124 108019986
GO:0004984	olfactory receptor activity	108005153 108005153 108005272 108005272 108005604 108005604 108007052 108007052 108007054 108007054 108007058 108007058 108008103 108008103 108008191 108008191 108008208 108008208 108008578 108008578 108008635 108008635 108008732 108008732 108008928 108008928 108008937 108008937 108008957 108008957 108008995 108008995 108009448 108009448 108009828 108009828 108009829 108009829 108009903 108009903 108009904 108009904 108009905 108009905 108011252 108011252 108011617 108011617 108012257 108012257 108012293 108012293 108012661 108012661 108012752 108012752 108012753 108012753 108012759 108012759 108012861 108012924 108012924 108012958 108012958 108013104 108013104 108013240 108013240 108013308 108013308 108013333 108013333 108013335 108013335 108014115 108014115 108014116 108014116 108014341 108014341 108014514 108014514 108014793 108014793 108015782 108015782 108015856 108015856 108015946 108015946 108016241 108016241 108016550 108016550 108016559 108016559 108016627 108016627 108016701 108016701 108017714 108017714 108018286 108018286 108018333 108018333 108018769 108018769 108018861 108018861 108018993 108018993 108019031 108019031 108019494 108019494 108019558 108019558 108019602 108019602 108019703 108019703 108019998 108019998 108021350 118877636 118877636 139352901 139352901 139353973 139353973 139354135 139354135
GO:0004989	octopamine receptor activity	108007433 108010545 108010943 108010944 108012181
GO:0004993	G protein-coupled serotonin receptor activity	108009834 108010545 108010941 108012222 108016774 108020130 118878130 118878561 136116999 139352873
GO:0004994	somatostatin receptor activity	108007747 108007757
GO:0004995	tachykinin receptor activity	108010931 108010931 108015458 108015458
GO:0004997	thyrotropin-releasing hormone receptor activity	108013862
GO:0005000	vasopressin receptor activity	108016307
GO:0005005	transmembrane-ephrin receptor activity	108020405
GO:0005007	fibroblast growth factor receptor activity	108014836
GO:0005009	insulin receptor activity	108016422
GO:0005024	transforming growth factor beta receptor activity	108011857
GO:0005025	transforming growth factor beta receptor activity, type I	108014910
GO:0005034	osmosensor activity	108020921
GO:0005041	low-density lipoprotein particle receptor activity	108019741
GO:0005042	netrin receptor activity	108018098
GO:0005044	scavenger receptor activity	108006546 108006812 108007735 108008009 108008298 108008300 108008301 108013081 108013568 108015672 108018901 108020920 108021502 139353067
GO:0005047	signal recognition particle binding	108004726 108004726 108013405 108013405
GO:0005048	signal sequence binding	108021459
GO:0005049	nuclear export signal receptor activity	108015315 108016940 108018111 108018111 108019177 108019511
GO:0005052	peroxisome matrix targeting signal-1 binding	108016777
GO:0005053	peroxisome matrix targeting signal-2 binding	108013558
GO:0005068	transmembrane receptor protein tyrosine kinase adaptor activity	108011767 108014623 108021625
GO:0005078	MAP-kinase scaffold activity	108007589 108012389 108017173
GO:0005080	protein kinase C binding	108014292 108019065 108021128
GO:0005085	guanyl-nucleotide exchange factor activity	108004683 108004709 108004815 108004972 108005113 108005913 108005913 108005925 108005925 108006223 108006251 108006809 108006825 108006825 108006869 108006869 108007603 108007694 108007694 108008367 108008453 108009079 108009079 108009115 108009115 108009162 108009209 108009491 108009509 108009860 108009860 108009943 108009943 108010175 108010215 108010215 108010303 108010303 108010949 108011409 108011409 108011445 108011888 108012036 108012036 108012379 108012888 108012888 108012961 108012961 108013106 108013172 108013339 108013339 108014525 108015225 108015225 108015389 108015483 108016071 108016542 108016674 108016772 108016772 108016794 108016844 108016844 108016849 108016849 108017622 108017739 108017753 108017883 108018004 108018004 108018076 108018076 108018095 108018230 108018821 108018821 108018904 108019082 108019490 108020047 108020944 108020944 108020950 108021080 108021114 108021684 108021684 108021812 139353980 139354125 139354125 139354980
GO:0005092	GDP-dissociation inhibitor activity	108009851 108009851 108019533 118876747
GO:0005093	Rab GDP-dissociation inhibitor activity	108021389 108021389
GO:0005094	Rho GDP-dissociation inhibitor activity	108005563 108005563
GO:0005096	GTPase activator activity	108004844 108004974 108005077 108005077 108005126 108005135 108005135 108005140 108005383 108005393 108005671 108005772 108005772 108006222 108006222 108006745 108006869 108007407 108007711 108007851 108007864 108007928 108008779 108009241 108009481 108009481 108009487 108010821 108011033 108011033 108011277 108012388 108012388 108012830 108013232 108013573 108015211 108015211 108015239 108015239 108015240 108015240 108015393 108015393 108015968 108016077 108016154 108016154 108016199 108016199 108016794 108016839 108016890 108017137 108017194 108017459 108017981 108018002 108018002 108018367 108018394 108018960 108019139 108019495 108019590 108019620 108019706 108019706 108020030 108020030 108020242 108020634 108020916 108020978 108021187 139353980 139354525
GO:0005102	signaling receptor binding	108005888 108006189 108009174 108010964 108011413 108012842 108013119 108016188 108020199 108021401
GO:0005104	fibroblast growth factor receptor binding	108014623 108015573 108021625
GO:0005109	frizzled binding	108005646 108006227 108008603 108010464 108010711 108016875 108016985 118878591
GO:0005112	Notch binding	108004596 108006110 108010757 108015048 108016135 108016135 108017587 108018762 108020364
GO:0005113	patched binding	108005809 108011013 108014148
GO:0005118	sevenless binding	108016312
GO:0005119	smoothened binding	108005809 108019853
GO:0005121	Toll binding	108009196 108009350 108012558 108016137 108018935 108020187
GO:0005125	cytokine activity	108005646 108006227 108008603 108009879 108010464 108010711 108014760 108016875 108020371 108020421 108020429 108021265 108021293 108021562 118878591
GO:0005126	cytokine receptor binding	108016885
GO:0005154	epidermal growth factor receptor binding	108019828 108020868 108021257 108021373
GO:0005158	insulin receptor binding	108018075
GO:0005164	tumor necrosis factor receptor binding	108008326 108019166
GO:0005175	CD27 receptor binding	108016910
GO:0005178	integrin binding	108005353 108005360 108006875 108008204 108008621 108008811 108011829 108012911 108014990 108015555 108016740 108017100 108017684 108017685 108018136 108019071
GO:0005179	hormone activity	108005546 108005547 108010597 108012064 108012064 108012946 108013218 108013219 108013220 108017593 108020051 108020310 118877293 118879092 118879092 136116449 136117720 136117720
GO:0005184	neuropeptide hormone activity	108009628 108011528 108012519 108014328 108015934
GO:0005198	structural molecule activity	108005904 108005904 108007859 108009528 108010170 108010449 108010860 108011153 108011457 108011457 108012904 108015827 108015871 108018038 108019093 108019668 108019722 108019851 108020545 108021258 108021582 139353230
GO:0005200	structural constituent of cytoskeleton	108008281 108009409 108009747 108009747 108010141 108010141 108010600 108010600 108012396 108012396 108012756 108012911 108013957 108013957 108014809 108014809 108014833 108014833 108015852 108015852 108016809 108017005 108017005 108017134 108017134 108017674 108021232 108021437
GO:0005213	structural constituent of egg chorion	108004741
GO:0005215	transporter activity	108013322 108019884 108020746
GO:0005216	monoatomic ion channel activity	108005324 108008972 108013047 108013548 108016093
GO:0005219	ryanodine-sensitive calcium-release channel activity	108019716 108019716
GO:0005220	inositol 1,4,5-trisphosphate-gated calcium channel activity	108016269
GO:0005222	intracellularly cAMP-activated cation channel activity	108009425 108010086 108010323
GO:0005223	intracellularly cGMP-activated cation channel activity	108009425 108010086 108010323
GO:0005227	calcium-activated cation channel activity	108019709
GO:0005228	intracellular sodium-activated potassium channel activity	108008193
GO:0005229	intracellularly calcium-gated chloride channel activity	108014932 108014947
GO:0005230	extracellular ligand-gated monoatomic ion channel activity	108008458 108012887 108017645 108018926 108018976
GO:0005231	excitatory extracellular ligand-gated monoatomic ion channel activity	108004795 108009518 108010870 108011881 108014169 108014177 108014711 108016639
GO:0005242	inward rectifier potassium channel activity	108005228 108005228 108011028 108011028 108011101 108011101 108021505 108021505 118878888
GO:0005243	gap junction channel activity	108007634 108013401 108015079 108015282 108016658 108016937 108016975 108019014
GO:0005245	voltage-gated calcium channel activity	108010018 108014948 108016046 108016339 108019835 108021430
GO:0005246	calcium channel regulator activity	108009235 108009614 108014981 108018196 108019041 108019197 108019843
GO:0005247	voltage-gated chloride channel activity	108007483 108007483 108019477 108019477 108019725
GO:0005248	voltage-gated sodium channel activity	108008971 108008971 108011109 108011109 108021783
GO:0005249	voltage-gated potassium channel activity	108005330 108005330 108009124 108009124 108009281 108009281 108009334 108009334 108014955
GO:0005250	A-type (transient outward) potassium channel activity	108010674
GO:0005251	delayed rectifier potassium channel activity	108012318 108016735 108019327 108021079
GO:0005254	chloride channel activity	108004795 108006312 108006534 108006769 108007999 108008000 108008001 108009518 108010870 108011881 108012887 108013396 108014169 108014170 108014177 108014651 108014711 108016639 108017645 108018926 108018976
GO:0005261	monoatomic cation channel activity	108006527 108009826 108013863 108016593 108017972 108021720 139353919
GO:0005262	calcium channel activity	108005659 108007551 108011639 108012266 108012769 108013141 108015135 108015667 108016880 108017024 108017025 108020464 108020476 108021198 108021198 108021379
GO:0005267	potassium channel activity	108006268 108006268 108011321 108011321
GO:0005272	sodium channel activity	108008877
GO:0005277	acetylcholine transmembrane transporter activity	139352153
GO:0005289	high-affinity L-arginine transmembrane transporter activity	108019523 108021426 139353305
GO:0005307	choline:sodium symporter activity	108014883
GO:0005313	L-glutamate transmembrane transporter activity	108005596 108007370 108007371 108017267 108021007 108021161
GO:0005315	phosphate transmembrane transporter activity	108012058 108012372 108013934 108013934
GO:0005319	lipid transporter activity	108012701 108014551 108014551 108015201 108015201 108015245 108015246 108015430 108015543 108015958 108018226 108018849 108020355 108020355 108020980 108021016 108021737 118877214 139353265
GO:0005324	long-chain fatty acid transmembrane transporter activity	108008448 108010288 108013728 108020410 108020947
GO:0005326	neurotransmitter transmembrane transporter activity	108005596
GO:0005328	neurotransmitter:sodium symporter activity	108020921
GO:0005330	dopamine:sodium symporter activity	108010247
GO:0005332	gamma-aminobutyric acid:sodium:chloride symporter activity	108013130 108020419
GO:0005335	serotonin:sodium:chloride symporter activity	108007411 108009858 108019735
GO:0005337	nucleoside transmembrane transporter activity	108020272 108020272 108020940 108020940 108021250 108021250
GO:0005344	oxygen carrier activity	108014549
GO:0005347	ATP transmembrane transporter activity	108013241 108020208
GO:0005375	copper ion transmembrane transporter activity	108006092 108006092 108012152 108012152 108015205 108015205
GO:0005381	iron ion transmembrane transporter activity	108018401
GO:0005384	manganese ion transmembrane transporter activity	108004916 108018401
GO:0005385	zinc ion transmembrane transporter activity	108007357 108009114 108010950 108011517 108013070 108013239 108013459 108015450 108017507 108017880 108017882 108021107 108021269 108021705 139354527 139354528
GO:0005388	P-type calcium transporter activity	108007704 108007704 108018021 108018021 108020353 108020353
GO:0005391	P-type sodium:potassium-exchanging transporter activity	108008702 108018387 108020430
GO:0005415	nucleoside:sodium symporter activity	108008459 108010313
GO:0005432	calcium:sodium antiporter activity	108008727 108009296 108018359 108018359 108019575 108019576 108019931
GO:0005452	solute:inorganic anion antiporter activity	108013214 108013214 108015745 108015745
GO:0005457	GDP-fucose transmembrane transporter activity	108006090
GO:0005459	UDP-galactose transmembrane transporter activity	108014420 108016977 108018933
GO:0005460	UDP-glucose transmembrane transporter activity	108014420
GO:0005461	UDP-glucuronate transmembrane transporter activity	108013492
GO:0005462	UDP-N-acetylglucosamine transmembrane transporter activity	108013492 108014791 108021815
GO:0005463	UDP-N-acetylgalactosamine transmembrane transporter activity	108013492
GO:0005464	UDP-xylose transmembrane transporter activity	108014791 108021815
GO:0005471	ATP:ADP antiporter activity	108004663 108004663 108004664 108004664
GO:0005483	soluble NSF attachment protein activity	108005742 108008586 118877872
GO:0005484	SNAP receptor activity	108005641 108009467 108009470 108009947 108009952 108011264 108011264 108012380 108012405 108012526 108012526 108012906 108013305 108013305 108014374 108014374 108014692 108015124 108015761 108015761 108016315 108016705 108017513 108018909 108018909 108018959 108021518 108021518 108021827 118877357 118877958 139353199
GO:0005496	steroid binding	108013089
GO:0005504	fatty acid binding	108008338 108009736 108009736 108010033 108010633 108016987 108021566 108021566
GO:0005506	iron ion binding	108004707 108004830 108004847 108004856 108005183 108005242 108005397 108005433 108005504 108005505 108005841 108005858 108005981 108006081 108006113 108006224 108006234 108006237 108006403 108006666 108006685 108006855 108006855 108007012 108007012 108007014 108007014 108007018 108007018 108007019 108007019 108007023 108007023 108007096 108007297 108007748 108007749 108007758 108007759 108007968 108008035 108008038 108008044 108008061 108008102 108008381 108008671 108008943 108008944 108008945 108008946 108008947 108008948 108008949 108009153 108009231 108009232 108009264 108009272 108009751 108009815 108010880 108011213 108011213 108011444 108011869 108012166 108012453 108012461 108012469 108012469 108013229 108013408 108013408 108013569 108013569 108013695 108013819 108013820 108013828 108013829 108013840 108013840 108014127 108014135 108014135 108014401 108014938 108014959 108015013 108015390 108015530 108015797 108015798 108015897 108016438 108016480 108016504 108016827 108016828 108016931 108016946 108016981 108017229 108017231 108017233 108017243 108017258 108017259 108017260 108017262 108017264 108017273 108017397 108017524 108017560 108017740 108017741 108017783 108017819 108017871 108018006 108018132 108018338 108018513 108018676 108018693 108018737 108019259 108019387 108019485 108019588 108019591 108019592 108019593 108019594 108019629 108019631 108019644 108019793 108020216 108020556 108020608 108021052 108021541 108021548 108021549 108021821 118877697 118878101 136116477 139352569 139353157 139353170 139354644
GO:0005507	copper ion binding	108005319 108005319 108005474 108005474 108006545 108007427 108007427 108008372 108009993 108010023 108010171 108010172 108010838 108011593 108011766 108013936 108015451 108015480 108016789 108018944 108018944 108021014 108021537 118877277 118877277 139354220 139354565
GO:0005509	calcium ion binding	108004555 108004555 108004719 108004719 108004729 108004743 108004791 108004791 108004882 108004882 108004936 108005015 108005016 108005176 108005339 108005352 108005692 108005702 108005743 108005912 108006224 108006298 108006332 108006332 108006345 108006561 108006635 108006635 108006744 108006764 108006764 108006779 108006802 108006802 108006876 108007219 108007219 108007242 108007242 108007565 108007566 108007566 108007572 108007981 108007992 108008289 108008370 108008615 108008815 108008818 108008908 108008908 108009069 108009069 108009194 108009292 108009292 108009423 108009423 108009432 108009498 108009537 108009550 108009550 108009555 108009709 108009715 108009720 108009775 108009775 108009823 108009983 108010456 108010456 108010461 108010461 108010566 108010644 108010644 108010666 108010757 108010910 108010989 108011013 108011026 108011026 108011109 108011278 108011278 108011523 108011527 108011578 108011626 108011942 108012266 108012346 108012404 108012404 108012463 108012817 108012870 108012989 108013142 108013241 108013545 108014002 108014159 108014159 108014180 108014454 108014531 108014594 108014792 108014792 108014847 108014854 108014867 108014867 108014891 108014961 108014963 108014981 108015122 108015135 108015178 108015210 108015285 108015286 108015309 108015395 108015408 108015408 108015467 108015467 108015475 108015501 108015501 108015563 108015569 108015591 108015591 108015611 108015643 108015681 108015775 108015982 108015985 108015987 108015988 108016135 108016381 108016479 108016507 108016507 108016643 108016740 108016816 108016948 108017024 108017025 108017069 108017267 108017487 108017487 108017558 108017558 108017587 108017592 108017650 108017902 108017937 108018028 108018090 108018121 108018158 108018248 108018279 108018279 108018342 108018381 108018390 108018390 108018438 108018762 108018865 108018886 108019061 108019061 108019130 108019142 108019142 108019197 108019199 108019199 108019410 108019410 108019431 108019534 108019601 108019695 108019695 108019741 108019843 108019844 108020199 108020249 108020331 108020338 108020364 108020396 108020396 108020403 108020739 108020739 108020855 108020905 108020905 108020973 108021140 108021209 108021209 108021274 108021290 108021290 108021378 108021404 108021404 108021670 108021825 108021831 118877273 118877337 118877337 118877338 118877338 118877906 118877939 136117288 139353043 139353044 139354026 139354026 139354071 139354071 139354450 139354492 139354512 139354512
GO:0005515	protein binding	108004593 108004610 108004650 108004651 108004655 108004678 108004680 108004681 108004699 108004705 108004710 108004714 108004720 108004748 108004750 108004768 108004803 108004807 108004814 108004846 108004861 108004880 108004889 108004900 108004905 108004914 108004923 108004924 108004938 108004943 108004951 108004967 108005005 108005009 108005087 108005088 108005092 108005135 108005188 108005192 108005206 108005237 108005268 108005292 108005316 108005327 108005336 108005337 108005338 108005375 108005412 108005425 108005428 108005453 108005456 108005466 108005467 108005535 108005538 108005541 108005544 108005563 108005563 108005589 108005593 108005605 108005638 108005643 108005653 108005656 108005661 108005670 108005696 108005713 108005727 108005734 108005756 108005771 108005778 108005792 108005800 108005802 108005822 108005828 108005845 108005850 108005857 108005876 108005877 108005891 108005904 108005955 108005959 108005980 108005986 108006067 108006081 108006083 108006094 108006108 108006113 108006114 108006161 108006184 108006185 108006224 108006240 108006251 108006271 108006279 108006331 108006333 108006337 108006338 108006347 108006349 108006374 108006381 108006384 108006392 108006414 108006431 108006495 108006519 108006530 108006561 108006607 108006610 108006623 108006625 108006633 108006665 108006674 108006719 108006746 108006762 108006805 108006806 108006825 108006836 108006841 108006862 108006863 108006897 108006898 108006899 108006913 108006916 108007017 108007049 108007094 108007098 108007149 108007197 108007274 108007282 108007284 108007296 108007297 108007355 108007392 108007403 108007405 108007430 108007451 108007453 108007456 108007463 108007486 108007503 108007625 108007650 108007659 108007660 108007748 108007749 108007758 108007759 108007813 108007832 108007833 108007883 108007887 108007896 108007928 108007985 108008008 108008018 108008020 108008035 108008038 108008060 108008265 108008285 108008286 108008312 108008316 108008333 108008336 108008339 108008344 108008365 108008368 108008374 108008407 108008408 108008431 108008434 108008439 108008478 108008483 108008516 108008537 108008567 108008572 108008588 108008657 108008668 108008733 108008735 108008743 108008747 108008778 108008779 108008841 108008879 108008912 108008971 108008972 108009007 108009049 108009067 108009095 108009096 108009102 108009117 108009149 108009162 108009163 108009176 108009185 108009259 108009270 108009276 108009277 108009291 108009300 108009353 108009391 108009396 108009400 108009444 108009449 108009453 108009456 108009472 108009503 108009511 108009513 108009516 108009519 108009531 108009536 108009549 108009551 108009555 108009561 108009576 108009578 108009579 108009587 108009592 108009607 108009631 108009633 108009637 108009639 108009644 108009669 108009676 108009689 108009690 108009693 108009694 108009696 108009710 108009752 108009758 108009773 108009783 108009786 108009795 108009805 108009811 108009814 108009819 108009822 108009826 108009837 108009859 108009863 108009878 108009890 108009891 108009927 108009967 108009972 108009994 108009995 108009998 108010009 108010021 108010026 108010036 108010043 108010044 108010052 108010060 108010061 108010062 108010079 108010085 108010113 108010117 108010119 108010125 108010130 108010137 108010139 108010159 108010170 108010190 108010192 108010205 108010235 108010238 108010244 108010250 108010273 108010280 108010294 108010295 108010299 108010306 108010311 108010314 108010315 108010324 108010452 108010467 108010471 108010522 108010585 108010603 108010606 108010627 108010673 108010674 108010714 108010715 108010721 108010724 108010737 108010741 108010785 108010795 108010816 108010817 108010821 108010829 108010833 108010858 108010877 108010888 108010958 108010969 108010995 108010999 108011026 108011033 108011037 108011059 108011065 108011114 108011134 108011139 108011149 108011171 108011178 108011230 108011236 108011262 108011328 108011371 108011377 108011407 108011409 108011422 108011422 108011471 108011473 108011481 108011491 108011501 108011510 108011515 108011519 108011525 108011535 108011544 108011598 108011603 108011647 108011655 108011665 108011683 108011694 108011730 108011735 108011738 108011760 108011793 108011834 108011892 108011895 108011906 108011909 108011941 108011942 108011958 108011963 108011966 108011971 108011974 108011984 108011990 108012000 108012009 108012021 108012026 108012036 108012052 108012072 108012111 108012134 108012169 108012183 108012218 108012256 108012277 108012317 108012318 108012333 108012339 108012344 108012350 108012355 108012359 108012366 108012369 108012399 108012412 108012419 108012462 108012476 108012477 108012488 108012553 108012590 108012614 108012641 108012643 108012645 108012656 108012657 108012706 108012769 108012814 108012838 108012846 108012863 108012872 108012888 108012904 108012908 108012922 108012930 108012932 108012939 108012952 108012961 108012963 108012973 108012996 108013007 108013037 108013045 108013047 108013050 108013055 108013063 108013081 108013085 108013091 108013097 108013110 108013129 108013132 108013137 108013201 108013221 108013230 108013252 108013266 108013270 108013283 108013290 108013293 108013299 108013310 108013326 108013336 108013384 108013417 108013421 108013430 108013431 108013441 108013456 108013458 108013484 108013491 108013498 108013501 108013539 108013548 108013558 108013559 108013565 108013567 108013580 108013592 108013626 108013709 108013749 108013768 108013770 108013800 108013811 108013818 108013819 108013820 108013859 108013868 108013888 108013908 108013912 108013927 108013929 108013931 108013987 108014019 108014028 108014139 108014157 108014163 108014173 108014202 108014248 108014254 108014279 108014304 108014308 108014333 108014336 108014371 108014402 108014422 108014433 108014439 108014457 108014466 108014484 108014531 108014585 108014634 108014709 108014712 108014725 108014761 108014847 108014854 108014866 108014887 108014891 108014920 108014922 108014953 108014960 108014963 108014968 108014969 108014978 108014991 108015002 108015013 108015015 108015049 108015084 108015103 108015111 108015171 108015175 108015184 108015202 108015225 108015234 108015241 108015243 108015268 108015273 108015277 108015294 108015303 108015304 108015327 108015339 108015349 108015356 108015359 108015361 108015376 108015385 108015407 108015434 108015447 108015489 108015496 108015511 108015519 108015525 108015526 108015536 108015559 108015673 108015679 108015693 108015749 108015783 108015797 108015798 108015807 108015816 108015824 108015826 108015827 108015871 108015944 108015968 108016008 108016024 108016036 108016053 108016064 108016071 108016077 108016079 108016081 108016093 108016094 108016157 108016199 108016204 108016215 108016216 108016339 108016341 108016372 108016439 108016504 108016511 108016542 108016544 108016572 108016597 108016599 108016601 108016607 108016735 108016759 108016765 108016766 108016771 108016773 108016777 108016778 108016819 108016823 108016843 108016845 108016858 108016880 108016884 108016894 108016896 108016899 108016904 108016920 108016923 108016943 108016968 108016984 108016988 108016989 108016995 108017040 108017041 108017060 108017192 108017229 108017231 108017232 108017233 108017238 108017243 108017258 108017259 108017260 108017262 108017264 108017265 108017273 108017282 108017296 108017333 108017343 108017370 108017475 108017486 108017494 108017505 108017509 108017511 108017588 108017589 108017600 108017624 108017728 108017739 108017782 108017792 108017835 108017849 108017863 108017867 108017872 108017898 108017899 108017919 108017922 108017937 108017939 108017946 108017951 108017954 108018037 108018040 108018041 108018044 108018045 108018064 108018066 108018073 108018098 108018100 108018139 108018146 108018150 108018154 108018165 108018180 108018193 108018210 108018219 108018221 108018233 108018238 108018269 108018295 108018304 108018312 108018315 108018316 108018318 108018319 108018342 108018377 108018378 108018394 108018397 108018448 108018485 108018495 108018548 108018576 108018591 108018613 108018617 108018626 108018627 108018679 108018739 108018759 108018782 108018797 108018821 108018863 108018866 108018886 108018897 108018923 108018932 108018937 108018969 108018973 108019030 108019058 108019059 108019069 108019070 108019075 108019090 108019097 108019101 108019107 108019113 108019114 108019122 108019130 108019131 108019139 108019154 108019183 108019186 108019195 108019197 108019203 108019206 108019207 108019224 108019277 108019282 108019287 108019327 108019353 108019369 108019425 108019439 108019478 108019495 108019507 108019518 108019531 108019553 108019577 108019600 108019613 108019621 108019706 108019707 108019716 108019718 108019722 108019741 108019748 108019749 108019776 108019792 108019797 108019798 108019808 108019811 108019829 108019836 108019851 108019855 108019859 108019863 108019864 108019869 108019877 108019878 108019881 108019914 108019915 108019963 108019976 108019991 108020012 108020053 108020111 108020112 108020123 108020136 108020158 108020164 108020165 108020167 108020180 108020205 108020206 108020284 108020297 108020304 108020321 108020356 108020374 108020377 108020382 108020383 108020392 108020405 108020417 108020466 108020484 108020489 108020549 108020604 108020623 108020637 108020674 108020691 108020734 108020775 108020786 108020791 108020806 108020823 108020824 108020825 108020831 108020840 108020857 108020877 108020878 108020889 108020891 108020901 108020906 108020929 108020945 108020946 108020948 108020959 108020970 108020975 108020989 108021021 108021029 108021032 108021041 108021057 108021079 108021092 108021109 108021126 108021135 108021145 108021152 108021166 108021167 108021174 108021194 108021199 108021211 108021221 108021255 108021258 108021260 108021270 108021291 108021295 108021297 108021301 108021314 108021321 108021323 108021335 108021336 108021338 108021351 108021354 108021356 108021362 108021366 108021367 108021376 108021379 108021405 108021407 108021414 108021421 108021433 108021436 108021443 108021469 108021480 108021482 108021483 108021497 108021497 108021513 108021523 108021567 108021627 108021628 108021632 108021640 108021646 108021661 108021678 108021683 108021699 108021700 108021701 108021720 108021791 108021793 118876759 118876793 118876795 118877066 118877326 118877372 118877578 118877638 118877681 118877689 118877718 118877720 118877721 118877733 118877799 118877833 118877867 118878586 118878644 118879475 118879759 136116466 136116981 136117034 136117318 136117477 139352169 139352171 139352997 139353006 139353041 139353049 139353157 139353170 139353175 139353272 139353304 139353342 139353550 139353551 139353557 139353558 139353559 139353561 139353563 139353569 139353762 139353919 139353980 139354056 139354125 139354222 139354254 139354484 139354589 139354606 139354607 139354608 139354609 139354610 139354612 139354614 139354615 139354617 139354618 139354620 139354630 139354820 139354824 139354877 139354930 139355006 139355077 139355131
GO:0005516	calmodulin binding	108004656 108004656 108005367 108008292 108008714 108009074 108009074 108010019 108010798 108011132 108011166 108011912 108012146 108013183 108014722 108016188 108016841 108017306 108018275 108019729 108020331 108020375 108020386 108020616 108021112 118878367 139353921
GO:0005518	collagen binding	108011026 108011278 108017937
GO:0005520	insulin-like growth factor binding	108006358 108012437
GO:0005521	lamin binding	108008965
GO:0005523	tropomyosin binding	108004684 108017244 108017244
GO:0005524	ATP binding	108004592 108004650 108004662 108004673 108004681 108004701 108004727 108004746 108004747 108004747 108004814 108004842 108004851 108004863 108004870 108004911 108004911 108004950 108004982 108005015 108005082 108005119 108005134 108005159 108005160 108005186 108005186 108005224 108005229 108005238 108005296 108005296 108005298 108005314 108005315 108005319 108005354 108005367 108005370 108005376 108005428 108005439 108005443 108005443 108005615 108005627 108005634 108005638 108005682 108005727 108005787 108005820 108005820 108005844 108005850 108005880 108005888 108005899 108005903 108005905 108005906 108005952 108005993 108005998 108006055 108006091 108006112 108006112 108006240 108006241 108006259 108006288 108006343 108006354 108006417 108006417 108006462 108006462 108006500 108006529 108006563 108006669 108006714 108006714 108006787 108006788 108006788 108006847 108006882 108006904 108006911 108006913 108006947 108006950 108006975 108006977 108006977 108006981 108006984 108007064 108007071 108007143 108007143 108007202 108007231 108007233 108007248 108007249 108007276 108007289 108007309 108007314 108007318 108007342 108007344 108007345 108007345 108007367 108007367 108007369 108007391 108007391 108007449 108007454 108007456 108007506 108007531 108007633 108007704 108007729 108007760 108007852 108007895 108007938 108007951 108007982 108008047 108008048 108008064 108008264 108008297 108008360 108008396 108008396 108008419 108008419 108008428 108008431 108008471 108008508 108008576 108008644 108008901 108008963 108008966 108009039 108009049 108009052 108009063 108009096 108009103 108009123 108009138 108009138 108009159 108009162 108009167 108009201 108009219 108009233 108009243 108009244 108009265 108009274 108009274 108009287 108009295 108009314 108009329 108009344 108009374 108009374 108009404 108009413 108009431 108009433 108009478 108009479 108009479 108009523 108009551 108009633 108009639 108009662 108009662 108009672 108009705 108009729 108009754 108009825 108009825 108009840 108009847 108009850 108009855 108009876 108009900 108009960 108009960 108010015 108010025 108010057 108010068 108010093 108010161 108010192 108010193 108010193 108010246 108010253 108010253 108010268 108010304 108010328 108010448 108010455 108010485 108010546 108010558 108010575 108010610 108010657 108010657 108010678 108010680 108010680 108010689 108010712 108010780 108010806 108010833 108010847 108010900 108010900 108010923 108010964 108010966 108010974 108011050 108011102 108011140 108011141 108011149 108011162 108011166 108011170 108011170 108011208 108011230 108011241 108011371 108011450 108011452 108011458 108011471 108011514 108011530 108011631 108011636 108011641 108011645 108011648 108011682 108011710 108011724 108011737 108011780 108011810 108011857 108011857 108011901 108011912 108011929 108011973 108011975 108011983 108011990 108012039 108012059 108012113 108012113 108012147 108012158 108012185 108012221 108012254 108012292 108012321 108012375 108012392 108012399 108012450 108012450 108012524 108012528 108012543 108012569 108012569 108012701 108012821 108012835 108012847 108012915 108012915 108012918 108012918 108012921 108012921 108012926 108013002 108013006 108013009 108013038 108013093 108013153 108013229 108013229 108013238 108013247 108013259 108013265 108013271 108013277 108013390 108013422 108013426 108013474 108013494 108013499 108013508 108013528 108013567 108013593 108013603 108013609 108013609 108013612 108013615 108013616 108013622 108013678 108013678 108013707 108013728 108013728 108013766 108013767 108013774 108013779 108014039 108014046 108014053 108014053 108014095 108014100 108014149 108014236 108014253 108014253 108014270 108014275 108014276 108014288 108014334 108014352 108014389 108014444 108014446 108014463 108014463 108014471 108014539 108014574 108014577 108014582 108014583 108014583 108014587 108014633 108014686 108014709 108014722 108014830 108014830 108014834 108014836 108014882 108014894 108014895 108014910 108014910 108014921 108014951 108014951 108014952 108014952 108014965 108014965 108014991 108014998 108015014 108015071 108015071 108015099 108015173 108015174 108015191 108015244 108015245 108015246 108015249 108015253 108015253 108015279 108015312 108015317 108015318 108015332 108015346 108015348 108015357 108015358 108015366 108015366 108015371 108015375 108015430 108015431 108015487 108015503 108015543 108015584 108015585 108015585 108015590 108015691 108015714 108015742 108015749 108015755 108015755 108015759 108015759 108015779 108015784 108015784 108015785 108015817 108015840 108015861 108015861 108015938 108015953 108015953 108015958 108015983 108015983 108016088 108016088 108016091 108016094 108016095 108016188 108016285 108016353 108016394 108016413 108016422 108016428 108016432 108016520 108016536 108016537 108016562 108016577 108016583 108016596 108016598 108016602 108016605 108016612 108016612 108016669 108016798 108016854 108016885 108016890 108016900 108016900 108016903 108016912 108016954 108016966 108016979 108017037 108017046 108017116 108017117 108017140 108017201 108017214 108017214 108017247 108017257 108017310 108017336 108017383 108017497 108017500 108017545 108017563 108017705 108017771 108017771 108017775 108017777 108017777 108017778 108017778 108017782 108017856 108017927 108017940 108017940 108017962 108017978 108017993 108018021 108018029 108018043 108018047 108018047 108018059 108018065 108018085 108018099 108018122 108018122 108018128 108018153 108018174 108018179 108018184 108018188 108018197 108018204 108018226 108018300 108018365 108018376 108018387 108018430 108018450 108018466 108018477 108018484 108018484 108018500 108018520 108018575 108018599 108018621 108018660 108018724 108018849 108018906 108018922 108018922 108018928 108018946 108018970 108018985 108019019 108019030 108019092 108019097 108019113 108019152 108019180 108019180 108019204 108019209 108019216 108019280 108019338 108019414 108019439 108019454 108019596 108019596 108019603 108019604 108019637 108019720 108019753 108019755 108019782 108019794 108019794 108019803 108019848 108019848 108019866 108019875 108019888 108019891 108020027 108020057 108020068 108020070 108020092 108020095 108020105 108020117 108020125 108020148 108020158 108020167 108020298 108020302 108020309 108020309 108020350 108020353 108020358 108020372 108020375 108020380 108020386 108020395 108020405 108020410 108020410 108020414 108020422 108020430 108020477 108020545 108020606 108020607 108020609 108020638 108020707 108020792 108020927 108020931 108020933 108020935 108020942 108020977 108020986 108021016 108021037 108021047 108021060 108021084 108021084 108021087 108021122 108021126 108021127 108021127 108021143 108021144 108021147 108021162 108021177 108021181 108021182 108021182 108021207 108021216 108021283 108021289 108021335 108021348 108021353 108021385 108021394 108021418 108021425 108021425 108021444 108021457 108021540 108021540 108021560 108021560 108021561 108021600 108021602 108021622 108021622 108021631 108021688 108021704 108021708 108021737 108021791 108021820 108021829 118877214 118877370 118877514 118877553 118877553 118877646 118877785 136116458 136116458 136116901 136117703 139352878 139353140 139353189 139353265 139353270 139353541 139353556 139353701 139353888 139353902 139353915 139354023 139354638 139354775 139354878 139354941
GO:0005525	GTP binding	108004726 108004754 108004754 108004924 108005151 108005151 108005177 108005446 108005446 108005457 108005469 108005740 108005740 108005790 108005837 108005837 108005893 108005928 108005969 108006109 108006109 108006182 108006850 108006850 108007069 108007706 108007706 108007993 108008014 108008014 108008141 108008141 108008281 108008281 108008290 108008292 108008292 108008491 108008491 108008504 108008504 108008526 108008526 108008681 108009113 108009186 108009190 108009190 108009235 108009235 108009252 108009383 108009598 108009598 108009614 108009614 108009747 108009747 108009813 108009816 108010031 108010141 108010141 108010162 108010167 108010269 108010269 108010540 108010540 108010600 108010600 108010784 108011223 108011223 108011229 108011297 108011496 108011521 108011521 108011563 108011563 108011573 108011573 108011645 108012115 108012115 108012374 108012374 108012396 108012396 108012523 108013144 108013243 108013255 108013285 108013306 108013306 108013419 108013419 108013433 108013433 108013448 108013449 108013449 108013503 108013676 108013676 108013778 108013778 108013957 108013957 108014205 108014205 108014291 108014358 108014421 108014421 108014428 108014459 108014459 108014756 108014809 108014809 108014823 108014833 108014833 108014891 108015011 108015011 108015141 108015141 108015150 108015279 108015291 108015291 108015497 108015767 108015775 108015775 108015852 108015852 108016073 108016196 108016196 108016197 108016197 108016199 108016201 108016201 108016243 108016243 108016263 108016575 108016590 108016661 108016661 108016839 108016986 108017005 108017005 108017134 108017134 108017493 108017493 108017674 108017674 108017709 108017773 108017773 108017801 108017990 108017997 108017997 108018126 108018126 108018194 108018196 108018196 108018203 108018203 108018216 108018280 108019027 108019041 108019041 108019080 108019156 108019198 108019198 108019357 108019357 108019528 108019528 108019568 108019658 108019699 108019740 108019747 108019747 108020050 108020050 108020346 108020346 108020425 108020425 108020467 108020467 108020494 108020494 108020637 108020997 108021088 108021173 108021175 108021462 108021539 108021539 108021598 108021823 108021823 118877794 118877845 118877942 136116463 136116463
GO:0005536	D-glucose binding	108010900 108010900 108015366 108015366 108017940 108017940 108020309 108020309
GO:0005537	D-mannose binding	108006358 108012364 108020639
GO:0005539	glycosaminoglycan binding	108007359 108019919 108020122
GO:0005543	phospholipid binding	108004845 108005848 108006039 108007072 108007219 108010138 108011649 108014292 108016071 108016809 108017967 108018249 108018495 108019869 108019889 108020331 108020508
GO:0005544	calcium-dependent phospholipid binding	108005352 108006332 108007992 108010910 108015563 108017592 108018390 108018438 108019199 108020403 108020403 108021274
GO:0005545	1-phosphatidylinositol binding	108017128 108017128
GO:0005546	phosphatidylinositol-4,5-bisphosphate binding	108010075 108011628 108012349 108012451 108013131 108013566 108015190 108017128 108021451
GO:0005547	phosphatidylinositol-3,4,5-trisphosphate binding	108005393 108005393
GO:0005548	phospholipid transporter activity	108021617
GO:0005549	odorant binding	108005153 108005153 108005272 108005272 108005604 108005604 108006829 108007052 108007052 108007054 108007054 108007058 108007058 108007583 108008085 108008088 108008103 108008103 108008148 108008173 108008191 108008191 108008208 108008208 108008501 108008514 108008570 108008578 108008578 108008635 108008635 108008732 108008732 108008859 108008928 108008928 108008937 108008937 108008940 108008957 108008957 108008959 108008989 108008995 108008995 108009448 108009448 108009828 108009828 108009829 108009829 108009903 108009903 108009904 108009904 108009905 108009905 108010234 108010297 108010298 108010668 108011252 108011252 108011617 108011617 108012257 108012257 108012293 108012293 108012661 108012661 108012752 108012752 108012753 108012753 108012759 108012759 108012778 108012861 108012924 108012924 108012958 108012958 108013104 108013104 108013240 108013240 108013308 108013308 108013333 108013333 108013335 108013335 108013511 108014115 108014115 108014116 108014116 108014307 108014312 108014317 108014341 108014341 108014362 108014407 108014514 108014514 108014793 108014793 108015021 108015782 108015782 108015822 108015856 108015856 108015946 108015946 108016241 108016241 108016493 108016494 108016550 108016550 108016559 108016559 108016627 108016627 108016701 108016701 108017123 108017334 108017714 108017714 108018286 108018286 108018333 108018333 108018769 108018769 108018773 108018785 108018861 108018861 108018993 108018993 108018995 108019004 108019015 108019031 108019031 108019118 108019494 108019494 108019558 108019558 108019602 108019602 108019608 108019703 108019703 108019907 108019998 108019998 118877636 118877636 118878060 136116617 139352901 139352901 139353973 139353973 139354135 139354135
GO:0005576	extracellular region	108004698 108004741 108004749 108004970 108005487 108005546 108005547 108005586 108005646 108005646 108005789 108006080 108006195 108006210 108006212 108006214 108006220 108006227 108006227 108006369 108006610 108006635 108006635 108006756 108006756 108006864 108007079 108007082 108007090 108007091 108007102 108007102 108007168 108007881 108008200 108008270 108008442 108008565 108008575 108008603 108008603 108009033 108009034 108009035 108009196 108009350 108009387 108009402 108009453 108009511 108009524 108009529 108009628 108009631 108009723 108009767 108009767 108009879 108010168 108010171 108010172 108010445 108010464 108010464 108010597 108010668 108010694 108010711 108010711 108011065 108011370 108011380 108011438 108011586 108011587 108011732 108011966 108012002 108012064 108012064 108012102 108012176 108012226 108012233 108012237 108012244 108012245 108012437 108012437 108012519 108012533 108012539 108012558 108012562 108012573 108012603 108012604 108012615 108012639 108012674 108012693 108012728 108012851 108012856 108012946 108012952 108012975 108013129 108013160 108013218 108013219 108013220 108013251 108013362 108013451 108013781 108014338 108014641 108014647 108014648 108014649 108014670 108014672 108014673 108014674 108014760 108014900 108014901 108014902 108014907 108014911 108014912 108015026 108015048 108015087 108015166 108015177 108015177 108015400 108015689 108015783 108015820 108015920 108015972 108016137 108016454 108016454 108016455 108016455 108016457 108016457 108016465 108016465 108016638 108016758 108016835 108016875 108016875 108016893 108017097 108017145 108017227 108017332 108017530 108017593 108017795 108017894 108018231 108018655 108018770 108018809 108018935 108018951 108018981 108018995 108019010 108019517 108019663 108020051 108020187 108020199 108020305 108020310 108020321 108020341 108020371 108020376 108020421 108020429 108020434 108020782 108020907 108020969 108021265 108021293 108021378 108021409 108021433 108021562 108021701 118876761 118876761 118876981 118876982 118877293 118877301 118877319 118877322 118877367 118877419 118877435 118877566 118877614 118877614 118878120 118878591 118878591 118879092 118879092 136116449 136116514 136116881 136117720 136117720 136117795 136117795 136117812 139352486 139352488 139352547 139352550 139352550 139352551 139352551 139352914 139353028 139353029 139353243
GO:0005581	collagen trimer	108018646 108019307
GO:0005604	basement membrane	108006349 108009555 108013332 108016740 108019517 108021153
GO:0005610	laminin-5 complex	108016740
GO:0005615	extracellular space	108004551 108004553 108004759 108004855 108004893 108004906 108005005 108005131 108005341 108005490 108005499 108005528 108005537 108005613 108005646 108005676 108005741 108005757 108005765 108005779 108005789 108005797 108005801 108005803 108005807 108005808 108005828 108005830 108005835 108005854 108005889 108005929 108005931 108005941 108006015 108006026 108006083 108006134 108006141 108006143 108006204 108006217 108006227 108006228 108006262 108006280 108006287 108006308 108006364 108006378 108006425 108006434 108006485 108006515 108006535 108006573 108006618 108006715 108006739 108006740 108006756 108006771 108006786 108006804 108006946 108006958 108006988 108006994 108007042 108007379 108007427 108007472 108007583 108007684 108007776 108007777 108007838 108007844 108007846 108007898 108007907 108008012 108008022 108008136 108008137 108008139 108008173 108008175 108008210 108008214 108008239 108008245 108008252 108008256 108008270 108008326 108008346 108008372 108008373 108008414 108008466 108008473 108008501 108008512 108008514 108008570 108008588 108008603 108008648 108008665 108008665 108008669 108008721 108008739 108008742 108008749 108008810 108008822 108008842 108008859 108008959 108009013 108009087 108009088 108009182 108009328 108009369 108009427 108009443 108009469 108009482 108009492 108009552 108009555 108009556 108009564 108009568 108009612 108009658 108009658 108009683 108009739 108009744 108009783 108009790 108009810 108009879 108009933 108009965 108010045 108010198 108010259 108010440 108010445 108010445 108010464 108010494 108010494 108010563 108010580 108010645 108010651 108010652 108010653 108010667 108010711 108010838 108010858 108010865 108010867 108011013 108011026 108011076 108011106 108011107 108011129 108011144 108011146 108011148 108011169 108011216 108011278 108011278 108011413 108011654 108011732 108011732 108011799 108011839 108011946 108011966 108012002 108012064 108012067 108012306 108012325 108012347 108012447 108012607 108012638 108012639 108012643 108012666 108012697 108012714 108012718 108012727 108012733 108012770 108012794 108013113 108013129 108013136 108013173 108013217 108013252 108013261 108013444 108013447 108013454 108013464 108013484 108013490 108013511 108013564 108013675 108013677 108013741 108013891 108013912 108013918 108014043 108014183 108014237 108014242 108014243 108014245 108014254 108014312 108014317 108014328 108014362 108014367 108014452 108014547 108014555 108014567 108014757 108014760 108014818 108014970 108014980 108014989 108015012 108015061 108015101 108015166 108015181 108015306 108015319 108015394 108015422 108015550 108015550 108015551 108015551 108015573 108015631 108015631 108015656 108015665 108015822 108015853 108015934 108015949 108015986 108016065 108016076 108016122 108016139 108016141 108016142 108016146 108016148 108016150 108016158 108016163 108016172 108016183 108016283 108016347 108016448 108016451 108016454 108016455 108016457 108016465 108016493 108016494 108016510 108016522 108016529 108016539 108016733 108016821 108016875 108016905 108016964 108016973 108016980 108017080 108017224 108017225 108017240 108017250 108017355 108017530 108017540 108017540 108017716 108017724 108017747 108017810 108017842 108017868 108017870 108017875 108017897 108017937 108017942 108018018 108018031 108018033 108018034 108018035 108018062 108018078 108018079 108018080 108018102 108018232 108018377 108018382 108018383 108018395 108018488 108018498 108018502 108018524 108018558 108018646 108018740 108018764 108018765 108018770 108018773 108018782 108018785 108018809 108018944 108018973 108019000 108019015 108019017 108019118 108019121 108019126 108019128 108019162 108019182 108019288 108019307 108019328 108019459 108019473 108019484 108019514 108019517 108019550 108019555 108019564 108019636 108019639 108019640 108019682 108019830 108019831 108019876 108019898 108019907 108019923 108020009 108020025 108020044 108020045 108020289 108020371 108020376 108020421 108020429 108020434 108020668 108020681 108020727 108020754 108020758 108020759 108020826 108020876 108020964 108020966 108020968 108020990 108021020 108021070 108021071 108021130 108021141 108021145 108021234 108021265 108021294 108021325 108021407 108021445 108021501 108021562 108021690 108021691 108021710 108021711 108021727 108021735 108021777 108021801 108021811 118876801 118876902 118876908 118877231 118877277 118877293 118877368 118877474 118877537 118877546 118877569 118877619 118877663 118877698 118877969 118878011 118878047 118878060 118878115 118878591 118879092 118879756 136116980 136116982 136117184 136117189 136117720 136117812 139352202 139352537 139352914 139352941 139352946 139352983 139353018 139353139 139353499 139354250 139355004
GO:0005618	cell wall	108007650
GO:0005622	intracellular anatomical structure	108004650 108004673 108005314 108006559 108009413 108009540 108009878 108010170 108010966 108014577 108015371 108015871 108015968 108016462 108016979 108017805 108018188 108021087 108021418 108021610
GO:0005634	nucleus	108004570 108004570 108004592 108004639 108004658 108004658 108004660 108004662 108004672 108004678 108004685 108004710 108004711 108004711 108004712 108004717 108004722 108004729 108004733 108004747 108004753 108004754 108004767 108004810 108004813 108004824 108004846 108004848 108004853 108004871 108004883 108004885 108004901 108004901 108004911 108004918 108004924 108004924 108004940 108004968 108004977 108004978 108004982 108004985 108005000 108005002 108005021 108005024 108005024 108005033 108005034 108005067 108005075 108005077 108005086 108005088 108005124 108005128 108005132 108005142 108005143 108005147 108005162 108005174 108005204 108005209 108005222 108005224 108005231 108005243 108005248 108005258 108005258 108005286 108005291 108005293 108005296 108005298 108005306 108005308 108005318 108005318 108005328 108005328 108005347 108005349 108005351 108005354 108005362 108005364 108005375 108005395 108005399 108005406 108005417 108005418 108005428 108005440 108005477 108005482 108005483 108005491 108005530 108005530 108005541 108005577 108005601 108005615 108005619 108005630 108005643 108005643 108005644 108005645 108005653 108005655 108005656 108005656 108005661 108005682 108005715 108005731 108005746 108005755 108005762 108005771 108005781 108005781 108005784 108005787 108005799 108005820 108005843 108005850 108005851 108005857 108005870 108005876 108005882 108005887 108005900 108005903 108005905 108005907 108005907 108005921 108005944 108005944 108005959 108005965 108005973 108005977 108005977 108006002 108006007 108006036 108006036 108006038 108006041 108006084 108006084 108006087 108006089 108006099 108006112 108006112 108006114 108006120 108006127 108006136 108006181 108006185 108006198 108006216 108006222 108006230 108006238 108006266 108006272 108006274 108006274 108006275 108006303 108006305 108006334 108006335 108006336 108006338 108006341 108006348 108006356 108006381 108006406 108006408 108006415 108006427 108006462 108006462 108006465 108006486 108006518 108006519 108006529 108006539 108006587 108006588 108006588 108006614 108006615 108006615 108006616 108006665 108006669 108006681 108006696 108006705 108006710 108006729 108006736 108006742 108006743 108006743 108006760 108006775 108006803 108006818 108006819 108006835 108006850 108006852 108006854 108006869 108006874 108006877 108006882 108006892 108006892 108006905 108006911 108006913 108006962 108006966 108006971 108006991 108007106 108007149 108007153 108007171 108007208 108007210 108007231 108007236 108007241 108007248 108007252 108007256 108007272 108007272 108007279 108007279 108007283 108007283 108007285 108007309 108007313 108007314 108007318 108007342 108007345 108007346 108007366 108007367 108007373 108007373 108007376 108007382 108007385 108007386 108007386 108007390 108007390 108007391 108007412 108007426 108007449 108007451 108007455 108007467 108007467 108007480 108007485 108007493 108007531 108007561 108007573 108007606 108007606 108007613 108007617 108007636 108007637 108007664 108007671 108007712 108007722 108007724 108007746 108007768 108007787 108007800 108007810 108007859 108007867 108007895 108007921 108007929 108007929 108007937 108007937 108007939 108007942 108007942 108007943 108007948 108007948 108007957 108007961 108007961 108007962 108007963 108007964 108007967 108007982 108007991 108008019 108008047 108008048 108008052 108008076 108008080 108008132 108008140 108008201 108008242 108008263 108008281 108008285 108008287 108008291 108008308 108008312 108008320 108008323 108008329 108008334 108008360 108008365 108008368 108008380 108008398 108008407 108008410 108008428 108008432 108008438 108008446 108008471 108008490 108008517 108008518 108008529 108008531 108008538 108008538 108008541 108008549 108008549 108008552 108008553 108008559 108008618 108008624 108008656 108008661 108008661 108008709 108008719 108008720 108008743 108008762 108008821 108008861 108008892 108008892 108008967 108008983 108008991 108009005 108009009 108009037 108009039 108009060 108009064 108009072 108009075 108009077 108009077 108009086 108009089 108009089 108009103 108009104 108009116 108009143 108009147 108009159 108009167 108009176 108009178 108009178 108009181 108009181 108009188 108009200 108009201 108009219 108009219 108009227 108009228 108009243 108009244 108009259 108009266 108009278 108009279 108009292 108009305 108009315 108009343 108009345 108009353 108009355 108009358 108009381 108009393 108009396 108009397 108009403 108009420 108009439 108009447 108009464 108009508 108009517 108009522 108009523 108009534 108009541 108009547 108009551 108009557 108009558 108009559 108009589 108009590 108009591 108009592 108009595 108009597 108009605 108009608 108009636 108009639 108009644 108009647 108009648 108009656 108009656 108009660 108009660 108009664 108009664 108009665 108009667 108009675 108009676 108009699 108009705 108009712 108009727 108009733 108009735 108009746 108009749 108009754 108009759 108009762 108009784 108009791 108009807 108009808 108009820 108009849 108009851 108009863 108009871 108009874 108009876 108009883 108009884 108009889 108009895 108009896 108009900 108009906 108009926 108009944 108009971 108009975 108009979 108009991 108009997 108010004 108010017 108010021 108010024 108010037 108010040 108010043 108010047 108010049 108010049 108010057 108010061 108010061 108010065 108010069 108010076 108010093 108010096 108010098 108010112 108010113 108010113 108010114 108010122 108010144 108010150 108010152 108010153 108010160 108010174 108010188 108010188 108010190 108010210 108010220 108010228 108010245 108010253 108010268 108010268 108010295 108010306 108010307 108010322 108010327 108010337 108010419 108010423 108010429 108010431 108010450 108010452 108010540 108010546 108010582 108010584 108010587 108010589 108010605 108010617 108010624 108010626 108010633 108010643 108010658 108010659 108010659 108010671 108010673 108010715 108010719 108010723 108010728 108010731 108010735 108010755 108010783 108010783 108010795 108010804 108010810 108010811 108010811 108010829 108010833 108010896 108010938 108010974 108010978 108010982 108010995 108011007 108011015 108011037 108011037 108011039 108011039 108011053 108011057 108011057 108011067 108011071 108011075 108011111 108011114 108011134 108011135 108011166 108011170 108011170 108011176 108011177 108011212 108011217 108011222 108011230 108011235 108011241 108011277 108011285 108011394 108011397 108011398 108011407 108011408 108011416 108011422 108011422 108011431 108011441 108011447 108011449 108011452 108011460 108011472 108011487 108011489 108011494 108011494 108011497 108011515 108011520 108011531 108011552 108011555 108011555 108011563 108011646 108011652 108011672 108011673 108011675 108011675 108011680 108011680 108011688 108011694 108011717 108011717 108011735 108011758 108011758 108011780 108011795 108011810 108011840 108011846 108011894 108011899 108011902 108011910 108011911 108011944 108011956 108011963 108011967 108011970 108011972 108011972 108012001 108012022 108012022 108012076 108012108 108012141 108012142 108012147 108012148 108012169 108012169 108012220 108012221 108012235 108012236 108012261 108012270 108012271 108012284 108012291 108012304 108012320 108012333 108012342 108012362 108012369 108012369 108012378 108012402 108012407 108012408 108012410 108012412 108012423 108012428 108012429 108012430 108012430 108012436 108012450 108012464 108012483 108012487 108012494 108012500 108012524 108012543 108012554 108012561 108012564 108012565 108012572 108012581 108012587 108012588 108012592 108012595 108012601 108012632 108012637 108012656 108012668 108012681 108012687 108012734 108012740 108012755 108012781 108012781 108012807 108012810 108012827 108012835 108012837 108012855 108012866 108012871 108012877 108012907 108012907 108012921 108012922 108012940 108012972 108012977 108012998 108013002 108013009 108013016 108013016 108013017 108013017 108013039 108013042 108013049 108013089 108013089 108013103 108013111 108013116 108013132 108013144 108013148 108013153 108013158 108013158 108013177 108013190 108013194 108013212 108013222 108013237 108013238 108013246 108013247 108013253 108013264 108013266 108013271 108013277 108013299 108013299 108013309 108013310 108013311 108013319 108013320 108013324 108013328 108013329 108013330 108013331 108013352 108013361 108013367 108013368 108013384 108013400 108013427 108013458 108013467 108013474 108013475 108013475 108013481 108013485 108013485 108013508 108013509 108013519 108013544 108013549 108013555 108013559 108013560 108013567 108013570 108013574 108013576 108013578 108013579 108013595 108013601 108013602 108013619 108013624 108013674 108013713 108013719 108013725 108013729 108013746 108013752 108013753 108013767 108013767 108013800 108013831 108013834 108013839 108013845 108013854 108013856 108013859 108013870 108013874 108013881 108013930 108013938 108013970 108013978 108013979 108014003 108014025 108014036 108014038 108014052 108014053 108014054 108014057 108014058 108014062 108014065 108014067 108014068 108014084 108014096 108014119 108014125 108014149 108014234 108014239 108014246 108014253 108014269 108014272 108014273 108014278 108014296 108014303 108014308 108014309 108014320 108014337 108014354 108014379 108014379 108014389 108014442 108014460 108014461 108014520 108014542 108014568 108014573 108014581 108014583 108014609 108014609 108014610 108014615 108014618 108014618 108014635 108014635 108014678 108014682 108014685 108014710 108014722 108014733 108014753 108014759 108014766 108014766 108014785 108014807 108014829 108014834 108014839 108014865 108014921 108014925 108014941 108014951 108014951 108014952 108014952 108014956 108014965 108014965 108014974 108014983 108014988 108015007 108015016 108015027 108015027 108015032 108015034 108015043 108015044 108015047 108015071 108015071 108015085 108015091 108015099 108015103 108015108 108015129 108015132 108015142 108015142 108015147 108015174 108015190 108015191 108015193 108015207 108015218 108015234 108015235 108015247 108015250 108015253 108015253 108015283 108015293 108015314 108015314 108015315 108015322 108015328 108015329 108015329 108015336 108015356 108015358 108015362 108015363 108015368 108015369 108015376 108015426 108015431 108015446 108015495 108015508 108015536 108015545 108015612 108015630 108015645 108015652 108015659 108015678 108015726 108015738 108015749 108015751 108015751 108015759 108015772 108015776 108015785 108015805 108015807 108015817 108015824 108015824 108015829 108015832 108015840 108015848 108015885 108015890 108015921 108015935 108016010 108016010 108016017 108016017 108016021 108016060 108016062 108016064 108016069 108016077 108016091 108016095 108016102 108016114 108016154 108016164 108016188 108016198 108016228 108016245 108016249 108016250 108016256 108016260 108016261 108016262 108016265 108016279 108016291 108016304 108016306 108016309 108016346 108016375 108016421 108016435 108016436 108016520 108016537 108016542 108016546 108016568 108016572 108016581 108016602 108016611 108016623 108016623 108016630 108016630 108016633 108016640 108016642 108016646 108016647 108016652 108016657 108016669 108016725 108016746 108016746 108016747 108016747 108016749 108016752 108016759 108016763 108016773 108016796 108016800 108016803 108016813 108016819 108016820 108016826 108016855 108016862 108016862 108016882 108016888 108016888 108016891 108016895 108016912 108016913 108016919 108016920 108016922 108016923 108016925 108016926 108016927 108016935 108016952 108016958 108016962 108016967 108016990 108016999 108017035 108017058 108017086 108017094 108017110 108017126 108017138 108017198 108017223 108017249 108017282 108017295 108017308 108017321 108017336 108017374 108017376 108017410 108017414 108017441 108017453 108017453 108017455 108017455 108017456 108017475 108017478 108017486 108017490 108017494 108017501 108017512 108017559 108017563 108017580 108017580 108017585 108017588 108017595 108017606 108017609 108017611 108017639 108017664 108017674 108017715 108017774 108017776 108017778 108017788 108017802 108017806 108017825 108017849 108017878 108017891 108017899 108017903 108017941 108017941 108017962 108017965 108017977 108017980 108017992 108017993 108017994 108018010 108018012 108018013 108018019 108018036 108018050 108018065 108018066 108018104 108018104 108018111 108018133 108018178 108018209 108018214 108018220 108018224 108018246 108018247 108018247 108018267 108018298 108018299 108018316 108018321 108018358 108018373 108018376 108018430 108018440 108018441 108018447 108018449 108018454 108018460 108018462 108018466 108018484 108018485 108018485 108018516 108018536 108018567 108018587 108018591 108018597 108018604 108018614 108018617 108018618 108018634 108018636 108018659 108018712 108018712 108018719 108018720 108018725 108018803 108018855 108018889 108018915 108018915 108018916 108018917 108018918 108018941 108018953 108018954 108018970 108018978 108018987 108018989 108018994 108019008 108019012 108019046 108019049 108019058 108019062 108019064 108019065 108019092 108019096 108019100 108019105 108019111 108019114 108019116 108019123 108019134 108019136 108019137 108019150 108019171 108019174 108019181 108019185 108019193 108019196 108019196 108019206 108019210 108019253 108019299 108019341 108019357 108019362 108019414 108019424 108019428 108019443 108019460 108019465 108019524 108019539 108019597 108019597 108019598 108019610 108019617 108019620 108019622 108019635 108019669 108019698 108019730 108019739 108019743 108019747 108019750 108019754 108019783 108019790 108019794 108019796 108019808 108019813 108019854 108019855 108019872 108019872 108019875 108019885 108019885 108019888 108019888 108019897 108019900 108019905 108019911 108019929 108019955 108019980 108019980 108019987 108019997 108020027 108020029 108020029 108020060 108020060 108020070 108020076 108020082 108020118 108020133 108020145 108020147 108020156 108020156 108020162 108020162 108020198 108020231 108020231 108020273 108020297 108020336 108020340 108020340 108020357 108020372 108020379 108020388 108020391 108020393 108020395 108020398 108020399 108020406 108020407 108020408 108020411 108020414 108020416 108020447 108020454 108020454 108020468 108020472 108020477 108020477 108020484 108020493 108020513 108020536 108020566 108020607 108020623 108020638 108020714 108020725 108020742 108020752 108020753 108020770 108020796 108020801 108020817 108020837 108020854 108020870 108020871 108020883 108020892 108020895 108020897 108020900 108020902 108020918 108020927 108020931 108020938 108020938 108020945 108020951 108020954 108020955 108020988 108021005 108021010 108021038 108021046 108021051 108021055 108021057 108021074 108021101 108021101 108021111 108021115 108021137 108021164 108021174 108021180 108021188 108021224 108021233 108021243 108021244 108021246 108021272 108021273 108021275 108021286 108021288 108021298 108021305 108021309 108021333 108021335 108021338 108021346 108021374 108021384 108021385 108021390 108021391 108021408 108021412 108021414 108021444 108021447 108021453 108021479 108021485 108021487 108021488 108021488 108021494 108021500 108021508 108021516 108021516 108021517 108021521 108021527 108021542 108021546 108021553 108021555 108021560 108021563 108021577 108021587 108021588 108021590 108021599 108021599 108021606 108021616 108021622 108021629 108021640 108021641 108021653 108021658 108021664 108021665 108021665 108021672 108021693 108021780 108021784 108021790 108021822 108021822 108021824 108021829 118876752 118876768 118876768 118876773 118876778 118876781 118877069 118877125 118877182 118877182 118877213 118877356 118877470 118877553 118877556 118877582 118877613 118877646 118877691 118877721 118877723 118877814 118877818 118877869 118877875 118877880 118877899 118877948 118877962 118877963 118878116 118878143 118878191 118878219 118878224 118878242 118878254 118878272 118878667 118878886 118879229 118879545 136116456 136116456 136116478 136116478 136116533 136116549 136116924 136116936 136116997 136117121 136117121 136117270 136117283 139352159 139352163 139352164 139352169 139352175 139352211 139352214 139352217 139352218 139352220 139352221 139352224 139352227 139352230 139352232 139352234 139352237 139352240 139352242 139352252 139352266 139352270 139352275 139352279 139352283 139352328 139352333 139352337 139352341 139352348 139352359 139352364 139352370 139352375 139352383 139352401 139352405 139352410 139352417 139352422 139352424 139352426 139352428 139352431 139352434 139352435 139352442 139352444 139352446 139352448 139352454 139352521 139352536 139352927 139352939 139352981 139353140 139353178 139353189 139353264 139353270 139353290 139353291 139353295 139353453 139353766 139353767 139353877 139353891 139353993 139354041 139354509 139354519 139354806 139354825 139354878 139354930 139354950 139355011 139355013 139355047
GO:0005635	nuclear envelope	108005460 108006023 108006816 108008744 108009409 108009779 108009892 108012756 108012895 108013315 108018068 108018141 108019511 108020363 108020972 108021232
GO:0005637	nuclear inner membrane	108004850 108006816 108008268 108011967
GO:0005640	nuclear outer membrane	108021033
GO:0005643	nuclear pore	108005003 108005003 108006568 108006568 108006899 108007653 108007653 108007851 108007928 108008068 108008266 108008314 108008353 108009373 108009773 108010138 108011137 108011898 108011898 108014204 108015243 108016961 108016961 108019132 108019132 108019177 108019711 108019889 108019889 108021073 108021117 108021117 108021136
GO:0005652	nuclear lamina	108009409 108012756 108021232
GO:0005654	nucleoplasm	108004699 108005086 108005170 108005730 108005857 108006696 108007182 108007886 108008087 108008477 108009199 108009886 108010673 108010991 108011071 108011427 108011624 108011967 108012034 108012634 108013689 108013979 108014316 108014618 108015230 108015388 108015516 108015524 108015762 108016225 108016273 108016533 108016555 108017108 108017484 108017542 108017608 108017638 108017734 108017772 108018227 108018246 108018554 108018917 108019137 108019828 108020136 108020377 108020423 108020454 108021166 108021213 108021307 108021608 108021703 118877556 118878302 139353421
GO:0005655	nucleolar ribonuclease P complex	108013713 108013713 108015299 108015308 108016756
GO:0005656	nuclear pre-replicative complex	108016778 108019849
GO:0005657	replication fork	108007768 108008644 108010437 108011710 108017497
GO:0005658	alpha DNA polymerase:primase complex	108005796 108013279 108014873 108020150
GO:0005662	DNA replication factor A complex	108005231 108006084 108009605 108018516
GO:0005663	DNA replication factor C complex	108007314 108009244 108016669 108020027 108021137
GO:0005664	nuclear origin of replication recognition complex	108008352 108008352 108008661 108018128 108019849 108021555 118876768
GO:0005665	RNA polymerase II, core complex	108004907 108006149 108007269 108008634 108008868 108011493 108013872 108013872 108015940 108016256 108016256 108016784 108017441 108017614
GO:0005666	RNA polymerase III complex	108005127 108008592 108008634 108008868 108010183 108010698 108011493 108012430 108012578 108015621 108015621 108016256 108017614 108017943 108018685 108019147 108021012 118877635 118877635
GO:0005667	transcription regulator complex	108004601 108004615 108005050 108005174 108005318 108005715 108005907 108006518 108007712 108008017 108008308 108008398 108008410 108009143 108009318 108009541 108009676 108010181 108010452 108011310 108011531 108011555 108012487 108012494 108012588 108012977 108013156 108013311 108013319 108013320 108013361 108013672 108013970 108014581 108014610 108014960 108015091 108015321 108015322 108015824 108015890 108017585 108017715 108017742 108018012 108018462 108019094 108019309 108019796 108019796 108019929 108020351 108020393 108020883 108021111 108021115 108021200 108021305 108021447 108021664 118876752 139353178
GO:0005668	RNA polymerase transcription factor SL1 complex	108013943
GO:0005669	transcription factor TFIID complex	108004580 108005530 108009116 108010044 108010681 108010977 108011705 108011705 108011786 108011786 108012319 108013109 108013398 108014679 108014679 108015989 108015989 108016254 108016607 108016656 108016668 108020401 108021352 108021516
GO:0005672	transcription factor TFIIA complex	108007299 108007299 108011893 108011893 108020159 108020159
GO:0005673	transcription factor TFIIE complex	108014492 108020040 108020040
GO:0005674	transcription factor TFIIF complex	108006646 108006646 108016017
GO:0005675	transcription factor TFIIH holo complex	108006057 108007657 108007703 108008321 108008542 108008542 108011372 108013265 108021829
GO:0005677	chromatin silencing complex	108017831 108018895
GO:0005680	anaphase-promoting complex	108005356 108005877 108005955 108005955 108006805 108007265 108009080 108009080 108009435 108009435 108010062 108014866 108015002 108015002 108015304 108016346 108016346 108016597 108016687 108017343 108017790 108019864
GO:0005681	spliceosomal complex	108004570 108006202 108006559 108006616 108008488 108011258 108011546 108011631 108011720 108012803 108013526 108014301 108015290 108015327 108015676 108016279 108016279 108016972 108016972 108018188 108019085 108019169 108019493 108020064 108020714 108021438 136116481
GO:0005682	U5 snRNP	108007280 108007503 108008092 108009102 108011127 108014140 108016026 108018938 108019085 108021303
GO:0005683	U7 snRNP	108009946
GO:0005684	U2-type spliceosomal complex	108011470 108013108 108013282 108015509 108016551 108017796 118877676
GO:0005685	U1 snRNP	108004575 108004808 108004808 108007280 108007625 108008092 108008332 108010963 108011127 108015204 108015204 108015506 108016026 108018938 108020118 108020118 108020891 108021303 108021388
GO:0005686	U2 snRNP	108004565 108005911 108007280 108008092 108011127 108011558 108013108 108013299 108016026 108018210 108018938 108019939 108020837 108021303 108021552 118878586
GO:0005687	U4 snRNP	108007280 108008092 108011127 108014257 108018938 108021303
GO:0005688	U6 snRNP	108009249 108009942 108012698 108012704 108013523 108013523 108015778 108020890
GO:0005689	U12-type spliceosomal complex	108004565 108005672 108005911 108007280 108008092 108009249 108009560 108011127 108019939 108020892
GO:0005694	chromosome	108004678 108005413 108007248 108008232 108008821 108009282 108009634 108009664 108010192 108010604 108011149 108011520 108013247 108013508 108013669 108015044 108015749 108016958 108017585 108018972 108019306 108021126 108021588 118877646 118877899 118878143 118878410 136116924 139352164
GO:0005697	telomerase holoenzyme complex	108006607 108020857
GO:0005700	polytene chromosome	108017486
GO:0005721	pericentric heterochromatin	108004853 108005973 108006991 108007700 108008101 108009358 108015362 108015401 108016873 108017727 108017965 118878281 136116639 136117256
GO:0005730	nucleolus	108004565 108004700 108004739 108005011 108005314 108005349 108005413 108005669 108005804 108005876 108005936 108006091 108006140 108006435 108006500 108006858 108006895 108007126 108007213 108008253 108008290 108008366 108008530 108009177 108009186 108009186 108009276 108009319 108009468 108009761 108009780 108009909 108009942 108010008 108010048 108010094 108010158 108010627 108010639 108010658 108010791 108010863 108010864 108010958 108010966 108011410 108011422 108011497 108011585 108012331 108013453 108013456 108013683 108013683 108013731 108013832 108014589 108014811 108014837 108015005 108015018 108015051 108015133 108015133 108015212 108015230 108015274 108015312 108015313 108015355 108015516 108015524 108015722 108015967 108016070 108016104 108016563 108016601 108016601 108016604 108016648 108016676 108016817 108016979 108017115 108017589 108017608 108017791 108017791 108017800 108017831 108017954 108018280 108018575 108018637 108018908 108019074 108019123 108019186 108019221 108019302 108019353 108020067 108020203 108020354 108020354 108020370 108020564 108020926 108021029 108021212 108021213 108021301 108021345 108021363 108021492 108021778 118877612 118877626 118877953 118878107 139352981 139353741 139354085
GO:0005732	sno(s)RNA-containing ribonucleoprotein complex	108005258 108005258 108009942 108021253
GO:0005736	RNA polymerase I complex	108008634 108008868 108009016 108011493 108014390 108016256 108017614 108017943 108020291 108020796 108021012
GO:0005737	cytoplasm	108004592 108004593 108004602 108004639 108004652 108004662 108004671 108004672 108004679 108004685 108004695 108004699 108004705 108004708 108004717 108004722 108004728 108004733 108004739 108004743 108004745 108004750 108004751 108004754 108004758 108004803 108004830 108004841 108004844 108004846 108004847 108004851 108004854 108004869 108004870 108004911 108004914 108004943 108004950 108004974 108004978 108005002 108005079 108005087 108005126 108005135 108005140 108005151 108005169 108005170 108005186 108005203 108005212 108005223 108005224 108005233 108005238 108005244 108005245 108005248 108005293 108005296 108005297 108005298 108005305 108005318 108005384 108005393 108005399 108005406 108005418 108005428 108005429 108005436 108005437 108005445 108005445 108005451 108005476 108005494 108005498 108005560 108005562 108005563 108005563 108005606 108005619 108005630 108005636 108005636 108005682 108005716 108005731 108005802 108005850 108005857 108005858 108005877 108005883 108005902 108005907 108005913 108005928 108005937 108005959 108005998 108006027 108006041 108006055 108006089 108006107 108006107 108006109 108006114 108006176 108006184 108006189 108006194 108006222 108006238 108006305 108006310 108006326 108006327 108006332 108006344 108006345 108006408 108006427 108006504 108006514 108006523 108006529 108006534 108006539 108006546 108006564 108006627 108006630 108006656 108006664 108006675 108006681 108006681 108006682 108006684 108006691 108006704 108006708 108006742 108006746 108006802 108006803 108006812 108006819 108006823 108006835 108006835 108006836 108006840 108006846 108006854 108006877 108006904 108006913 108006962 108006963 108006975 108006977 108006983 108006984 108006999 108007017 108007069 108007111 108007112 108007121 108007137 108007138 108007141 108007163 108007167 108007195 108007196 108007224 108007231 108007234 108007235 108007241 108007248 108007276 108007342 108007345 108007367 108007376 108007391 108007406 108007407 108007418 108007426 108007437 108007449 108007457 108007485 108007493 108007542 108007589 108007603 108007611 108007706 108007724 108007729 108007731 108007735 108007746 108007760 108007765 108007810 108007851 108007860 108007865 108007869 108007871 108007886 108007890 108007928 108007938 108007940 108007941 108007944 108007945 108007946 108007956 108007985 108008009 108008011 108008076 108008087 108008203 108008242 108008267 108008269 108008281 108008287 108008297 108008298 108008300 108008301 108008310 108008310 108008337 108008360 108008366 108008368 108008396 108008411 108008411 108008412 108008412 108008419 108008435 108008444 108008450 108008463 108008480 108008504 108008509 108008526 108008533 108008533 108008555 108008555 108008568 108008569 108008577 108008589 108008591 108008618 108008643 108008649 108008652 108008703 108008720 108008726 108008729 108008747 108008751 108008847 108008858 108008876 108008963 108008967 108008996 108009011 108009039 108009050 108009065 108009065 108009072 108009093 108009095 108009097 108009098 108009103 108009104 108009108 108009115 108009115 108009128 108009138 108009144 108009150 108009167 108009194 108009201 108009228 108009239 108009239 108009243 108009251 108009259 108009260 108009274 108009283 108009314 108009316 108009320 108009351 108009374 108009383 108009400 108009410 108009432 108009439 108009479 108009487 108009493 108009514 108009514 108009519 108009523 108009547 108009551 108009578 108009581 108009585 108009589 108009592 108009608 108009627 108009627 108009629 108009636 108009639 108009644 108009647 108009651 108009661 108009662 108009672 108009716 108009718 108009727 108009735 108009747 108009749 108009784 108009792 108009807 108009824 108009850 108009851 108009874 108009881 108009889 108009899 108009900 108009906 108009911 108009926 108009956 108009961 108009967 108009975 108009995 108010010 108010025 108010031 108010042 108010049 108010049 108010053 108010060 108010075 108010079 108010094 108010105 108010107 108010112 108010116 108010131 108010141 108010144 108010146 108010152 108010160 108010193 108010205 108010215 108010217 108010243 108010245 108010265 108010303 108010329 108010337 108010414 108010448 108010449 108010449 108010540 108010546 108010565 108010566 108010583 108010587 108010600 108010640 108010640 108010643 108010671 108010678 108010715 108010718 108010756 108010780 108010810 108010817 108010825 108010828 108010829 108010833 108010839 108010847 108010850 108010966 108010982 108010995 108010997 108011020 108011021 108011022 108011023 108011024 108011033 108011053 108011059 108011062 108011112 108011132 108011135 108011141 108011162 108011166 108011209 108011210 108011230 108011241 108011317 108011407 108011408 108011412 108011427 108011433 108011445 108011452 108011460 108011535 108011544 108011544 108011551 108011552 108011555 108011590 108011591 108011591 108011620 108011628 108011635 108011636 108011640 108011700 108011737 108011772 108011795 108011804 108011810 108011828 108011832 108011837 108011846 108011858 108011888 108011912 108011929 108011968 108011970 108012026 108012037 108012064 108012068 108012077 108012112 108012113 108012115 108012127 108012146 108012147 108012169 108012220 108012261 108012270 108012304 108012363 108012369 108012375 108012375 108012381 108012383 108012384 108012389 108012393 108012396 108012399 108012439 108012451 108012469 108012469 108012478 108012492 108012492 108012503 108012503 108012516 108012516 108012517 108012517 108012521 108012527 108012538 108012554 108012561 108012564 108012565 108012568 108012568 108012581 108012601 108012618 108012656 108012673 108012712 108012734 108012832 108012846 108012848 108012854 108012866 108012888 108012915 108012918 108012918 108012921 108012930 108012941 108012941 108012948 108012960 108012989 108012996 108012998 108013009 108013032 108013041 108013052 108013068 108013088 108013092 108013093 108013100 108013106 108013122 108013125 108013126 108013152 108013153 108013165 108013175 108013181 108013188 108013201 108013205 108013209 108013212 108013223 108013228 108013230 108013230 108013232 108013237 108013238 108013247 108013255 108013324 108013327 108013328 108013329 108013330 108013331 108013355 108013361 108013380 108013382 108013386 108013387 108013390 108013407 108013408 108013449 108013499 108013508 108013509 108013512 108013534 108013534 108013537 108013537 108013539 108013555 108013557 108013568 108013572 108013572 108013578 108013579 108013599 108013602 108013603 108013624 108013633 108013633 108013661 108013707 108013707 108013708 108013711 108013722 108013722 108013729 108013737 108013739 108013766 108013778 108013800 108013806 108013807 108013808 108013814 108013816 108013817 108013822 108013831 108013834 108013834 108013839 108013860 108013878 108013903 108013957 108014019 108014022 108014025 108014039 108014039 108014052 108014053 108014119 108014136 108014149 108014165 108014205 108014236 108014248 108014262 108014270 108014276 108014289 108014336 108014356 108014385 108014386 108014395 108014396 108014417 108014440 108014460 108014471 108014486 108014500 108014531 108014539 108014542 108014560 108014585 108014598 108014615 108014618 108014618 108014639 108014722 108014751 108014756 108014779 108014785 108014788 108014807 108014809 108014833 108014834 108014865 108014866 108014891 108014897 108014921 108014928 108014942 108014953 108014955 108014981 108015015 108015084 108015085 108015098 108015099 108015103 108015108 108015111 108015116 108015129 108015153 108015155 108015157 108015158 108015168 108015168 108015171 108015173 108015184 108015190 108015212 108015216 108015220 108015225 108015230 108015232 108015242 108015244 108015247 108015249 108015266 108015268 108015279 108015315 108015317 108015325 108015327 108015336 108015340 108015341 108015389 108015410 108015424 108015431 108015440 108015448 108015448 108015516 108015517 108015524 108015526 108015540 108015544 108015545 108015557 108015573 108015611 108015672 108015711 108015742 108015755 108015755 108015759 108015785 108015817 108015840 108015848 108015852 108015885 108015911 108015911 108015921 108015929 108015968 108015983 108016077 108016105 108016110 108016111 108016115 108016136 108016140 108016149 108016154 108016179 108016188 108016196 108016197 108016238 108016247 108016271 108016285 108016304 108016319 108016356 108016435 108016438 108016479 108016536 108016577 108016581 108016591 108016592 108016603 108016608 108016611 108016629 108016674 108016674 108016748 108016750 108016764 108016771 108016775 108016793 108016796 108016799 108016804 108016813 108016817 108016820 108016824 108016826 108016829 108016829 108016894 108016895 108016914 108016918 108016919 108016921 108016933 108016938 108016939 108016954 108016955 108016984 108016989 108017005 108017069 108017076 108017108 108017117 108017132 108017134 108017198 108017207 108017239 108017257 108017282 108017321 108017367 108017376 108017382 108017382 108017403 108017403 108017449 108017475 108017479 108017484 108017545 108017559 108017580 108017595 108017609 108017622 108017623 108017664 108017674 108017683 108017694 108017707 108017769 108017771 108017771 108017773 108017774 108017805 108017825 108017830 108017857 108017899 108017903 108017905 108017962 108017980 108017993 108018001 108018002 108018029 108018036 108018043 108018046 108018055 108018056 108018059 108018065 108018084 108018111 108018129 108018133 108018161 108018166 108018171 108018172 108018176 108018176 108018186 108018187 108018193 108018201 108018204 108018204 108018205 108018207 108018208 108018233 108018267 108018300 108018317 108018321 108018342 108018350 108018373 108018381 108018390 108018394 108018412 108018440 108018462 108018477 108018484 108018495 108018500 108018547 108018578 108018594 108018603 108018611 108018612 108018627 108018629 108018636 108018649 108018659 108018671 108018678 108018679 108018719 108018725 108018751 108018752 108018781 108018789 108018792 108018816 108018821 108018835 108018839 108018862 108018901 108018911 108018918 108018922 108018928 108018928 108018932 108018970 108018978 108019039 108019046 108019058 108019070 108019075 108019077 108019080 108019096 108019100 108019113 108019116 108019125 108019131 108019139 108019160 108019168 108019177 108019193 108019195 108019199 108019210 108019229 108019311 108019312 108019344 108019351 108019357 108019358 108019362 108019396 108019437 108019441 108019490 108019499 108019596 108019596 108019610 108019613 108019627 108019630 108019632 108019638 108019638 108019650 108019650 108019680 108019706 108019750 108019784 108019794 108019803 108019808 108019820 108019828 108019843 108019854 108019857 108019866 108019869 108019889 108019915 108019926 108019955 108020003 108020003 108020005 108020005 108020030 108020074 108020092 108020095 108020101 108020117 108020123 108020125 108020133 108020151 108020201 108020220 108020225 108020241 108020290 108020298 108020302 108020335 108020346 108020372 108020406 108020414 108020425 108020468 108020473 108020477 108020491 108020493 108020495 108020513 108020525 108020535 108020545 108020591 108020604 108020606 108020607 108020609 108020623 108020637 108020638 108020718 108020719 108020747 108020751 108020817 108020895 108020895 108020920 108020927 108020939 108020955 108020960 108020975 108020978 108020979 108021005 108021026 108021033 108021034 108021037 108021041 108021043 108021045 108021052 108021057 108021069 108021084 108021087 108021102 108021116 108021166 108021175 108021176 108021183 108021186 108021193 108021195 108021198 108021201 108021207 108021208 108021216 108021226 108021242 108021283 108021298 108021303 108021306 108021313 108021314 108021315 108021315 108021321 108021335 108021339 108021346 108021356 108021374 108021375 108021389 108021391 108021394 108021396 108021398 108021410 108021410 108021432 108021444 108021451 108021453 108021483 108021487 108021494 108021500 108021502 108021517 108021526 108021527 108021535 108021538 108021556 108021600 108021622 108021625 108021633 108021640 108021645 108021656 108021658 108021800 108021819 108021825 108021826 108021829 118876789 118876870 118876870 118877253 118877386 118877410 118877553 118877563 118877563 118877613 118877681 118877684 118877699 118877729 118877794 118877833 118877887 118877894 118877928 118877928 118877959 118877974 118878002 118878272 118878367 118878442 118878449 118878450 118878453 118878455 118878458 118878584 118878609 118878658 118878804 118878886 118879092 118879420 136117283 136117703 136117720 136117798 139352159 139352564 139352566 139352732 139352868 139352878 139352939 139353019 139353067 139353215 139353252 139353253 139353272 139353290 139353291 139353295 139353394 139353395 139353591 139353591 139353598 139353598 139353599 139353599 139353720 139353721 139353722 139353891 139353932 139353932 139353933 139353933 139353981 139354086 139354188 139354188 139354205 139354331 139354406 139354406 139354669 139354675 139354722 139354744 139354825 139354860 139354878 139354902 139354902 139355058 139355058 139355078 139355081 139355082 139355083 139355114 139355131
GO:0005739	mitochondrion	108004566 108004566 108004568 108004600 108004704 108004816 108004913 108004952 108004955 108005080 108005089 108005097 108005116 108005132 108005169 108005186 108005213 108005213 108005370 108005446 108005459 108005476 108005498 108005536 108005628 108005640 108005775 108005775 108005794 108005819 108005860 108005969 108005986 108005987 108006003 108006031 108006049 108006050 108006160 108006282 108006283 108006289 108006320 108006403 108006412 108006417 108006436 108006474 108006481 108006537 108006552 108006643 108006691 108006704 108006724 108006730 108006828 108006840 108006840 108006887 108006892 108006926 108006936 108006999 108007021 108007069 108007178 108007344 108007436 108007502 108007506 108007646 108007696 108007697 108007760 108007766 108007869 108008141 108008293 108008327 108008328 108008354 108008354 108008417 108008419 108008456 108008495 108008499 108008524 108008540 108008540 108008605 108008713 108008736 108008792 108008799 108008806 108008939 108009010 108009036 108009098 108009138 108009165 108009187 108009199 108009211 108009224 108009287 108009415 108009457 108009479 108009489 108009489 108009523 108009622 108009624 108009646 108009646 108009679 108009686 108009706 108009729 108009740 108009786 108009856 108009867 108009868 108009870 108009872 108009968 108009974 108009980 108010015 108010027 108010064 108010079 108010093 108010108 108010177 108010207 108010448 108010485 108010516 108010632 108010765 108010767 108010779 108010806 108010834 108010843 108010844 108010845 108010900 108010929 108010930 108010930 108011209 108011210 108011213 108011218 108011221 108011223 108011249 108011349 108011349 108011350 108011486 108011560 108011574 108011604 108011623 108011789 108011804 108011831 108011837 108011891 108012018 108012054 108012109 108012113 108012113 108012142 108012148 108012305 108012368 108012370 108012375 108012403 108012422 108012468 108012485 108012486 108012505 108012528 108012580 108012696 108012820 108012843 108012875 108012881 108012912 108012927 108012964 108013100 108013175 108013186 108013233 108013313 108013318 108013403 108013428 108013430 108013450 108013460 108013461 108013493 108013529 108013556 108013603 108013684 108013716 108013716 108013738 108013759 108013840 108013873 108013909 108014093 108014130 108014142 108014227 108014334 108014424 108014463 108014471 108014639 108014664 108014689 108014698 108014734 108014741 108014826 108014860 108014888 108014994 108015119 108015173 108015254 108015255 108015256 108015256 108015297 108015298 108015346 108015366 108015383 108015404 108015420 108015445 108015494 108015515 108015518 108015565 108015629 108015670 108015670 108015721 108015758 108015758 108015784 108015786 108015850 108015855 108015861 108015929 108015932 108015942 108015957 108015984 108016073 108016073 108016078 108016088 108016105 108016110 108016111 108016132 108016552 108016552 108016572 108016591 108016592 108016594 108016613 108016679 108016761 108016761 108016779 108016802 108016848 108016856 108016901 108016943 108016965 108017001 108017004 108017009 108017063 108017106 108017245 108017313 108017339 108017408 108017470 108017472 108017514 108017568 108017734 108017801 108017807 108017808 108017940 108018043 108018090 108018097 108018121 108018130 108018130 108018140 108018157 108018160 108018204 108018241 108018246 108018246 108018267 108018331 108018429 108018450 108018450 108018513 108018562 108018571 108018603 108018647 108018701 108018754 108018761 108018846 108018858 108018911 108018934 108018952 108018962 108019124 108019184 108019189 108019190 108019310 108019334 108019358 108019437 108019499 108019523 108019605 108019641 108019646 108019692 108019720 108019740 108019750 108019775 108019821 108019832 108019856 108019878 108019892 108019892 108019901 108019920 108019963 108019977 108020309 108020552 108020562 108020635 108020635 108020637 108020744 108020882 108020956 108021025 108021064 108021065 108021066 108021084 108021098 108021132 108021174 108021175 108021191 108021215 108021246 108021359 108021368 108021371 108021383 108021398 108021399 108021426 108021428 108021432 108021458 108021462 108021463 108021466 108021534 108021536 108021556 108021557 108021798 108021817 118876754 118877250 118877250 118877643 118877729 118877781 118877782 118877847 139353305 139354032 139354033 139354486 139354746
GO:0005740	mitochondrial envelope	108007074 108007074 108007842 108007842 108008307 108013467 108013467 108018045 108021515 108021694 108021694
GO:0005741	mitochondrial outer membrane	108004760 108004760 108005543 108006241 108006807 108006807 108007013 108007013 108009066 108009123 108009225 108009782 108010740 108010740 108011155 108011155 108011600 108012395 108013467 108014473 108014787 108015150 108015150 108015775 108016461 108017038 108018011 108019001 108019011 108019191 108019838 108019838 108020169 108020303 108021277 108021277 108021279 108021279 108021523 108021689 118877845 118877845 139354589
GO:0005742	mitochondrial outer membrane translocase complex	108004760 108005543 108005543 108007013 108017038 108017038 108018048 108018048 108019838
GO:0005743	mitochondrial inner membrane	108004663 108004663 108004664 108004664 108004669 108004746 108005160 108006105 108006183 108006552 108006552 108006847 108006945 108006955 108007064 108007447 108007447 108007613 108007617 108007636 108007956 108008294 108008303 108008731 108008753 108008939 108008939 108008983 108009009 108009192 108009279 108009379 108009489 108009715 108009771 108009793 108009793 108009976 108010063 108010069 108010147 108010161 108010213 108010241 108010330 108010707 108010978 108011177 108011503 108011602 108011602 108011664 108011749 108011769 108012058 108012128 108012372 108012789 108012821 108012953 108013141 108013190 108013241 108013295 108013473 108013493 108013920 108013963 108014130 108014130 108014520 108014753 108014759 108015047 108015094 108015451 108016605 108016830 108016830 108017046 108017480 108017480 108017482 108017482 108017562 108017579 108017777 108017785 108017785 108019202 108019467 108019485 108019500 108019500 108019978 108020120 108020726 108020752 108020753 108021014 108021047 108021080 108021105 108021139 108021270 118876781 118877325 118877325 118877797 136117706 139353289 139353289
GO:0005744	TIM23 mitochondrial import inner membrane translocase complex	108004619 108006945 108006955 108007247 108007247 108010213 108010868 108013618 108014258 108014558 108015094 108017579 108018929 118877797 136117706
GO:0005745	m-AAA complex	108013426 108015318
GO:0005746	obsolete mitochondrial respirasome	108006101 108006101 108006111 108006111 108021573
GO:0005747	obsolete mitochondrial respiratory chain complex I	108004566 108005179 108005213 108007152 108007447 108007492 108008354 108008540 108008640 108009055 108009575 108009913 108009976 108010221 108010221 108010733 108011908 108012485 108012490 108012642 108012696 108012735 108014143 108014552 108015056 108015186 108015256 108015729 108016830 108016874 108017975 108018578 108018578 108019192 108019692 108020426 108021015 108021372 108021372 108021442 108021507 108021798 139353289 139353289 139353704
GO:0005749	obsolete mitochondrial respiratory chain complex II, succinate dehydrogenase complex (ubiquinone)	108006032 108006064 108007842 108009763 108014224
GO:0005750	obsolete mitochondrial respiratory chain complex III	108004799 108004799 108006278 108006278 108009192 108009192 108013351 108014789 108014821 108014821 108017659 108017659 108019467 108019467 108019802 108019802 108019822 108019822 108021638
GO:0005751	obsolete mitochondrial respiratory chain complex IV	108005856 108005856 108006101 108006101 108006111 108006111 108006887 108006887 108007074 108007074 108008376 108008376 108008377 108008377 108009793 108009793 108015231 108015231 108017785 108017785 108019500 108019500 108020726 108021573 108021694 108021694 139352943
GO:0005753	obsolete mitochondrial proton-transporting ATP synthase complex	108008639 108012023 108014475 108014633 108017498 108019002 108019002 108019003 108019003 108019007 108019007 108020422
GO:0005754	obsolete mitochondrial proton-transporting ATP synthase, catalytic core	108009960
GO:0005758	mitochondrial intermembrane space	108005474 108005474 108005860 108005860 108008348 108008517 108008518 108009703 108010088 108011575 108014671 108014680 108019301 108020466 118877782 139354533
GO:0005759	mitochondrial matrix	108004746 108005196 108006714 108006847 108007049 108007064 108007112 108007490 108008454 108008454 108010079 108010485 108010680 108010704 108010923 108011352 108011490 108011573 108011936 108013524 108013887 108014466 108015034 108015152 108015585 108016770 108017046 108017214 108017597 108017633 108018547 108018592 108019224 108019251 108020520 108020675 139354918
GO:0005760	gamma DNA polymerase complex	108021025 108021025
GO:0005761	mitochondrial ribosome	108006025 108009199 108009668 108011266 108016781 108016781 108017491 108017491 108020221
GO:0005762	mitochondrial large ribosomal subunit	108005163 108005221 108005578 108005775 108006025 108006048 108006562 108007983 108008472 108008688 108009599 108009772 108010855 108012116 108012467 108012582 108012662 108012857 108013193 108013522 108013824 108013824 108013933 108016265 108016670 108017491 108017945 108017945 108018212 108018212 108018934 108018967 108019009 108019751 108020442 108020961 108021613 108021615 118877954
GO:0005763	mitochondrial small ribosomal subunit	108004913 108008707 108009083 108009342 108009668 108010059 108012507 108014020 108014020 108015372 108015622 108015622 108016089 108017269 108017460 108018170 108018313 108020202 108021203 108021413 118877250 118877625
GO:0005764	lysosome	108004815 108005872 108006946 108007953 108008269 108008346 108008840 108009144 108009347 108009427 108009687 108009790 108009813 108009934 108010045 108010055 108010526 108010761 108011281 108011563 108012156 108013407 108013490 108013741 108014367 108014525 108014973 108014997 108015029 108015179 108015767 108016671 108016674 108017059 108017224 108017225 108017707 108017875 108018102 108018957 108019013 108019227 108019639 108019640 108019699 108019747 108020054 108020787 108020827 108021018 108021019 108021113 108021302 108021452 108021699
GO:0005765	lysosomal membrane	108005607 108005852 108005886 108006001 108006983 108009094 108009491 108010124 108011016 108011239 108011239 108011973 108011975 108011983 108012830 108012992 108013190 108013289 108014034 108014616 108016277 108018907 108019725 108019882 108021228 118877622
GO:0005768	endosome	108005177 108005438 108005790 108005848 108006323 108006983 108007498 108007977 108008350 108009252 108009475 108009581 108012602 108013107 108013157 108013270 108013306 108013868 108015141 108016277 108016590 108016783 108016929 108017238 108017987 108018495 108020467 108020508 108020707 108020904 108021035 108021267 136116463 139352907
GO:0005769	early endosome	108006402 108007483 108008342 108009501 108009658 108010445 108011016 108011732 108013358 108016573 108016586 108017034 108018907 108018945 108019069 108020261 108021187 108021295 108021533 118879697
GO:0005770	late endosome	108004949 108005727 108006358 108009426 108009501 108009813 108013290 108015767 108019699 118877622 139355006
GO:0005771	multivesicular body	108004796 108005821 108009365 108010274 108011659 108013354 108014465 108015539 118878100
GO:0005773	vacuole	108004984 108007494 108007501 108019276
GO:0005774	vacuolar membrane	108005383 108005742 108008586 108009157 108014582 108015519 108016036 118877872
GO:0005776	autophagosome	108004757 108006975 108007207 108007276 108008351 108010104 108012042 108015249 108017981 108020198
GO:0005777	peroxisome	108005933 108007869 108008247 108008324 108008338 108008338 108008362 108009581 108009726 108009736 108009736 108009839 108010033 108010033 108010155 108011136 108011981 108012016 108012123 108012702 108012964 108013593 108013867 108015323 108015581 108015657 108015662 108015669 108015929 108016015 108016916 108016987 108016987 108017959 108018072 108018345 108018380 108018713 108018714 108019746 108019797 108019797 108020808 108021223 108021223 108021566 108021566 118877555 118877729 139352187
GO:0005778	peroxisomal membrane	108007833 108009840 108009869 108009869 108012123 108012541 108012609 108012839 108012842 108012844 108013593 108013728 108014255 108014255 108014864 108014864 108016777 108017984 108017984 108019797 108020208 108020410 108021223 108021497 108021497 139354589
GO:0005782	peroxisomal matrix	108013558
GO:0005783	endoplasmic reticulum	108004677 108004705 108004744 108004819 108004882 108004882 108005027 108005157 108005173 108005175 108005193 108005486 108005517 108006004 108006081 108006081 108006113 108006113 108006277 108006288 108006290 108006343 108006414 108006418 108006605 108006612 108006863 108007086 108007086 108007150 108007161 108007242 108007242 108007266 108007297 108007297 108007379 108007383 108007469 108007488 108007488 108007641 108007662 108007698 108007704 108007748 108007748 108007749 108007749 108007758 108007758 108007759 108007759 108007879 108008035 108008035 108008038 108008038 108008044 108008375 108008404 108008448 108009126 108009200 108009546 108009546 108009673 108009764 108009819 108009875 108009927 108009969 108009973 108009990 108009996 108010016 108010123 108010134 108010288 108010427 108010590 108010595 108010666 108010701 108010736 108010758 108010758 108010860 108011151 108011256 108011256 108011756 108011868 108012031 108012361 108012380 108012404 108012520 108012591 108012866 108012913 108013175 108013357 108013414 108013482 108013495 108013525 108013715 108013818 108013818 108013819 108013819 108013820 108013820 108014055 108014252 108014259 108014355 108014374 108014594 108014732 108014830 108014961 108014992 108015013 108015013 108015281 108015285 108015305 108015475 108015520 108015533 108015547 108015797 108015797 108015798 108015798 108015897 108015910 108016269 108016393 108016504 108016504 108016637 108016729 108016812 108016825 108016892 108016907 108016948 108017195 108017229 108017229 108017231 108017231 108017232 108017233 108017233 108017243 108017243 108017258 108017258 108017259 108017259 108017260 108017260 108017262 108017262 108017264 108017264 108017265 108017273 108017273 108017454 108017487 108017487 108017558 108017819 108017840 108017840 108018192 108018483 108018775 108018914 108018925 108019086 108019197 108019800 108019858 108019886 108020608 108020728 108020729 108020928 108020947 108020967 108021053 108021125 108021198 108021209 108021252 108021328 108021339 108021400 108021406 108021448 108021467 108021481 108021520 108021617 108021634 108021813 108021832 108021837 118877215 118877851 118877939 118878153 139353157 139353157 139353170 139353170
GO:0005784	Sec61 translocon complex	108008367 108008367 108021459
GO:0005785	signal recognition particle receptor complex	108004726
GO:0005786	signal recognition particle, endoplasmic reticulum targeting	108005783 108006845 108007814 108007814 108012000 108013405 108013405 108014459
GO:0005787	signal peptidase complex	108010732 108010732 108015981 108017006 108017006 108020626 108020626
GO:0005788	endoplasmic reticulum lumen	108004945 108005296 108005464 108015548 108017840 108021687
GO:0005789	endoplasmic reticulum membrane	108004690 108004707 108004726 108005020 108005055 108005455 108005609 108005617 108005756 108006292 108006311 108006373 108006373 108006420 108006820 108006853 108007165 108007165 108007242 108007580 108007817 108007832 108007833 108007833 108007935 108007971 108007992 108008319 108008351 108008403 108008424 108008582 108008596 108009133 108009288 108009289 108009290 108009438 108009440 108009554 108009554 108009604 108009721 108009871 108009964 108010066 108010124 108010249 108010557 108010609 108010609 108010630 108010677 108010721 108010732 108010758 108011031 108011282 108011622 108011633 108011833 108012186 108012188 108012193 108012198 108012364 108012526 108012596 108012676 108012676 108012849 108012942 108012956 108013074 108013192 108013208 108013305 108013342 108013482 108013695 108013833 108013958 108014090 108014259 108014376 108014376 108014420 108014462 108014462 108014472 108014472 108014597 108014791 108014914 108014992 108015124 108015137 108015262 108015311 108015815 108015815 108015893 108016081 108016205 108016207 108016209 108016212 108016480 108016620 108016620 108016863 108016866 108016883 108016974 108017057 108017127 108017335 108017338 108017445 108017487 108017513 108017615 108017615 108017621 108017744 108017793 108017960 108017989 108018024 108018025 108018127 108018151 108018229 108018338 108018598 108018619 108018676 108018708 108018737 108018921 108018927 108019043 108019043 108019527 108019707 108019817 108019846 108020216 108020639 108020859 108020903 108021000 108021125 108021125 108021181 108021198 108021198 108021247 108021255 108021261 108021271 108021498 108021499 108021530 108021639 108021639 108021700 108021790 108021815 118876772 118877649 118877649 118877780 118878101 139352936 139353183 139353183 139353980 139354525
GO:0005790	smooth endoplasmic reticulum	108019716
GO:0005793	endoplasmic reticulum-Golgi intermediate compartment	108004819 108005175 108005193 108006311 108006373 108006418 108006605 108009875 108010860 108011282 108011868 108011872 108012364 108012520 108013414 108015124 108015520 108016637 108017195 108017650 108017958 108020639
GO:0005794	Golgi apparatus	108004687 108004819 108004916 108005090 108005171 108005173 108005175 108005184 108005193 108005279 108005359 108005743 108006035 108006090 108006110 108006292 108006605 108006611 108006890 108007349 108007483 108007520 108007528 108007568 108007584 108007586 108007610 108008347 108008427 108008888 108009031 108009084 108009160 108009386 108009419 108009515 108009813 108009875 108009940 108010121 108010462 108010840 108011092 108011433 108011728 108011868 108011872 108012107 108012297 108012366 108012520 108012526 108012526 108012574 108012679 108012838 108012913 108012937 108013077 108013175 108013255 108013305 108013305 108013492 108013701 108013736 108013778 108014421 108014568 108014922 108015141 108015291 108015351 108015520 108015547 108015723 108016129 108016179 108016637 108016661 108016729 108016799 108016877 108016892 108017117 108017195 108017507 108017513 108017634 108017702 108017738 108017770 108017997 108018156 108018200 108018405 108018459 108018924 108018986 108019027 108019143 108019156 108019160 108019284 108019518 108019729 108019731 108019846 108020000 108020212 108020467 108020903 108021081 108021266 108021328 108021520 108021530 108021539 108021617 108021635 108021636 108021663 108021823 108021827 118876983 118877218 118877610 118877634 136116463
GO:0005795	Golgi stack	108004705 108005315 108013414 108020105 118878124 118878124
GO:0005797	Golgi medial cisterna	108008443 108014692
GO:0005801	cis-Golgi network	108006422 108009084 108011872 108014692 108014692 108021337 108021832
GO:0005802	trans-Golgi network	108005319 108006422 108007966 108009813 108011979 108012101 108013107 108013278 108013358 108013448 108013449 108015172 108016277 108017208 108017987 108018817 108019280 108019745 108020153 108020261 108020707 108020904 108021023 108021470 108021539 108021598 108021659 118879697
GO:0005811	lipid droplet	108005114 108005494 108005747 108006936 108009686 108011886 108013227 108013227 108013387 108018701 108018940 108019800 108021611 108021654
GO:0005813	centrosome	108004715 108005361 108005770 108005809 108005850 108006001 108006790 108006913 108007017 108007167 108007418 108007882 108008281 108008644 108008726 108008996 108009423 108009472 108009917 108010053 108010437 108010883 108011143 108011460 108011535 108011772 108012026 108012107 108012459 108012592 108012854 108012873 108012960 108012990 108013327 108013721 108014248 108014562 108014663 108015178 108015212 108015345 108015504 108015801 108016084 108016084 108017142 108017201 108017674 108017702 108018514 108018583 108018781 108019142 108019218 108019630 108019729 108020489 108021242 108021282 108021618 108021619 139352868 139354026
GO:0005814	centriole	108005092 108005538 108007103 108009155 108009423 108009917 108011143 108011592 108012873 108013145 108014984 108015504 108016084 108017142 108018070 108018625 108019142 108021227 108021504 139354026
GO:0005815	microtubule organizing center	108006856 108007701 108009637 108014978 108016845 108017797 108018159 108019231 108019991 108020240 118878373 118878374 139354775
GO:0005819	spindle	108004679 108008281 108012459 108012592 108013327 108016079 108017674 108018514 108021819
GO:0005826	actomyosin contractile ring	108009452 108018007
GO:0005828	kinetochore microtubule	108010825
GO:0005829	cytosol	108004582 108004591 108004635 108004683 108004757 108004872 108004911 108004924 108004954 108005030 108005076 108005077 108005113 108005114 108005158 108005172 108005186 108005238 108005308 108005326 108005375 108005454 108005563 108005605 108005615 108005645 108005772 108005819 108005820 108005884 108005960 108005965 108005987 108006023 108006031 108006072 108006181 108006295 108006353 108006540 108006567 108006631 108006710 108006956 108006975 108007022 108007073 108007085 108007086 108007143 108007154 108007161 108007183 108007276 108007332 108007333 108007345 108007367 108007391 108007395 108007425 108007436 108007453 108007499 108007859 108007895 108007938 108007957 108008071 108008108 108008262 108008385 108008420 108008453 108008488 108008488 108008517 108008518 108008524 108008552 108008568 108008774 108008861 108009051 108009068 108009109 108009165 108009256 108009292 108009340 108009345 108009376 108009468 108009500 108009509 108009517 108009523 108009598 108009602 108009729 108009746 108009759 108009840 108009851 108009867 108009868 108009872 108009876 108009900 108009901 108009943 108009962 108009963 108009979 108009991 108010070 108010186 108010228 108010415 108010448 108010633 108010670 108010689 108010716 108010719 108010794 108010804 108010833 108010834 108010900 108010923 108011094 108011111 108011135 108011151 108011297 108011420 108011441 108011449 108011459 108011472 108011492 108011574 108011603 108011638 108011642 108011730 108011740 108011761 108011813 108011838 108011865 108011886 108011968 108012042 108012088 108012177 108012277 108012352 108012379 108012385 108012413 108012414 108012445 108012543 108012569 108012743 108012827 108012855 108012877 108012921 108012961 108012964 108012981 108012985 108012998 108013002 108013015 108013076 108013091 108013103 108013168 108013175 108013175 108013194 108013224 108013260 108013263 108013277 108013315 108013368 108013416 108013466 108013499 108013558 108013590 108013593 108013609 108013719 108013723 108013730 108013779 108013927 108013987 108014070 108014256 108014269 108014278 108014337 108014418 108014459 108014461 108014502 108014563 108014623 108014698 108014795 108014823 108015010 108015099 108015140 108015173 108015203 108015249 108015330 108015341 108015356 108015366 108015376 108015447 108015462 108015497 108015519 108015552 108015759 108015762 108015826 108015840 108015927 108015953 108015984 108016136 108016140 108016149 108016319 108016369 108016439 108016474 108016500 108016547 108016562 108016575 108016583 108016595 108016596 108016608 108016614 108016631 108016777 108016804 108016813 108016839 108016847 108016885 108016900 108016935 108016984 108017060 108017086 108017106 108017116 108017311 108017339 108017410 108017612 108017666 108017666 108017667 108017739 108017771 108017802 108017817 108017923 108017940 108017955 108017969 108017982 108018010 108018045 108018068 108018075 108018095 108018125 108018126 108018137 108018149 108018197 108018203 108018209 108018214 108018225 108018297 108018300 108018420 108018448 108018484 108018556 108018614 108018618 108018859 108018866 108018889 108018899 108018928 108018985 108018985 108018998 108019064 108019065 108019082 108019124 108019179 108019188 108019200 108019205 108019230 108019303 108019304 108019305 108019425 108019460 108019511 108019524 108019596 108019598 108019721 108019724 108019788 108019848 108019860 108019890 108019989 108020021 108020136 108020146 108020215 108020294 108020309 108020392 108020423 108020427 108020500 108020514 108020523 108020548 108020562 108020572 108020751 108020786 108020935 108020943 108021009 108021056 108021063 108021084 108021127 108021167 108021246 108021349 108021396 108021463 108021470 108021486 108021503 108021522 108021534 108021536 108021540 108021546 108021581 108021583 108021584 108021585 108021615 108021642 118876747 118876786 118877213 118877356 118877420 118877545 118877553 118877565 118877643 118877948 118878886 136116458 136117270 139352172 139352948 139353102 139353140 139353764 139353877 139353886 139353887 139353892 139353911 139353912 139353917 139353924 139353925 139353951 139354052 139354072 139354412 139354502
GO:0005832	chaperonin-containing T-complex	108010068 108012185 108014275 108016596 108016596 108017775 108018520 108018906 118877785 139354638
GO:0005834	heterotrimeric G-protein complex	108009193 108009193 108009816 108011059 108013285 108018106 108018194 108018932 108019054 108019054 108019131 108019472 108019611 108019612 108019778 108019779 139354252
GO:0005838	proteasome regulatory particle	108005645 108009859 108013368 108020509
GO:0005839	proteasome core complex	108005629 108006275 108006874 108008401 108008531 108008552 108008553 108008719 108008756 108008866 108009206 108010228 108010582 108010589 108010719 108010988 108011125 108011238 108011553 108012501 108013432 108014699 108017086 108018673 108019442
GO:0005840	ribosome	108004563 108004563 108004661 108004661 108004706 108004706 108004978 108005163 108005166 108005166 108005221 108005221 108005404 108005493 108005773 108005773 108006006 108006006 108006160 108006436 108006717 108006734 108006734 108006793 108006793 108006895 108006926 108006926 108007021 108007117 108007656 108007902 108007902 108007983 108007983 108008371 108008387 108008387 108008388 108008423 108008423 108008443 108008443 108008452 108008470 108008470 108008498 108008498 108008534 108008534 108008691 108008691 108008707 108008787 108008787 108008831 108009061 108009061 108009083 108009131 108009131 108009151 108009151 108009342 108009342 108009599 108009599 108010059 108010120 108010120 108010256 108010256 108010567 108010567 108010570 108010846 108010846 108010930 108011119 108011119 108011263 108011263 108011934 108011934 108012116 108012116 108012391 108012391 108012467 108012467 108012582 108012582 108012662 108012857 108012857 108012982 108012982 108013031 108013031 108013323 108013323 108013527 108013527 108013933 108013933 108014059 108014059 108014216 108014216 108015003 108015009 108015009 108015372 108015372 108015378 108015488 108015488 108015851 108015851 108016089 108016089 108016264 108016264 108016485 108016485 108016554 108016554 108016622 108016670 108016679 108016928 108016928 108017269 108017269 108017469 108017469 108017506 108017966 108018185 108018185 108018225 108018302 108018302 108018313 108018313 108018433 108018433 108018501 108018571 108018733 108018733 108018934 108018950 108018967 108018967 108019308 108019308 108019821 108019821 108020202 108020202 108020427 108020442 108020720 108021011 108021165 108021165 108021203 108021355 108021355 108021441 108021494 108021615 108021615 118877625 118877625 118877954 118877954 139352168 139352174 139352174 139352177 139352177 139352928 139352928 139353027 139353027 139353050 139353050 139353149 139353276 139353276 139353906 139354570 139354570 139354670 139354670 139354740 139354741 139354861 139354861 139355002 139355002
GO:0005844	obsolete polysome	108004861 108006027 108008049 108008668 108008847 108009730 108010114 108011158 108012077 108013209 108013881 108014482 108015906 108018036 108019070
GO:0005845	obsolete mRNA cap binding complex	108005364 108013520 108013520 108016064 108016920
GO:0005846	nuclear cap binding complex	108016064 108016920 108018590
GO:0005847	mRNA cleavage and polyadenylation specificity factor complex	108004873 108005526 108005734 108010113 108011597 108011719 108013397 108014694 108014695 108015142
GO:0005848	mRNA cleavage stimulating factor complex	108010785
GO:0005849	mRNA cleavage factor complex	108009316 108013069 108013069 108019635
GO:0005850	eukaryotic translation initiation factor 2 complex	108004924 108005426 108011733
GO:0005851	eukaryotic translation initiation factor 2B complex	108015483 108016772 108018230 108018904
GO:0005852	eukaryotic translation initiation factor 3 complex	108006681 108006681 108008310 108008310 108009058 108009058 108009514 108009514 108009885 108009885 108010107 108010107 108013230 108013230 108016629 108016984 108016984 108017403 108017403 118876870 118876870 118877887 118877928 118877928 139353591 139353591 139353598 139353598 139353599 139353599 139353932 139353932 139353933 139353933 139354188 139354188 139354406 139354406 139354902 139354902 139355058 139355058
GO:0005853	eukaryotic translation elongation factor 1 complex	108008453 108018095
GO:0005854	nascent polypeptide-associated complex	108006567 108015340 108019788 108019820 108020294
GO:0005856	cytoskeleton	108005014 108005241 108005241 108005740 108005837 108005925 108007410 108007693 108009155 108009301 108009314 108009431 108009519 108010034 108010771 108011141 108012374 108012802 108012911 108013052 108014138 108014157 108014553 108014553 108014905 108014990 108014991 108015121 108015316 108015775 108016130 108016131 108016885 108016914 108017244 108018038 108018394 108018625 108019601 108019968 108020163 108020167 108020414 108020893 108020927 108021375 108021791 139352696 139353894 139353985
GO:0005858	axonemal dynein complex	108008120 108012606 108013202 108013502 108014444 108016394 108018931 136116540 139353541 139353556
GO:0005861	troponin complex	108004684 108004684 108016868 108016868
GO:0005868	cytoplasmic dynein complex	108004715 108005000 108007418 108007418 108008726 108008726 108008996 108009220 108009657 108010053 108011772 108011848 108012854 108012854 108012960 108012960 108013903 108016950 108017769 108018781 108019102 108019102 108019351 108019784 108020290 108021122 139352868 139352868
GO:0005869	dynactin complex	108006441 108008571 108008571 108014986 108017938 108018198 108018198 108019630 108019630
GO:0005871	kinesin complex	108005354 108008428 108010455 108012990 108018153 108020070 118877253
GO:0005874	microtubule	108005232 108005354 108008281 108008281 108008428 108009344 108009383 108009747 108009747 108010141 108010141 108010455 108010600 108010600 108011309 108011645 108012396 108012396 108012771 108013064 108013957 108013957 108014809 108014809 108014811 108014811 108014833 108014833 108015852 108015852 108016595 108017005 108017005 108017134 108017134 108017674 108017674 108018071 108018153 108018986 108019019 108019080 108019225 108020070 108021162 108021175 139354775
GO:0005875	microtubule associated complex	108008508 108009779 108010671 108012392 108013324 108016595 108016966 108018660 108020350 108020942
GO:0005876	spindle microtubule	108007369 108013271 108021060
GO:0005879	axonemal microtubule	108009155 108011143 108011984 108012043 108012043 108018625
GO:0005881	cytoplasmic microtubule	108005284 108006856 108007294 108007701 108009721 108009779 108010066 108012238 108013005 108013604 108017797 108017818 108018159 108019231 108020240 108020590 118878373 118878374
GO:0005884	actin filament	108004743 108004849 108004928 108009082 108011512 108012947 108013000 108014956 108015216 108016217 108016898 108017207 108018374 108021196 108021202 108021375 108021375 139352190
GO:0005885	Arp2/3 protein complex	108005241 108005241 108011159 108013276 108014553 108014553 108018320 108018320 108021176 108021176 108021437 108021437 108021734 108021734
GO:0005886	plasma membrane	108004594 108004656 108004667 108004668 108004681 108004688 108004731 108004768 108004771 108004791 108004795 108004831 108004832 108004844 108004908 108004911 108004934 108004936 108004956 108004974 108005013 108005014 108005015 108005016 108005016 108005054 108005140 108005153 108005173 108005177 108005214 108005228 108005272 108005282 108005291 108005292 108005307 108005319 108005330 108005333 108005352 108005373 108005381 108005387 108005430 108005448 108005453 108005458 108005469 108005473 108005475 108005480 108005497 108005554 108005554 108005593 108005604 108005621 108005621 108005634 108005659 108005689 108005713 108005756 108005763 108005777 108005790 108005792 108005800 108005825 108005846 108005848 108005852 108005874 108005880 108005961 108005963 108005964 108006092 108006161 108006223 108006259 108006284 108006288 108006301 108006301 108006312 108006343 108006358 108006426 108006428 108006527 108006560 108006560 108006561 108006668 108006744 108006764 108006782 108006788 108006902 108006903 108006914 108006936 108006947 108007008 108007032 108007052 108007054 108007058 108007072 108007114 108007143 108007205 108007289 108007300 108007303 108007342 108007345 108007357 108007365 108007367 108007391 108007405 108007423 108007424 108007433 108007438 108007439 108007440 108007483 108007554 108007560 108007590 108007600 108007603 108007614 108007630 108007631 108007634 108007650 108007694 108007702 108007704 108007706 108007747 108007757 108007804 108007877 108007896 108007996 108008027 108008103 108008114 108008144 108008191 108008193 108008208 108008272 108008286 108008292 108008337 108008383 108008414 108008429 108008431 108008447 108008459 108008488 108008491 108008523 108008537 108008578 108008581 108008607 108008619 108008635 108008654 108008662 108008702 108008732 108008759 108008781 108008851 108008896 108008901 108008922 108008928 108008937 108008957 108008971 108008995 108009024 108009052 108009079 108009145 108009190 108009194 108009235 108009252 108009300 108009301 108009306 108009325 108009328 108009330 108009334 108009347 108009349 108009368 108009404 108009425 108009440 108009448 108009449 108009467 108009470 108009518 108009537 108009550 108009587 108009593 108009600 108009614 108009617 108009626 108009633 108009652 108009653 108009654 108009655 108009658 108009669 108009709 108009720 108009731 108009732 108009752 108009755 108009802 108009825 108009826 108009828 108009829 108009834 108009834 108009836 108009847 108009853 108009858 108009860 108009873 108009890 108009891 108009901 108009903 108009904 108009905 108009952 108009987 108010002 108010005 108010050 108010075 108010080 108010086 108010101 108010109 108010131 108010140 108010163 108010182 108010184 108010226 108010246 108010247 108010284 108010313 108010315 108010323 108010424 108010425 108010445 108010457 108010500 108010545 108010560 108010768 108010782 108010803 108010819 108010819 108010870 108010887 108010910 108010931 108010931 108010941 108010943 108010944 108010973 108011028 108011050 108011101 108011109 108011112 108011252 108011376 108011385 108011424 108011433 108011457 108011499 108011517 108011533 108011557 108011582 108011590 108011609 108011617 108011618 108011639 108011645 108011647 108011683 108011707 108011732 108011762 108011767 108011794 108011857 108011881 108011888 108011923 108011924 108011925 108011938 108011955 108011978 108011980 108011995 108012008 108012041 108012052 108012085 108012120 108012121 108012152 108012181 108012192 108012217 108012222 108012245 108012245 108012257 108012286 108012293 108012346 108012416 108012418 108012426 108012489 108012599 108012647 108012649 108012652 108012661 108012676 108012682 108012752 108012753 108012759 108012769 108012861 108012869 108012870 108012887 108012888 108012906 108012911 108012921 108012924 108012942 108012956 108012958 108012978 108012984 108012992 108013063 108013085 108013094 108013104 108013105 108013110 108013130 108013131 108013161 108013190 108013201 108013214 108013239 108013240 108013248 108013259 108013272 108013308 108013333 108013335 108013339 108013390 108013401 108013411 108013431 108013433 108013451 108013451 108013459 108013479 108013488 108013498 108013538 108013541 108013541 108013545 108013545 108013552 108013575 108013597 108013607 108013611 108013615 108013670 108013726 108013794 108013795 108013852 108013862 108013876 108013893 108013945 108013990 108014034 108014083 108014115 108014116 108014148 108014169 108014170 108014173 108014177 108014244 108014279 108014281 108014284 108014293 108014304 108014332 108014341 108014400 108014433 108014455 108014455 108014514 108014529 108014531 108014563 108014587 108014651 108014665 108014711 108014792 108014793 108014801 108014836 108014847 108014854 108014859 108014867 108014883 108014886 108014891 108014910 108014932 108014947 108014963 108014973 108014979 108014990 108015039 108015077 108015079 108015098 108015111 108015138 108015176 108015189 108015205 108015210 108015269 108015282 108015295 108015301 108015316 108015333 108015380 108015381 108015410 108015414 108015419 108015432 108015444 108015458 108015458 108015496 108015501 108015514 108015523 108015546 108015563 108015667 108015679 108015742 108015745 108015759 108015761 108015782 108015841 108015854 108015856 108015912 108015946 108015969 108015991 108016005 108016051 108016077 108016083 108016124 108016162 108016166 108016179 108016188 108016201 108016232 108016241 108016243 108016277 108016290 108016307 108016312 108016347 108016407 108016422 108016432 108016484 108016507 108016542 108016550 108016558 108016559 108016561 108016590 108016593 108016627 108016639 108016643 108016658 108016681 108016698 108016701 108016705 108016740 108016774 108016799 108016809 108016833 108016840 108016844 108016871 108016880 108016894 108016896 108016906 108016914 108016937 108016975 108016978 108017040 108017076 108017085 108017091 108017200 108017212 108017242 108017246 108017293 108017296 108017310 108017315 108017316 108017370 108017378 108017428 108017449 108017493 108017495 108017510 108017515 108017517 108017582 108017587 108017592 108017600 108017616 108017645 108017679 108017680 108017714 108017731 108017749 108017750 108017751 108017752 108017754 108017755 108017756 108017757 108017758 108017759 108017760 108017761 108017762 108017763 108017764 108017765 108017766 108017767 108017782 108017880 108017882 108017932 108017950 108017972 108018004 108018005 108018023 108018038 108018039 108018047 108018063 108018075 108018089 108018092 108018109 108018142 108018151 108018165 108018183 108018196 108018207 108018235 108018279 108018279 108018286 108018289 108018290 108018333 108018342 108018352 108018374 108018387 108018416 108018438 108018484 108018495 108018512 108018644 108018657 108018701 108018708 108018727 108018739 108018759 108018765 108018769 108018807 108018853 108018861 108018865 108018876 108018884 108018886 108018893 108018896 108018926 108018956 108018976 108018988 108018993 108019014 108019031 108019041 108019043 108019075 108019076 108019080 108019090 108019145 108019160 108019173 108019178 108019194 108019197 108019198 108019209 108019217 108019220 108019254 108019280 108019299 108019326 108019362 108019396 108019422 108019439 108019461 108019477 108019494 108019558 108019579 108019602 108019603 108019703 108019709 108019741 108019753 108019755 108019759 108019771 108019776 108019782 108019800 108019810 108019824 108019828 108019853 108019869 108019910 108019914 108019917 108019925 108019970 108019976 108019986 108019998 108020017 108020018 108020031 108020032 108020043 108020048 108020050 108020054 108020110 108020111 108020130 108020158 108020196 108020209 108020228 108020269 108020272 108020331 108020333 108020346 108020349 108020353 108020382 108020383 108020385 108020400 108020403 108020405 108020405 108020409 108020413 108020419 108020420 108020425 108020430 108020445 108020462 108020464 108020476 108020508 108020515 108020598 108020673 108020707 108020739 108020855 108020905 108020921 108020932 108020933 108020940 108020944 108020980 108020991 108020995 108020996 108021007 108021027 108021072 108021081 108021083 108021095 108021107 108021134 108021161 108021216 108021217 108021228 108021250 108021259 108021274 108021297 108021313 108021316 108021327 108021327 108021334 108021340 108021376 108021381 108021428 108021431 108021445 108021450 108021460 108021473 108021501 108021505 108021510 108021511 108021524 108021546 108021586 108021604 108021614 108021626 108021631 108021632 108021646 108021678 108021684 108021688 108021705 108021712 108021718 108021720 108021783 108021788 108021814 118876762 118876780 118877553 118877636 118877642 118877675 118877716 118877916 118877917 118877935 118877958 118878006 118878093 118878129 118878130 118878372 118878561 118878888 136116498 136116999 139352873 139352901 139353175 139353199 139353246 139353354 139353360 139353361 139353436 139353919 139353973 139354007 139354009 139354125 139354135 139354527 139354528 139354768 139354939
GO:0005890	sodium:potassium-exchanging ATPase complex	108010747 108010747 108010749 108010749 108020696 108020696 108020994 108020994 108021156 108021156 108021514 108021514
GO:0005891	voltage-gated calcium channel complex	108006298 108006298 108010018 108015997 108015997 108016046 108016339 108019835 108021430 108021783
GO:0005899	insulin receptor complex	108016422
GO:0005902	microvillus	108013390 108015316 108015742 108021216
GO:0005905	clathrin-coated pit	108017128 108017449
GO:0005911	cell-cell junction	108004791 108005971 108006504 108006625 108009752 108010140 108016188 108018884 108019217 108019824 108020905 108021083 108021217 108021297 118876762
GO:0005912	adherens junction	108006518 108008487 108009550 108009694 108009765 108010888 108011139 108013117 108013215 108014792 108014867 108014990 108015316 108015501 108016881 108016895 108016914 108017934 108018001 108018875 108019090 108019312 108019362 108019446 108019922 139353230
GO:0005918	septate junction	108011935 108012421 108016589 108020932
GO:0005921	gap junction	108007634 108013401 108015079 108015282 108016658 108016937 108016975 108019014
GO:0005923	bicellular tight junction	118877642
GO:0005925	focal adhesion	108006504 108006504 108006797 108008811 108009431 108009618 108012911 108012911 108013737 108016914 108017505 108019071 108020418
GO:0005929	cilium	108004768 108005044 108005802 108006548 108006633 108006912 108007166 108007882 108009180 108009201 108009932 108010314 108011140 108011592 108012107 108012157 108012474 108012771 108013063 108013604 108014148 108014295 108014593 108014675 108016851 108017527 108017702 108018135 108020143 108020404 108020489 108021570 108021816 139353762
GO:0005930	axoneme	108004742 108005535 108005809 108006321 108006879 108008120 108008504 108009132 108009864 108010656 108010984 108011848 108012285 108012606 108012645 108012831 108013096 108013864 108016514 108017312 108018071 108018583 108018804 108018931 108019225 108019642 108019653 108020148 108020284 108021122 108021329 108021736 136116540 139353473
GO:0005938	cell cortex	108006869 108008927 108011139 108012860 108013190 108013725 108019093 108019161 108019533 139354944
GO:0005940	septin ring	108005457 108011229 108019568 108019658 118877942
GO:0005942	phosphatidylinositol 3-kinase complex	108015410 108016902 108017076 108019713 108020911 108021465
GO:0005945	6-phosphofructokinase complex	108009662
GO:0005946	alpha,alpha-trehalose-phosphate synthase complex (UDP-forming)	108019724
GO:0005947	obsolete mitochondrial alpha-ketoglutarate dehydrogenase complex	108011184 108017476
GO:0005952	cAMP-dependent protein kinase complex	108009750 108009750 108012883 108013779 108017956
GO:0005953	CAAX-protein geranylgeranyltransferase complex	108021045 108021525 108021525
GO:0005955	calcineurin complex	108004555 108009069 108011132 108012146 118878367
GO:0005956	protein kinase CK2 complex	108005297 108005297 108008649 108008649 108008729 108008729 139353140
GO:0005958	DNA-dependent protein kinase-DNA ligase 4 complex	108013158 108013678
GO:0005960	glycine cleavage complex	108012054 108013100 108013100
GO:0005964	phosphorylase kinase complex	108005367 108016841 108020616
GO:0005965	protein farnesyltransferase complex	108004944 108004944 108021045
GO:0005967	obsolete mitochondrial pyruvate dehydrogenase complex	108007216 108021149
GO:0005968	Rab-protein geranylgeranyltransferase complex	108006302 108009851 108009851 108019441
GO:0005971	ribonucleoside-diphosphate reductase complex	108021425
GO:0005975	carbohydrate metabolic process	108004668 108004736 108004970 108005098 108005223 108005551 108006069 108006137 108006611 108006611 108006687 108006687 108006956 108007102 108007499 108007499 108007881 108008262 108008327 108008656 108008669 108008669 108008760 108009347 108009347 108009387 108009419 108009419 108009443 108009443 108009631 108009767 108010074 108010150 108010666 108010867 108011065 108011227 108011456 108011480 108011728 108011728 108011745 108012105 108012868 108013251 108013680 108014594 108014744 108014745 108014973 108014973 108015152 108015177 108015285 108015400 108015475 108016500 108016893 108016948 108017795 108017805 108017805 108017923 108017923 108018062 108018232 108018488 108018488 108018867 108019210 108019251 108019276 108019276 108019580 108019582 108019583 108019584 108019585 108019586 108019587 108019595 108019665 108019665 108020054 108020054 108020321 108020514 108020563 108020663 108020907 108021208 118876761 118877614 118877939 136117795 139352486 139352488 139352537 139352547 139352550 139352551 139352948 139353886 139353887 139353892 139353911 139353912 139353917 139353924 139353925 139353951
GO:0005977	glycogen metabolic process	108013205 108016841 108020616
GO:0005978	glycogen biosynthetic process	108005367 108009310 108014165 108014165 108019857 108019857
GO:0005979	regulation of glycogen biosynthetic process	108013383 108020446
GO:0005980	glycogen catabolic process	108009310 108021102
GO:0005986	sucrose biosynthetic process	108021396
GO:0005992	trehalose biosynthetic process	108006522 108006522 108019724 108019724 108021571 108021571
GO:0005993	trehalose catabolic process	108009242 108010310
GO:0005997	xylulose metabolic process	108011219 108020215 108021349
GO:0006000	fructose metabolic process	108006219 108006221 108015887 108015903 108021396 136116458
GO:0006002	fructose 6-phosphate metabolic process	108009662 108009662 108014835 108017369 108021396
GO:0006003	fructose 2,6-bisphosphate metabolic process	136116458 136116458
GO:0006004	fucose metabolic process	108017059 108017059
GO:0006006	glucose metabolic process	108007425 108007425 108008636 108009068 108010186 108010900 108011219 108012383 108013446 108013525 108013712 108015140 108015140 108015366 108017631 108017940 108019188 108020309 118877452
GO:0006011	UDP-alpha-D-glucose metabolic process	108013205 108013205
GO:0006012	galactose metabolic process	108013499 108013499
GO:0006013	mannose metabolic process	108011761 108014576 108015846 108018957 108019013 108019227 108021302 108021699
GO:0006014	D-ribose metabolic process	108008318 108014108 108016618
GO:0006015	5-phosphoribose 1-diphosphate biosynthetic process	108013093 108017257
GO:0006020	inositol metabolic process	108005076 108013099 108013301 108013769 108013773 108014011 118877282
GO:0006021	inositol biosynthetic process	108018201 108018201
GO:0006024	glycosaminoglycan biosynthetic process	108005171 108013427 139355007
GO:0006027	glycosaminoglycan catabolic process	108020122
GO:0006032	chitin catabolic process	108007102 108009387 108009767 108013251 108015177 108015400 108016893 108017795 108020907 118876761 118877614 136117795 139352486 139352488 139352547 139352550 139352551
GO:0006035	obsolete cuticle chitin biosynthetic process	108007770 108011245
GO:0006038	obsolete cell wall chitin biosynthetic process	108007770 108011245
GO:0006043	glucosamine catabolic process	108005223
GO:0006044	N-acetylglucosamine metabolic process	108011959 108021103 108021106
GO:0006046	N-acetylglucosamine catabolic process	108005223 108019155
GO:0006047	UDP-N-acetylglucosamine metabolic process	108014835 108017369
GO:0006048	UDP-N-acetylglucosamine biosynthetic process	108011745 108015520 108021361
GO:0006062	sorbitol catabolic process	108005028 108012089 108014112
GO:0006066	alcohol metabolic process	108015552 108018835
GO:0006069	obsolete ethanol oxidation	108012088
GO:0006071	glycerol metabolic process	108007178 108012927 108013450
GO:0006072	glycerol-3-phosphate metabolic process	108017495 108018090 108018090 108018121 108018121 108018241 108018241 139352948 139352948 139353887 139353887 139353892 139353892 139353912 139353912 139353917 139353917 139353924 139353924 139353925 139353925
GO:0006081	aldehyde metabolic process	108018129 108018129
GO:0006082	organic acid metabolic process	108004830 108004847 108005858 108021052
GO:0006083	acetate metabolic process	108015515
GO:0006084	acetyl-CoA metabolic process	108009091 108009091
GO:0006085	acetyl-CoA biosynthetic process	108017982 108017982
GO:0006086	pyruvate decarboxylation to acetyl-CoA	108007216 108008850 108008850 108016651 108016651 108016982 108016982 108021149
GO:0006089	lactate metabolic process	108012439 108019670
GO:0006090	pyruvate metabolic process	108009274 108009274 108009622 108009624 108010177 108012439 108014689 108016132 108019670
GO:0006091	generation of precursor metabolites and energy	108009764
GO:0006094	gluconeogenesis	108009038 108009274 108009274 108016474 108016562 108016583 108017955 108017955 108018126 108018126 108018203 108018203 108021396
GO:0006096	glycolytic process	108009068 108009128 108009128 108010186 108010900 108013599 108013599 108014070 108014070 108014784 108014784 108015263 108015263 108015366 108015366 108015611 108015611 108016474 108016474 108016562 108016562 108016583 108016583 108017407 108017407 108017623 108017623 108017940 108017955 108017955 108018420 108018420 108019188 108020309 108020309 108020495 108020495 108020517 108020517 108020525 108020525
GO:0006098	pentose-phosphate shunt	108004736 108016847 108017805 108017923
GO:0006099	tricarboxylic acid cycle	108005987 108006003 108006003 108006031 108006031 108006032 108006032 108006064 108006064 108006691 108006691 108006704 108006704 108006828 108006828 108007842 108008713 108008736 108009646 108009763 108010762 108010762 108011350 108011350 108011831 108012528 108012528 108012820 108012820 108013233 108013759 108014224 108014945 108015119 108015119 108015152 108015152 108015254 108015254 108015255 108015255 108017063 108017063 108017106 108017106 108017789 108017982 108017982 108018450 108018450 108018603 108018603 108019251 108019251 108019892 108019977 108019977 108020562 108021458 108021458 108021534 118877643
GO:0006101	citrate metabolic process	108005987 108015152 108017982 108020562 118877643
GO:0006102	isocitrate metabolic process	108008713 108008736 108011350 108012964 108012964 108013233 108015119 108019977
GO:0006103	2-oxoglutarate metabolic process	108009100
GO:0006104	succinyl-CoA metabolic process	108012528 108012528 108018450
GO:0006105	succinate metabolic process	118877782
GO:0006106	fumarate metabolic process	108015254 108015254 108015255 108015255 108017063 108017063 108021458 108021458
GO:0006107	oxaloacetate metabolic process	108011604 108015850 108021534
GO:0006108	malate metabolic process	108006704 108009622 108009624 108010177 108014689 108015254 108015255 108016132 108017063 108021458 108021534 108021534
GO:0006111	regulation of gluconeogenesis	108008071
GO:0006116	obsolete NADH oxidation	108008262 108016500 108020514 139352948 139353886 139353887 139353892 139353911 139353912 139353917 139353924 139353925 139353951
GO:0006120	mitochondrial electron transport, NADH to ubiquinone	108005179 108007447 108007492 108009575 108009913 108009913 108009976 108011908 108012735 108014552 108015445 108015729 108016830 108016874 108017975 108018578 108018578 108020426 108021372 108021372 139353704 139353704
GO:0006121	mitochondrial electron transport, succinate to ubiquinone	108006032 108006064 108007842 108009646 108009763 108014224 108019892
GO:0006122	mitochondrial electron transport, ubiquinol to cytochrome c	108004799 108004799 108006278 108006278 108009192 108009192 108013351 108014671 108014680 108014789 108014821 108014821 108017659 108017659 108019467 108019467 108019802 108019802 108019822 108019822 108021638
GO:0006123	mitochondrial electron transport, cytochrome c to oxygen	108005856 108005856 108006101 108006101 108006111 108006111 108006887 108006887 108007074 108007074 108008376 108008376 108008377 108008377 108009793 108014671 108014680 108015231 108015231 108017785 108019500 108019500 108020726 108021573 108021694 108021694
GO:0006139	nucleobase-containing compound metabolic process	108009794 108010643 108012113 108012113 108012915 108012915 108012929 108015191 108016072 108017519 108019906 108020125 108020472
GO:0006144	purine nucleobase metabolic process	108006710 108008867 108008867 108017410 108017802
GO:0006145	purine nucleobase catabolic process	108005933 108010414
GO:0006147	guanine catabolic process	108011638
GO:0006154	adenosine catabolic process	108008665 108010494 108010494 108015550 108015550 108015551 108015551 108015631 108015631 108016376 108017540 108017540
GO:0006163	purine nucleotide metabolic process	108012414
GO:0006164	purine nucleotide biosynthetic process	108011785 108013093 108013470 108017257
GO:0006166	purine ribonucleoside salvage	108006710 108006710 108008656 108010150 108017410 108017410 108017802
GO:0006167	AMP biosynthetic process	108017743
GO:0006168	adenine salvage	108012568 108012568
GO:0006171	cAMP biosynthetic process	108005554 108005554 108005621 108006301 108006301 108011923 108011924 108011925 108011938 108011978 108011980 108012599 108013105 108013541 108013541 108013597 108021327 108021327
GO:0006172	ADP biosynthetic process	108009138
GO:0006177	GMP biosynthetic process	108017116 108017116
GO:0006182	cGMP biosynthetic process	108004915 108004937 108006947 108007582 108008901 108008901 108011050 108011645 108013259 108013259 108014222 108014587 108017081 108017081 108018235 108018235
GO:0006183	GTP biosynthetic process	108004751 108006548 108010792 108017201
GO:0006189	'de novo' IMP biosynthetic process	108017311 108020935 108020935 139352172 139352172 139355105
GO:0006196	AMP catabolic process	108004667 108008429 108010184 118878372 139353360 139353361
GO:0006203	dGTP catabolic process	108020447
GO:0006207	'de novo' pyrimidine nucleobase biosynthetic process	108005238 108005238 108006139 108007956 108007956 108014053 108015341
GO:0006208	pyrimidine nucleobase catabolic process	108016271
GO:0006210	thymine catabolic process	108015341 108016965
GO:0006211	obsolete 5-methylcytosine catabolic process	108012320
GO:0006212	uracil catabolic process	108015341
GO:0006218	uridine catabolic process	108008568 108016136 108016140 108016149
GO:0006225	UDP biosynthetic process	108014053 108021622
GO:0006226	dUMP biosynthetic process	108008930 108008930
GO:0006227	dUDP biosynthetic process	108009523
GO:0006228	UTP biosynthetic process	108005238 108006548 108010792 108017201
GO:0006231	dTMP biosynthetic process	108021463 108021463
GO:0006233	dTDP biosynthetic process	108009523 108009523
GO:0006235	dTTP biosynthetic process	108009523
GO:0006241	CTP biosynthetic process	108006548 108010792 108013361 108013361 108017201
GO:0006260	DNA replication	108004747 108005231 108005231 108005413 108005655 108005784 108005900 108006084 108006084 108006112 108006462 108007248 108007314 108007467 108007467 108007722 108008352 108008352 108008661 108008661 108009605 108009605 108011170 108012450 108012665 108012665 108013508 108013521 108014873 108015829 108015829 108017778 108018516 108019849 108020150 108021425 108021555 118876768 118876768
GO:0006261	DNA-templated DNA replication	108005075 108005209 108009244 108010098 108011428 108011428 108013777 108014064 108014064 108014882 108014882 108016669 108016778 108017792 108020027 108020953 108021137
GO:0006264	mitochondrial DNA replication	108005370 108014814 108021025 108021556
GO:0006265	DNA topological change	108005413 108005413 108008966 108020395 108021588 108021588 108021780 108021780
GO:0006266	obsolete DNA ligation	108010093
GO:0006268	obsolete DNA unwinding involved in DNA replication	108006112 108007248 108012450 108013247 108013508 108015253 108017778
GO:0006269	DNA replication, synthesis of primer	108005796 108005796 108013279 108013279
GO:0006270	DNA replication initiation	108005655 108005796 108006462 108006462 108008352 108008661 108012450 108012450 108013116 108013742 108015253 108015296 108015296 108017115 108018128 108019849 108020150 108021555
GO:0006271	DNA strand elongation involved in DNA replication	108004747 108012450 108013521 108017778
GO:0006272	leading strand elongation	108009284 108010030 108014873 108015829 108018138
GO:0006273	lagging strand elongation	108010093 108014873 108018376
GO:0006275	regulation of DNA replication	108009284 108009284 108014321 108018138 108018138
GO:0006281	DNA repair	108004658 108004658 108004863 108004880 108005362 108005900 108005938 108006487 108006487 108006495 108006495 108006705 108006781 108007314 108008541 108009147 108009244 108009849 108010093 108011170 108011710 108011780 108015620 108015980 108016010 108016091 108016095 108016669 108017563 108017563 108017792 108018233 108018244 108018244 108018464 108018485 108019388 108020027 108020454 108020454 108020730 108020730 108021137 108021506 139354930
GO:0006282	regulation of DNA repair	108014782 108019210 108019210
GO:0006283	transcription-coupled nucleotide-excision repair	108007269
GO:0006284	base-excision repair	108005231 108008892 108013686 108015043 108017639 108020812 108020812 108021822 108021822
GO:0006285	base-excision repair, AP site formation	108008892 108008892 108015043 108020399 108020399
GO:0006287	base-excision repair, gap-filling	108013777 108015829
GO:0006288	obsolete base-excision repair, DNA ligation	108018376
GO:0006289	nucleotide-excision repair	108005231 108005936 108006057 108006057 108006084 108007657 108007657 108007703 108007703 108008321 108008542 108008892 108009605 108010268 108011372 108011372 108013265 108015043 108015762 108017980 108018516 108020423 108021488
GO:0006294	nucleotide-excision repair, preincision complex assembly	108007657
GO:0006297	nucleotide-excision repair, DNA gap filling	108013678 108013777 108015829
GO:0006298	mismatch repair	108005231 108009284 108013930 108014253 108014253 108017980 108018099 108018099 108018138 108019891 108019891 108020958 108021560 108021560
GO:0006301	postreplication repair	108010322 108013352
GO:0006302	double-strand break repair	108006406 108008446 108010210 108010210 108016790 108018376 139352981
GO:0006303	double-strand break repair via nonhomologous end joining	108005067 108005483 108005483 108010624 108010624 108013158 108013678 108016276 108021822
GO:0006306	obsolete DNA methylation	108016862
GO:0006307	DNA alkylation repair	108008529 108009403
GO:0006308	DNA catabolic process	108015368 108017683
GO:0006309	apoptotic DNA fragmentation	108005959 108006089 108006089 108007613 108007617 108007636 108008983 108009009 108009279 108009639 108010069 108010978 108011177 108014520 108014753 108014759 108014812 108020752 108020753 118876781
GO:0006310	DNA recombination	108005483 108010093 108011170 108013158 108013158 108013678 108013930 108018376
GO:0006312	mitotic recombination	108008334 108011710 108019454 108021560
GO:0006325	chromatin organization	108004853 108005870 108005973 108006991 108007700 108008101 108009808 108009997 108011487 108012009 108012871 108015362 108015401 108016633 108016873 108017727 108017965 108018460 118877880 118878281 136116639 136117256
GO:0006334	nucleosome assembly	108006791 108008407 108009158 108011494 108011494 108012022 108012022 108014624 108015027 108015027 108015369 108016604 108016888 108016888 108017941 108017941 139352208 139352210 139352211 139352214 139352215 139352217 139352218 139352220 139352221 139352223 139352224 139352226 139352227 139352230 139352232 139352234 139352235 139352237 139352238 139352240 139352242 139352245 139352247 139352250 139352252 139352254 139352259 139352262 139352266 139352268 139352270 139352273 139352275 139352277 139352279 139352281 139352283 139352287 139352295 139352299 139352303 139352323 139352326 139352328 139352331 139352333 139352337 139352339 139352341 139352346 139352348 139352351 139352354 139352357 139352359 139352362 139352364 139352366 139352370 139352373 139352375 139352377 139352382 139352383 139352385 139352389 139352392 139352395 139352399 139352401 139352403 139352405 139352408 139352410 139352412 139352415 139352417 139352420 139352422 139352424 139352426 139352428 139352430 139352431 139352433 139352434 139352435 139352437 139352442 139352444 139352446 139352448 139352454 139352456 139352559 139352560 139352567 139352582 139352595 139352596 139352954 139353345 139354994
GO:0006335	DNA replication-dependent chromatin assembly	108008407 108010659 108018554
GO:0006338	chromatin remodeling	108004710 108004710 108004885 108005075 108005209 108005787 108005787 108006087 108007412 108007647 108008541 108008559 108009063 108009255 108009358 108009447 108010204 108010327 108010583 108010816 108011481 108011735 108011894 108012034 108012039 108012221 108012972 108013045 108015069 108015131 108015230 108015516 108015524 108016262 108016262 108017441 108017563 108017563 108017878 108018855 108019754 108020356 108021651 118877514 139353270 139354866 139354950
GO:0006346	DNA methylation-dependent constitutive heterochromatin formation	108017478
GO:0006351	DNA-templated transcription	108004710 108004907 108005781 108005781 108006149 108007269 108007269 108007703 108008140 108008547 108008592 108008592 108008634 108008868 108009016 108009016 108010183 108010183 108010698 108012634 108013574 108014390 108014390 108014599 108014679 108015940 108015940 108016533 108017563 108017606 108017614 108017614 108017943 108018397 108018685 108019049 108019049 108019147 108019147 108020291 108020291 108020796 108020796 108021012
GO:0006352	DNA-templated transcription initiation	108004552 108004552 108005299 108005299 108008309 108008309 108010977 108011124 108011124 108011705 108011937 108011937 108012319 108012997 108015989 108016656 108019045 108019138 108020801 108020801 136117819 139352320 139352321 139353271 139353451 139353942
GO:0006355	regulation of DNA-templated transcription	108004678 108004710 108004837 108004885 108005033 108005034 108005286 108005347 108005466 108005601 108005651 108005654 108005870 108005909 108006007 108006038 108006057 108006057 108006198 108006303 108006335 108006341 108006348 108006518 108006760 108006818 108007264 108007346 108007412 108007637 108007963 108008242 108008263 108008291 108008500 108008529 108008546 108008572 108008604 108008653 108008690 108008750 108008863 108008962 108009271 108009345 108009355 108009355 108009403 108009676 108009733 108009733 108009791 108009895 108009895 108010004 108010036 108010275 108010309 108010327 108010673 108010816 108011154 108011154 108011416 108011487 108011544 108011544 108011673 108011727 108011727 108011816 108011863 108011894 108012159 108012420 108012580 108012580 108012901 108013055 108013226 108013300 108013512 108013878 108014095 108014731 108014733 108014951 108014951 108014952 108014952 108014965 108014965 108015071 108015071 108015133 108015133 108015193 108015193 108015314 108015678 108015824 108015824 108016244 108016250 108016526 108016527 108016535 108016647 108016790 108016884 108017089 108017249 108017787 108017816 108017826 108017878 108018060 108018113 108018133 108018592 108018592 108018612 108018720 108018803 108018855 108018915 108018919 108019012 108019012 108019105 108019149 108019174 108019201 108019201 108019565 108019702 108019702 108019739 108020060 108020356 108020675 108020675 108020749 108020770 108021307 108021360 108021576 139353903 139353916 139354519 139354675 139354930 139354950
GO:0006357	regulation of transcription by RNA polymerase II	108004686 108004712 108004753 108004767 108004810 108004813 108004901 108004940 108004997 108005000 108005003 108005024 108005038 108005039 108005063 108005124 108005138 108005142 108005143 108005147 108005155 108005162 108005174 108005222 108005316 108005318 108005328 108005349 108005351 108005416 108005440 108005491 108005531 108005541 108005577 108005625 108005746 108005869 108005879 108005879 108005907 108005921 108005944 108005977 108006002 108006036 108006087 108006087 108006100 108006115 108006127 108006136 108006185 108006334 108006356 108006486 108006519 108006696 108006743 108006753 108006852 108006854 108006905 108006908 108006966 108006971 108007149 108007153 108007256 108007272 108007279 108007283 108007373 108007385 108007386 108007390 108007451 108007606 108007664 108007690 108007703 108007712 108007787 108007800 108007806 108007811 108007835 108007867 108007921 108007929 108007937 108007942 108007943 108007961 108007964 108007967 108007979 108007991 108008017 108008083 108008157 108008188 108008201 108008222 108008232 108008285 108008358 108008380 108008398 108008410 108008432 108008465 108008515 108008538 108008542 108008547 108008549 108008558 108008598 108008612 108008625 108008655 108008674 108008682 108008709 108008761 108008821 108009005 108009077 108009089 108009143 108009178 108009255 108009278 108009282 108009305 108009318 108009353 108009381 108009393 108009396 108009397 108009430 108009430 108009474 108009506 108009522 108009541 108009544 108009595 108009634 108009648 108009656 108009664 108009799 108009883 108009896 108009926 108009944 108010054 108010076 108010122 108010128 108010139 108010139 108010181 108010188 108010190 108010204 108010220 108010279 108010295 108010306 108010308 108010431 108010452 108010584 108010586 108010586 108010604 108010605 108010617 108010626 108010728 108010783 108010795 108010809 108010922 108010922 108011007 108011039 108011067 108011075 108011114 108011134 108011176 108011217 108011222 108011310 108011357 108011397 108011407 108011515 108011520 108011531 108011555 108011596 108011646 108011674 108011694 108011712 108011717 108011747 108011758 108011800 108011840 108011860 108011911 108011940 108012034 108012039 108012076 108012141 108012167 108012283 108012284 108012291 108012301 108012304 108012324 108012333 108012428 108012487 108012494 108012500 108012572 108012588 108012625 108012632 108012634 108012637 108012668 108012687 108012781 108012801 108012803 108012810 108012907 108012923 108012940 108012977 108012979 108012987 108013040 108013040 108013049 108013089 108013111 108013132 108013156 108013195 108013222 108013253 108013310 108013311 108013319 108013320 108013348 108013361 108013367 108013384 108013452 108013458 108013475 108013544 108013549 108013570 108013595 108013619 108013627 108013669 108013672 108013720 108013720 108013746 108013792 108013845 108013854 108013856 108013859 108013874 108013929 108013970 108013993 108014050 108014057 108014058 108014065 108014067 108014068 108014084 108014125 108014234 108014239 108014246 108014269 108014280 108014302 108014308 108014320 108014522 108014581 108014599 108014609 108014610 108014678 108014749 108014775 108014810 108014871 108014925 108014957 108014958 108014972 108014974 108014983 108014988 108015028 108015028 108015032 108015044 108015091 108015107 108015130 108015131 108015207 108015207 108015235 108015321 108015322 108015363 108015426 108015427 108015495 108015495 108015536 108015537 108015652 108015806 108015806 108015808 108015890 108015935 108015961 108016021 108016032 108016048 108016062 108016164 108016306 108016309 108016372 108016421 108016473 108016533 108016546 108016555 108016568 108016623 108016630 108016692 108016700 108016723 108016724 108016728 108016731 108016759 108016780 108016780 108016801 108016803 108016882 108016891 108016913 108016925 108016926 108016927 108016932 108016958 108016961 108016962 108016970 108017035 108017094 108017295 108017308 108017374 108017425 108017441 108017441 108017453 108017456 108017461 108017486 108017489 108017512 108017585 108017588 108017606 108017611 108017620 108017620 108017638 108017660 108017715 108017742 108017804 108017806 108017849 108017885 108017992 108018012 108018087 108018104 108018146 108018247 108018281 108018298 108018358 108018392 108018441 108018447 108018449 108018462 108018466 108018587 108018597 108018601 108018617 108018623 108018916 108018917 108018972 108018987 108019008 108019094 108019134 108019137 108019170 108019171 108019176 108019181 108019196 108019206 108019289 108019306 108019309 108019313 108019424 108019669 108019698 108019767 108019796 108019885 108019888 108019897 108019929 108019980 108019997 108020082 108020099 108020147 108020156 108020231 108020277 108020297 108020340 108020347 108020351 108020357 108020361 108020365 108020368 108020379 108020388 108020391 108020394 108020398 108020407 108020408 108020411 108020416 108020428 108020484 108020499 108020536 108020566 108020568 108020569 108020624 108020725 108020760 108020883 108020889 108020900 108020902 108020918 108020945 108020949 108020954 108021039 108021046 108021111 108021115 108021154 108021154 108021164 108021200 108021243 108021273 108021292 108021305 108021333 108021403 108021447 108021479 108021508 108021521 108021542 108021547 108021563 108021577 108021578 108021587 108021587 108021641 108021644 108021651 108021653 108021664 108021665 108021672 108021703 108021763 108021784 118876752 118876773 118876778 118877069 118877125 118877182 118877514 118877556 118877582 118877723 118877875 118877899 118877962 118877963 118878143 118878410 118878667 118879229 118879545 136116456 136116478 136116533 136116549 136116924 136116936 136116997 136117121 139352164 139352169 139352175 139353178 139353421 139353766 139353767 139354041 139354509 139354561 139354806 139355047
GO:0006360	transcription by RNA polymerase I	108008321 108011493 108016256 108016604
GO:0006361	transcription initiation at RNA polymerase I promoter	108014038 108014038 118878191 118878191 139355011 139355011 139355013 139355013
GO:0006362	transcription elongation by RNA polymerase I	108020291
GO:0006363	termination of RNA polymerase I transcription	108014390
GO:0006364	rRNA processing	108004739 108005011 108005011 108005258 108005258 108005669 108007356 108007939 108008530 108009081 108009319 108010043 108010137 108010864 108012464 108014289 108014405 108015051 108015051 108015250 108015313 108016485 108016601 108016601 108016602 108016778 108017589 108018312 108018312 108018980 108019813 108020067 108021233 108021233 118877373 139352927 139353741 139354035 139355154 139355157
GO:0006366	transcription by RNA polymerase II	108004580 108004580 108006646 108006646 108007657 108008321 108009699 108010268 108011493 108013510 108013872 108014573 108015989 108016256 108016784 108018454 108019250 108019250 108020159
GO:0006367	transcription initiation at RNA polymerase II promoter	108004907 108005530 108006646 108006646 108007269 108007299 108007299 108007657 108007657 108009116 108009116 108010044 108010681 108010681 108011786 108011893 108011893 108013109 108013265 108013265 108013398 108014492 108014679 108016017 108016017 108016254 108016254 108016607 108016668 108017441 108020040 108020040 108020159 108020159 108021188 108021352 108021516
GO:0006368	transcription elongation by RNA polymerase II	108004682 108005021 108005021 108005781 108005788 108007813 108008019 108008653 108008863 108010139 108010699 108010755 108011481 108011543 108013226 108013402 108016228 108016228 108018113 108018802 108018802 108019826 108021456 108021456 139353051 139353903 139353916 139354862
GO:0006369	termination of RNA polymerase II transcription	108009316 108015142 108016780
GO:0006370	7-methylguanosine mRNA capping	108005364 108005364 108006563 108006563 108010144 108019193
GO:0006376	mRNA splice site recognition	108004808 108004808 108012270 108012815 108014052 108014119 108015204 108015204
GO:0006378	obsolete mRNA polyadenylation	108004873 108005225 108005734 108006339 108006447 108009316 108009884 108010113 108011719 108012351 108013069 108013069 108014694 108015142 108015302 108019635
GO:0006382	adenosine to inosine editing	108016817
GO:0006383	transcription by RNA polymerase III	108010235 108012578 108012578 108019715 108020801 108020840 118877635
GO:0006384	transcription initiation at RNA polymerase III promoter	108005127 108010698 108014573 108020587 108021284
GO:0006386	termination of RNA polymerase III transcription	108008592
GO:0006388	tRNA splicing, via endonucleolytic cleavage and ligation	108005306 108009169 108012048 108012356 108013135 108014653 108014653 108014875 108019635
GO:0006390	mitochondrial transcription	108007670 108012580 108021362
GO:0006391	transcription initiation at mitochondrial promoter	108010704 108013887
GO:0006392	transcription elongation by mitochondrial RNA polymerase	108007670
GO:0006393	termination of mitochondrial transcription	108018592 108020675
GO:0006396	RNA processing	108006140 108006821 108007280 108007625 108008092 108009410 108009590 108010058 108010660 108010959 108015007 108015197 108016265 108016273 108016752 108016752 108016817 108016817 108019169 108020733
GO:0006397	mRNA processing	108005620 108005630 108006272 108007172 108007172 108008762 108009181 108010811 108010967 108011225 108011258 108012369 108012429 108013048 108013866 108015290 108015590 108017462 108017462 108017580 108018100 108019234 108020938 108020938 108021038
GO:0006398	mRNA 3'-end processing by stem-loop binding and cleavage	108008402 108009946 108011719 108014694 108014779
GO:0006399	tRNA metabolic process	108010640
GO:0006400	tRNA modification	108006815 108006815 108010731 108015376 108017313 108020207 108020207 108020552
GO:0006401	RNA catabolic process	108006864 108008489 108011648 108013689 108020931 108020931
GO:0006402	mRNA catabolic process	108008060 108010801 108010801 108012855 108013046 108015024 108015024
GO:0006405	RNA export from nucleus	108008266 108008353 108009773 108010138 108011137 108011898 108015315 108019867 108021073
GO:0006406	mRNA export from nucleus	108005399 108006094 108006188 108007715 108007715 108008068 108009373 108010211 108013592 108014303 108014371 108016064 108016920 108017138 108019234 108021117 108021289 118879787
GO:0006408	snRNA export from nucleus	108009508
GO:0006409	tRNA export from nucleus	108007356
GO:0006412	translation	108004563 108004563 108004706 108004706 108004978 108005163 108005163 108005166 108005166 108005221 108005221 108005404 108005493 108005493 108005578 108005773 108005773 108006006 108006006 108006160 108006436 108006481 108006717 108006734 108006734 108006793 108006793 108006895 108006926 108006926 108007117 108007656 108007656 108007902 108007902 108007938 108007983 108007983 108008371 108008387 108008387 108008388 108008423 108008423 108008443 108008443 108008452 108008470 108008470 108008498 108008498 108008534 108008534 108008831 108009061 108009061 108009083 108009083 108009113 108009599 108009599 108010120 108010120 108010256 108010256 108010567 108010567 108010570 108010784 108010855 108010930 108011119 108011119 108011263 108011263 108011266 108011266 108011934 108011934 108012116 108012116 108012446 108012582 108012582 108012662 108012857 108012857 108012982 108012982 108013193 108013193 108013243 108013323 108013323 108013527 108013527 108013529 108013529 108013824 108014059 108014059 108014161 108014216 108014216 108014291 108015009 108015009 108015372 108015372 108015378 108015488 108015488 108015755 108015832 108015851 108015851 108016072 108016089 108016089 108016485 108016485 108016613 108016679 108016928 108016928 108017004 108017469 108017469 108017506 108017945 108018185 108018185 108018225 108018302 108018302 108018433 108018433 108018501 108018571 108018650 108018733 108018733 108018934 108018950 108018967 108018967 108019009 108019308 108019308 108019821 108019821 108020202 108020202 108020427 108020442 108020635 108021165 108021165 108021203 108021203 108021355 108021355 108021413 108021441 108021494 108021615 108021615 118877954 118877954 139352168 139352174 139352174 139352177 139352177 139352928 139352928 139353027 139353027 139353149 139353276 139353276 139353906 139354570 139354570 139354670 139354670 139355002 139355002
GO:0006413	translational initiation	108005221 108005426 108006120 108006681 108006846 108006846 108007069 108007118 108009058 108009058 108009885 108009885 108011733 108011733 108012363 108012363 108012673 108012673 108012712 108012712 108013229 108013230 108013798 108013798 108014756 108014756 108014783 108014928 108014928 108015483 108015766 108015766 108017403 108017624 108017624 108018629 108018629 108018904 108019675 108019675 108020151 108020151 118876747 118876747 118877928
GO:0006414	translational elongation	108008453 108008453 108008485 108009113 108009113 108010167 108010784 108010784 108012898 108014358 108014785 108014785 108015497 108018095 108018095 108021011
GO:0006415	translational termination	108008417 108013229 108020925
GO:0006417	regulation of translation	108011706 108011730 108012077 108013209 108014479 108015355 118877893
GO:0006419	alanyl-tRNA aminoacylation	108014471 108014471 108018043 108018043
GO:0006420	arginyl-tRNA aminoacylation	108016088 108016088 108018922 108018922 108019152
GO:0006421	asparaginyl-tRNA aminoacylation	108009287 108009287 108021283 108021283
GO:0006422	aspartyl-tRNA aminoacylation	108017771 108017771 108018500
GO:0006423	cysteinyl-tRNA aminoacylation	108009374 108009374 108010193 108010193
GO:0006424	glutamyl-tRNA aminoacylation	108014334 108014334 108015755
GO:0006425	glutaminyl-tRNA aminoacylation	108007938 108007938
GO:0006427	histidyl-tRNA aminoacylation	108010448 108010448
GO:0006428	isoleucyl-tRNA aminoacylation	108007454 108007454 108007506 108007506
GO:0006429	leucyl-tRNA aminoacylation	108014463 108014463 108021182 108021182
GO:0006430	lysyl-tRNA aminoacylation	108015173 108015173
GO:0006431	methionyl-tRNA aminoacylation	108016413 108016413 108018197 108018197
GO:0006432	phenylalanyl-tRNA aminoacylation	108018204 108018204 108018928 108018928 108020606 108020606
GO:0006433	prolyl-tRNA aminoacylation	108013603 108013603 108015755 108015755
GO:0006434	seryl-tRNA aminoacylation	108015784 108015784 108021540 108021540
GO:0006435	threonyl-tRNA aminoacylation	108021394 108021394
GO:0006436	tryptophanyl-tRNA aminoacylation	108006984 108006984
GO:0006437	tyrosyl-tRNA aminoacylation	108005627 108009729
GO:0006438	valyl-tRNA aminoacylation	108013609 108013609 108019848 108019848
GO:0006446	regulation of translational initiation	108008310 108010085 108018149 108019425
GO:0006449	regulation of translational termination	108016438
GO:0006450	regulation of translational fidelity	108008591 108013076 108018946 108021557 108021557
GO:0006457	protein folding	108005157 108006027 108006027 108006109 108006311 108006325 108006675 108007143 108007143 108007242 108007242 108007731 108007731 108007844 108008395 108008416 108008807 108008847 108009059 108009479 108009990 108009996 108010015 108010068 108010068 108011282 108012037 108012185 108012185 108012384 108012527 108012527 108012618 108012618 108013002 108013115 108013155 108013186 108013277 108014252 108014275 108014275 108014830 108014830 108014832 108015425 108015585 108015711 108015711 108016172 108016183 108016596 108016596 108017487 108017487 108017775 108017775 108017777 108017777 108017794 108017924 108017924 108018010 108018045 108018520 108018520 108018906 108018906 108018927 108018952 108018962 108019626 108019626 108019876 108020491 108020967 108021330 108021522 108021634 118877386 118877619 118877785 118877785 118877948 118878442 118878442 118878449 118878449 118878450 118878450 118878453 118878453 118878455 118878455 118878458 118878458 136117798 136117798 139354638 139354638 139354722 139354722
GO:0006465	signal peptide processing	108008379 108008379 108008476 108010732 108010732 108015522 108015981 108015981 108017006 108017006 108019144 108020626 108020626 108021624
GO:0006468	protein phosphorylation	108004592 108004681 108004851 108004870 108004870 108004950 108004950 108005015 108005134 108005159 108005229 108005367 108005428 108005638 108005727 108005727 108005850 108005880 108005888 108005905 108005952 108005993 108006055 108006240 108006259 108006338 108006529 108006788 108006788 108006904 108006904 108006911 108006911 108006913 108006947 108007231 108007289 108007309 108007309 108007318 108007318 108007369 108007531 108007729 108007895 108007951 108008047 108008048 108008360 108008431 108008471 108008471 108008901 108008963 108009049 108009052 108009096 108009162 108009167 108009201 108009265 108009329 108009404 108009431 108009551 108009633 108009705 108009705 108009754 108009825 108009825 108009850 108009850 108009900 108009900 108009980 108010025 108010057 108010057 108010246 108010304 108010546 108010546 108010575 108010780 108010847 108010847 108010964 108010974 108011050 108011092 108011102 108011162 108011162 108011230 108011230 108011452 108011452 108011471 108011530 108011636 108011641 108011641 108011645 108011682 108011724 108011857 108011857 108011912 108011929 108011963 108011990 108012254 108012321 108012399 108012524 108012524 108012543 108012543 108012835 108012835 108013238 108013259 108013615 108013766 108014149 108014270 108014389 108014389 108014587 108014834 108014836 108014895 108014910 108014910 108014998 108015014 108015099 108015174 108015244 108015244 108015332 108015346 108015346 108015357 108015358 108015431 108015503 108015584 108015590 108015723 108015785 108015840 108015840 108016285 108016422 108016536 108016577 108016773 108016885 108016890 108016912 108016954 108017117 108017545 108017782 108017856 108017962 108017962 108018029 108018029 108018047 108018047 108018065 108018065 108018373 108018477 108018599 108018621 108019113 108019439 108019603 108019753 108019782 108019803 108019866 108019875 108020068 108020092 108020092 108020095 108020095 108020117 108020158 108020158 108020298 108020302 108020375 108020386 108020405 108020405 108020477 108020477 108020545 108020638 108021060 108021207 108021335 108021348 108021444 108021631 108021645 108021688 108021704 108021820 108021829 108021829 139354023 139354023 139354775 139354878
GO:0006469	negative regulation of protein kinase activity	108009780 108010105 108020718
GO:0006470	protein dephosphorylation	108004555 108004600 108004704 108005083 108005337 108006539 108006563 108007179 108007241 108007284 108007284 108007840 108009069 108009674 108009674 108010280 108010291 108010724 108010724 108010997 108011037 108012370 108012627 108012802 108013125 108013260 108013270 108015147 108015147 108015212 108015265 108015265 108015325 108015325 108015326 108015494 108015569 108015626 108015626 108016858 108017536 108017542 108018618 108019127 108019127 108019311 108019524 108020109 108020751 108021005 108021314 108021546 108021546 118877684 118877959 118877960 136117270 139352696 139353985 139354121 139354864
GO:0006473	protein acetylation	108010565
GO:0006474	N-terminal protein amino acid acetylation	108012470
GO:0006478	peptidyl-tyrosine sulfation	108004687
GO:0006479	protein methylation	108006474 108012378
GO:0006480	N-terminal protein amino acid methylation	108010217 108010217
GO:0006481	C-terminal protein methylation	108011256 108011256 108021486
GO:0006482	protein demethylation	108013057 108013057 108016372
GO:0006486	protein glycosylation	108004689 108005897 108005897 108005928 108006411 108006411 108007177 108007383 108008427 108009359 108009359 108009360 108009360 108009361 108009361 108009375 108009408 108010016 108011965 108011965 108011977 108011977 108012597 108012597 108013688 108013688 108014260 108014260 108014914 108014914 108016634 108016634 108021261 139352162 139352162 139355007 139355007
GO:0006487	protein N-linked glycosylation	108004690 108005055 108005081 108005467 108006671 108006671 108007580 108009738 108009738 108010121 108010557 108011761 108011959 108011961 108011961 108012276 108013414 108014835 108015910 108016883 108017369 108017621 118878124
GO:0006488	dolichol-linked oligosaccharide biosynthetic process	108005363 108005363 108007230 108011961 108011961 108015910 108015910 108016863 108018921 108018921 108021252
GO:0006490	obsolete oligosaccharide-lipid intermediate biosynthetic process	108007177 108007580 108016883 108017621
GO:0006491	N-glycan processing	108011227 108014576 108015846 108017516 108021421
GO:0006493	protein O-linked glycosylation	108005966 108005967 108006110 108007520 108007610 108009386 108010462 108012937 108017738 108018200 108018459 108018924 108020674 108021266 108021635 108021636
GO:0006497	protein lipidation	108009540 108013091 108018448 108021167
GO:0006501	C-terminal protein lipidation	108012492 108018176 108021826
GO:0006505	GPI anchor metabolic process	108015305
GO:0006506	GPI anchor biosynthetic process	108005027 108006290 108006290 108007164 108007164 108007165 108008404 108008415 108008415 108008424 108008424 108009126 108009126 108009554 108009554 108009698 108009698 108010249 108010609 108010609 108010630 108010630 108010677 108011833 108012591 108012591 108014055 108014879 108014914 108015311 108015815 108015815 108016863 108017793 108017793 108017958 108017989 108017989 108018127 108018127 108019817 108019817 108021498 108021499 118877649 118877649 139353183 139353183
GO:0006508	proteolysis	108004553 108004553 108004607 108004716 108004728 108004728 108004787 108004794 108004804 108004827 108004852 108004946 108004957 108005013 108005013 108005048 108005097 108005131 108005133 108005208 108005246 108005320 108005333 108005333 108005342 108005343 108005344 108005345 108005346 108005373 108005387 108005387 108005406 108005425 108005565 108005689 108005689 108005716 108005716 108005757 108005757 108005765 108005765 108005795 108005795 108005797 108005797 108005801 108005801 108005815 108005830 108005830 108005833 108005943 108005961 108005961 108005964 108005964 108006040 108006107 108006244 108006300 108006345 108006404 108006437 108006437 108006771 108006771 108006783 108006958 108006958 108006976 108007011 108007084 108007135 108007141 108007141 108007195 108007195 108007196 108007196 108007217 108007221 108007224 108007224 108007234 108007234 108007235 108007235 108007285 108007615 108007616 108007619 108007631 108007631 108007651 108007776 108007776 108007777 108007777 108007838 108007838 108007845 108007846 108007846 108007848 108007854 108008066 108008086 108008108 108008111 108008112 108008134 108008136 108008136 108008137 108008137 108008139 108008139 108008146 108008168 108008176 108008202 108008209 108008214 108008214 108008239 108008239 108008248 108008249 108008252 108008252 108008256 108008256 108008267 108008267 108008283 108008340 108008405 108008414 108008414 108008464 108008473 108008473 108008513 108008521 108008522 108008533 108008554 108008555 108008556 108008560 108008581 108008581 108008647 108008651 108008666 108008673 108008703 108008703 108008738 108008749 108008749 108008758 108008768 108008793 108008826 108008837 108008840 108008840 108008878 108008893 108008915 108008916 108008922 108008922 108008938 108008941 108008941 108009030 108009051 108009076 108009099 108009173 108009280 108009328 108009328 108009405 108009406 108009407 108009427 108009432 108009432 108009482 108009548 108009568 108009568 108009569 108009570 108009571 108009572 108009588 108009666 108009687 108009687 108009739 108009774 108009792 108009888 108009918 108009919 108009934 108009934 108010055 108010055 108010071 108010072 108010197 108010252 108010258 108010258 108010259 108010259 108010270 108010272 108010277 108010277 108010281 108010292 108010305 108010318 108010421 108010425 108010425 108010426 108010470 108010560 108010560 108010563 108010563 108010564 108010573 108010580 108010580 108010581 108010601 108010718 108010751 108010759 108010761 108010761 108010928 108011107 108011107 108011144 108011146 108011146 108011148 108011148 108011157 108011181 108011183 108011189 108011281 108011281 108011308 108011384 108011460 108011460 108011492 108011523 108011527 108011591 108011591 108011606 108011658 108011677 108011890 108011917 108012217 108012217 108012246 108012288 108012306 108012306 108012307 108012353 108012354 108012427 108012498 108012499 108012503 108012529 108012529 108012607 108012607 108012678 108012703 108012832 108012832 108012864 108012865 108012916 108012941 108012952 108012989 108012989 108013008 108013024 108013025 108013028 108013029 108013030 108013056 108013065 108013138 108013161 108013161 108013163 108013203 108013212 108013284 108013304 108013304 108013423 108013447 108013447 108013478 108013491 108013531 108013572 108013631 108013633 108013673 108013967 108013976 108014047 108014073 108014078 108014078 108014126 108014131 108014162 108014195 108014203 108014281 108014281 108014344 108014385 108014385 108014386 108014386 108014395 108014395 108014396 108014396 108014439 108014439 108014565 108014565 108014645 108014645 108014796 108014801 108014801 108014802 108014816 108014820 108014868 108015052 108015053 108015061 108015061 108015123 108015136 108015179 108015179 108015224 108015266 108015266 108015269 108015269 108015275 108015293 108015402 108015466 108015470 108015472 108015473 108015517 108015656 108015656 108015679 108015689 108015949 108015949 108015956 108015956 108016005 108016005 108016065 108016065 108016076 108016076 108016115 108016115 108016134 108016159 108016347 108016347 108016404 108016405 108016406 108016418 108016437 108016437 108016448 108016448 108016451 108016451 108016585 108016587 108016645 108016671 108016671 108016678 108016792 108016973 108016973 108017241 108017248 108017416 108017417 108017566 108017567 108017569 108017634 108017687 108017698 108017810 108017810 108017811 108017841 108017853 108017854 108017869 108017870 108017870 108017919 108017921 108017957 108017961 108017973 108017974 108018069 108018134 108018512 108018512 108018549 108018558 108018558 108018628 108018657 108018657 108018764 108018764 108018896 108018896 108018913 108019066 108019066 108019072 108019077 108019107 108019120 108019120 108019148 108019189 108019244 108019281 108019317 108019319 108019328 108019328 108019514 108019514 108019564 108019564 108019571 108019636 108019636 108019638 108019640 108019650 108019652 108019691 108019756 108019830 108019830 108019831 108019831 108019834 108020016 108020049 108020065 108020074 108020074 108020220 108020220 108020225 108020225 108020610 108020611 108020647 108020662 108020668 108020668 108020700 108020754 108020754 108020764 108020787 108020787 108020788 108020788 108020793 108020795 108020797 108020800 108020803 108020827 108020827 108020876 108020876 108020943 108020974 108020983 108020990 108020990 108020991 108020991 108021018 108021018 108021019 108021019 108021069 108021070 108021070 108021071 108021071 108021082 108021113 108021113 108021171 108021172 108021234 108021234 108021415 108021416 108021417 108021445 108021445 108021501 108021501 108021615 108021690 108021690 108021691 108021691 108021728 118876800 118876902 118876902 118876908 118876908 118876929 118876934 118876966 118877289 118877290 118877361 118877416 118877420 118877474 118877474 118877539 118877563 118877563 118877645 118877900 118877905 118877929 118877974 118877974 118878584 118878584 118879756 118879756 118879795 136116457 136116465 136116470 136116545 136116581 136116852 136116919 136116946 136117014 136117164 136117168 136117386 136117567 136117578 136117840 139352155 139352198 139352493 139352553 139352732 139352745 139352759 139352795 139352805 139352894 139352922 139352946 139352946 139353139 139353139 139353177 139353268 139353354 139353354 139353427 139353436 139353436 139353499 139353499 139353706 139353710 139353712 139353722 139353728 139353757 139353873 139353874 139353875 139353878 139353946 139354088 139354098 139354107 139354239 139354282 139354283 139354292 139354323 139354362 139354373 139354391 139354392 139354447 139354455 139354527 139354662 139354711 139354734 139354735 139354736 139354738 139354760 139354761 139354814 139354819 139354901 139354927 139354959 139354967 139355039 139355088 139355089 139355091 139355092 139355138
GO:0006509	membrane protein ectodomain proteolysis	108006766 108013190 108015444 108015523 108020995
GO:0006511	ubiquitin-dependent protein catabolic process	108004803 108005095 108005095 108005233 108005233 108005332 108005673 108006275 108006874 108007265 108007542 108007542 108007859 108008505 108008505 108008552 108008553 108008719 108009097 108009097 108009227 108009315 108009528 108009636 108009651 108009759 108009811 108010034 108010042 108010228 108010582 108010589 108010986 108011053 108011642 108011756 108012108 108012108 108012581 108012807 108013088 108013088 108013175 108013386 108013421 108013517 108015203 108015547 108016204 108016369 108016657 108016919 108017086 108018483 108018673 108018775 108018834 108018925 108019062 108019253 108019708 108019911 108020424 108020993 108021197 139353131
GO:0006513	protein monoubiquitination	108013938 108018037 108018110 108021497
GO:0006515	protein quality control for misfolded or incompletely synthesized proteins	108006664 108010161 108010680 108010680 108010850 108020899 118878886
GO:0006516	glycoprotein catabolic process	108011650 118878886 118878886
GO:0006517	protein deglycosylation	108008269 108009144 108009347 108014576 108014973 108015846 108016955 108017707 108020054 118878886
GO:0006518	peptide metabolic process	108005341 108009453 108009511 108010171 108010172 108016821 139354486
GO:0006520	amino acid metabolic process	108007865 108011020 108011021 108011022 108011023 108011024 108013382 108016216 108018055 108018056 108018751 108018752 108019207
GO:0006525	arginine metabolic process	108005295
GO:0006526	L-arginine biosynthetic process	108015983 108015983 139352878
GO:0006528	asparagine metabolic process	108011604 108015850
GO:0006529	asparagine biosynthetic process	108012413 108012413 118879104 118879106 118879107 139354597
GO:0006532	aspartate biosynthetic process	108009376
GO:0006533	L-aspartate catabolic process	108021098
GO:0006535	cysteine biosynthetic process from serine	108015168 108015168
GO:0006537	glutamate biosynthetic process	108006666 108019863
GO:0006538	L-glutamate catabolic process	108012018 108014860
GO:0006541	glutamine metabolic process	108005238 108005238 108011604 108015850
GO:0006542	glutamine biosynthetic process	108013661 108013661 108016918 108016918
GO:0006543	L-glutamine catabolic process	108019863
GO:0006545	glycine biosynthetic process	108011094 118877781
GO:0006546	glycine catabolic process	108005986
GO:0006548	L-histidine catabolic process	108009956
GO:0006552	L-leucine catabolic process	108012912 108017807 108021594
GO:0006556	S-adenosylmethionine biosynthetic process	108015953 108015953
GO:0006559	L-phenylalanine catabolic process	108006344 108006344 108006531 108006855 108011841 108012381 108016105 108016110 108016111
GO:0006561	obsolete proline biosynthetic process	108007760
GO:0006564	L-serine biosynthetic process	108013068 108013068 108014788 108014788
GO:0006565	L-serine catabolic process	108006982 108011135
GO:0006567	L-threonine catabolic process	108006982 108011094 108013071 108018647
GO:0006569	L-tryptophan catabolic process	108009066
GO:0006570	tyrosine metabolic process	108006344 108006344 108020673
GO:0006571	tyrosine biosynthetic process	108006855
GO:0006572	L-tyrosine catabolic process	108006531 108011841 108013192
GO:0006574	L-valine catabolic process	108006412 108016965 108017808
GO:0006580	ethanolamine metabolic process	108004956
GO:0006584	catecholamine metabolic process	108007865 108013382
GO:0006585	dopamine biosynthetic process from tyrosine	108013408
GO:0006589	octopamine biosynthetic process	108007427 108018944 118877277
GO:0006595	polyamine metabolic process	108017488
GO:0006597	spermine biosynthetic process	108013359 108021056 108021056
GO:0006605	protein targeting	108005543 108005543 108008764 108008907 108009491 108014987 108017038 108017038 108017245
GO:0006606	protein import into nucleus	108004754 108005619 108006023 108006188 108006568 108007653 108008068 108008652 108009373 108009773 108010138 108010540 108011137 108011898 108012827 108013237 108013315 108013624 108013800 108015335 108015827 108016061 108018068 108018321 108018611 108019357 108019511 108019711 108019867 108020963 108021073 108021117 108021183 108021286 118877638 118879787 139354669
GO:0006607	NLS-bearing protein import into nucleus	108004845 108005857 108008314 108012656 108017475 108021640
GO:0006611	protein export from nucleus	108007851 108015315 108016940 108018111 108019177 108019511 108020298
GO:0006612	protein targeting to membrane	108006951 108012913 108015340 108016632 108016729 108019820 108020307 108021520
GO:0006614	SRP-dependent cotranslational protein targeting to membrane	108004726 108005783 108005783 108005896 108006845 108006845 108007814 108007814 108012000 108012000 108013405 108013405 108014459 108014459 108021467
GO:0006616	SRP-dependent cotranslational protein targeting to membrane, translocation	108008367 108014459 108015262 108015262 108021459
GO:0006617	SRP-dependent cotranslational protein targeting to membrane, signal sequence recognition	108005783
GO:0006620	post-translational protein targeting to endoplasmic reticulum membrane	108005891 108005896 108018122 118877730
GO:0006621	protein retention in ER lumen	108006189 108007936 108021832 108021832
GO:0006622	protein targeting to lysosome	108009501
GO:0006623	protein targeting to vacuole	108005727 108006187 108006187 108006951 108007274 108013290 108013724 108016632 108017918 108020058 139355006
GO:0006624	vacuolar protein processing	108017985
GO:0006626	protein targeting to mitochondrion	108014473 108014698
GO:0006627	protein processing involved in protein targeting to mitochondrion	108007646 108008379 108019144 108019605 139354486
GO:0006629	lipid metabolic process	108004657 108005212 108005994 108006816 108007374 108007402 108008054 108008062 108008463 108008510 108008577 108009156 108009812 108012538 108012552 108013430 108013497 108014008 108015441 108015474 108016816 108018375 108018375 108019348 108020249 108021121 108021478 108021686
GO:0006631	fatty acid metabolic process	108004696 108005776 108005810 108005812 108005915 108006329 108007490 108008718 108009740 108012123 108013054 108016770 108016802 108017495 108017819 108019856 108021324 108021535 108021696
GO:0006633	fatty acid biosynthetic process	108004955 108006724 108006724 108012485 108012485 108015114 108015114 108017982 108018124 108018124 108019720 108019720 139353186 139353186
GO:0006635	fatty acid beta-oxidation	108006643 108006840 108007766 108008293 108009187 108012368 108013318 108013728 108019641 108019775 108020410 108020882 108021817
GO:0006636	unsaturated fatty acid biosynthetic process	108016480 108018338 108018676 108018676 108018737 108020216 118878101
GO:0006637	acyl-CoA metabolic process	108010843 108010844 108010845 108020956
GO:0006641	triglyceride metabolic process	108007178 108012927 108013450
GO:0006644	phospholipid metabolic process	108004956 108005479 108006635 108007219 108007219 108007423 108007424 108007438 108007439 108007440 108008447 108010226 108016286 108016997 108018217 108018218 108018336 108018949 108020367
GO:0006646	phosphatidylethanolamine biosynthetic process	108006326 108015758 108019846 108020903 108020939 108021186 108021530
GO:0006654	phosphatidic acid biosynthetic process	108005486 108009686 108019871 108021406
GO:0006656	phosphatidylcholine biosynthetic process	118877513
GO:0006657	CDP-choline pathway	108013012 108013014 108021186
GO:0006659	phosphatidylserine biosynthetic process	108012311
GO:0006660	phosphatidylserine catabolic process	108018229 108020062
GO:0006661	phosphatidylinositol biosynthetic process	108018669 108019143 108021099
GO:0006665	sphingolipid metabolic process	108006890 108012156
GO:0006666	3-keto-sphinganine metabolic process	108007935 108007935
GO:0006672	ceramide metabolic process	108011251 108017615
GO:0006679	glucosylceramide biosynthetic process	108010132
GO:0006680	glucosylceramide catabolic process	108007409 108007843 108020663
GO:0006685	sphingomyelin catabolic process	108010045 108010045 108016509 108017224 108017224 108017225 108017225
GO:0006688	glycosphingolipid biosynthetic process	108009419 108011728 108021472 118877932
GO:0006689	ganglioside catabolic process	108009347 108014973 108020054
GO:0006694	steroid biosynthetic process	108012633
GO:0006695	cholesterol biosynthetic process	108005636 108005636 108019596
GO:0006700	C21-steroid hormone biosynthetic process	108019485
GO:0006704	glucocorticoid biosynthetic process	108019485
GO:0006729	tetrahydrobiopterin biosynthetic process	108004762 108004762 108007562 108007562 108010031 108012381 108021132 108021835
GO:0006730	one-carbon metabolic process	108008071 108008187 108008823 108009250 108010768 108010782 108010803 108012286 108012416 108013945 108016162 108017315 108020515 108021633
GO:0006734	obsolete NADH metabolic process	108021534
GO:0006739	NADP+ metabolic process	108012964
GO:0006741	NADP+ biosynthetic process	108019780 108019780 108019781 108019781
GO:0006744	ubiquinone biosynthetic process	108005167 108005182 108006105 108009457 108010147 108010147 108010765 108012305 108013493 108013493 108015047 108015047 108015420 108015420 108018157 108018157 108019920 108019920
GO:0006747	FAD biosynthetic process	108005178 108011791
GO:0006749	glutathione metabolic process	108007436 108007771 108007773 108007821 108008276 108008435 108009150 108009197 108009510 108009786 108009786 108010070 108012516 108012517 108013534 108013537 108015220 108016105 108016110 108016111 108017130 108017779 108017780 108017832 108017833 108017838 108017844 108017848 108017850 108017861 108017881 108018222 108018242 108018243 108018355 108018356 108018357 108018407 108018408 108019124 108019880 136117122 136117125 139353192
GO:0006750	glutathione biosynthetic process	108005985 108016900 108016900 108019060 108019060
GO:0006751	glutathione catabolic process	108005203 108005203 108005475 108006284 108007860 108007860 108010424 108016681
GO:0006753	nucleoside phosphate metabolic process	108011701 108011704
GO:0006754	ATP biosynthetic process	108017743
GO:0006772	thiamine metabolic process	108007249
GO:0006777	Mo-molybdopterin cofactor biosynthetic process	108007733 108007733 108015418 108016804 108016804 108017666 108017667 108017667
GO:0006779	porphyrin-containing compound biosynthetic process	108011475
GO:0006780	uroporphyrinogen III biosynthetic process	108007022 108015010
GO:0006782	protoporphyrinogen IX biosynthetic process	108006176
GO:0006783	heme biosynthetic process	108008328 108008385 108010779 108010779 108013223 108013466
GO:0006784	heme A biosynthetic process	108010063 108010063 108021383
GO:0006788	heme oxidation	108011722 108011722
GO:0006790	sulfur compound metabolic process	108011218 108021103 108021106
GO:0006796	phosphate-containing compound metabolic process	108009627 108009627
GO:0006801	superoxide metabolic process	108008495 108009764 108009993 108010023 108011766 108013936 108016481
GO:0006805	xenobiotic metabolic process	108004830 108004847 108004940 108005858 108021052
GO:0006807	obsolete nitrogen compound metabolic process	108004576 108004579 108004581 108021838
GO:0006809	nitric oxide biosynthetic process	108021112
GO:0006810	transport	108010131 108013322 108015351 108019396 108019884 108020208 108020746
GO:0006811	monoatomic ion transport	108005324 108006225 108006527 108007032 108007365 108008458 108008972 108011664 108011664 108011769 108011769 108011995 108013047 108013548 108014284 108015295 108016093 108016232 108016871 108017428 108019422 108020333 108020349 108021712 108021718
GO:0006812	monoatomic cation transport	108004688 108008727 108009296 108019575 108019576 108019931
GO:0006813	potassium ion transport	108014955
GO:0006814	sodium ion transport	108004735 108005189 108005194 108008877 108009044 108009649 108010642 108010856 108010869 108013553 108014436 108014995 108015941 108016300 108017952 108018206 108020794 108021818
GO:0006816	calcium ion transport	108006292 108009826 108013190 108021720 139353919
GO:0006817	phosphate ion transport	108011433 108016179 108016799 108019160
GO:0006820	monoatomic anion transport	108005497 108005596 108006880 108008121 108008122 108008123 108008440 108008748 108008786 108009717 108009898 108010812 108011582 108013214 108013214 108015745 108015745 108016691 108018120 108018167 108018182 108018215 108019815 108020996 108021168 108021473 108021524 118877099 118877710 118878480
GO:0006821	chloride transport	108006534 108007483 108008488 108019477 108019477 108019725
GO:0006825	copper ion transport	108017612
GO:0006826	iron ion transport	108005451 108006514 108009658 108010445 108011732 108017239
GO:0006828	manganese ion transport	108007704
GO:0006829	zinc ion transport	108019886 108020345
GO:0006836	neurotransmitter transport	108011619 108011619 108020921
GO:0006839	mitochondrial transport	108008307 108021515
GO:0006843	mitochondrial citrate transmembrane transport	108010632
GO:0006850	pyruvate import into mitochondria	108011602 108011602 108017480 108017480 108017482 108017482 108020120
GO:0006862	nucleotide transport	108009968
GO:0006865	amino acid transport	108005777 108013726
GO:0006869	lipid transport	108007992 108012701 108014551 108015201 108015245 108015246 108015430 108015543 108015958 108018226 108018849 108020355 108021016 108021617 108021737 118877214 139353265
GO:0006874	intracellular calcium ion homeostasis	108005659 108006821 108007704 108008727 108009296 108011639 108013715 108015667 108018021 108019197 108019575 108019576 108019716 108019931 108020380 108020464 108020476 108021181
GO:0006878	intracellular copper ion homeostasis	108005319 108021014
GO:0006879	intracellular iron ion homeostasis	108005451 108006514 108008861 108012821 108016761 108016761 108017239 108018547 108019598
GO:0006880	obsolete intracellular sequestering of iron ion	108005451 108006514 108017239
GO:0006882	intracellular zinc ion homeostasis	108010950 108013070 108015450 108017507 108019886 108021269
GO:0006883	intracellular sodium ion homeostasis	108008702 108010747 108010749 108018387 108020430 108020696 108020994 108021156 108021514
GO:0006884	cell volume homeostasis	108008488 108013269 108015251 108016237 108018109 108021435
GO:0006886	intracellular protein transport	108004705 108004705 108004726 108004769 108004819 108004984 108005175 108005193 108005309 108005543 108005543 108005641 108005742 108005742 108006039 108006114 108006605 108006745 108006807 108006807 108006983 108006983 108007453 108007706 108008426 108008504 108008586 108009392 108009426 108009851 108009875 108010449 108010449 108010840 108010860 108011264 108011264 108011396 108011457 108011457 108011868 108012405 108012520 108012602 108012602 108012904 108012904 108013255 108013305 108013449 108013482 108013573 108013733 108013778 108014292 108014429 108014529 108014997 108015172 108015172 108015303 108015448 108015448 108015481 108015481 108015761 108015761 108015788 108016610 108016637 108016661 108016783 108016783 108016877 108016908 108016929 108017038 108017038 108017195 108017473 108017477 108017773 108018403 108018403 108018627 108018909 108018909 108018959 108019069 108019093 108019851 108020048 108020137 108020346 108020425 108020490 108020494 108020874 108021035 108021146 108021258 108021258 108021337 108021518 108021518 108021533 108021581 118877357 118877407 118877872 139355006
GO:0006887	exocytosis	108004869 108008342 108009467 108009470 108009947 108011933 108012349 108012349 108013131 108013131 108014421 108014529 108015761 108018042 108018042 108018403 108020591 108020690 108021150 118877958 139353199
GO:0006888	endoplasmic reticulum to Golgi vesicle-mediated transport	108004705 108004819 108005020 108005175 108005193 108005359 108005871 108005871 108005904 108006277 108006373 108006373 108006422 108006605 108006745 108007493 108007493 108007870 108008319 108008319 108008403 108008539 108009392 108009807 108009807 108009875 108010449 108010860 108011868 108011979 108012364 108012520 108012904 108012904 108012981 108013482 108014090 108014259 108014692 108014692 108015124 108015305 108016315 108016600 108016637 108016812 108016922 108017195 108017958 108018585 108019707 108019745 108019851 108020494 108020639 108021003 108021146 108021258 108021518 108021581 108021827 108021832 139354525
GO:0006890	retrograde vesicle-mediated transport, Golgi to endoplasmic reticulum	108005871 108005871 108005904 108005904 108007936 108010840 108012380 108012904 108014259 108014374 108014374 108015124 108015481 108016600 108016812 108020707 108021258 108021281 108021470 108021663 108021663 118877407 118877851
GO:0006891	intra-Golgi vesicle-mediated transport	108004889 108005315 108005904 108006409 108006619 108009893 108009893 108010449 108010840 108010860 108012904 108012981 108013305 108017513 108019284 108020105 108021258 108021337 108021675 118877407
GO:0006892	post-Golgi vesicle-mediated transport	108009943
GO:0006893	Golgi to plasma membrane transport	108004869 108009346 108013131 108015172 108018403 108020591 108020690 108021150
GO:0006895	Golgi to endosome transport	108007966 108017987 108021539
GO:0006896	Golgi to vacuole transport	108008426 108013305 108013724 108015412 108016877 108017513 108021484
GO:0006897	endocytosis	108005311 108005848 108007342 108009194 108009241 108009509 108009581 108011810 108012147 108013498 108013676 108014019 108014891 108015011 108016610 108018626 108019059 108020508 108020607 108020707 118877437 118877610
GO:0006898	receptor-mediated endocytosis	108006561 108009496 108014175 108014963 108015029 108016740 108019076 108019080 108019093
GO:0006900	vesicle budding from membrane	108004796 108005821 108009365 108010274
GO:0006904	vesicle docking involved in exocytosis	108004869 108005790 108009252 108016590 108016929 108020048 139352907
GO:0006906	vesicle fusion	108005641 108009947 108009952 108011264 108012405 108012526 108012906 108014692 108016705 108018438 108018909 108018959 108021518 118877357
GO:0006909	phagocytosis	108020493
GO:0006913	nucleocytoplasmic transport	108005077 108006899 108014204 108015243
GO:0006914	autophagy	108004744 108004843 108004843 108005305 108005322 108010701 108018414 108018627
GO:0006915	apoptotic process	108005605 108006089 108008311 108008421 108009326 108009668 108009792 108010635 108010718 108011039 108011039 108014769 108015517 108015538 108015911 108017382 108018678 108021432
GO:0006919	obsolete activation of cysteine-type endopeptidase activity involved in apoptotic process	108009792 108010718 108015517
GO:0006935	chemotaxis	108005321 108009463
GO:0006936	muscle contraction	108004684 108004928 108011512 108014236 108016868 108019039
GO:0006937	regulation of muscle contraction	108004684 108005458 108016978 108019759
GO:0006941	striated muscle contraction	108019716
GO:0006952	defense response	108007120 108007122 108007123 108007130 108007806 108009709 108016348 108017718 108017719 108017859 108017860 108017873 108017876 108017890 108018162 108018163 108018164 108019683 108019726 139352990 139353144
GO:0006954	inflammatory response	108005800 108013834 108015546 108016051 108017040 108018759 108020895 139353175
GO:0006955	immune response	108005800 108005800 108005952 108008326 108008346 108009790 108010575 108013407 108013490 108015332 108017040 108018102 108019639 108019640
GO:0006959	humoral immune response	108009556
GO:0006974	DNA damage response	108005784 108005934 108007490 108008438 108009060 108009557 108009559 108009636 108010030 108011559 108011559 108013567 108014003 108014354 108014354 108016770 108017542 108019443 108019708
GO:0006979	response to oxidative stress	108005172 108005979 108007161 108007725 108010221 108011235 108011479 108011722 108012053 108012127 108013252 108014256 108014750 108017339 108017414 108017866 108017866 108018267 108019750 108019900 108020789 108021015 108021140 108021574 118877434 118877434 118878588
GO:0006986	response to unfolded protein	108007991 108010808 108010808
GO:0006995	cellular response to nitrogen starvation	108004757 108012042 108018176 108018414 108021826
GO:0006996	organelle organization	108007765 108011820 108011824
GO:0006997	nucleus organization	108012895
GO:0006998	nuclear envelope organization	108009409 108010099 108012756 108021232
GO:0006999	nuclear pore organization	108004845 108008314 108014740 108019132
GO:0007004	telomere maintenance via telomerase	108006084 108010210 108018516
GO:0007005	mitochondrion organization	108005132 108005244 108005245 108005562 108007274 108007344 108010015 108010064 108010161 108010680 108011209 108012142 108012148 108013186 108013403 108015775 108017479 108017479 108018070 108018140
GO:0007007	inner mitochondrial membrane organization	108012161 108019819 118877325
GO:0007009	plasma membrane organization	108013546 108017967 108020136
GO:0007010	cytoskeleton organization	108004651 108006518 108007086 108010559 108012451 108012895 108017198 108017588 108018495 108020012 108021034 108021034 108021451
GO:0007015	actin filament organization	108004928 108007628 108009141 108009765 108011512 108011874 108012948 108013390 108013730 108013998 108015742 108016876 108017244 108018059 108018152 108018269 108019628 108020607 108021034 108021134 108021216 108021600 118877437 136117703
GO:0007017	microtubule-based process	108006027 108008847 108009105 108009105 108009220 108009220 108011645 108016950 108016950 108018636
GO:0007018	microtubule-based movement	108004701 108004701 108004715 108004742 108005354 108005354 108007418 108007418 108008264 108008264 108008428 108008428 108008508 108008508 108008576 108008576 108008726 108008726 108008996 108009295 108009344 108009344 108010053 108010455 108010455 108011632 108011772 108012392 108012392 108012854 108012854 108012960 108012960 108013006 108013006 108013271 108013528 108013528 108013903 108014444 108014444 108014446 108014446 108015487 108015487 108015938 108015938 108016394 108016394 108016428 108016798 108016798 108016966 108016966 108017383 108017769 108017978 108018153 108018153 108018365 108018365 108018660 108018660 108018781 108019019 108019019 108019204 108019204 108019216 108019216 108019338 108019351 108019784 108020070 108020070 108020290 108020350 108020350 108020942 108020942 108021162 108021162 118877253 139352868 139352868 139353473 139353541 139353541 139353556 139353556 139353701 139353701 139353888 139353888 139353902 139353902 139353915 139353915
GO:0007019	microtubule depolymerization	108006314 139355114
GO:0007020	microtubule nucleation	108005361 108005770 108008281 108008281 108012990 108013721 108014663 108015345 108015801 108017674 108017674 108021282 108021504
GO:0007021	tubulin complex assembly	108005326 108005326 108005606 108006027 108008847 108008967 108009283 108010794 108010794 108020916
GO:0007023	post-chaperonin tubulin folding pathway	108005326 108005326 108005606 108008967 108009283 108010794 108010794 108020916
GO:0007026	negative regulation of microtubule depolymerization	108007294 108009074 108020590
GO:0007029	endoplasmic reticulum organization	108011521 108014376 108014376 108016825 108019851
GO:0007030	Golgi organization	108004744 108004819 108005175 108005193 108005322 108005359 108006409 108006418 108006605 108009084 108009746 108009875 108010701 108011868 108012366 108012520 108013701 108015481 108015849 108016277 108016637 108017195 108017770 108018209 108019280 108019474 108019883 108020661 108020661 108021281 108021337 108021470
GO:0007031	peroxisome organization	108012839 108012844 108013728 108020410
GO:0007032	endosome organization	108006323 108007498 108009496 108013358 108016277 108016586 108016929 108020261 108021128 118879697 139352907
GO:0007033	vacuole organization	108016598 139352907
GO:0007034	vacuolar transport	108011016 108015448 108015547 108018907
GO:0007035	vacuolar acidification	108004655 108007205 108008064 108011016 108017510 108017517 108018092 108018907 108021626
GO:0007040	lysosome organization	108004815 108010526 108016929
GO:0007041	lysosomal transport	108006358 108006358 108015412 108019883
GO:0007043	cell-cell junction assembly	108009550 108014792 108014867 108015501 108019362
GO:0007051	spindle organization	108008714 108010798 108017306 108018275 139353921
GO:0007052	mitotic spindle organization	108004685 108005850 108005937 108006742 108006913 108007369 108008281 108008508 108012392 108014562 108016966 108017674 108017938 108018071 108018660 108019096 108019225 108019630 108020350 108020942 108021060
GO:0007059	chromosome segregation	108005413 108009712 108012990 108017336 108019092 108019729
GO:0007062	sister chromatid cohesion	108012595 108015749 108015749 108020951 139353049
GO:0007064	mitotic sister chromatid cohesion	108004905 108004905 108005755 108009545 108009849 108010230 108010230 108011149 108013267
GO:0007076	mitotic chromosome condensation	108008902 108008902 108009050 108014309 108014811 108015405 108021126 108021713 108021713
GO:0007088	regulation of mitotic nuclear division	108006587 108007746
GO:0007091	metaphase/anaphase transition of mitotic cell cycle	108005356 108005877 108007265
GO:0007093	mitotic cell cycle checkpoint signaling	108021572
GO:0007094	mitotic spindle assembly checkpoint signaling	108009892 108009892 108010825 108010862 108010974 108011427 108014316 108015174 108016922 108017336
GO:0007095	mitotic G2 DNA damage checkpoint signaling	108005067 108007318 108008365 108013559 108013742 108014685 108020210
GO:0007096	regulation of exit from mitosis	108015212 108017501
GO:0007097	nuclear migration	108009409 108009779 108010671 108012756 108012895 108013324 108021033 108021232
GO:0007098	centrosome cycle	108016084 108016084 108016904 108019729
GO:0007099	centriole replication	108005092 108009423 108009917 108012873 108015504 108016766 108019142 108019729 139354026
GO:0007100	mitotic centrosome separation	108012990
GO:0007112	male meiosis cytokinesis	108005823
GO:0007129	homologous chromosome pairing at meiosis	108017467 108019006 108019428
GO:0007131	reciprocal meiotic recombination	108008644 108008966 108011710 108017467 108019006 108019454 108021385 118877646
GO:0007140	male meiotic nuclear division	108007671 108014442
GO:0007154	cell communication	108004596 108010757 108016135 108018359
GO:0007155	cell adhesion	108008077 108008077 108008364 108008660 108009322 108010200 108010222 108011139 108012480 108012480 108013119 108013709 108015555 108016522 108016914 108016914 108017100 108019288 108020703 108020703 108021378 108021735 118877974 118877974
GO:0007156	homophilic cell adhesion via plasma membrane adhesion molecules	108004791 108004936 108005015 108005016 108005593 108005846 108006764 108008537 108008662 108009550 108009593 108009720 108009836 108010887 108011955 108013545 108014244 108014433 108014792 108014859 108014867 108015501 108015912 108016507 108016740 108017600 108017782 108017950 108018279 108018875 108020043 108020396 108020739 108020905 108021376
GO:0007157	heterophilic cell-cell adhesion via plasma membrane cell adhesion molecules	108017587 108018875 108018886
GO:0007158	neuron cell-cell adhesion	108008383 108013990 108019326 108019970 108021095
GO:0007160	cell-matrix adhesion	108005353 108005360 108006875 108008204 108008621 108008811 108009555 108009983 108010865 108011829 108017684 108017685 108018136 108019071 108019517
GO:0007162	negative regulation of cell adhesion	108020382
GO:0007163	establishment or maintenance of cell polarity	108004745 108005740 108005837 108009551 108012374 108013676 108013737 108015011 108015775
GO:0007165	signal transduction	108004795 108004869 108005077 108005224 108005298 108005393 108005407 108005407 108005671 108005682 108005893 108006372 108006426 108006836 108007342 108007407 108007423 108007424 108007438 108007439 108007440 108008447 108009039 108009103 108009142 108009167 108009260 108009320 108009461 108009461 108009487 108009518 108009749 108010060 108010226 108010238 108010546 108010678 108010821 108010828 108010828 108010847 108010870 108010877 108010877 108011018 108011018 108011165 108011241 108011393 108011393 108011450 108011533 108011598 108011810 108011881 108011929 108012147 108012399 108012887 108012908 108012955 108013087 108013099 108013157 108013181 108013260 108013301 108013441 108013441 108013557 108013557 108013734 108013769 108013773 108013779 108014011 108014157 108014169 108014177 108014254 108014270 108014371 108014711 108014942 108014953 108015077 108015099 108015189 108015393 108015555 108015555 108015968 108016077 108016079 108016201 108016639 108016733 108016794 108016938 108016944 108017100 108017376 108017459 108017582 108017645 108017962 108018039 108018165 108018221 108018394 108018576 108018594 108018618 108018618 108018782 108018807 108018853 108018862 108018862 108018889 108018889 108018926 108018969 108018976 108019069 108019082 108019101 108019113 108019139 108019446 108019507 108019524 108019524 108019828 108019866 108019983 108020158 108020196 108020205 108020334 108020343 108020372 108020400 108021008 108021510 108021800 108021800 118877282 136117270 136117270 136117703 139353246
GO:0007166	cell surface receptor signaling pathway	108005214 108005292 108005292 108005759 108008523 108008527 108008755 108009349 108009720 108011082 108011161 108012346 108013291 108014083 108016513 108016833 108017085 108018107 108018283 108019771 108019917 108020570 118877398 136116597 136116855 136116904 139354250
GO:0007168	receptor guanylyl cyclase signaling pathway	108006947 108008901 108011050 108011645 108013259 108014587 108018235
GO:0007169	cell surface receptor protein tyrosine kinase signaling pathway	108004681 108004681 108004695 108005015 108005880 108005888 108006259 108007289 108008431 108009052 108009404 108009404 108009531 108009633 108009633 108010246 108010964 108012978 108013201 108013615 108016422 108016422 108016458 108019603 108019753 108021631 108021688 108021688
GO:0007172	signal complex assembly	108009431
GO:0007173	epidermal growth factor receptor signaling pathway	108017493 108020868 108021257 108021373
GO:0007175	negative regulation of epidermal growth factor-activated receptor activity	108012346
GO:0007178	cell surface receptor protein serine/threonine kinase signaling pathway	108009825 108018562
GO:0007179	transforming growth factor beta receptor signaling pathway	108010809 108012447 108018281 108019133 108020099
GO:0007185	cell surface receptor protein tyrosine phosphatase signaling pathway	108009618
GO:0007186	G protein-coupled receptor signaling pathway	108004844 108005126 108005292 108006668 108006668 108007614 108007614 108007747 108007757 108008207 108008296 108008527 108008607 108008607 108008755 108008852 108009115 108009145 108009145 108009193 108009193 108009720 108010005 108010005 108010408 108010931 108010931 108010973 108010973 108011059 108011082 108011161 108012064 108012426 108012426 108012514 108012519 108012862 108012984 108012984 108013291 108013607 108013607 108013852 108013852 108013862 108013862 108015271 108015377 108015377 108015389 108015458 108015458 108015969 108015969 108015991 108015991 108016083 108016083 108016312 108016407 108016513 108016644 108016644 108016751 108016751 108016983 108017219 108017616 108018106 108018106 108018107 108018727 108018727 108018932 108018988 108018988 108019131 108019579 108019874 108019986 108019986 108020110 108020110 108020209 108020209 108021042 108021108 108021108 108021155 108021155 108021450 108021450 108021511 108021511 108021586 108021586 108021698 118877398 118877629 118877629 118877675 118877675 118879092 136116597 136117720 139354023
GO:0007187	G protein-coupled receptor signaling pathway, coupled to cyclic nucleotide second messenger	108009834 108010545 108010941 108012222 108016774 108020130 118878130 118878561 136116999 139352873
GO:0007188	adenylate cyclase-modulating G protein-coupled receptor signaling pathway	108005214 108008523 108009349 108009816 108009816 108013285 108013285 108016833 108019611 108019612 108019778 108019779 108019917 139354252
GO:0007189	adenylate cyclase-activating G protein-coupled receptor signaling pathway	108005381 108005453 108005554 108005621 108006301 108011923 108011924 108011925 108011938 108011978 108011980 108012052 108012599 108013105 108013541 108013597 108014083 108015546 108016484 108017085 108017914 108019771 108019976 108021327 108021632
GO:0007190	activation of adenylate cyclase activity	108005453 108012052 108019976 108021632
GO:0007191	adenylate cyclase-activating dopamine receptor signaling pathway	108018194 108019472
GO:0007193	adenylate cyclase-inhibiting G protein-coupled receptor signaling pathway	108005554 108011923 108011924 108011925 108011938 108011978 108011980 108012599 108013105 108013597 118877293
GO:0007197	adenylate cyclase-inhibiting G protein-coupled acetylcholine receptor signaling pathway	108009834
GO:0007200	phospholipase C-activating G protein-coupled receptor signaling pathway	108010545 108011385 108012041 108019054 118878129
GO:0007204	positive regulation of cytosolic calcium ion concentration	108010545 108011385 108012041 108015546 118878129
GO:0007205	obsolete protein kinase C-activating G protein-coupled receptor signaling pathway	108009537 108013811 108014920 108015754 108019818
GO:0007210	serotonin receptor signaling pathway	108020130 118878561 136116999 139352873
GO:0007212	G protein-coupled dopamine receptor signaling pathway	108018183 108018932
GO:0007214	gamma-aminobutyric acid signaling pathway	108021108 108021155 118877629
GO:0007216	G protein-coupled glutamate receptor signaling pathway	108020420 108021313 108021313
GO:0007218	neuropeptide signaling pathway	108004831 108004832 108006902 108008561 108008851 108010050 108010457 108013575 108013876 108014328 108015934 108016124 108016248 108016248 108016307 108017091 108017212 108018289 108018290 118877927
GO:0007219	Notch signaling pathway	108005517 108009712 108010106 108010106 108010757 108012660 108012660 108012732 108012732 108014019 108014066 108014066 108015388 108015444 108015523 108016135 108016311 108016311 108017587 108018762 108018886 108020364 108020692 108020995 108021301
GO:0007220	Notch receptor processing	108005517 108013190 108017316 108017991
GO:0007224	smoothened signaling pathway	108011013 108014148 108014349
GO:0007228	obsolete positive regulation of hh target transcription factor activity	108004851
GO:0007229	integrin-mediated signaling pathway	108005353 108005360 108006875 108006875 108008204 108008621 108008811 108011829 108011829 108017684 108017685 108018136 108019071
GO:0007249	canonical NF-kappaB signal transduction	108009695 108013834 108018216 108020895
GO:0007253	obsolete cytoplasmic sequestering of NF-kappaB	108019860
GO:0007254	JNK cascade	108004592 108005952 108010575 108012389 108015332
GO:0007259	cell surface receptor signaling pathway via JAK-STAT	108007806 108010409 108010411 108010412 108016885
GO:0007264	small GTPase-mediated signal transduction	108004972 108005740 108005837 108007603 108008014 108009598 108009851 108009851 108009943 108009943 108011409 108011888 108012374 108013232 108015775 108016243 108017194 108017753 108019495 108019528 108021389 108021389 139354980
GO:0007265	Ras protein signal transduction	108004695 108007694 108008292 108009079 108009860 108013339 108013822 108016285 108016844 108016954 108017493 108018004 108019198 108020050 108020944 108021684 139354125
GO:0007266	Rho protein signal transduction	108005563 108005563 108006223 108010200 108011141 108011277 108016839 108019620 108020228 108021334 139354252 139354252
GO:0007267	cell-cell signaling	108011013 108011385 108012041 108017724 118878129
GO:0007268	chemical synaptic transmission	108004795 108004869 108006298 108006426 108008383 108009518 108009716 108009834 108010545 108010870 108011881 108012222 108012887 108013990 108014169 108014177 108014711 108015077 108015189 108016232 108016639 108016774 108016807 108016807 108016894 108017582 108017645 108018039 108018070 108018109 108018807 108018853 108018926 108018976 108019075 108019326 108019970 108020130 108020196 108021095 108021510 118878130 118878561 136116999 139352153 139352873 139353246
GO:0007269	neurotransmitter secretion	108006625 108006787 108006787 108020048
GO:0007270	neuron-neuron synaptic transmission	108021532
GO:0007271	synaptic transmission, cholinergic	108009788 108010941 108020413
GO:0007274	neuromuscular synaptic transmission	108006392 108009122 108013293 108014897 108021532
GO:0007275	multicellular organism development	108004681 108005015 108005237 108005646 108005646 108005880 108006227 108006227 108006259 108007183 108007289 108008431 108008538 108008549 108008603 108008603 108009052 108009404 108009550 108009633 108009877 108010182 108010182 108010246 108010464 108010464 108010711 108010711 108010757 108011013 108011525 108012350 108012650 108012664 108013257 108013615 108014792 108014836 108014867 108015501 108016024 108016135 108016422 108016875 108016875 108017593 108018886 108019168 108019182 108019603 108019753 108020003 108020003 108020005 108020005 108021272 108021631 108021688 118878591 118878591
GO:0007276	gamete generation	108007982 108018430
GO:0007281	germ cell development	108009368 108009779 108017867 108019811
GO:0007283	spermatogenesis	108004777 108005260 108005761 108005823 108007671 108008450 108008876 108009171 108009428 108010278 108012721 108013698 108013699 108014442 108016711 108016712 108016714 108016717 108016722 108020286 108021392 108021474 118877540 118878326 118878363 136116464 136116471 139353438
GO:0007288	sperm axoneme assembly	108007017 108011535 108012026 108014248
GO:0007291	sperm individualization	108017468
GO:0007304	chorion-containing eggshell formation	108004741
GO:0007309	oocyte axis specification	108021336
GO:0007346	regulation of mitotic cell cycle	108007378 108007976 108008471 108008471 108009382 108012835 108018594 108021717 139354150
GO:0007349	cellularization	108018001 108019312
GO:0007368	determination of left/right symmetry	118876896
GO:0007389	pattern specification process	108007294 108013506 108014148 108019136 108020590
GO:0007399	nervous system development	108005802 108006869 108007294 108008308 108008605 108009255 108011413 108012261 108016094 108018047 108018288 108020206 108020590 108021816
GO:0007409	axonogenesis	108006259 108006654 108009618 108010246 108016595 108016887 108018065 108021631
GO:0007411	axon guidance	108005291 108005560 108005846 108007024 108007529 108007530 108007872 108008662 108009498 108009621 108009640 108009814 108009836 108009916 108010215 108010303 108010887 108011647 108011955 108012888 108013085 108014479 108014655 108014859 108015176 108016740 108017950 108018028 108018150 108020043 108020405 108020409
GO:0007417	central nervous system development	108006818 108010122 108013881 108014148 108016887 108018597 118877962 118877963
GO:0007420	brain development	108006389 108009481 108015176 108018597
GO:0007423	sensory organ development	108004968 108006099 108008991 108010896 108012660 108012660 108012732 108012732 108012755 108013177 108014066 108014066 108016311 108016311 108020692 108021275 108021309
GO:0007507	heart development	108005147 108009595 108012632 108012637 108012668 108015170 108015218 108016881 108017934 108021244
GO:0007508	larval heart development	108014649
GO:0007517	muscle organ development	108007835 108018718 108018987
GO:0007519	skeletal muscle tissue development	108015170
GO:0007520	myoblast fusion	108011888
GO:0007528	neuromuscular junction development	108013336 108020331
GO:0007529	establishment of synaptic specificity at neuromuscular junction	108016804
GO:0007530	sex determination	108016832
GO:0007548	sex differentiation	108005351 108006136 108014308 118876773
GO:0007584	response to nutrient	108011184
GO:0007589	body fluid secretion	108021020
GO:0007601	visual perception	108006668 108012984 108015969 108016312 108018727 108020110 108021450 118877675
GO:0007602	phototransduction	108006668 108007634 108012984 108013401 108015079 108015969 108015969 108016658 108016937 108018727 108018727 108019014 108020110 108020110 108021450 118877675
GO:0007605	sensory perception of sound	108012489 108016491 108018942
GO:0007606	sensory perception of chemical stimulus	108018194 108019472
GO:0007608	sensory perception of smell	108005153 108005153 108005272 108005272 108005604 108005604 108007052 108007052 108007054 108007054 108007058 108007058 108007583 108008103 108008103 108008173 108008191 108008191 108008208 108008208 108008501 108008514 108008570 108008578 108008578 108008635 108008635 108008732 108008732 108008859 108008928 108008928 108008937 108008937 108008957 108008957 108008959 108008995 108008995 108009448 108009448 108009828 108009828 108009829 108009829 108009903 108009903 108009904 108009904 108009905 108009905 108010668 108011252 108011252 108011617 108011617 108012257 108012257 108012293 108012293 108012661 108012661 108012752 108012752 108012753 108012753 108012759 108012759 108012861 108012924 108012924 108012958 108012958 108013104 108013104 108013240 108013240 108013308 108013308 108013333 108013333 108013335 108013335 108013511 108014115 108014115 108014116 108014116 108014312 108014317 108014341 108014341 108014362 108014514 108014514 108014793 108014793 108015782 108015782 108015822 108015856 108015856 108015946 108015946 108016241 108016241 108016493 108016494 108016550 108016550 108016559 108016559 108016627 108016627 108016701 108016701 108017714 108017714 108018286 108018286 108018333 108018333 108018769 108018769 108018773 108018785 108018861 108018861 108018993 108018993 108018995 108019015 108019031 108019031 108019118 108019494 108019494 108019558 108019558 108019602 108019602 108019703 108019703 108019907 108019998 108019998 118877636 118877636 118878060 139352901 139352901 139353973 139353973 139354135 139354135
GO:0007617	mating behavior	108008575
GO:0007618	mating	108008565
GO:0007623	circadian rhythm	108009628 108015193
GO:0007624	ultradian rhythm	108020269
GO:0007635	chemosensory behavior	108008257 108008259 108008273 108008532 108009006 108010686 108011040 108011348 108011805 108012670 108012672 108012988 108013143 108013200 108013298 108013588 108013596 108013710 108014918 108015352 108015416 108016151 108016168 108016174 108016175 108016177 108016582 108016739 108017387 108018189 108019509 108019510 108019512 108020919 108021350
GO:0008010	structural constituent of chitin-based larval cuticle	108004812 108005104 108005813 108005814 108005817 108006843 108008433 108008441 108008579 108008614 108008680 108008705 108008728 108008891 108008903 108008934 108009000 108009573 108009831 108009832 108009833 108009915 108011305 108011870 108012164 108012264 108012290 108012440 108012443 108012509 108012510 108012511 108012513 108012622 108012644 108012663 108012675 108012688 108012709 108012710 108012736 108012738 108012742 108013338 108013581 108013582 108013583 108013584 108016169 108018827 108019676 108019678 108019687 108019688 108020936 118877292 118877302 118878108 136116902 139353080
GO:0008013	beta-catenin binding	108007294 108007294 108016914 108018001 108019299 108019312 108020590 108020590 139353230
GO:0008017	microtubule binding	108004679 108004701 108005321 108005354 108005354 108005379 108006314 108006321 108006950 108007167 108007243 108007294 108008264 108008428 108008428 108008508 108008576 108009155 108009295 108009344 108009344 108009383 108009463 108009721 108010066 108010455 108010455 108012278 108012392 108012771 108012990 108013005 108013096 108013271 108013404 108013528 108013561 108013563 108013604 108013628 108014352 108014593 108014811 108015216 108015216 108015487 108015487 108015885 108015938 108016087 108016087 108016428 108016595 108016732 108016966 108017383 108017978 108018153 108018153 108018583 108018625 108018660 108018986 108019019 108019019 108019080 108019216 108019338 108019526 108019601 108019729 108020070 108020070 108020350 108020590 108020942 108021162 108021162 108021175 108021242 108021242 108021375 108021819 139353888 139353902 139353915
GO:0008020	G protein-coupled photoreceptor activity	108006668 108012984 108015969 108018727 108020110 108021450 118877675
GO:0008021	synaptic vesicle	108005177 108005457 108005790 108006787 108007483 108009252 108011229 108011264 108012405 108014292 108015761 108016590 108017128 108018959 108020474
GO:0008023	transcription elongation factor complex	108004682 108005788 108005788 108006433 108015440 108018411 139353051 139354862
GO:0008024	cyclin/CDK positive transcription elongation factor complex	108004810 108006911 108010057 139354041
GO:0008028	monocarboxylic acid transmembrane transporter activity	108008075 108009203 108009385 108009681 108010136 108012878 108015287 108015288 108015370 108015411 108015413 108016915 108017996 136116878 139354031 139354073
GO:0008033	tRNA processing	108008696 108015299 108016742 108016756 108016756 108021001 108021395 108021599
GO:0008036	diuretic hormone receptor activity	108008523 108009349
GO:0008045	motor neuron axon guidance	108005304 108005837 108006349 108007430 108012104 108012374 108018098 108020383 108020879 108021236 108021489 108021589 108021623 118879637
GO:0008046	axon guidance receptor activity	108005593 108008537 108009593 108009814 108014244 108014433 108015912 108017600 108017782 108021376
GO:0008047	enzyme activator activity	108010223 108010223
GO:0008048	calcium sensitive guanylate cyclase activator activity	108010456 108010461
GO:0008049	male courtship behavior	108008257 108008259 108008273 108008532 108009006 108010686 108011040 108011348 108011805 108012670 108012672 108012988 108013143 108013200 108013298 108013588 108013596 108013710 108014918 108015352 108015416 108016151 108016168 108016174 108016175 108016177 108016582 108016739 108017387 108018189 108019509 108019510 108019512 108020919 108021350
GO:0008053	mitochondrial fusion	108005478 108005478 108009383 108014473 108015150 108015150 118877845 118877845
GO:0008061	chitin binding	108004698 108004749 108004970 108005487 108005586 108006080 108006137 108006195 108006210 108006212 108006214 108006220 108006365 108006366 108006368 108006369 108007079 108007082 108007090 108007091 108007102 108007102 108007168 108007881 108008200 108009387 108009387 108009402 108009524 108009631 108009767 108009767 108010694 108011065 108011370 108011438 108011657 108012102 108012176 108012226 108012233 108012237 108012244 108012533 108012562 108012603 108012604 108012615 108012674 108012693 108012728 108012851 108012952 108012975 108013129 108013160 108013251 108013251 108013781 108014641 108014647 108014648 108014649 108014670 108014672 108014673 108014674 108014881 108014884 108014892 108014900 108014901 108014902 108015026 108015087 108015177 108015177 108015400 108015400 108015820 108015920 108015972 108016758 108016893 108016893 108017097 108017145 108017795 108017795 108018231 108018655 108018951 108018981 108019010 108019298 108020161 108020305 108020321 108020782 108020907 108020907 118876761 118876761 118877301 118877319 118877322 118877367 118877419 118877435 118877566 118877614 118877614 118878120 136116881 136117795 136117795 139352486 139352486 139352488 139352488 139352547 139352547 139352550 139352550 139352551 139352551 139353028 139353029 139353243
GO:0008063	Toll signaling pathway	108009325
GO:0008064	regulation of actin polymerization or depolymerization	108009141
GO:0008066	glutamate receptor activity	108007032 108007365 108011995 108013538 108013611 108014284 108015295 108017428 108019422 108021712 108021718
GO:0008073	ornithine decarboxylase inhibitor activity	108009647 108009647
GO:0008074	guanylate cyclase complex, soluble	108004915 108004937 108007582 108014222 108017081
GO:0008076	voltage-gated potassium channel complex	108009281 108010674 108010674 108012318 108012318 108014955 108016735 108016735 108019327 108019327 108021079 108021079
GO:0008080	N-acetyltransferase activity	108004630 108004892 108008838 108008875 108008882 108009545 108009842 108010497 108010565 108010796 108011123 108016834 108017109 108017148 136117151
GO:0008081	phosphoric diester hydrolase activity	108013217 108014008 108014008 108017639 108017958 108019348 108019348 108021121 108021121
GO:0008083	growth factor activity	108004855 108008156 108009196 108009350 108009776 108009879 108012558 108012856 108014338 108014760 108015573 108015573 108016137 108018935 108020187 108020371 108020421 108020429 108021185 108021265 108021562
GO:0008088	axo-dendritic transport	108009716
GO:0008089	anterograde axonal transport	108013881
GO:0008090	retrograde axonal transport	108009779
GO:0008091	spectrin	108016809
GO:0008092	cytoskeletal protein binding	108005925 108007693 108012802 108014905
GO:0008093	cytoskeletal anchor activity	108009616 108015216 108020400 108020654 108020654
GO:0008097	5S rRNA binding	108014216 108014216 108015313 108019821 139353741
GO:0008104	intracellular protein localization	108004635 108005457 108009320 108011139 108011229 108013424 108014175 108016188 108018594 108019568 108019658 108020021 108020690 108021428 118877610 118877942
GO:0008108	UDP-glucose:hexose-1-phosphate uridylyltransferase activity	108017367 108017367
GO:0008111	alpha-methylacyl-CoA racemase activity	108018331
GO:0008113	peptide-methionine (S)-S-oxide reductase activity	108011362
GO:0008117	sphinganine-1-phosphate aldolase activity	108009973
GO:0008120	ceramide glucosyltransferase activity	108010132
GO:0008121	quinol-cytochrome-c reductase activity	108021638
GO:0008124	4-alpha-hydroxytetrahydrobiopterin dehydratase activity	108007562 108007562
GO:0008126	acetylesterase activity	108009748 108021495
GO:0008134	transcription factor binding	108005313 108005335 108006230 108008076 108008076 108008083 108009318 108009544 108010488 108011652 108012343 108013337 108013672 108013767 108014373 108014829 108015133 108015133 108020029 108020401 136117103
GO:0008135	translation factor activity, RNA binding	108012866 108014865 139353290 139353291
GO:0008137	NADH dehydrogenase (ubiquinone) activity	108007152 108009575 108010733 108010733 108011908 108019187 108019192 108019192 139353704 139353704
GO:0008138	protein tyrosine/serine/threonine phosphatase activity	108006563 108007840 108010291 108013260 108015147 108015147 108015212 108015325 108015325 108019311 118877684
GO:0008139	nuclear localization sequence binding	108005619 108005857 108009773 108011137 108011898 108012656 108013237 108013624 108013800 108014204 108017475 108018321 108021640
GO:0008140	cAMP response element binding protein binding	108015545 108015545
GO:0008143	poly(A) binding	108006181 108007172 108009979 108017595 108019905
GO:0008146	sulfotransferase activity	108004953 108004953 108005180 108006963 108006963 108008569 108008569 108008751 108008751 108013440 108013440 108018205 108018205 108020448 108020448 108021189 108021189 118877521 118877522
GO:0008154	actin polymerization or depolymerization	108011628 108012451 108015190 108021451
GO:0008157	protein phosphatase 1 binding	108011910 108013383 108015283 108020191 108020446
GO:0008158	hedgehog receptor activity	108019853 108019853
GO:0008160	protein tyrosine phosphatase activator activity	108004685 108006742 108019096
GO:0008168	methyltransferase activity	108005086 108005182 108005182 108009558 108011635 108011635 108017831 108017831 108021413 118877814 118877814
GO:0008171	O-methyltransferase activity	108004868 108009104 108019837 108020201
GO:0008173	RNA methyltransferase activity	108004868 108006048 108006048 108006889 108006889 108009104 108010660 108013832 108013832 108019837 108020201 108020733
GO:0008175	tRNA methyltransferase activity	108018412 108018412 118877894 118877894
GO:0008176	tRNA (guanine(46)-N7)-methyltransferase activity	108016754 108016754
GO:0008177	succinate dehydrogenase (quinone) activity	108007842 108009763 108014224
GO:0008179	adenylate cyclase binding	108021034
GO:0008180	COP9 signalosome	108004943 108010369 108010562 108012183 108012183 108013517 108019721 108019828 108019893 108019893 108020741 108021157
GO:0008184	glycogen phosphorylase activity	108021102 108021102
GO:0008187	poly-pyrimidine tract binding	108006272 108008762
GO:0008188	neuropeptide receptor activity	108004831 108004832 108008607 108008851 108009145 108010457 108010973 108013876 108016307 108017091 108017212 108018289 108018290
GO:0008190	eukaryotic initiation factor 4E binding	108006627 108006627 108021043
GO:0008191	metalloendopeptidase inhibitor activity	108006786 108006786 108013431
GO:0008193	tRNA guanylyltransferase activity	108006815 108006815
GO:0008194	UDP-glycosyltransferase activity	108004904 108004904 108005197 108005197 108006010 108006010 108006011 108006011 108006012 108006012 108006016 108006016 108006018 108006018 108006051 108006051 108006056 108006056 108006058 108006058 108006062 108006062 108006505 108006505 108007509 108007509 108007512 108007512 108008131 108008131 108008357 108008357 108009317 108009317 108010195 108010195 108010196 108010196 108010802 108010802 108011086 108011086 108011099 108011099 108011103 108011103 108011867 108011867 108011927 108011927 108013688 108013855 108013855 108015384 108015384 108018805 108018805 108020709 108020709 108021477 108021477 108021724 108021724 118877909 118877909 118878135 118878135 139352512 139352512 139352581 139352581 139352909 139352909
GO:0008195	phosphatidate phosphatase activity	108007423 108007424 108007438 108007439 108007440 108008447 108010226 108016286 108019743
GO:0008198	ferrous iron binding	108005451 108006514 108006935 108016289 108016761 108017239 108018169 108018547 108018978
GO:0008199	ferric iron binding	108005451 108005451 108006514 108006514 108016761 108016761 108017239 108017239
GO:0008201	heparin binding	108010590 108011156 108012856 108014338 108015338 108015555 108016887 108017100 108018028
GO:0008202	steroid metabolic process	108008506 108015521 108016805
GO:0008203	cholesterol metabolic process	108007971 108018137 108019485 139352915
GO:0008206	bile acid metabolic process	108018331
GO:0008209	androgen metabolic process	108016802
GO:0008210	estrogen metabolic process	108016802
GO:0008219	cell death	108008840 108009687 108009934 108010055 108010761 108011281 108015179 108016671 108020787 108020827 108021018 108021019 108021113
GO:0008234	cysteine-type peptidase activity	108008464 108009427 108009427 108019640 108019640
GO:0008235	metalloexopeptidase activity	108006107 108008111 108008112 108008168 108008405 108008513 108008893 108008915 108009569 108009570 108009571 108009572 108009918 108009919 108010292 108010305
GO:0008236	serine-type peptidase activity	108005208 108005373 108005689 108013161 108016437 108020991
GO:0008237	metallopeptidase activity	108004943 108004943 108008011 108008414 108008414 108008922 108008922 108009102 108009328 108009328 108009859 108012183 108013398 108013798 108014486 108016347 108016347 108016984 108016984 108018657 108018657 108019077 108019229 108019675 108021152 108021152 108021445 108021445 108021501 108021501 108021615 108021660 108021661 108021661
GO:0008239	dipeptidyl-peptidase activity	108005246 108005689 108006107 108006107 108013161 108013284 108014195 108016437 108017566 108017567 108017569 108020991 136117168
GO:0008240	tripeptidyl-peptidase activity	108009051 108009051
GO:0008241	peptidyl-dipeptidase activity	108008414 108008414 108008922 108008922 108009328 108009328 108016347 108016347 108018657 108018657 108021445 108021445 108021501 108021501
GO:0008250	oligosaccharyltransferase complex	108004689 108005081 108005081 108008687 108009738 108009738 108016620 108021245 108021263
GO:0008251	tRNA-specific adenosine deaminase activity	108016817 108021001
GO:0008253	5'-nucleotidase activity	108008412 108008412 108008429 108009073 108010184 108010444 108013316
GO:0008254	3'-nucleotidase activity	108005168
GO:0008255	ecdysis-triggering hormone activity	118877927
GO:0008260	succinyl-CoA:3-oxo-acid CoA-transferase activity	108012875
GO:0008263	pyrimidine-specific mismatch base pair DNA N-glycosylase activity	108020399
GO:0008265	molybdenum cofactor sulfurtransferase activity	108015418 108015418
GO:0008266	poly(U) RNA binding	108006181 108009979
GO:0008270	zinc ion binding	108004652 108004729 108004753 108004776 108004852 108004901 108004918 108004924 108004966 108004977 108005024 108005033 108005034 108005131 108005222 108005328 108005334 108005335 108005341 108005448 108005577 108005601 108005644 108005672 108005716 108005716 108005730 108005757 108005765 108005781 108005797 108005801 108005830 108005885 108005887 108005934 108005944 108005977 108006007 108006036 108006038 108006087 108006130 108006194 108006198 108006381 108006437 108006486 108006614 108006616 108006617 108006652 108006672 108006676 108006686 108006696 108006743 108006745 108006760 108006837 108006868 108006908 108006956 108006967 108006967 108007098 108007141 108007141 108007157 108007171 108007195 108007195 108007196 108007196 108007224 108007224 108007234 108007234 108007235 108007235 108007269 108007344 108007346 108007366 108007373 108007382 108007385 108007386 108007390 108007606 108007703 108007739 108007776 108007777 108007867 108007929 108007937 108007942 108007943 108007948 108007961 108007962 108007963 108007967 108008011 108008066 108008187 108008203 108008267 108008267 108008360 108008366 108008389 108008393 108008490 108008550 108008551 108008592 108008658 108008692 108008743 108008763 108008823 108008860 108008868 108008914 108008917 108008984 108009075 108009077 108009089 108009108 108009178 108009227 108009243 108009250 108009305 108009315 108009331 108009377 108009392 108009392 108009482 108009506 108009548 108009591 108009600 108009651 108009656 108009664 108009739 108009791 108009853 108009896 108009943 108010004 108010031 108010042 108010061 108010077 108010133 108010188 108010220 108010306 108010414 108010479 108010570 108010573 108010587 108010615 108010626 108010768 108010768 108010782 108010782 108010783 108010803 108010803 108010928 108011015 108011053 108011057 108011135 108011144 108011146 108011148 108011189 108011220 108011225 108011397 108011398 108011408 108011423 108011439 108011454 108011493 108011493 108011520 108011523 108011527 108011557 108011562 108011562 108011600 108011631 108011638 108011638 108011672 108011673 108011675 108011680 108011717 108011758 108011912 108011941 108011944 108011972 108012009 108012088 108012088 108012089 108012106 108012271 108012286 108012291 108012306 108012320 108012379 108012407 108012408 108012416 108012423 108012424 108012428 108012500 108012541 108012581 108012607 108012609 108012703 108012804 108012807 108012832 108012832 108013016 108013017 108013072 108013089 108013175 108013206 108013300 108013342 108013348 108013389 108013398 108013407 108013426 108013466 108013475 108013508 108013549 108013619 108013673 108013718 108013822 108013860 108013860 108013945 108013945 108013993 108014019 108014036 108014039 108014112 108014162 108014173 108014230 108014334 108014344 108014385 108014385 108014386 108014386 108014390 108014395 108014395 108014396 108014396 108014486 108014544 108014545 108014557 108014571 108014609 108014635 108014681 108014766 108014766 108014868 108014960 108014966 108014967 108014969 108014974 108015016 108015031 108015061 108015073 108015090 108015091 108015206 108015222 108015235 108015252 108015276 108015307 108015314 108015318 108015328 108015329 108015388 108015403 108015585 108015808 108015829 108015891 108015976 108016021 108016032 108016102 108016115 108016115 108016162 108016162 108016198 108016204 108016250 108016279 108016346 108016372 108016535 108016611 108016623 108016630 108016640 108016646 108016647 108016657 108016746 108016747 108016787 108016791 108016821 108016862 108016919 108016958 108017248 108017249 108017279 108017315 108017315 108017367 108017367 108017374 108017441 108017453 108017455 108017556 108017686 108017712 108017776 108017821 108017922 108017951 108018020 108018041 108018150 108018220 108018224 108018268 108018316 108018447 108018712 108018764 108018876 108018915 108018917 108018941 108018952 108018962 108018989 108018994 108019001 108019011 108019077 108019137 108019168 108019196 108019219 108019229 108019258 108019289 108019539 108019564 108019597 108019597 108019622 108019636 108019661 108019667 108019672 108019790 108019885 108019980 108020003 108020005 108020060 108020064 108020074 108020074 108020082 108020118 108020144 108020156 108020162 108020169 108020220 108020220 108020225 108020225 108020391 108020515 108020515 108020610 108020611 108020647 108020662 108020837 108020871 108020975 108021002 108021002 108021039 108021055 108021070 108021071 108021100 108021101 108021115 108021128 108021146 108021146 108021299 108021339 108021479 108021480 108021485 108021497 108021497 108021521 108021583 108021583 108021584 108021584 108021585 108021585 108021588 108021604 108021606 108021615 108021616 108021664 108021665 108021672 118877182 118877264 118877376 118877474 118877556 118877699 118877764 118877899 118878143 118878427 118878453 118878467 118878566 118878581 118878584 118878584 118878609 118878804 118878925 118878926 118879346 118879420 118879693 136116456 136116478 136116498 136116924 136116946 136116983 136117008 136117014 136117030 136117121 136117341 136117427 136117567 136117838 136117840 139352163 139352164 139352489 139352493 139352533 139352536 139352566 139352703 139352721 139352735 139352745 139352758 139352759 139352780 139352796 139352801 139352803 139352805 139352841 139352863 139352981 139353019 139353053 139353089 139353215 139353252 139353253 139353257 139353264 139353281 139353394 139353395 139353403 139353419 139353420 139353422 139353423 139353681 139353692 139353694 139353713 139353720 139353721 139353722 139353728 139353864 139353866 139353867 139353878 139353922 139353923 139353946 139354059 139354084 139354098 139354162 139354203 139354282 139354292 139354307 139354335 139354338 139354382 139354388 139354395 139354404 139354414 139354418 139354419 139354426 139354458 139354488 139354522 139354537 139354656 139354662 139354733 139354814 139354859 139354860 139354901 139354913 139354927 139354967 139354974 139354977 139355030 139355034 139355048 139355056 139355058 139355060 139355078 139355080 139355081 139355082 139355083 139355086 139355087 139355094 139355113 139355146 139355147
GO:0008272	obsolete sulfate transport	108006986 108015532 108015534 108018303 108019679 118877920
GO:0008273	calcium, potassium:sodium antiporter activity	108005659 108011639 108015667 108020464 108020476
GO:0008276	protein methyltransferase activity	108006474 108007278 108012378
GO:0008277	regulation of G protein-coupled receptor signaling pathway	108004844 108004844 108005126 108005126 108009481 108015709 108016077
GO:0008278	cohesin complex	108012595 108015749 108015749 108020951 139353049
GO:0008283	cell population proliferation	108005937 108019443
GO:0008284	positive regulation of cell population proliferation	108004855 108006389 108009404 108014269 108014836 108015573
GO:0008285	negative regulation of cell population proliferation	108005605 108006966 108014990 108015746 108020231 108021546 108021546
GO:0008286	insulin receptor signaling pathway	108018075 108020911
GO:0008289	lipid binding	108006337 108010124 108010147 108010147 108012866 108012866 108013086 108017459 108018626 108021086 108021151 108021617 108021816
GO:0008290	F-actin capping protein complex	108004602 108004602 108009769 108009769
GO:0008292	acetylcholine biosynthetic process	108014883 108014897
GO:0008295	spermidine biosynthetic process	108021056 108021056
GO:0008296	3'-5'-DNA exonuclease activity	108005067 108013777 108017683 108017969
GO:0008298	intracellular mRNA localization	108009368
GO:0008299	isoprenoid biosynthetic process	108005908 108005908 108007833 108007833 108010765 108010765 108012305 108012305 108014417 108018985 108019596 108019596
GO:0008301	DNA binding, bending	108006334 108007811 108009799 108010054 108020499
GO:0008305	integrin complex	108005353 108005353 108005360 108005360 108008204 108008204 108008621 108008621 108008811 108017684 108017684 108017685 108017685 108018136 108018136 108019071
GO:0008307	structural constituent of muscle	108005002
GO:0008308	voltage-gated monoatomic anion channel activity	108008479 108010740 108010740 108011155 108011155 108021277 108021277 108021279 108021279
GO:0008310	single-stranded DNA 3'-5' DNA exonuclease activity	108004693 108014418 108015829
GO:0008311	double-stranded DNA 3'-5' DNA exonuclease activity	108017639
GO:0008312	7S RNA binding	108005783 108005783 108006845 108007814 108007814 108012000 108012000 108013405 108013405 108014459 108014459
GO:0008318	protein prenyltransferase activity	108016603
GO:0008320	protein transmembrane transporter activity	108004760 108004760 108005543 108005697 108005896 108006945 108006955 108007013 108007013 108008764 108008764 108008907 108008907 108010213 108014987 108014987 108015094 108017038 108017579 108019838 108019838 108021459 108021523 118877797 136117706
GO:0008324	monoatomic cation transmembrane transporter activity	108004688 108004688 108019886 108019886
GO:0008327	methyl-CpG binding	108017478
GO:0008330	protein tyrosine/threonine phosphatase activity	108020751
GO:0008331	high voltage-gated calcium channel activity	108006298 108015997
GO:0008332	low voltage-gated calcium channel activity	108021783
GO:0008333	endosome to lysosome transport	108004949 108006670 108009501 108009813 108015767 108016586 108016929
GO:0008340	determination of adult lifespan	108015047
GO:0008344	adult locomotory behavior	108004750
GO:0008349	MAP kinase kinase kinase kinase activity	108012321 108018029 108018029
GO:0008352	katanin complex	108006314 108006314
GO:0008353	RNA polymerase II CTD heptapeptide repeat kinase activity	108006911 108010057 108021829 108021829
GO:0008356	asymmetric cell division	108009616
GO:0008360	regulation of cell shape	108005740 108005837 108012374 108013015 108013224 108014990 108015316 108015775 108017588 108020382
GO:0008361	regulation of cell size	108016839
GO:0008374	O-acyltransferase activity	108004934 108014961 108018375
GO:0008375	acetylglucosaminyltransferase activity	108012276 108013414
GO:0008378	galactosyltransferase activity	108009419 108011728
GO:0008379	thioredoxin peroxidase activity	108005172 108007161 108014256 108017339 118877729 118877729
GO:0008380	RNA splicing	108005000 108009471 108009820 108009820 108010049 108014140 108014140 108016026 108016026 108021249
GO:0008381	mechanosensitive monoatomic ion channel activity	108013479 108016593
GO:0008384	IkappaB kinase activity	108005998
GO:0008385	IkappaB kinase complex	108005998
GO:0008408	3'-5' exonuclease activity	108006406 108006705 108009794 108010643 108010643 108012464 108013717 108017519 108017519 108019906 108021025
GO:0008409	5'-3' exonuclease activity	108010040 108013717 108015183
GO:0008417	fucosyltransferase activity	108012597 108012597 108014260 108014260 139352162 139352162
GO:0008418	protein-N-terminal asparagine amidohydrolase activity	108018214 108019911 108019911
GO:0008419	RNA lariat debranching enzyme activity	108012402
GO:0008420	RNA polymerase II CTD heptapeptide repeat phosphatase activity	108004672 108009534 108010423 108014006 108014006 108015142 118878219 118878242
GO:0008422	beta-glucosidase activity	108006687 108020663
GO:0008424	glycoprotein 6-alpha-L-fucosyltransferase activity	108005467
GO:0008425	2-methoxy-6-polyprenyl-1,4-benzoquinol methyltransferase activity	108019920
GO:0008429	phosphatidylethanolamine binding	108007992
GO:0008430	selenium binding	108018476 108018476
GO:0008432	JUN kinase binding	108007589 108012389
GO:0008440	inositol-1,4,5-trisphosphate 3-kinase activity	108005293 108019955 108021487
GO:0008442	3-hydroxyisobutyrate dehydrogenase activity	108017808 108017808
GO:0008444	CDP-diacylglycerol-glycerol-3-phosphate 3-phosphatidyltransferase activity	108014888
GO:0008446	GDP-mannose 4,6-dehydratase activity	108020960 108020960
GO:0008448	N-acetylglucosamine-6-phosphate deacetylase activity	108019155 108019155
GO:0008449	N-acetylglucosamine-6-sulfatase activity	108007359 108019919 108019919 108020122
GO:0008453	alanine-glyoxylate transaminase activity	108007697 108015323
GO:0008455	alpha-1,6-mannosylglycoprotein 2-beta-N-acetylglucosaminyltransferase activity	118878124 118878124
GO:0008458	carnitine O-octanoyltransferase activity	108013867
GO:0008465	hydroxypyruvate reductase (NADH) activity	108004872 108020500 108020523 108020548
GO:0008467	[heparan sulfate]-glucosamine 3-sulfotransferase activity	108015195 108018022
GO:0008469	histone arginine N-methyltransferase activity	108009345
GO:0008470	3-methylbutanoyl-CoA dehydrogenase activity	108012912
GO:0008474	palmitoyl-(protein) hydrolase activity	108005054 108014500 108015029 108018317 108021386
GO:0008475	procollagen-lysine 5-dioxygenase activity	108015897
GO:0008476	protein-tyrosine sulfotransferase activity	108004687
GO:0008478	pyridoxal kinase activity	108012445 108012445
GO:0008479	tRNA-guanosine(34) queuine transglycosylase activity	108007085 108007085 108012382
GO:0008480	sarcosine dehydrogenase activity	108010079
GO:0008482	sulfite oxidase activity	108011218
GO:0008483	transaminase activity	108013439
GO:0008486	diphosphoinositol-polyphosphate diphosphatase activity	108014615
GO:0008488	gamma-glutamyl carboxylase activity	108012823 108012823
GO:0008494	translation activator activity	108010085 108012996 108018149 108019425
GO:0008495	protoheme IX farnesyltransferase activity	108021383 108021383
GO:0008504	monoamine transmembrane transporter activity	108020272
GO:0008506	sucrose:proton symporter activity	108013600 139353001
GO:0008509	monoatomic anion transmembrane transporter activity	108013214 108015745
GO:0008510	sodium:bicarbonate symporter activity	108015745
GO:0008511	sodium:potassium:chloride symporter activity	108013269 108016237
GO:0008517	folic acid transmembrane transporter activity	108009968
GO:0008519	ammonium channel activity	108004908 108004908 108014455 108014455
GO:0008521	acetyl-CoA transmembrane transporter activity	108006680
GO:0008525	phosphatidylcholine transporter activity	108010756 108013708
GO:0008526	phosphatidylinositol transfer activity	108009493 108010756 108013708
GO:0008528	G protein-coupled peptide receptor activity	108005453 108008523 108009349 108010005 108010005 108010050 108012052 108012426 108012426 108013607 108013607 108015271 108016833 108019976 108021632
GO:0008531	riboflavin kinase activity	108011789 108011789
GO:0008535	respiratory chain complex IV assembly	108016552
GO:0008537	proteasome activator complex	108005170 108005170
GO:0008540	proteasome regulatory particle, base subcomplex	108004727 108007236 108007852 108010558 108012235 108014686 108015348 108015375 108017247 108017500 108017927 118877356
GO:0008541	proteasome regulatory particle, lid subcomplex	108004639 108005645 108007715 108007715 108007859 108009528 108013368 108014356 108019610 108021197 108021661
GO:0008543	fibroblast growth factor receptor signaling pathway	108014836 108015573 108021625
GO:0008545	JUN kinase kinase activity	108007951
GO:0008568	microtubule severing ATPase activity	108006950 108014352 108015779 108019637
GO:0008569	minus-end-directed microtubule motor activity	108011632 108012831 108013006 108013006 108014444 108014444 108014446 108014446 108015691 108015691 108016394 108016394 108016798 108016798 108018365 108018365 108019204 108019204 108020148 108020148 108021122 108021122 139353541 139353541 139353556 139353556 139353701 139353701
GO:0008574	plus-end-directed microtubule motor activity	108013271
GO:0008579	JUN kinase phosphatase activity	108013125
GO:0008582	regulation of synaptic assembly at neuromuscular junction	108005291
GO:0008592	regulation of Toll signaling pathway	108011892 108011892
GO:0008593	regulation of Notch signaling pathway	108004974 108006110 108013506
GO:0008597	calcium-dependent protein serine/threonine phosphatase regulator activity	108004555 108009069 108014807
GO:0008603	cAMP-dependent protein kinase regulator activity	108012883
GO:0008609	alkylglycerone-phosphate synthase activity	108008324
GO:0008610	lipid biosynthetic process	108008324 108017819
GO:0008611	ether lipid biosynthetic process	108012123 108012123
GO:0008612	peptidyl-lysine modification to peptidyl-hypusine	108010789 108010789 108013188 108013188
GO:0008613	diuretic hormone activity	108021020
GO:0008615	pyridoxine biosynthetic process	108006125 108006125 108013813 108013813 108019110 108019110
GO:0008622	epsilon DNA polymerase complex	108010030 108010098 108011428 108011428 108015829
GO:0008623	CHRAC	108005075 108005209 108010030 108010816
GO:0008630	intrinsic apoptotic signaling pathway in response to DNA damage	108009225 108018011
GO:0008637	apoptotic mitochondrial changes	108004746 108006847 108007064 108017046
GO:0008643	carbohydrate transport	108007911 108009222 108009488 108009804 108010236 108014357 108014380 108016998 108017098 108017823 108019360 108019648 108019656 108019896 108020816 108020832 108020839 108020848 118877790
GO:0008649	rRNA methyltransferase activity	108008253 108011585
GO:0008650	rRNA (uridine-2'-O-)-methyltransferase activity	108015565 108019123
GO:0008654	phospholipid biosynthetic process	108012123 108014472 108017495 108017495 108018201 108018201
GO:0008656	cysteine-type endopeptidase activator activity involved in apoptotic process	108008346 108009790 108013490 108018102 108019639 108019640
GO:0008681	2-octaprenyl-6-methoxyphenol hydroxylase activity	108015420
GO:0008682	3-demethoxyubiquinol 3-hydroxylase activity	108015047
GO:0008732	L-allo-threonine aldolase activity	108011094
GO:0008743	L-threonine 3-dehydrogenase activity	108013071
GO:0008745	N-acetylmuramoyl-L-alanine amidase activity	108006672 108006676 108006868 108010615 108011454 108012424 108013206 108013389 108016787 108019219 108019667 108019672 118877376 139352533
GO:0008757	S-adenosylmethionine-dependent methyltransferase activity	108007278 108009547 108016304 108018097
GO:0008768	UDP-sugar diphosphatase activity	108011701 108011704
GO:0008775	acetate CoA-transferase activity	108015515
GO:0008798	beta-aspartyl-peptidase activity	108005436 108008269 108009144 108017707 108018649
GO:0008821	crossover junction DNA endonuclease activity	108008446 108011710 108015368 139352156
GO:0008832	dGTPase activity	108020447
GO:0008865	fructokinase activity	108010900 108015366 108017940 108020309
GO:0008887	glycerate kinase activity	108021645
GO:0008889	glycerophosphodiester phosphodiesterase activity	108004956
GO:0008890	glycine C-acetyltransferase activity	108018647
GO:0008892	guanine deaminase activity	108011638 108011638
GO:0008893	guanosine-3',5'-bis(diphosphate) 3'-diphosphatase activity	108007220
GO:0008897	holo-[acyl-carrier-protein] synthase activity	108012985 108012985
GO:0008898	S-adenosylmethionine-homocysteine S-methyltransferase activity	108005161 108006130
GO:0008934	inositol monophosphate 1-phosphatase activity	108013099 108013099 108013301 108013301 108013769 108013769 108013773 108013773 108014011 108014011 118877282 118877282
GO:0008962	phosphatidylglycerophosphatase activity	108007840
GO:0008973	phosphopentomutase activity	108008656 108010150
GO:0008988	rRNA (adenine-N6-)-methyltransferase activity	108008366 108020453
GO:0009051	pentose-phosphate shunt, oxidative branch	108007425 108015140 108016847
GO:0009052	pentose-phosphate shunt, non-oxidative branch	108008318 108008318 108017805 108017923
GO:0009055	electron transfer activity	108006032 108006032 108006064 108006064 108009224 108009224 108009763 108013351 108013351 108014224 108014671 108014671 108014680 108014680 108014789 108014789 108014945 108015518 108015518 108017789
GO:0009056	catabolic process	108006967 108006967
GO:0009058	biosynthetic process	108005350 108006282 108006531 108010767 108011725 108011726 108014102 108017830 108018230 108018647 108019499 108020160 108021098 108021633
GO:0009060	aerobic respiration	108010733 108014945 108017789 108019192
GO:0009062	fatty acid catabolic process	108019743
GO:0009063	amino acid catabolic process	108015518
GO:0009072	aromatic amino acid metabolic process	108013569 108013569
GO:0009083	branched-chain amino acid catabolic process	108011184 108011486 108017476
GO:0009086	methionine biosynthetic process	108004954 108005161 108006130 108006130 108007395
GO:0009097	isoleucine biosynthetic process	108006982
GO:0009098	L-leucine biosynthetic process	108005459
GO:0009099	L-valine biosynthetic process	108005459
GO:0009100	glycoprotein metabolic process	108014430
GO:0009107	lipoate biosynthetic process	108005794 108005794
GO:0009113	purine nucleobase biosynthetic process	108011135 108011785 108013470
GO:0009116	nucleoside metabolic process	108006631 108009256 108009661 108013380 108015343
GO:0009143	nucleoside triphosphate catabolic process	108021226 108021226
GO:0009154	purine ribonucleotide catabolic process	108021517
GO:0009156	ribonucleoside monophosphate biosynthetic process	108013093
GO:0009166	nucleotide catabolic process	108008568 108009480 108009480 108016136 108016140 108016149
GO:0009190	cyclic nucleotide biosynthetic process	108005381
GO:0009220	pyrimidine ribonucleotide biosynthetic process	108007956
GO:0009225	nucleotide-sugar metabolic process	108019210
GO:0009226	nucleotide-sugar biosynthetic process	108008349
GO:0009229	thiamine diphosphate biosynthetic process	108007249 108007249
GO:0009231	riboflavin biosynthetic process	108011789
GO:0009234	menaquinone biosynthetic process	108021053
GO:0009235	cobalamin metabolic process	108013562 108013562 108014994 108014994
GO:0009240	isopentenyl diphosphate biosynthetic process	108014417
GO:0009247	glycolipid biosynthetic process	108006936 108018701
GO:0009249	protein lipoylation	108009098 108011623 108011623 108013100
GO:0009253	peptidoglycan catabolic process	108006672 108006676 108006868 108010615 108011454 108012424 108013206 108013389 108016787 108019219 108019667 108019672 118877376 139352533
GO:0009258	10-formyltetrahydrofolate catabolic process	108021633
GO:0009263	deoxyribonucleotide biosynthetic process	108008420 108008420 108021425
GO:0009264	deoxyribonucleotide catabolic process	108008411 108008411
GO:0009267	cellular response to starvation	108004593 108007207 108011563 108019747 139355006
GO:0009298	GDP-mannose biosynthetic process	108005928 108005928 108006956 108006956 108011761 108011761
GO:0009306	protein secretion	108005790 108009252 108010860 108012518 108013701 108015188 108016590 108017840 108019707 108021218 139353980
GO:0009311	oligosaccharide metabolic process	108004690 108006656 108008509 108009093
GO:0009312	oligosaccharide biosynthetic process	108021225 118878124 118878124
GO:0009314	response to radiation	108007768
GO:0009328	phenylalanine-tRNA ligase complex	108018928 108020606
GO:0009331	glycerol-3-phosphate dehydrogenase (FAD) complex	108008262 108016500 108018090 108018090 108018121 108018121 108018241 108018241 108020514 139352948 139353886 139353887 139353892 139353911 139353912 139353917 139353924 139353925 139353951
GO:0009353	obsolete mitochondrial oxoglutarate dehydrogenase complex	108009100
GO:0009361	succinate-CoA ligase complex (ADP-forming)	108011831 108013759
GO:0009368	endopeptidase Clp complex	108020899
GO:0009374	biotin binding	108006195
GO:0009378	four-way junction helicase activity	108007248 108013247 108013508 108017037
GO:0009383	rRNA (cytosine-C5-)-methyltransferase activity	108010158
GO:0009395	phospholipid catabolic process	108006331 108013362 108019871
GO:0009396	folic acid-containing compound biosynthetic process	108009679
GO:0009398	FMN biosynthetic process	108011789
GO:0009408	response to heat	108006877 108010015 108010152 108012554 108012564 108012601 108013328 108013329 108013330 108013578 108013579 108015336 108017903 108018300 139353295
GO:0009409	response to cold	108016865 108019506 108020253
GO:0009410	response to xenobiotic stimulus	108004940
GO:0009416	response to light stimulus	108020310
GO:0009435	NAD+ biosynthetic process	108013707 108013707 108014579 108014579
GO:0009436	glyoxylate catabolic process	108007697
GO:0009437	carnitine metabolic process	108009740
GO:0009443	pyridoxal 5'-phosphate salvage	108012445 108012445
GO:0009449	gamma-aminobutyric acid biosynthetic process	108011828
GO:0009450	gamma-aminobutyric acid catabolic process	108005536 108012109 108012109
GO:0009452	7-methylguanosine RNA capping	108018604
GO:0009636	response to toxic substance	108004728
GO:0009649	entrainment of circadian clock	108018464 108019388
GO:0009653	anatomical structure morphogenesis	108005038 108005039 108005155 108007264 108008083 108008515 108008546 108010809 108011860 108012141 108012531 108012625 108013344 108013345 108015447 108018281 108018966 108019133 108020099 108020347 108020365 108021089
GO:0009725	response to hormone	139354052 139354072 139354412
GO:0009755	hormone-mediated signaling pathway	108005453 108010479 108012052 108015808 108017240 108019976 108021039 108021632
GO:0009786	regulation of asymmetric cell division	108009616
GO:0009790	embryo development	108005491 108007787 108007800 108007964 108009694 108010888 108013417 108016807 108017094 108017585 108018449 108018587 108019134 108021333 108021641 118877582
GO:0009791	post-embryonic development	108016479 108018381 108021475 108021825
GO:0009838	abscission	108019218
GO:0009880	embryonic pattern specification	108006389 108007787 108007800 108007964 108018449 108021333
GO:0009882	blue light photoreceptor activity	108019886
GO:0009887	animal organ morphogenesis	108006347 108006349 108006389 108009643 108013119 108013332 108015573 108015652 108016740 108019063 108019181 108021153 108021641 118877663
GO:0009888	tissue development	108006347 108006349 108013119 108013332 108015808 108016740 108019063 108021039 108021153
GO:0009890	negative regulation of biosynthetic process	108017003 108017011
GO:0009897	external side of plasma membrane	108005353 108005360 108006964 108008204 108008621 108010739 108012473 108012550 108017684 108017685 108018082 108018136 108018288 108019662 108020269
GO:0009898	cytoplasmic side of plasma membrane	108009365 108009531 108017967 108018249
GO:0009913	epidermal cell differentiation	108009656 108016913
GO:0009922	fatty acid elongase activity	108005609 108005609 108005617 108005617 108009604 108009604 108011622 108011622 108011633 108011633 108012186 108012186 108012188 108012188 108012193 108012193 108012198 108012198 108014597 108014597 108016205 108016205 108016207 108016207 108016209 108016209 108016212 108016212 108017445 108017445 108018024 108018024 108018025 108018025 118876772 118876772
GO:0009925	basal plasma membrane	108009404
GO:0009931	calcium-dependent protein serine/threonine kinase activity	108011166 108014722 108016188
GO:0009948	anterior/posterior axis specification	108021641
GO:0009952	anterior/posterior pattern specification	108006588 108010431 108011071 108013544 108013978 108013979 108014057 108014058 108014065 108014067 108014068 108015659 108016306 108016309 108019669 108019698 108019987 108020566 108021243
GO:0009953	dorsal/ventral pattern formation	108014910 108019182
GO:0009966	regulation of signal transduction	108005874 108006353 108006353 108009526 108010453 108010453 108010847 108012437 108012943 108012943 108013451 108013451 108019617 108021000 108021000 108021050 139354023
GO:0009968	negative regulation of signal transduction	108015911 108015911 108017382 108017382
GO:0009972	obsolete cytidine deamination	108021583 108021583 108021584 108021584 108021585 108021585
GO:0009982	pseudouridine synthase activity	108005031 108005031 108009608 108009608 108010208 108010208 108010959 108010959 108012001 108012001 108013124 108013124 108013309 108013309 108021091 108021091 108021545 108021545
GO:0009986	cell surface	108008383 108008811 108009989 108011156 108012245 108013085 108013190 108013451 108013990 108015048 108015338 108015783 108019071 108019326 108019970 108020199 108020396 108020932 108021095
GO:0010008	endosome membrane	108005054 108005438 108005469 108009433 108009496 108013724 108018669 108019474
GO:0010032	meiotic chromosome condensation	108010938 108014309 108015405
GO:0010033	obsolete response to organic substance	108006786 108010546 108017962
GO:0010038	response to metal ion	108006545 108006545
GO:0010042	response to manganese ion	108018401
GO:0010043	response to zinc ion	108021107 108021705 139354527 139354528
GO:0010121	L-arginine catabolic process to proline via ornithine	108019344
GO:0010133	L-proline catabolic process to L-glutamate	108011221 108011352 108013524 108017633 108017633
GO:0010142	farnesyl diphosphate biosynthetic process, mevalonate pathway	108009091 108009091
GO:0010165	response to X-ray	108013158
GO:0010181	FMN binding	108004954 108006125 108006125 108006666 108009575 108009841 108010087 108011908 108012352 108012352 108013813 108013813 108019110 108019110 108021112 139354052 139354052 139354072 139354412
GO:0010212	response to ionizing radiation	108021572
GO:0010265	SCF complex assembly	108020897
GO:0010309	acireductone dioxygenase [iron(II)-requiring] activity	108012636 108012636
GO:0010312	detoxification of zinc ion	108010950 108013070
GO:0010314	phosphatidylinositol-5-phosphate binding	108005874 108013566
GO:0010349	L-galactose dehydrogenase activity	108007332 108007333
GO:0010369	chromocenter	108011899
GO:0010387	COP9 signalosome assembly	108010562 108019893
GO:0010389	regulation of G2/M transition of mitotic cell cycle	108010546 108017962
GO:0010390	obsolete histone monoubiquitination	108011447
GO:0010436	carotenoid dioxygenase activity	108017552
GO:0010457	centriole-centriole cohesion	108009917
GO:0010468	regulation of gene expression	108004717 108006305 108006415 108007313 108007592 108009447 108009464 108009886 108010546 108010991 108011013 108011057 108011675 108011680 108012221 108012362 108012972 108014635 108015047 108016114 108017609 108017962 108018013 108018712 108019074 108019754 108021291 108021414 118878302
GO:0010484	histone H3 acetyltransferase activity	108011735
GO:0010485	histone H4 acetyltransferase activity	108007561 108014379
GO:0010494	cytoplasmic stress granule	108006432 108007154 108009368 108014795 108018085 108018834 139353189
GO:0010498	proteasomal protein catabolic process	108006275 108006874 108008552 108008553 108008719 108010228 108010582 108010589 108010719 108010719 108012501 108014699 108017086 108018673
GO:0010506	regulation of autophagy	108004593 108005395 108006310 108006975 108011654 108012877 108013289 108014787 108015249
GO:0010507	negative regulation of autophagy	108008610 108011563 108013228 108019747
GO:0010508	positive regulation of autophagy	108005383 108007276 108012830 108012902 108013208
GO:0010521	telomerase inhibitor activity	108010008
GO:0010564	regulation of cell cycle process	108012587 108020076
GO:0010569	regulation of double-strand break repair via homologous recombination	108011170
GO:0010571	positive regulation of nuclear cell cycle DNA replication	108017279
GO:0010587	miRNA catabolic process	108013046
GO:0010591	regulation of lamellipodium assembly	108004602 108017207
GO:0010608	post-transcriptional regulation of gene expression	108006962
GO:0010628	positive regulation of gene expression	108010181 108015573 108020408
GO:0010629	negative regulation of gene expression	108010061
GO:0010634	positive regulation of epithelial cell migration	108006331
GO:0010737	protein kinase A signaling	108008047 108008048 108019875
GO:0010756	positive regulation of plasminogen activation	108006560 108006560
GO:0010766	negative regulation of sodium ion transport	108006904
GO:0010821	regulation of mitochondrion organization	108013175
GO:0010824	regulation of centrosome duplication	108008535
GO:0010828	positive regulation of D-glucose transmembrane transport	108017592
GO:0010835	regulation of protein ADP-ribosylation	108014354 108014354
GO:0010890	positive regulation of triglyceride storage	108005114 108011886
GO:0010906	regulation of glucose metabolic process	108009980
GO:0010923	negative regulation of phosphatase activity	108009535 108010924 108010924 108018753 108018753 108019255 108019255 118877970 118877970
GO:0010945	coenzyme A diphosphatase activity	108013691 108013691 108014472 108014472
GO:0010950	positive regulation of endopeptidase activity	108005170
GO:0010951	negative regulation of endopeptidase activity	108006786
GO:0010952	positive regulation of peptidase activity	108008346 108009790 108013490 108018102 108019639 108019640
GO:0010960	magnesium ion homeostasis	108019396
GO:0010970	transport along microtubule	108019102
GO:0010971	positive regulation of G2/M transition of mitotic cell cycle	108006539 108007241
GO:0010972	negative regulation of G2/M transition of mitotic cell cycle	108005216
GO:0010975	regulation of neuron projection development	108018071 108019225
GO:0010976	positive regulation of neuron projection development	108009052 108017207 108021688
GO:0010992	ubiquitin recycling	108021391
GO:0010997	anaphase-promoting complex binding	108010062 108016597 108017343 108019864 108020210
GO:0010998	regulation of translational initiation by eIF2 alpha phosphorylation	108010833 108010833
GO:0012501	programmed cell death	108014439
GO:0012505	endomembrane system	108004744 108004870 108004981 108005168 108005309 108005427 108005641 108005966 108005967 108006137 108006246 108007177 108007803 108009382 108009466 108009546 108010142 108010590 108010701 108010736 108010840 108011264 108011303 108011319 108011419 108011446 108011725 108011726 108012012 108012087 108012405 108013424 108014186 108014207 108014290 108014382 108015033 108015406 108015761 108016016 108018045 108018909 108018914 108018959 108020062 108020137 108020160 108021024 108021169 108021205 108021518 118877355 118877357 118877633
GO:0012506	vesicle membrane	108006114
GO:0012507	ER to Golgi transport vesicle membrane	108004705 108005322 108012526 108013305 108015124 108017513
GO:0014013	regulation of gliogenesis	108014990
GO:0014059	regulation of dopamine secretion	108005352 108010910 108015563 108018438 108020403 108021274
GO:0014069	postsynaptic density	108009301 108009307 108009694 108010888 108012948 108013000 108013881 108014292
GO:0014808	release of sequestered calcium ion into cytosol by sarcoplasmic reticulum	108019716
GO:0015012	heparan sulfate proteoglycan biosynthetic process	108013101 108018156
GO:0015014	obsolete heparan sulfate proteoglycan biosynthetic process, chain elongation	108012297 108019666
GO:0015015	obsolete heparan sulfate proteoglycan biosynthetic process, enzymatic modification	108015566 108019666
GO:0015016	heparan sulfate N-sulfotransferase activity	108012297 108012297
GO:0015018	galactosylgalactosylxylosylprotein 3-beta-glucuronosyltransferase activity	108005098 108005098 108013680 108013680 108020563 108020563
GO:0015020	glucuronosyltransferase activity	108009160
GO:0015030	Cajal body	108008253 108011585 108018319
GO:0015031	protein transport	108005470 108005470 108006409 108006670 108007940 108007941 108007944 108007945 108007946 108011659 108012068 108012112 108013122 108013468 108013468 108013498 108013807 108013808 108013814 108013816 108013817 108014465 108015539 108017132 108021184 108021389 108021639 108021639 118878002 118878100
GO:0015035	protein-disulfide reductase activity	108004582 108004582 108004591 108004591 108008806 108010758 108010758 108011459 108012468 108013168 108019301 108020572 108020572 108021687 139353102 139354502
GO:0015036	disulfide oxidoreductase activity	108008475 108009466
GO:0015038	glutathione disulfide oxidoreductase activity	108008858 108020719
GO:0015039	obsolete NADPH-adrenodoxin reductase activity	108009457
GO:0015054	gastrin receptor activity	108004832
GO:0015074	DNA integration	108011918 108015673 108020141 118877264 118878368 118878521 118878707 118879094 118879539 118879735 118879778 136116535 136116545 136116567 136116588 136116946 136116983 136116998 136117008 136117014 136117391 136117394 136117432 136117443 136117449 136117567 136117579 136117580 136117581 136117647 136117788 136117838 139352493 139352587 139352599 139352700 139352710 139352716 139352722 139352725 139352734 139352738 139352745 139352747 139352753 139352755 139352756 139352766 139352792 139352795 139352802 139352804 139352820 139352822 139352824 139352838 139352841 139352858 139352879 139353210 139353211 139353257 139353301 139353308 139353385 139353423 139353426 139353427 139353484 139353570 139353571 139353572 139353711 139353712 139353714 139353726 139353732 139353745 139353873 139353874 139353875 139353922 139353941 139353944 139353946 139353947 139353976 139354003 139354055 139354095 139354098 139354103 139354107 139354134 139354136 139354270 139354282 139354308 139354354 139354356 139354363 139354370 139354372 139354380 139354390 139354392 139354398 139354399 139354417 139354429 139354434 139354437 139354439 139354445 139354448 139354455 139354456 139354460 139354504 139354510 139354514 139354629 139354639 139354691 139354711 139354723 139354753 139354758 139354759 139354761 139354764 139354800 139354814 139354816 139354817 139354835 139354887 139354900 139354907 139354908 139354924 139354928 139354965 139354992 139354999 139355022 139355024 139355035 139355036 139355038 139355054 139355065 139355066 139355084 139355086 139355087 139355095 139355099 139355137 139355138 139355148
GO:0015075	monoatomic ion transmembrane transporter activity	108011664 108011664 108011769 108011769
GO:0015078	proton transmembrane transporter activity	108010861 108010861 108012023 108012023 108014475 108014475 108017498 108017498
GO:0015085	calcium ion transmembrane transporter activity	108004916
GO:0015086	cadmium ion transmembrane transporter activity	108018401
GO:0015093	ferrous iron transmembrane transporter activity	108017496
GO:0015095	magnesium ion transmembrane transporter activity	108014297 108014297
GO:0015106	bicarbonate transmembrane transporter activity	108018644
GO:0015108	chloride transmembrane transporter activity	108018644
GO:0015114	obsolete phosphate ion transmembrane transporter activity	108008440 108009898 108011433 108016179 108016799 108019160
GO:0015116	sulfate transmembrane transporter activity	108006428 108006986 108007008 108010080 108014665 108015514 108015532 108015534 108017242 108017246 108017293 108018303 108018644 108019679 118877920
GO:0015117	thiosulfate transmembrane transporter activity	108006986 108015532 108015534 108018303 108019679 118877920
GO:0015131	oxaloacetate transmembrane transporter activity	108006986 108015534 108018303 108019679 118877920
GO:0015137	citrate transmembrane transporter activity	108009261 108015810 118876763 118877597
GO:0015140	malate transmembrane transporter activity	108006986 108015534 108018303 118877920
GO:0015141	succinate transmembrane transporter activity	108006986 108009261 108015534 108015810 108018303 108019679 118876763 118877597 118877920
GO:0015149	hexose transmembrane transporter activity	108010255 108012893 108019659 108019894 108019895
GO:0015165	pyrimidine nucleotide-sugar transmembrane transporter activity	108014339
GO:0015171	amino acid transmembrane transporter activity	108005777 108013726 108014580
GO:0015173	aromatic amino acid transmembrane transporter activity	108006069
GO:0015175	neutral L-amino acid transmembrane transporter activity	108021007 108021161
GO:0015179	L-amino acid transmembrane transporter activity	108005396 108005398 108005430 108006565 108007590 108008654 108008800 108009024 108009157 108009312 108009477 108009732 108009802 108009987 108010853 108011689 108012418 108012589 108013347 108013594 108014097 108014101 108016152 108018023 108018736 108018738 108018742 108019924 108020462 108021120 108021427 108021460 108021614 108021814 139353147
GO:0015180	L-alanine transmembrane transporter activity	108006069
GO:0015183	L-aspartate transmembrane transporter activity	108007370 108007371 108017267
GO:0015184	L-cystine transmembrane transporter activity	108005607
GO:0015189	L-lysine transmembrane transporter activity	108007702 108007996 108008027 108021340
GO:0015190	L-leucine transmembrane transporter activity	108006069
GO:0015203	polyamine transmembrane transporter activity	108020380
GO:0015217	ADP transmembrane transporter activity	108020208
GO:0015218	pyrimidine nucleotide transmembrane transporter activity	108021359
GO:0015227	O-acyl-L-carnitine transmembrane transporter activity	108008307 108021515
GO:0015228	coenzyme A transmembrane transporter activity	108020208
GO:0015230	FAD transmembrane transporter activity	108009968 108020208
GO:0015232	heme transmembrane transporter activity	108018008
GO:0015234	thiamine transmembrane transporter activity	108012128
GO:0015248	obsolete sterol transporter activity	108009602 108009901 108014563 108018297
GO:0015252	proton channel activity	108006557 108006557 108015182 108015182 108015292 108015292
GO:0015267	channel activity	108006782 108009652 108009653 108009654 108009655 108010101 108010284 108019632
GO:0015271	outward rectifier potassium channel activity	108008193 108009731 108010163 108013272 108014979 108015854 108016558 108016561 108017515 108019925 108021788 118877935
GO:0015275	stretch-activated, monoatomic cation-selective, calcium channel activity	108009626
GO:0015276	ligand-gated monoatomic ion channel activity	108005868 108006225 108010491 108012232 108012287 108015901 108017647 108017812 108017953 108018287 108019423 108020333 108020333 108020349 108020349 108020735 108021806 139354000 139354705 139355185
GO:0015279	store-operated calcium channel activity	108009172 108009669 108015496 108021646
GO:0015280	ligand-gated sodium channel activity	108005307 108005763 108006903 108007554 108007560 108008114 108008144 108008272 108008759 108008896 108009330 108011499 108011707 108011794 108012652 108013411 108016698 108016840 108016906 108017679 108017680 108017932 108018005 108018416 108019220 108021072 118877916 118877917 118878006 118878093
GO:0015292	uniporter activity	108013141
GO:0015293	symporter activity	108004735 108005189 108005194 108009044 108009649 108010642 108010856 108010869 108013553 108014436 108016300 108017952 108018206 108020794 108021818
GO:0015297	antiporter activity	108005090 108005602 108006090 108006986 108011872 108013492 108015532 108015534 108018303 108019679 108021648 118877920
GO:0015347	sodium-independent organic anion transmembrane transporter activity	108007405 108009300 108009890 108009891 108010315 108014279 108014304 108018739
GO:0015379	potassium:chloride symporter activity	108015251 108018109 108018109 108021435
GO:0015385	sodium:proton antiporter activity	108014400 108014400 108015941 108015941 108021027 108021027
GO:0015386	potassium:proton antiporter activity	108014400 108015941 108021027
GO:0015421	ABC-type oligopeptide transporter activity	108005160 108012292 108016605 136116901
GO:0015439	ABC-type heme transporter activity	108014582
GO:0015459	potassium channel regulator activity	108005458 108014955 108016978 108019759
GO:0015485	cholesterol binding	108015432 108018297 108020980
GO:0015501	glutamate:sodium symporter activity	108021007 108021161
GO:0015616	DNA translocase activity	108021385
GO:0015629	actin cytoskeleton	108004745 108004841 108004841 108008480 108008480 108010559 108011628 108011737 108011874 108012451 108012948 108013390 108013737 108013998 108015190 108015513 108015742 108016989 108017967 108018059 108018249 108018320 108018320 108019628 108020336 108020607 108021176 108021176 108021216 108021371 108021437 108021437 108021451 108021600 108021734 108021734 136117703 139353230
GO:0015630	microtubule cytoskeleton	108005151 108005326 108005457 108006109 108006950 108008624 108010656 108010794 108011212 108011229 108011431 108014352 108015487 108015779 108016196 108016197 108018050 108019568 108019658 108020014 108020014 108021736 118877942
GO:0015631	tubulin binding	108005044 108005606 108006027 108007166 108008847 108009180 108011140 108011309 108011309 108015218 108017142 108020143 108020404 108021570 139355114
GO:0015643	toxic substance binding	108018577
GO:0015658	branched-chain amino acid transmembrane transporter activity	108011486
GO:0015662	P-type ion transporter activity	108021181
GO:0015671	oxygen transport	108014549
GO:0015677	copper ion import	108005319
GO:0015693	magnesium ion transport	108014297 108014297
GO:0015701	bicarbonate transport	108013214 108015745
GO:0015709	thiosulfate transport	108006986 108015532 108015534 108018303 108019679 118877920
GO:0015718	monocarboxylic acid transport	108009385 108009681 108012878 108016915
GO:0015729	oxaloacetate transport	108006986 108015534 108018303 108019679 118877920
GO:0015746	citrate transport	108009261 108015810 118876763 118877597
GO:0015749	monosaccharide transmembrane transport	108010255 108012893 108019659 108019894 108019895
GO:0015786	UDP-glucose transmembrane transport	108011872
GO:0015803	branched-chain amino acid transport	108011486
GO:0015810	aspartate transmembrane transport	108007370 108007371 108017267
GO:0015811	L-cystine transport	108005607
GO:0015813	L-glutamate transmembrane transport	108007370 108007371 108017267 108021007 108021161
GO:0015823	phenylalanine transport	108006069
GO:0015842	aminergic neurotransmitter loading into synaptic vesicle	108007411 108019735
GO:0015866	ADP transport	108013241
GO:0015867	ATP transport	108013241
GO:0015871	choline transport	108014883
GO:0015874	norepinephrine transport	108010247
GO:0015886	heme transport	108014582
GO:0015889	cobalamin transport	108016964 108016964
GO:0015908	fatty acid transport	108010633
GO:0015910	long-chain fatty acid import into peroxisome	108013728 108020410
GO:0015914	phospholipid transport	108008348 108009493 108009493 108010756 108010756 108013708 108013708 139354533
GO:0015918	sterol transport	108013939
GO:0015929	hexosaminidase activity	108018639
GO:0015934	large ribosomal subunit	108006481 108016613
GO:0015935	small ribosomal subunit	108009081 108016928 108018225
GO:0015936	coenzyme A metabolic process	108007833 108007833
GO:0015937	coenzyme A biosynthetic process	108005615 108005820 108005820 108010087 108011458 108011458 108013831 108017140 108017140
GO:0015986	proton motive force-driven ATP synthesis	108008611 108008611 108009960 108009960 108010861 108010861 108012023 108012023 108012252 108012252 108014146 108014146 108014475 108014475 108015214 108015214 108017498 108017498 108020894 108020894 108021424 108021424 118878112 118878112
GO:0015990	electron transport coupled proton transport	108010733 108019192
GO:0016010	dystrophin-associated glycoprotein complex	108006263 108009498 108010170 108015871
GO:0016011	dystroglycan complex	108009498
GO:0016012	sarcoglycan complex	108007981 108017000 108017000 108018718 108018718
GO:0016020	membrane	108004596 108004635 108004666 108004666 108004734 108004735 108004744 108004755 108004769 108004855 108004894 108004923 108004933 108004953 108004953 108005001 108005035 108005035 108005036 108005046 108005046 108005081 108005081 108005084 108005169 108005169 108005184 108005189 108005190 108005194 108005269 108005296 108005311 108005324 108005339 108005357 108005358 108005411 108005419 108005427 108005427 108005432 108005437 108005471 108005472 108005485 108005486 108005494 108005498 108005498 108005517 108005517 108005563 108005564 108005564 108005569 108005602 108005632 108005632 108005641 108005696 108005759 108005832 108005865 108005868 108005891 108005892 108005971 108006029 108006029 108006032 108006064 108006151 108006225 108006268 108006268 108006269 108006276 108006277 108006286 108006286 108006290 108006290 108006298 108006308 108006310 108006364 108006402 108006409 108006418 108006546 108006546 108006557 108006557 108006565 108006612 108006649 108006680 108006680 108006700 108006746 108006812 108006812 108006880 108006964 108006964 108007101 108007101 108007111 108007155 108007164 108007164 108007174 108007174 108007183 108007199 108007202 108007202 108007233 108007233 108007268 108007341 108007360 108007361 108007389 108007488 108007521 108007550 108007551 108007597 108007598 108007599 108007632 108007632 108007633 108007641 108007652 108007735 108007735 108007762 108007767 108007769 108007836 108007842 108007842 108007850 108007911 108007911 108007974 108007981 108007997 108008009 108008009 108008075 108008077 108008077 108008121 108008122 108008123 108008165 108008205 108008207 108008257 108008257 108008258 108008259 108008259 108008273 108008273 108008274 108008298 108008298 108008300 108008300 108008301 108008301 108008325 108008326 108008367 108008372 108008379 108008409 108008436 108008437 108008440 108008440 108008443 108008458 108008476 108008527 108008532 108008532 108008617 108008727 108008727 108008741 108008744 108008748 108008755 108008757 108008764 108008774 108008786 108008794 108008794 108008852 108008877 108008907 108008952 108008954 108008972 108009006 108009006 108009038 108009044 108009110 108009114 108009114 108009124 108009126 108009126 108009146 108009148 108009163 108009172 108009202 108009203 108009212 108009222 108009222 108009233 108009233 108009234 108009261 108009261 108009281 108009281 108009296 108009296 108009362 108009362 108009363 108009363 108009375 108009385 108009401 108009408 108009453 108009473 108009473 108009478 108009478 108009488 108009488 108009499 108009511 108009542 108009546 108009546 108009581 108009602 108009629 108009649 108009659 108009681 108009698 108009698 108009717 108009722 108009734 108009738 108009738 108009745 108009781 108009804 108009804 108009877 108009898 108009898 108009943 108009947 108009989 108009995 108010046 108010064 108010132 108010135 108010136 108010171 108010172 108010176 108010194 108010205 108010205 108010236 108010236 108010255 108010255 108010328 108010328 108010408 108010427 108010491 108010526 108010526 108010533 108010595 108010595 108010610 108010610 108010642 108010674 108010674 108010686 108010686 108010701 108010708 108010712 108010712 108010757 108010805 108010808 108010808 108010812 108010830 108010838 108010853 108010856 108010869 108010921 108010934 108010950 108010950 108011035 108011040 108011040 108011082 108011110 108011110 108011120 108011161 108011210 108011210 108011232 108011256 108011264 108011264 108011296 108011321 108011321 108011348 108011348 108011409 108011417 108011421 108011421 108011453 108011514 108011514 108011746 108011804 108011804 108011805 108011805 108011825 108011837 108011837 108011843 108011847 108011859 108011935 108011959 108011961 108011961 108011979 108012012 108012033 108012087 108012232 108012255 108012266 108012266 108012287 108012292 108012315 108012315 108012318 108012318 108012365 108012390 108012405 108012405 108012421 108012480 108012480 108012484 108012502 108012514 108012576 108012591 108012591 108012597 108012597 108012605 108012616 108012648 108012670 108012670 108012672 108012672 108012690 108012701 108012701 108012725 108012730 108012744 108012776 108012817 108012862 108012878 108012879 108012880 108012893 108012893 108012895 108012910 108012952 108012965 108012965 108012966 108012966 108012988 108012988 108012998 108013032 108013047 108013070 108013070 108013101 108013143 108013143 108013147 108013157 108013200 108013200 108013204 108013228 108013269 108013269 108013274 108013291 108013298 108013298 108013312 108013322 108013327 108013327 108013349 108013355 108013355 108013387 108013403 108013403 108013426 108013428 108013436 108013438 108013440 108013440 108013480 108013497 108013548 108013553 108013568 108013568 108013588 108013588 108013589 108013594 108013596 108013596 108013600 108013612 108013612 108013616 108013616 108013622 108013622 108013709 108013710 108013710 108013881 108013934 108013934 108013997 108014046 108014179 108014186 108014186 108014196 108014198 108014199 108014201 108014207 108014207 108014260 108014260 108014288 108014288 108014290 108014297 108014297 108014335 108014335 108014349 108014349 108014357 108014357 108014365 108014380 108014380 108014436 108014526 108014528 108014552 108014552 108014580 108014594 108014627 108014639 108014639 108014659 108014768 108014805 108014840 108014918 108014918 108014924 108014987 108015000 108015023 108015023 108015033 108015045 108015080 108015135 108015135 108015167 108015167 108015182 108015182 108015245 108015245 108015246 108015246 108015249 108015251 108015251 108015271 108015287 108015288 108015292 108015292 108015318 108015334 108015337 108015337 108015351 108015351 108015352 108015352 108015360 108015370 108015377 108015398 108015411 108015413 108015416 108015416 108015430 108015430 108015450 108015500 108015533 108015543 108015543 108015549 108015566 108015566 108015605 108015605 108015607 108015668 108015668 108015672 108015672 108015677 108015694 108015714 108015714 108015727 108015810 108015810 108015857 108015901 108015941 108015941 108015958 108015958 108015971 108015981 108015981 108015992 108015993 108015994 108015995 108015997 108015998 108016030 108016037 108016039 108016040 108016041 108016042 108016043 108016045 108016047 108016093 108016135 108016151 108016151 108016152 108016168 108016168 108016174 108016174 108016175 108016175 108016177 108016177 108016237 108016237 108016269 108016300 108016353 108016353 108016393 108016495 108016513 108016560 108016582 108016582 108016589 108016591 108016591 108016592 108016592 108016609 108016615 108016615 108016644 108016654 108016659 108016659 108016660 108016691 108016735 108016735 108016739 108016739 108016751 108016775 108016794 108016812 108016824 108016825 108016887 108016915 108016944 108016948 108016983 108016998 108016998 108017000 108017000 108017006 108017006 108017024 108017024 108017025 108017025 108017056 108017064 108017072 108017072 108017084 108017098 108017098 108017112 108017112 108017219 108017226 108017238 108017266 108017375 108017387 108017387 108017507 108017647 108017673 108017673 108017705 108017705 108017746 108017746 108017812 108017819 108017819 108017823 108017823 108017839 108017914 108017919 108017952 108017953 108017996 108018001 108018008 108018021 108018021 108018045 108018081 108018083 108018098 108018107 108018116 108018116 108018120 108018123 108018140 108018140 108018167 108018174 108018174 108018179 108018179 108018182 108018182 108018189 108018189 108018206 108018215 108018223 108018226 108018226 108018283 108018287 108018297 108018324 108018335 108018403 108018456 108018511 108018627 108018663 108018670 108018783 108018792 108018846 108018849 108018849 108018901 108018901 108018909 108018909 108018914 108018959 108018959 108019086 108019143 108019144 108019165 108019187 108019215 108019215 108019286 108019312 108019322 108019358 108019358 108019360 108019360 108019389 108019423 108019437 108019437 108019478 108019490 108019502 108019509 108019509 108019510 108019510 108019512 108019512 108019575 108019575 108019576 108019576 108019614 108019614 108019648 108019648 108019656 108019656 108019659 108019659 108019666 108019666 108019677 108019745 108019785 108019792 108019815 108019874 108019883 108019884 108019886 108019894 108019894 108019895 108019895 108019896 108019896 108019899 108019931 108019931 108020021 108020057 108020057 108020200 108020212 108020212 108020313 108020345 108020358 108020380 108020380 108020448 108020448 108020512 108020570 108020626 108020626 108020629 108020633 108020663 108020667 108020703 108020703 108020729 108020735 108020746 108020792 108020792 108020794 108020816 108020816 108020832 108020832 108020839 108020839 108020848 108020848 108020919 108020919 108020920 108020920 108020930 108020957 108020977 108020977 108020978 108020986 108020986 108021015 108021015 108021016 108021016 108021042 108021061 108021062 108021062 108021094 108021099 108021108 108021108 108021118 108021118 108021120 108021131 108021131 108021143 108021143 108021144 108021144 108021147 108021147 108021155 108021155 108021158 108021160 108021168 108021169 108021169 108021175 108021185 108021189 108021189 108021204 108021205 108021215 108021263 108021263 108021269 108021276 108021278 108021278 108021337 108021350 108021350 108021364 108021365 108021379 108021383 108021383 108021386 108021398 108021406 108021435 108021435 108021448 108021457 108021457 108021459 108021459 108021467 108021481 108021502 108021502 108021561 108021561 108021597 108021609 108021624 108021624 108021638 108021648 108021663 108021663 108021708 108021708 108021737 108021737 108021806 108021818 108021832 108021832 118876763 118876763 118876967 118877099 118877214 118877251 118877355 118877355 118877357 118877357 118877398 118877513 118877521 118877522 118877597 118877597 118877610 118877629 118877629 118877679 118877679 118877710 118877790 118877790 118877883 118877883 118877939 118877939 118877974 118877974 118877991 118877992 118878035 118878048 118878059 118878153 118878153 118878176 118878480 136116597 136116606 136116855 136116878 136116901 136116904 136116963 136117178 139352153 139352162 139352162 139352310 139352496 139352497 139352575 139352883 139353001 139353067 139353067 139353265 139353981 139354000 139354031 139354073 139354705 139354936 139355185
GO:0016024	CDP-diacylglycerol biosynthetic process	108015721
GO:0016031	tRNA import into mitochondrion	108005543 108017038
GO:0016034	maleylacetoacetate isomerase activity	108016105 108016110 108016111
GO:0016035	zeta DNA polymerase complex	108009064 108016280
GO:0016036	cellular response to phosphate starvation	108011433 108016179 108016799 108019160
GO:0016040	glutamate synthase (NADH) activity	108006666
GO:0016042	lipid catabolic process	108004759 108005490 108005741 108005803 108005835 108006141 108006635 108006635 108007219 108007219 108008012 108009552 108009564 108009810 108011169 108011839 108011946 108012067 108012697 108013261 108013677 108014567 108014818 108014970 108014989 108015101 108015181 108016122 108016139 108016141 108016142 108016146 108016148 108016158 108016980 108017942 108018524 108021777 139352983
GO:0016043	cellular component organization	108005749
GO:0016050	vesicle organization	108020494
GO:0016051	carbohydrate biosynthetic process	108004953 108013440 108018707 108021189
GO:0016052	carbohydrate catabolic process	108008411
GO:0016055	Wnt signaling pathway	108007294 108011053 108016985 108016985 108020137 108020590
GO:0016070	RNA metabolic process	108008287
GO:0016075	rRNA catabolic process	108005804 108017596 108020564 108020926
GO:0016079	synaptic vesicle exocytosis	108011619 108020378
GO:0016081	synaptic vesicle docking	108020331
GO:0016082	synaptic vesicle priming	108009467 108009470 108020331 118877958 139353199
GO:0016094	polyprenol biosynthetic process	108021837
GO:0016095	polyprenol catabolic process	108021252
GO:0016121	carotene catabolic process	108017552
GO:0016125	sterol metabolic process	108006890
GO:0016126	sterol biosynthetic process	108004707 108007833 108008268 108013695
GO:0016139	glycoside catabolic process	108006656 108008509 108009093 108017059
GO:0016149	translation release factor activity, codon specific	108005884
GO:0016150	translation release factor activity, codon nonspecific	108021613
GO:0016155	formyltetrahydrofolate dehydrogenase activity	108021633 108021633
GO:0016174	NAD(P)H oxidase H2O2-forming activity	108021432
GO:0016175	superoxide-generating NAD(P)H oxidase activity	108009709
GO:0016180	snRNA processing	108011850 108011850 108015354 108015446
GO:0016182	synaptic vesicle budding from endosome	108013724
GO:0016185	synaptic vesicle budding from presynaptic endocytic zone membrane	108017128
GO:0016188	synaptic vesicle maturation	108020331
GO:0016191	synaptic vesicle uncoating	108020123
GO:0016192	vesicle-mediated transport	108004683 108004984 108004984 108005184 108005802 108007589 108007706 108007993 108008504 108009190 108009491 108009851 108009952 108010175 108011264 108012379 108012405 108012518 108012526 108012906 108013255 108013306 108013448 108013449 108013480 108013480 108013503 108013733 108013733 108013778 108014376 108014428 108014524 108014524 108014997 108014997 108015291 108015788 108015788 108016705 108016908 108016908 108017219 108017473 108017473 108017477 108017477 108017673 108017773 108017997 108018627 108018627 108018909 108018959 108019082 108020048 108020048 108020346 108020425 108021094 108021094 108021173 108021389 108021598 108021666 108021823 118877357 139355006
GO:0016197	endosomal transport	108004815 108004949 108006323 108006983 108009020 108009194 108009882 108013498 108014089 108014531 108014891 108016598 108017622 108018342
GO:0016199	axon midline choice point recognition	108009814
GO:0016203	muscle attachment	108009498
GO:0016208	AMP binding	108009662 108012568 108013098 108018373
GO:0016212	kynurenine-oxoglutarate transaminase activity	108019499
GO:0016226	iron-sulfur cluster assembly	108006403 108006403 108006952 108007049 108008333 108008333 108011213 108011213 108012569 108012569 108013297 108013840 108013840 108015861 108015861 108016848 108016848 108018547 108018547 108018911 108018911 108021127 108021127 108021410 108021410 139354793
GO:0016231	beta-N-acetylglucosaminidase activity	108009347 108014430 108014973 108020054
GO:0016235	aggresome	108021128
GO:0016236	macroautophagy	108004757 108005727 108009540 108012042 108013305 108015001 108017513 108021400 139355006
GO:0016239	positive regulation of macroautophagy	108008351 108009660 108015519
GO:0016242	negative regulation of macroautophagy	108011963
GO:0016247	channel regulator activity	108014948
GO:0016250	N-sulfoglucosamine sulfohydrolase activity	108020122
GO:0016251	RNA polymerase II general transcription initiation factor activity	108005530 108006826 108007299 108008018 108008309 108009699 108010044 108010681 108011786 108011893 108011937 108013398 108014679 108015989 108016017 108016254 108016607 108016656 108021188 108021352 108021516
GO:0016255	attachment of GPI anchor to protein	108005435 108005435 108005569 108011110 108016438 108016438 108016645 108016645
GO:0016256	N-glycan processing to lysosome	108008347
GO:0016260	selenocysteine biosynthetic process	108006977
GO:0016263	glycoprotein-N-acetylgalactosamine 3-beta-galactosyltransferase activity	108007521 108007524 108008437 108010135 108011859 108012690 108012879 108012880 108015080 108019165 108021364 108021365
GO:0016266	protein O-linked glycosylation via N-acetyl-galactosamine	108005047 108009133
GO:0016267	obsolete core 1 and core 2 O-glycan biosynthetic process	108007521 108007524 108008437 108010135 108011859 108012690 108012879 108012880 108015080 108019165 108021364 108021365
GO:0016272	prefoldin complex	108006027 108006027 108007731 108007731 108008807 108008847 108012527 108012527 108012618 108012618 108015711 108020491 118878442 118878449 118878450 118878453 118878455 118878458 136117798 139354722
GO:0016274	protein-arginine N-methyltransferase activity	108004824 108004883 108004883 108006465 108006465 108010153 108010153 108013907 108013907 108014682 108014682 108018049 108018049 108020854 108020854 108021074 108021074
GO:0016279	protein-lysine N-methyltransferase activity	108004816 108011880 108012825 108012825 108016899 108017694 118878440 118878440 118878448 118878448 118878454 118878454 118878456 118878456
GO:0016281	eukaryotic translation initiation factor 4F complex	108006846 108011895 108012363 108012673 108012712 108014928 108015766 108017728 108020151 108020374
GO:0016282	eukaryotic 43S preinitiation complex	108007118 108016984
GO:0016286	small conductance calcium-activated potassium channel activity	108004656 108004656
GO:0016287	glycerone-phosphate O-acyltransferase activity	108012123 108012123
GO:0016290	obsolete palmitoyl-CoA hydrolase activity	108013430
GO:0016298	lipase activity	108004759 108004759 108005490 108005490 108005741 108005741 108005803 108005803 108005835 108005835 108006141 108006141 108008012 108008012 108009552 108009552 108009564 108009564 108009810 108009810 108011169 108011169 108011839 108011839 108011946 108011946 108012067 108012067 108012697 108012697 108013227 108013227 108013261 108013261 108013677 108013677 108014567 108014567 108014818 108014818 108014970 108014970 108014989 108014989 108015101 108015101 108015181 108015181 108016122 108016122 108016139 108016139 108016141 108016141 108016142 108016142 108016146 108016146 108016148 108016148 108016158 108016158 108016980 108016980 108017942 108017942 108018524 108018524 108019112 108021777 108021777 139352983 139352983
GO:0016300	tRNA (uridine) methyltransferase activity	108017474
GO:0016301	kinase activity	108007178 108008327 108009672 108015004 108021300
GO:0016303	1-phosphatidylinositol-3-kinase activity	108009581 108009581 108015410 108017076
GO:0016308	1-phosphatidylinositol-4-phosphate 5-kinase activity	108009617 108009755 108020385
GO:0016309	1-phosphatidylinositol-5-phosphate 4-kinase activity	108020385
GO:0016310	phosphorylation	108007111 108007178 108011251 108012927 108013450 108016824 108020215 108021349 108021398
GO:0016311	dephosphorylation	108005171 108008113 108008469 108008496 108008797 108008870 108009254 108011152 108011429 108011430 108012160 108012571 108013068 108013914 108015505 108016191 108016431 108016911 108017022 108018360 118878313
GO:0016314	phosphatidylinositol-3,4,5-trisphosphate 3-phosphatase activity	108021546 108021546
GO:0016316	phosphatidylinositol-3,4-bisphosphate 4-phosphatase activity	108006523
GO:0016323	basolateral plasma membrane	108006069 108006625 108009694 108010888 108013417 108016807 108021617
GO:0016324	apical plasma membrane	108006069 108006534 108006561 108009765 108009822 108011139 108013190 108014175 108014963 108016740 108018401 108021371 118879475 139354125
GO:0016328	lateral plasma membrane	108020916
GO:0016332	establishment or maintenance of polarity of embryonic epithelium	108019090
GO:0016339	calcium-dependent cell-cell adhesion via plasma membrane cell adhesion molecules	108009550 108014792 108014867 108015501
GO:0016342	catenin complex	108006764 108007294 108009550 108014792 108014867 108015501 108016507 108016895 108018001 108018279 108019312 108020590 108020739 139353230
GO:0016358	dendrite development	108006349 108016595
GO:0016361	activin receptor activity, type I	108018047
GO:0016402	pristanoyl-CoA oxidase activity	108021566
GO:0016403	dimethylargininase activity	108005295
GO:0016407	acetyltransferase activity	108005476
GO:0016409	palmitoyltransferase activity	108007150 108007287 108007567 108007568 108007568 108007571 108007584 108007584 108007586 108007586 108008672 108008819 108009743 108012679 108012679 108014028 108014028 108014964 108014964 108016129 108016129 108017983 108018405 108018405 108019879 108020000 108020000 108021135 108021135 108021311 108021649
GO:0016422	mRNA (2'-O-methyladenosine-N6-)-methyltransferase activity	108012837 108015751
GO:0016423	tRNA (guanine) methyltransferase activity	108020482 108020482
GO:0016428	tRNA (cytidine-5-)-methyltransferase activity	108013729 108013729
GO:0016432	tRNA-uridine aminocarboxypropyltransferase activity	108010731
GO:0016435	rRNA (guanine) methyltransferase activity	108019123 118877612 118877612
GO:0016442	RISC complex	108005959 108009639 108012734 108012855 108013839 108015085 108015247 108019046 108021374 118878272
GO:0016459	myosin complex	108013390 108014991 108015742 108018059 108019030 108020167 108020607 108021216 108021600 108021791 136117703
GO:0016460	myosin II complex	108007565 108007572 108008297 108008615 108010566 108011626 108012463 108013152 108014236 108014262 108014539 108015309 108015395 108016479 108018381 108019039 108019534 108019844 108021670 108021825 139354450
GO:0016471	vacuolar proton-transporting V-type ATPase complex	108007205 108011016 108014182 108014182 108017510 108017517 108018092 108018907 108021626
GO:0016477	cell migration	108004745 108007294 108007448 108008811 108009449 108009989 108010804 108010821 108011888 108012245 108012990 108013015 108013201 108013224 108013451 108013512 108013878 108015225 108015410 108016740 108017076 108017198 108017378 108018001 108018269 108019071 108019312 108020343 108020590 108021008 108021176 139353230
GO:0016480	negative regulation of transcription by RNA polymerase III	108019341 108019341
GO:0016485	protein processing	108004594 108005341 108005517 108005517 108005963 108007300 108007303 108007600 108007630 108009726 108011618 108012008 108013190 108013190 108013794 108016821 108017316 108020598 118877716 139354768 139354918
GO:0016486	peptide hormone processing	108006308 108006364 108012101
GO:0016491	oxidoreductase activity	108004571 108005331 108006004 108006230 108006230 108006283 108006315 108006731 108006732 108006750 108006751 108007012 108007012 108007014 108007014 108007018 108007018 108007019 108007019 108007023 108007023 108007662 108007879 108008288 108008506 108008646 108009336 108009476 108009663 108009841 108009981 108010233 108010503 108012683 108013102 108013176 108013176 108014329 108014329 108014470 108014470 108015114 108015297 108015399 108015415 108015415 108015480 108015480 108015500 108015521 108015521 108015544 108015548 108016789 108016789 108016805 108016889 108016943 108018124 108018130 108018186 108018186 108018656 108018656 108018968 108019646 108019918 108020269 108020480 108020645 108020673 108020673 108021195 108021195 108021537 108021537 108021813 118877558 118877558 118877849 139352915 139353186 139354220 139354220 139354565
GO:0016500	protein-hormone receptor activity	108012052 108021632
GO:0016507	mitochondrial fatty acid beta-oxidation multienzyme complex	108020882 108020882
GO:0016513	core-binding factor complex	108012781 108012907
GO:0016514	SWI/SNF complex	108005124 108007209 108009255 108011481 108012034 108013841 108016530
GO:0016529	sarcoplasmic reticulum	108021371
GO:0016531	copper chaperone activity	108005474 108005474 108017612 108021014
GO:0016532	superoxide dismutase copper chaperone activity	108010023
GO:0016533	protein kinase 5 complex	108005560 108005560
GO:0016538	cyclin-dependent protein serine/threonine kinase regulator activity	108007485 108007485 108010245 108010245 108010810 108011795 108015726 108016962 108017321 108017321 108017512 108017606 108017606 108018918 108020468 108020468 108021500 139352939 139352939 139353993
GO:0016539	intein-mediated protein splicing	108011013
GO:0016540	protein autoprocessing	108009871 108009871 108011013 108021790
GO:0016558	protein import into peroxisome matrix	108009840 108012541 108012609 108013558 108013593 108021497 108021497
GO:0016559	peroxisome fission	108009869 108009869 108014864 108014864 108017984 108017984 139354589
GO:0016560	protein import into peroxisome matrix, docking	108012842 108016777 108019797 108019797
GO:0016567	protein ubiquitination	108004652 108004733 108004978 108005410 108005877 108005955 108005978 108006665 108006694 108006803 108007237 108007252 108009176 108009227 108009315 108009446 108009615 108009636 108010056 108010077 108010429 108010715 108011060 108011551 108011738 108011820 108011820 108011824 108011824 108011909 108012681 108012740 108012807 108013386 108013739 108013775 108013822 108013937 108014019 108014019 108014866 108015073 108015304 108015388 108016346 108016646 108016657 108016725 108017450 108018067 108018220 108018233 108018863 108019708 108019730 108019855 108020145 108020298 108020541 108020888 108020897 108020975 108020975 108020993 108021116 108021494 108021496 108021553 118877470 118878153 118878153 118878224 118878254 139353453
GO:0016570	obsolete histone modification	108005021 108005021 108008653 108008863 108011543 108013226 108016228 108016228 108018802 108018802 108019826 108021456 108021456 139353903 139353916
GO:0016573	obsolete histone acetylation	108004601 108004615 108005530 108007197 108009158 108011163 108012039 108013703 108014379 108014379 108014960 108014960 108015131 108017425 108018104 108021178 108021516 108021606 108021651 118877399 118877399 118877514
GO:0016574	obsolete histone ubiquitination	108005938
GO:0016575	obsolete histone deacetylation	108004885 108005313 108005313 108005335 108005730 108007106 108007106 108016260 108016260 108017314 108017314 108017772 108020889
GO:0016578	obsolete histone deubiquitination	108005003 108015537 108016961
GO:0016579	protein deubiquitination	108004756 108004756 108005079 108005233 108005233 108005375 108005375 108005589 108005589 108005743 108005965 108005965 108007098 108007542 108007739 108008430 108009097 108009525 108009759 108009759 108010010 108010804 108010804 108011111 108011111 108011225 108011441 108011441 108011449 108011449 108011472 108011472 108012877 108012877 108013088 108013088 108014461 108014501 108014782 108015089 108015307 108018402 108019159 108019359 108021661 139353877 139353877
GO:0016581	NuRD complex	108004885 108005730 108007106 108013353
GO:0016586	RSC-type complex	108011481 108012236
GO:0016589	NURF complex	108005962 108012923
GO:0016592	mediator complex	108004983 108005050 108005869 108005879 108005879 108006753 108006753 108007505 108007505 108008339 108008339 108008598 108008598 108009430 108009430 108009544 108009544 108010181 108010488 108010488 108010586 108010586 108010922 108010922 108012525 108012969 108012969 108013040 108013040 108013185 108013185 108013337 108013720 108013720 108013792 108013792 108015028 108015028 108015726 108015806 108015806 108016780 108016780 108017620 108017620 108017660 108017660 108018601 108020408 108021154 108021154
GO:0016593	Cdc73/Paf1 complex	108005021 108005021 108008653 108008863 108010041 108010224 108011543 108013226 108013908 108016228 108016228 108018802 108018802 108019022 108019826 108021456 108021456 139353903 139353916
GO:0016594	glycine binding	108008071 108012054
GO:0016597	amino acid binding	108005238 108005295
GO:0016598	protein arginylation	108018166 108018166
GO:0016600	flotillin complex	108005282 108018063
GO:0016602	CCAAT-binding factor complex	108012979 108014775 108016882
GO:0016603	glutaminyl-peptide cyclotransferase activity	108011423 108011423 108011439 108013072 108013072 108015222 108015222 108015891 108015891
GO:0016604	nuclear body	108005680 108006957 108007227 108008402 108009527 108010967 108012367 108012482 108012577 108016143 108020170 118877362 118879425 136117686 139354214 139354466 139354515 139354892
GO:0016605	PML body	108015314
GO:0016607	nuclear speck	108004562 108004848 108005122 108005934 108006272 108007364 108008762 108009291 108009712 108013554 108013731 108015252 108016823 108018274
GO:0016614	oxidoreductase activity, acting on CH-OH group of donors	108005102 108005103 108005273 108005274 108005275 108005276 108005277 108005278 108005280 108005281 108005283 108005288 108010629 108014060 108017141
GO:0016616	oxidoreductase activity, acting on the CH-OH group of donors, NAD or NADP as acceptor	108005595 108005747 108011010 108014125 108018175 108018816 108018940 108021387 108021611 108021654
GO:0016618	hydroxypyruvate reductase [NAD(P)H] activity	108004872 108020500 108020523 108020548
GO:0016620	oxidoreductase activity, acting on the aldehyde or oxo group of donors, NAD or NADP as acceptor	108005211 108016054 108016215
GO:0016624	oxidoreductase activity, acting on the aldehyde or oxo group of donors, disulfide as acceptor	108017476
GO:0016627	oxidoreductase activity, acting on the CH-CH group of donors	108006032 108006064 108006806 108013497
GO:0016628	oxidoreductase activity, acting on the CH-CH group of donors, NAD or NADP as acceptor	108008268
GO:0016651	oxidoreductase activity, acting on NAD(P)H	108013806 108015729 108015729 108016750 108020426 108020426
GO:0016653	oxidoreductase activity, acting on NAD(P)H, heme protein as acceptor	108010063 108010063
GO:0016671	oxidoreductase activity, acting on a sulfur group of donors, disulfide as acceptor	108007839 108007839 108014913 108014913 108017466 108017466 118877964 118877964 139354879 139354879
GO:0016684	oxidoreductase activity, acting on peroxide as acceptor	108009660
GO:0016702	oxidoreductase activity, acting on single donors with incorporation of molecular oxygen, incorporation of two atoms of oxygen	108012403 108012403
GO:0016705	oxidoreductase activity, acting on paired donors, with incorporation or reduction of molecular oxygen	108004856 108005183 108005242 108005397 108005433 108005504 108005505 108005841 108005981 108006234 108006237 108006685 108007096 108007968 108008061 108008102 108008381 108008671 108008943 108008944 108008945 108008946 108008947 108008948 108008949 108009153 108009231 108009232 108009264 108009272 108009751 108009815 108010880 108011444 108011869 108012166 108012453 108012461 108013828 108013829 108014127 108014401 108014938 108014959 108015390 108015530 108016827 108016828 108016931 108016946 108016981 108017397 108017524 108017560 108017740 108017741 108017783 108017871 108018006 108018132 108018693 108019259 108019387 108019485 108019588 108019591 108019592 108019593 108019594 108019629 108019631 108019644 108019793 108020556 108021541 108021548 108021549 108021821 118877697 136116477 139352569 139354644
GO:0016706	2-oxoglutarate-dependent dioxygenase activity	108012179 108012191 108012201 108013236 108013585 108013869 108021527
GO:0016709	oxidoreductase activity, acting on paired donors, with incorporation or reduction of molecular oxygen, NAD(P)H as one donor, and incorporation of one atom of oxygen	108015420
GO:0016712	oxidoreductase activity, acting on paired donors, with incorporation or reduction of molecular oxygen, reduced flavin or flavoprotein as one donor, and incorporation of one atom of oxygen	108004830 108004847 108005858 108021052
GO:0016715	oxidoreductase activity, acting on paired donors, with incorporation or reduction of molecular oxygen, reduced ascorbate as one donor, and incorporation of one atom of oxygen	108010171 108010172
GO:0016740	transferase activity	108006871
GO:0016746	acyltransferase activity	108004691 108009401
GO:0016747	acyltransferase activity, transferring groups other than amino-acyl groups	108005091 108005403 108005503 108005739 108008133 108008293 108008706 108010998 108011090 108011091 108011098 108014415 108014425 108014584 108014936 108014937 108015035 108015074 108016302 108016329 108016795 108016810 108017916 108018030 108018947 108018948 108021044 108021346 108021466 108021528 108021529
GO:0016757	glycosyltransferase activity	108005429 108009011 108009351 108009351 108009375 108009375 108009408 108009408 108015155 108015157 108015158 108018208 108018223 108019175 108021538
GO:0016758	hexosyltransferase activity	108005897 108005897 108007230 108009359 108009359 108009360 108009360 108009361 108009361 108011965 108011965 108011977 108011977 108013688 108013688 108016634 108016634
GO:0016768	spermine synthase activity	108013359
GO:0016773	phosphotransferase activity, alcohol group as acceptor	108007178 108008327 108015723
GO:0016779	nucleotidyltransferase activity	108006730 108008591
GO:0016783	sulfurtransferase activity	108015298 108021063
GO:0016787	hydrolase activity	108004871 108004871 108006194 108007810 108008404 108009480 108009480 108010585 108011725 108011726 108012542 108013265 108014039 108020160 108021411 108021411 108021517 118877382 118877382 118877883 118878372 118878372 139353360 139353360 139353361 139353361
GO:0016788	hydrolase activity, acting on ester bonds	108004667 108005294 108005994 108006967 108007374 108008054 108008062 108008510 108009156 108009812 108012552 108013016 108013017 108015441 108015474 108017793 108018308 108021686
GO:0016790	thiolester hydrolase activity	108007953
GO:0016791	phosphatase activity	108005171 108006281 108006294 108008438 108008784 108008870 108008870 108009060 108009455 108009455 108009462 108009462 108009557 108009559 108010489 108010489 108010514 108010517 108010517 108010598 108012700 108012700 108012716 108012716 108013516 108014993 108014993 108015148 108015148 108015505 108016191 108017022 108018905 108021440 108021440
GO:0016799	hydrolase activity, hydrolyzing N-glycosyl compounds	108013681 108013687 139354330
GO:0016805	dipeptidase activity	139352155
GO:0016810	hydrolase activity, acting on carbon-nitrogen (but not peptide) bonds	108004970 108008760 108011065
GO:0016811	hydrolase activity, acting on carbon-nitrogen (but not peptide) bonds, in linear amides	108004576 108004579 108004581 108012929 108021131 108021131 108021838
GO:0016817	hydrolase activity, acting on acid anhydrides	108011648
GO:0016818	hydrolase activity, acting on acid anhydrides, in phosphorus-containing anhydrides	108010268 108011170 108015191 108021064 108021065 108021066
GO:0016830	carbon-carbon lyase activity	108005883 108015229
GO:0016831	carboxy-lyase activity	108018055 108018055 108018056 108018056 108021026
GO:0016836	hydro-lyase activity	108009974
GO:0016844	strictosidine synthase activity	108011725 108011726 108020160
GO:0016846	carbon-sulfur lyase activity	108018046
GO:0016868	intramolecular phosphotransferase activity	108014784 108014784 108017407 108017407 108020517 108020517
GO:0016887	ATP hydrolysis activity	108004726 108004727 108004747 108004814 108004982 108005160 108005315 108005315 108005319 108005354 108005443 108005634 108005787 108005899 108005903 108005903 108006112 108006241 108006288 108006343 108006559 108006882 108006950 108006950 108007071 108007071 108007143 108007143 108007202 108007233 108007314 108007344 108007633 108007704 108007852 108008419 108008419 108008428 108008661 108009063 108009123 108009159 108009219 108009233 108009244 108009478 108009840 108009840 108009847 108009876 108009876 108010068 108010161 108010192 108010210 108010328 108010455 108010558 108010610 108010657 108010680 108010712 108010966 108011149 108011514 108011973 108011975 108011983 108012039 108012185 108012221 108012292 108012450 108012701 108012821 108013006 108013116 108013229 108013426 108013593 108013593 108013612 108013616 108013622 108013728 108014046 108014275 108014276 108014276 108014288 108014352 108014352 108014444 108014446 108014459 108014574 108014582 108014633 108014686 108014709 108014830 108014830 108015245 108015246 108015279 108015279 108015317 108015318 108015348 108015375 108015430 108015543 108015585 108015585 108015691 108015714 108015749 108015779 108015779 108015958 108016094 108016353 108016394 108016432 108016596 108016598 108016598 108016605 108016612 108016612 108016669 108016798 108017247 108017310 108017500 108017563 108017705 108017775 108017777 108017777 108017778 108017927 108018021 108018099 108018122 108018122 108018128 108018153 108018174 108018179 108018226 108018365 108018387 108018466 108018520 108018724 108018849 108018906 108019097 108019097 108019180 108019209 108019280 108019454 108019637 108019637 108019755 108019794 108019794 108019888 108019891 108020027 108020057 108020070 108020105 108020105 108020353 108020358 108020380 108020410 108020422 108020430 108020707 108020792 108020933 108020977 108020986 108021016 108021047 108021122 108021126 108021137 108021143 108021144 108021147 108021181 108021457 108021561 108021610 108021708 108021737 118877214 118877514 118877646 118877785 136116901 139353265 139353270 139353541 139353556 139353701 139354638
GO:0016891	RNA endonuclease activity producing 5'-phosphomonoesters, hydrolytic mechanism	108021368
GO:0016907	G protein-coupled acetylcholine receptor activity	108009834 108009834
GO:0016920	pyroglutamyl-peptidase activity	118877420
GO:0016922	nuclear receptor binding	108016245 108016530 108016895
GO:0016925	protein sumoylation	108005851 108008080 108009506 108011944 108012848 108012848 108013348 108017467 108018671 108018994 108019006 118878658
GO:0016926	protein desumoylation	108005406 108007285 108013212 108015293
GO:0016929	deSUMOylase activity	108007285 108015293
GO:0016936	galactoside binding	108010463
GO:0016939	kinesin II complex	108004742 139353473
GO:0016971	flavin-dependent sulfhydryl oxidase activity	108007844 108013738 108016172 108016183 108019876 118877619
GO:0016972	thiol oxidase activity	108010758 108010758
GO:0016973	poly(A)+ mRNA export from nucleus	108004848 108005003 108005643 108006266 108006568 108007653 108008313 108010699 108011285 108012169 108012922 108016436 108016961 108019889 108019889 118877638 139353189
GO:0016992	lipoate synthase activity	108005794 108005794
GO:0017002	activin receptor activity	108006788
GO:0017005	3'-tyrosyl-DNA phosphodiesterase activity	108004658
GO:0017017	MAP kinase tyrosine/serine/threonine phosphatase activity	108020751 108020751
GO:0017020	myosin phosphatase regulator activity	108015526
GO:0017022	myosin binding	108017245
GO:0017025	TBP-class protein binding	108006826 108007299 108011705 108011893 108014574 108015989 108020801 108021188 108021188
GO:0017040	N-acylsphingosine amidohydrolase activity	108017227
GO:0017046	peptide hormone binding	108008523 108009349
GO:0017050	obsolete D-erythro-sphingosine kinase activity	108007111 108016824 108021398
GO:0017053	transcription repressor complex	108008622 108008622 108012587 108012634 108016533 108020076
GO:0017054	negative cofactor 2 complex	108006826 108009699
GO:0017056	structural constituent of nuclear pore	108004845 108004845 108006188 108006568 108006568 108007653 108007653 108008068 108008314 108009373 108009773 108010138 108011137 108011898 108011898 108014204 108019132 108019867 108019867 108021073 108021117 108021117 108021136 118877638 118879787
GO:0017057	6-phosphogluconolactonase activity	108004736
GO:0017059	serine palmitoyltransferase complex	108021235
GO:0017061	S-methyl-5-thioadenosine phosphorylase activity	108006631 108006631 108009256 108009256
GO:0017065	single-strand selective uracil DNA N-glycosylase activity	108020812 108020812
GO:0017069	snRNA binding	108004868 108019837
GO:0017070	U6 snRNA binding	108004807 108009102 108009102 108011660 108020890
GO:0017071	intracellular cyclic nucleotide activated cation channel complex	108009425 108010086 108010323
GO:0017075	syntaxin-1 binding	108020331
GO:0017080	sodium channel regulator activity	108013893 108020017 108020018 108020031 108020032
GO:0017095	heparan sulfate 6-sulfotransferase activity	108015566
GO:0017099	very-long-chain fatty acyl-CoA dehydrogenase activity	108009866
GO:0017101	aminoacyl-tRNA synthetase multienzyme complex	108005674 108007938 108010160 108015173 108015755 108017771 108018197
GO:0017108	5'-flap endonuclease activity	108010040 108013930 108014474 108015424 139352156 139352156
GO:0017109	glutamate-cysteine ligase complex	108005985 108019060
GO:0017111	ribonucleoside triphosphate phosphatase activity	108012431 108012431
GO:0017113	dihydropyrimidine dehydrogenase (NADP+) activity	108015341
GO:0017116	single-stranded DNA helicase activity	108004747 108006112 108006462 108012450 108014583 108015424 108017778
GO:0017118	lipoyltransferase activity	108009098
GO:0017119	Golgi transport complex	108006409 108006619 108006619 108009893 108009893 108015481 108015481 108019284 108021281 108021337 108021675
GO:0017121	plasma membrane phospholipid scrambling	108007114 108007114 108009306 108009306 108012647 108012647 108012649 108012649 108013094 108013094 108013552 108013552
GO:0017124	SH3 domain binding	108012346 108017206 108017733
GO:0017125	deoxycytidyl transferase activity	108013576
GO:0017128	phospholipid scramblase activity	108007114 108007114 108009306 108009306 108012647 108012647 108012649 108012649 108013094 108013094 108013552 108013552
GO:0017134	fibroblast growth factor binding	108006910
GO:0017136	histone deacetylase activity, NAD-dependent	108011967 108018299 108018299
GO:0017146	NMDA selective glutamate receptor complex	108016232
GO:0017147	Wnt-protein binding	108004731 108009052 108010427 108012833 108013488 108015419 108019728 108019728 108020137 108021688 118876780
GO:0017148	negative regulation of translation	108006734 108008060 108009071 108010801 108012505 108013055 108013881 108015024 108015108 108017556 108017922 108018037 108018085 108020406 108021615
GO:0017150	tRNA dihydrouridine synthase activity	108006564 108006564 108008696 108008696 108016742 108016742 108021395 108021395
GO:0017154	semaphorin receptor activity	108020382 108020382 108020383 108020383
GO:0017156	calcium-ion regulated exocytosis	108005352 108010910 108017558 108020403
GO:0017157	regulation of exocytosis	108005140 108005457 108005790 108009252 108011229 108013419 108016590
GO:0017158	regulation of calcium ion-dependent exocytosis	108005352 108010910 108015563 108018438 108020403 108021274
GO:0017168	5-oxoprolinase (ATP-hydrolyzing) activity	108010070
GO:0017171	serine hydrolase activity	108006909 108007826 108007868 108007875 108007876 108008231 108008295 108009166 108009959 108011083 108012386 108013591 108013947 108013953 108013954 108013955 108013956 108013962 108013965 108018731 108019331 108020521 136117065 139353297
GO:0017172	cysteine dioxygenase activity	108018169
GO:0017174	glycine N-methyltransferase activity	108008071 108008071
GO:0017176	phosphatidylinositol N-acetylglucosaminyltransferase activity	108008415 108008415
GO:0017177	glucosidase II complex	108017516 108021421
GO:0017178	diphthine-ammonia ligase activity	108005118
GO:0017183	protein histidyl modification to diphthamide	108005118 108007648 108007648 108010696 108010696 108012184 108012184 108015268
GO:0017185	peptidyl-lysine hydroxylation	108015897
GO:0017186	peptidyl-pyroglutamic acid biosynthetic process, using glutaminyl-peptide cyclotransferase	108011423 108011439 108013072 108015222 108015891
GO:0017187	peptidyl-glutamic acid carboxylation	108008911 108012823 108012823
GO:0017196	N-terminal peptidyl-methionine acetylation	108010111 108010111 108012376 108012671 108015149 108015184 108015300 108021729 108021730 118877681
GO:0018008	N-terminal peptidyl-glycine N-myristoylation	108012393
GO:0018023	peptidyl-lysine trimethylation	108004816 108012825 108016899
GO:0018025	calmodulin-lysine N-methyltransferase activity	108021306
GO:0018026	peptidyl-lysine monomethylation	108012825 108016899
GO:0018027	peptidyl-lysine dimethylation	108016862
GO:0018057	peptidyl-lysine oxidation	108008372 108010838
GO:0018063	cytochrome c-heme linkage	108011349
GO:0018064	protein-L-histidine N-tele-methyltransferase activity	108009338 108016899
GO:0018094	protein polyglycylation	108010656 108021736
GO:0018095	protein polyglutamylation	108005044 108007166 108009180 108011140 108014660 108020143 108020404 108021570
GO:0018105	peptidyl-serine phosphorylation	108004842 108005082 108005224 108005298 108005376 108005682 108005844 108005998 108006975 108007276 108007342 108007449 108009039 108009103 108009243 108011166 108011241 108011371 108011450 108011810 108012147 108012158 108012926 108013038 108013153 108013779 108014095 108014722 108014894 108015249 108016188 108016537 108016903 108017336 108017993 108018184 108018970 108019030 108019092 108020372 108020414 108020927 108021037 108021602 139353140
GO:0018107	peptidyl-threonine phosphorylation	108009314 108011141 108011737 108012926 108013153 108016537 108018184 108020414 108020927 108021602 139353140
GO:0018108	peptidyl-tyrosine phosphorylation	108006981
GO:0018126	protein hydroxylation	108021527
GO:0018142	obsolete protein-DNA covalent cross-linking	108011559 108011559
GO:0018149	peptide cross-linking	108011931 108011931 108019208 108019208
GO:0018160	peptidyl-pyrromethane cofactor linkage	108013223
GO:0018171	peptidyl-cysteine oxidation	108007469
GO:0018206	peptidyl-methionine modification	108010929 108018754
GO:0018216	peptidyl-arginine methylation	108004824 108004883 108004883 108006465 108006465 108010153 108010153 108013907 108013907 108014682 108014682 108018049 108018049 108020854 108020854 108021074 108021074
GO:0018230	peptidyl-L-cysteine S-palmitoylation	108012913 108016729 108020307 108021520
GO:0018279	protein N-linked glycosylation via asparagine	108005046 108008687 108015167 108016620 108016620 108020728 108021245 108021263
GO:0018283	iron incorporation into metallo-sulfur cluster	108016761 108016761
GO:0018293	protein-FAD linkage	108009646 108009646 108019892 108019892
GO:0018315	molybdenum incorporation into molybdenum-molybdopterin complex	108016804
GO:0018342	protein prenylation	108016603 108016603
GO:0018343	protein farnesylation	108004944 108004944 108021045
GO:0018344	protein geranylgeranylation	108006302 108006302 108009851 108009851 108019441 108021045 108021525 108021525
GO:0018345	protein palmitoylation	108007150 108007568 108007584 108007586 108010427 108012679 108014028 108014964 108016129 108018405 108020000 108021135
GO:0018364	peptidyl-glutamine methylation	108013513
GO:0018401	peptidyl-proline hydroxylation to 4-hydroxy-L-proline	108006081 108006113 108007297 108007748 108007749 108007758 108007759 108008035 108008038 108008044 108013818 108013819 108013820 108015013 108015797 108015798 108016504 108017229 108017231 108017233 108017243 108017258 108017259 108017260 108017262 108017264 108017273 108020608 139353157 139353170
GO:0018406	obsolete protein C-linked glycosylation via 2'-alpha-mannosyl-L-tryptophan	108004850
GO:0018423	protein C-terminal leucine carboxyl O-methyltransferase activity	108021486
GO:0018444	translation release factor complex	108005884 108014291
GO:0018445	prothoracicotrophic hormone activity	108021293
GO:0018478	malonate-semialdehyde dehydrogenase (acetylating) activity	108016965
GO:0018738	S-formylglutathione hydrolase activity	108005030 108005030
GO:0018773	acetylpyruvate hydrolase activity	108014424
GO:0018812	3-hydroxyacyl-CoA dehydratase activity	108017057 108021247
GO:0018990	ecdysis, chitin-based cuticle	118877927
GO:0019001	guanyl nucleotide binding	108019472 108019472 108019611 108019611 108019612 108019612 108019778 108019778 108019779 108019779 139354252 139354252
GO:0019003	GDP binding	108008292 108008491 108013433 108016201 108016243 108017493 108019198 108020050
GO:0019005	SCF ubiquitin ligase complex	108005822 108006530 108006694 108007124 108007237 108007976 108009446 108009456 108009539 108009689 108009758 108010715 108011655 108011909 108013768 108013770 108014484 108015660 108015944 108015948 108017610 108018067 108018679 108019718 108019798 108019877 108020981 108021211 108021526 108021717 139355077
GO:0019008	obsolete molybdopterin synthase complex	108007733 108017666
GO:0019075	virus maturation	108016614
GO:0019135	deoxyhypusine monooxygenase activity	108010789 108010789
GO:0019136	deoxynucleoside kinase activity	108020125 108020125
GO:0019150	D-ribulokinase activity	108011858
GO:0019166	trans-2-enoyl-CoA reductase (NADPH) activity	108019856
GO:0019171	(3R)-hydroxyacyl-[acyl-carrier-protein] dehydratase activity	108004955
GO:0019185	snRNA-activating protein complex	108014578 108016363 108019712
GO:0019187	beta-1,4-mannosyltransferase activity	108016921
GO:0019202	amino acid kinase activity	108013985
GO:0019207	kinase regulator activity	108007457 108017905
GO:0019208	phosphatase regulator activity	108014022
GO:0019212	phosphatase inhibitor activity	108009535
GO:0019213	deacetylase activity	108012297
GO:0019216	regulation of lipid metabolic process	108014741 108017470 108017472
GO:0019221	cytokine-mediated signaling pathway	108016885
GO:0019226	transmission of nerve impulse	108014948 108020921
GO:0019228	neuronal action potential	108008971 108011109
GO:0019230	proprioception	108010331
GO:0019236	response to pheromone	108008296
GO:0019239	deaminase activity	108009872
GO:0019240	citrulline biosynthetic process	108005238
GO:0019243	methylglyoxal catabolic process to D-lactate via S-lactoyl-glutathione	108012475
GO:0019254	carnitine metabolic process, CoA-linked	108011981 108016015 108020808
GO:0019262	N-acetylneuraminate catabolic process	108005223
GO:0019264	glycine biosynthetic process from serine	108011135 108011135
GO:0019265	glycine biosynthetic process, by transamination of glyoxylate	108015323
GO:0019287	isopentenyl diphosphate biosynthetic process, mevalonate pathway	108005636 108018985 108018985 108019596
GO:0019310	inositol catabolic process	108012469 108012469
GO:0019321	pentose metabolic process	108011858
GO:0019343	cysteine biosynthetic process via cystathionine	108015168
GO:0019346	transsulfuration	108018046 108018046
GO:0019348	obsolete dolichol metabolic process	108007165 108007165
GO:0019367	fatty acid elongation, saturated fatty acid	108005609 108005617 108009604 108011622 108011633 108012186 108012188 108012193 108012198 108014597 108016205 108016207 108016209 108016212 108017445 108018024 108018025 118876772
GO:0019369	arachidonate metabolic process	108013711
GO:0019391	glucuronoside catabolic process	108010867 108018062 108018232 139352537
GO:0019408	obsolete dolichol biosynthetic process	108021252 108021261
GO:0019427	acetyl-CoA biosynthetic process from acetate	108013098
GO:0019430	removal of superoxide radicals	108005172 108014256
GO:0019432	triglyceride biosynthetic process	108004934 108008582 108008596 108009438 108010123 108012123 108015281 108017495 108019527 108019527 108019743
GO:0019433	triglyceride catabolic process	108005494 108013387 108018137
GO:0019441	L-tryptophan catabolic process to kynurenine	108021836 108021836
GO:0019442	L-tryptophan catabolic process to acetyl-CoA	108021836
GO:0019448	L-cysteine catabolic process	108018169
GO:0019464	glycine decarboxylation via glycine cleavage system	108012054 108013100 108013100
GO:0019478	D-amino acid catabolic process	108008444 108009251
GO:0019481	L-alanine catabolic process, by transamination	108007697
GO:0019509	L-methionine salvage from methylthioadenosine	108006631 108009256 108010837 108012636 108013722 108013722 118878055 118878055
GO:0019511	peptidyl-proline hydroxylation	108016438
GO:0019531	oxalate transmembrane transporter activity	108018644
GO:0019543	propionate catabolic process	108018126 108018203
GO:0019544	L-arginine catabolic process to L-glutamate	108019344
GO:0019547	obsolete arginine catabolic process to ornithine	108016813
GO:0019563	glycerol catabolic process	108016474
GO:0019628	urate catabolic process	108005933
GO:0019673	GDP-mannose metabolic process	108020960 108020960
GO:0019674	NAD+ metabolic process	108009856 108009856 108019780 108019781
GO:0019693	ribose phosphate metabolic process	108011701 108011704
GO:0019695	choline metabolic process	108018765
GO:0019706	protein-cysteine S-palmitoyltransferase activity	108012913 108016729 108021520
GO:0019722	calcium-mediated signaling	108012948 108014807 108014807
GO:0019731	antibacterial humoral response	108006756 108006756 108016454 108016454 108016455 108016455 108016457 108016457 108016465 108016465 108017949
GO:0019732	antifungal humoral response	108017949
GO:0019752	carboxylic acid metabolic process	108005883 108006691 108009973 108015229 108018603 108021026
GO:0019773	proteasome core complex, alpha-subunit complex	108006275 108006275 108006874 108006874 108008531 108008531 108008552 108008552 108008553 108008553 108008719 108008719 108010228 108010228 108010582 108010582 108010589 108010589 108017086 108017086 108018673 108018673
GO:0019774	proteasome core complex, beta-subunit complex	108010719 108011553
GO:0019776	Atg8-family ligase activity	108015927 108021826
GO:0019777	Atg12 transferase activity	108009540
GO:0019778	Atg12 activating enzyme activity	108018176
GO:0019779	Atg8 activating enzyme activity	108018176
GO:0019781	NEDD8 activating enzyme activity	108014598 108014598 108019854 108019854
GO:0019784	deNEDDylase activity	108004943 108008464
GO:0019786	protein-phosphatidylethanolamide deconjugating activity	108006413 108021206
GO:0019789	SUMO transferase activity	108017467 108019006
GO:0019799	tubulin N-acetyltransferase activity	108005232 108005232 108013064 108013064
GO:0019805	quinolinate biosynthetic process	108009066
GO:0019825	oxygen binding	108013802 108014549 108014549 108015979
GO:0019826	oxygen sensor activity	108004915
GO:0019829	ATPase-coupled monoatomic cation transmembrane transporter activity	108020380 108021181
GO:0019842	vitamin binding	108012823
GO:0019843	rRNA binding	108005493 108007656 108008787 108008787 108009081 108009081 108009083 108011266 108011266 108011410 108011573 108012331 108012446 108012446 108013527 108014405 108014405 108016670 108016676 108017791 108018637 108018637 108019878 108020067 108021080
GO:0019853	L-ascorbic acid biosynthetic process	108005176 108015611
GO:0019856	pyrimidine nucleobase biosynthetic process	108013361
GO:0019867	outer membrane	108009719
GO:0019870	potassium channel inhibitor activity	108006904
GO:0019871	sodium channel inhibitor activity	108004803
GO:0019878	lysine biosynthetic process via aminoadipic acid	108012985 108015232
GO:0019887	protein kinase regulator activity	108005297 108005297 108008649 108008649 108008729 108008729 108009127 108011730 108018373
GO:0019888	protein phosphatase regulator activity	108007266 108013194 108013927 108013927 108015569 108019100 108019100 108021314 136117283 136117283
GO:0019894	kinesin binding	108004742 108007589 108012895 108019474 108020396 108021227 118877253 139353473
GO:0019898	extrinsic component of membrane	108007274 108010215 108010303 108012888 108013091 108017918 108018448 108021167
GO:0019900	kinase binding	108008744 108013512 108013878 108016807
GO:0019901	protein kinase binding	108004635 108005560 108005740 108005837 108007746 108007976 108007994 108009598 108009749 108009780 108009877 108011599 108011801 108012374 108012384 108013331 108013676 108014022 108015011 108015775 108017777 108018373 108019299 108019729 108020021 108021431 108021717 139353993
GO:0019902	phosphatase binding	108004555 108009069 108010924 108010924 108018753 108018753 108019255 108019255 118877970 118877970
GO:0019903	protein phosphatase binding	108006310 108009618 108013194 108013194 108016895
GO:0019904	protein domain specific binding	108006039 108008083 108013077 108014292
GO:0019905	syntaxin binding	108004974 108005140 108005742 108008586 108009467 108009470 108009952 108011619 108011619 108012906 108015412 108015443 108015443 108015563 108016705 108020048 108021274 108021484 108021581 118877872 118877958 139353199
GO:0019915	lipid storage	108005114 108011886 108013227 108013227 108014472 108014472 108015137 108015137
GO:0019933	cAMP-mediated signaling	108021034
GO:0019934	cGMP-mediated signaling	108007582 108017081
GO:0019941	modification-dependent protein catabolic process	108004733 108004978 108006803 108021494 108021658
GO:0019948	SUMO activating enzyme activity	108012848 108012848 108018671 118878658
GO:0019985	translesion synthesis	108006082 108009064 108009284 108018138
GO:0019991	septate junction assembly	108011424 108011935 108012421 108013248 108015333 108015380 108015381 108016589
GO:0019992	diacylglycerol binding	108020331
GO:0020037	heme binding	108004657 108004734 108004830 108004830 108004847 108004847 108004856 108004915 108004937 108005183 108005242 108005397 108005433 108005504 108005505 108005841 108005858 108005858 108005979 108005981 108006234 108006237 108006685 108007096 108007582 108007725 108007842 108007869 108007869 108007968 108008061 108008102 108008189 108008381 108008671 108008943 108008944 108008945 108008946 108008947 108008948 108008949 108009153 108009231 108009232 108009264 108009272 108009751 108009764 108009764 108009815 108010848 108010880 108011218 108011444 108011479 108011722 108011869 108012053 108012166 108012453 108012461 108012816 108013252 108013351 108013351 108013802 108013828 108013829 108014127 108014222 108014401 108014549 108014582 108014659 108014659 108014671 108014671 108014680 108014680 108014750 108014789 108014789 108014938 108014959 108015390 108015530 108015840 108015929 108015929 108015979 108016827 108016828 108016931 108016946 108016981 108017081 108017397 108017524 108017560 108017740 108017741 108017783 108017819 108017871 108018006 108018008 108018123 108018123 108018132 108018693 108018878 108019259 108019387 108019485 108019588 108019591 108019592 108019593 108019594 108019629 108019631 108019644 108019793 108020556 108020789 108021052 108021052 108021112 108021129 108021140 108021276 108021276 108021541 108021548 108021549 108021574 108021821 108021836 108021836 118877697 118878588 136116477 139352569 139354644
GO:0021520	spinal cord motor neuron cell fate specification	108006818
GO:0021556	central nervous system formation	108009196 108009350 108012558 108016137 108018935 108020187
GO:0021675	nerve development	108009498
GO:0021952	central nervous system projection neuron axonogenesis	108020959
GO:0021987	cerebral cortex development	108005937
GO:0022008	neurogenesis	108009404 108013590 108016094 108017060 108018866 108020786
GO:0022417	obsolete protein maturation by protein folding	108019301
GO:0022618	protein-RNA complex assembly	139352177
GO:0022625	cytosolic large ribosomal subunit	108004661 108005404 108005773 108006006 108006597 108006597 108006734 108007117 108007432 108008371 108008371 108008387 108008388 108008787 108008831 108009061 108009131 108009151 108009177 108010120 108010256 108010846 108011934 108012391 108013031 108013527 108014059 108014161 108014216 108015003 108015324 108015378 108015851 108016264 108017506 108017966 108017966 108018433 108018650 108019308 108020605 108020720 108021011 108021148 108021148 108021165 108021285 108021285 108021441 139352168 139352177 139352928 139353050 139353149 139353906 139354570 139354740 139354741 139354861 139355002
GO:0022627	cytosolic small ribosomal subunit	108004563 108005166 108005493 108006717 108006793 108006895 108007656 108007902 108008423 108008443 108008470 108008498 108010567 108010570 108011119 108011263 108012446 108014935 108015009 108015488 108015832 108016485 108016622 108017469 108017624 108018185 108018501 108018733 108020183 108021355 118877672 139352174 139353027 139354670
GO:0022841	potassium ion leak channel activity	108009731 108010163 108013272 108014979 108015854 108016558 108016561 108017515 108019925 108021788 118877935
GO:0022848	acetylcholine-gated monoatomic cation-selective channel activity	108006426 108006426 108015077 108015189 108017582 108017582 108018039 108018807 108018807 108018853 108018853 108020196 108020196 108021510 139353246
GO:0022857	transmembrane transporter activity	108005035 108005036 108005419 108005497 108005497 108005872 108005886 108005940 108006276 108006276 108006649 108006880 108006880 108006928 108006929 108007155 108007206 108007206 108007244 108007244 108007268 108007268 108007341 108007360 108007361 108007389 108007762 108007767 108007769 108008121 108008121 108008122 108008122 108008123 108008123 108008409 108008409 108008741 108008741 108008748 108008748 108008786 108008786 108008794 108008973 108009362 108009362 108009363 108009363 108009659 108009717 108009717 108009781 108010697 108010708 108010812 108010812 108010921 108010934 108011296 108011296 108011417 108011582 108011582 108012255 108012312 108012502 108012576 108012605 108012616 108012965 108012966 108013146 108013147 108013312 108014179 108014196 108014197 108014198 108014199 108014201 108014349 108014404 108014526 108014528 108014805 108014840 108015045 108015337 108015398 108015568 108015575 108015607 108015668 108015694 108015963 108016691 108016691 108016865 108017072 108017072 108017084 108017084 108017112 108017112 108018120 108018120 108018167 108018167 108018182 108018182 108018215 108018215 108018324 108018783 108019396 108019458 108019506 108019614 108019614 108019785 108019815 108019815 108019899 108020066 108020066 108020253 108020629 108020633 108020667 108020996 108020996 108021061 108021168 108021168 108021347 108021452 108021473 108021473 108021524 108021524 118876769 118877099 118877099 118877710 118877710 118878480 118878480 139352310 139352892 139352892 139353010
GO:0022900	electron transport chain	108008354 108008354 108009379 108015186 108015186
GO:0022904	respiratory electron transport chain	108012642 108012642 108014945 108017789 108021191 108021191
GO:0023041	neuronal signal transduction	108005321 108009463 108009463
GO:0023052	signaling	108019827 108019827 139354464 139354464
GO:0030001	metal ion transport	108015547 108017972 108018401 108018401
GO:0030003	intracellular monoatomic cation homeostasis	108009715 108013239 108013459
GO:0030007	intracellular potassium ion homeostasis	108008702 108010747 108010749 108018387 108020430 108020696 108020994 108021156 108021514
GO:0030008	TRAPP complex	108006422 108007493 108007870 108007870 108009807 108012838 108012981 108012981 108018585 108018585
GO:0030010	establishment of cell polarity	108011139 108016084 108017545
GO:0030014	CCR4-NOT complex	108008060 108010100 108010100 108010801 108010801 108014668 108015024 108015024 108020623 108020888
GO:0030015	CCR4-NOT core complex	108009071 108010309 108010801 108014668 108015024 108016244 139354519 139354519
GO:0030016	myofibril	108017207 108017244
GO:0030017	sarcomere	108012691 108016976
GO:0030018	Z disc	108005002 108005482 108006664 108008487 108010174 108010850 108013117 108013190 108013215 108014036 108016643 108016881 108017934 108019716 108019922 108020336
GO:0030020	extracellular matrix structural constituent conferring tensile strength	108005854 108006994 108018646 108019307
GO:0030026	intracellular manganese ion homeostasis	108019396
GO:0030027	lamellipodium	108009449 108013000 108015645 108017206 108017378
GO:0030031	cell projection assembly	108007448 108013737 108014479 108017967 108018249
GO:0030032	lamellipodium assembly	108010559
GO:0030036	actin cytoskeleton organization	108004602 108005428 108005581 108006251 108007072 108008487 108009248 108009637 108009769 108010265 108011801 108012036 108012870 108013117 108013215 108013737 108013737 108014138 108014149 108014971 108014978 108016643 108016809 108016845 108016849 108016881 108017459 108017934 108019922 108019991 108020155 108020893 108021202 108021316 118877684
GO:0030041	actin filament polymerization	108007498 108009082 108011933 108012947 108014956 108016217 108016898 108016989 108018320 108018320 108019161 108021196 108021202 108021375 108021437 139352190
GO:0030042	actin filament depolymerization	108013385 108017207
GO:0030043	actin filament fragmentation	108004841 108008480
GO:0030047	actin modification	108016899
GO:0030050	vesicle transport along actin filament	108013390 108015742 108018059 108020607 108021216 108021600 136117703
GO:0030054	cell junction	108007072 108012870 108013417 108016643 108016809 108021381
GO:0030055	cell-substrate junction	108006875 108011829
GO:0030060	L-malate dehydrogenase (NAD+) activity	108006691 108006691 108006704 108006704 108018603 108018603 108021534 108021534
GO:0030071	regulation of mitotic metaphase/anaphase transition	108015002
GO:0030091	protein repair	108012127
GO:0030100	regulation of endocytosis	108009190 108012388 108018495 108020474 108020474
GO:0030117	membrane coat	108008426 108013724 108013733 108014429 108015788 108016877 108016908 108020874
GO:0030121	AP-1 adaptor complex	108015788 108016877 108016877 108017485 139352153
GO:0030122	AP-2 adaptor complex	108014429 108020490 108020874 108020874 139352153
GO:0030123	AP-3 adaptor complex	108008426 108013724 108013724 108016908
GO:0030125	clathrin vesicle coat	108005311 108005848 108020508
GO:0030126	COPI vesicle coat	108005904 108010449 108010449 108010860 108010860 108012904 108012904 108016600 108021258 118877407
GO:0030127	COPII vesicle coat	108006745 108006745 108009392 108009392 108015827 108019851 108020494 108021146 108021146
GO:0030130	clathrin coat of trans-Golgi network vesicle	108011457 108011457 108019093
GO:0030131	clathrin adaptor complex	108013733 108016610 108017477
GO:0030132	clathrin coat of coated pit	108009194 108011457 108011457 108019093
GO:0030133	transport vesicle	108010710 118877633 118877633
GO:0030134	COPII-coated ER to Golgi transport vesicle	108004819 108005020 108005175 108005193 108006373 108006605 108008319 108008403 108009875 108011868 108012364 108012520 108014090 108014259 108014560 108016637 108016812 108017195 108020639
GO:0030136	clathrin-coated vesicle	108017128 108017128 108017449 108017477 108020474 108021371 118877437
GO:0030139	endocytic vesicle	108004683 108006223 108012379 108013112 108014175 108019082 108020607 118877610
GO:0030140	trans-Golgi network transport vesicle	108005790 108013107 108016590
GO:0030141	secretory granule	108015228 108015326 108016248 108016248 108020048
GO:0030145	manganese ion binding	108005067 108006224 108007696 108008533 108008533 108008555 108008555 108010040 108011591 108011591 108012503 108012503 108012941 108012941 108013572 108013572 108013633 108013633 108016813 108017536 108018126 108018203 108018404 108019189 108019460 108019638 108019638 108019650 108019650 108020535 118877563 118877563
GO:0030148	sphingolipid biosynthetic process	108005609 108005617 108007935 108007935 108009604 108011622 108011633 108012186 108012188 108012193 108012198 108014597 108016205 108016207 108016209 108016212 108017057 108017445 108017615 108018024 108018025 108021247 118876772
GO:0030149	sphingolipid catabolic process	108009973
GO:0030150	protein import into mitochondrial matrix	108004619 108004625 108004760 108004760 108005543 108006945 108006955 108007013 108007013 108007247 108007247 108010213 108010868 108013618 108014258 108014558 108015094 108016390 108017038 108017562 108017562 108017579 108018048 108018929 108018952 108018962 108019626 108019838 108019838 108021523 118877797 136117706
GO:0030151	molybdenum ion binding	108009945 108011218 108015418
GO:0030154	cell differentiation	108004813 108005038 108005039 108005155 108005237 108005888 108006617 108006908 108007264 108007867 108007982 108008083 108008515 108008546 108010479 108010809 108010964 108011176 108011525 108011860 108011911 108012350 108012531 108012625 108012687 108013344 108013345 108013509 108013595 108013845 108013856 108013874 108013993 108014581 108015322 108015573 108016024 108016032 108016164 108016421 108016546 108016748 108016885 108017295 108017456 108017686 108018268 108018281 108018392 108018430 108018860 108018886 108018966 108019133 108019289 108019424 108019790 108020099 108020347 108020365 108020954 108021244 108021272 108021508 108021641
GO:0030155	regulation of cell adhesion	108005410 108013119
GO:0030158	protein xylosyltransferase activity	108013101
GO:0030159	signaling receptor complex adaptor activity	108007589 108011059 108018932 108019131
GO:0030160	synaptic receptor adaptor activity	108009307
GO:0030162	regulation of proteolysis	108004854 108021658 118877613 139352159
GO:0030163	protein catabolic process	108010680
GO:0030165	PDZ domain binding	108005379 108009127
GO:0030166	proteoglycan biosynthetic process	108006611 108010644
GO:0030170	pyridoxal phosphate binding	108005350 108005536 108005536 108005883 108006531 108007697 108007865 108008328 108009376 108009945 108009956 108009973 108011135 108011135 108011828 108012054 108013382 108013439 108014102 108014788 108015229 108015418 108016462 108016462 108018046 108018046 108018055 108018056 108018647 108019344 108019344 108019499 108019858 108021026 108021098 108021102 108021102 108021235 108021246
GO:0030174	regulation of DNA-templated DNA replication initiation	108017994
GO:0030175	filopodium	108014990 108015316 108016514
GO:0030177	positive regulation of Wnt signaling pathway	108006964 108017198
GO:0030178	negative regulation of Wnt signaling pathway	108006222 108020747
GO:0030182	neuron differentiation	108005646 108006227 108007272 108007279 108007283 108008500 108008538 108008549 108008603 108010122 108010464 108010711 108011840 108012284 108012572 108012587 108014974 108015783 108016875 108018597 108019800 108020076 108021672 118877962 118877963 118878591 136116533 139354509
GO:0030198	extracellular matrix organization	108005854 108006437 108006437 108006994 108007623 108009482 108009739 108010258 108013431 108015473 108015473 108015689 108015689 108016522 108018646 108019066 108019066 108019288 108019307 108021735
GO:0030200	heparan sulfate proteoglycan catabolic process	108020122
GO:0030203	glycosaminoglycan metabolic process	108009347 108014973 108019919 108020054
GO:0030206	obsolete chondroitin sulfate biosynthetic process	108005450 108009949 108019151
GO:0030215	semaphorin receptor binding	108007872 108007872 108009621 108009640 108009640 108009916 108014655
GO:0030234	enzyme regulator activity	108005985 108006802 108007165 108007165 108007236 108007566 108009775 108009793 108012235 108015408 108016248 108017785 108020726 108021197 139354071 139354512
GO:0030239	myofibril assembly	108015190 108017244
GO:0030242	autophagy of peroxisome	108005727 108007994 108009581
GO:0030246	carbohydrate binding	108004894 108004975 108004976 108005892 108007375 108008623 108008636 108008798 108008829 108009205 108009964 108010463 108010739 108010867 108011227 108012473 108012550 108012868 108013446 108013712 108014576 108014744 108014745 108015846 108017631 108018062 108018082 108018177 108018232 108018957 108019013 108019227 108019662 108019771 108021208 108021302 108021699 118877452 139352537 139352815
GO:0030258	lipid modification	108009401 108010427 108021099 118877513
GO:0030261	chromosome condensation	139352211 139352214 139352217 139352218 139352220 139352221 139352224 139352227 139352230 139352232 139352234 139352237 139352240 139352242 139352252 139352266 139352270 139352275 139352279 139352283 139352328 139352333 139352337 139352341 139352348 139352359 139352364 139352370 139352375 139352383 139352401 139352405 139352410 139352417 139352422 139352424 139352426 139352428 139352431 139352434 139352435 139352442 139352444 139352446 139352448 139352454
GO:0030267	glyoxylate reductase (NADPH) activity	108004872 108020500 108020523 108020548
GO:0030272	5-formyltetrahydrofolate cyclo-ligase activity	108009679
GO:0030274	LIM domain binding	108008308
GO:0030276	clathrin binding	108005352 108005848 108010910 108013157 108013733 108015563 108017485 108018438 108020403 108020508 108021274
GO:0030286	dynein complex	108009105 108009105 108011632 108012831 108013006 108013006 108014446 108014446 108015691 108015691 108016798 108016798 108018365 108018365 108019204 108019204 108020148 108020148 139353701 139353701
GO:0030289	protein phosphatase 4 complex	108017542 108019100 108019100 136117283 136117283
GO:0030295	protein kinase activator activity	108017376 108017545 108020513 108021011
GO:0030297	transmembrane receptor protein tyrosine kinase activator activity	108010324
GO:0030299	intestinal cholesterol absorption	108015432 108020980
GO:0030307	positive regulation of cell growth	108004593
GO:0030314	junctional membrane complex	108018708
GO:0030315	T-tubule	108013007
GO:0030317	flagellated sperm motility	108011004
GO:0030318	melanocyte differentiation	108016157
GO:0030322	stabilization of membrane potential	108009731 108010163 108013272 108014979 108015854 108016558 108016561 108017515 108019925 108021788 118877935
GO:0030330	DNA damage response, signal transduction by p53 class mediator	108012877
GO:0030331	nuclear estrogen receptor binding	108016886
GO:0030332	cyclin binding	108006911 108010057 108010546 108015840 108017962
GO:0030334	regulation of cell migration	108013119 108015573 108020382 108020383
GO:0030335	positive regulation of cell migration	108007872 108009621 108009640 108009916 108014655
GO:0030336	negative regulation of cell migration	108008491 108016878
GO:0030337	DNA polymerase processivity factor activity	108007670 108009284 108009284 108018138 108018138
GO:0030350	iron-responsive element binding	108005987 118877643
GO:0030366	molybdopterin synthase activity	108017666
GO:0030371	translation repressor activity	108013055 108017922 108018037
GO:0030374	obsolete nuclear receptor coactivator activity	108011652 108013348 108016245
GO:0030388	fructose 1,6-bisphosphate metabolic process	108009662 108014070 108018420 108021396
GO:0030414	peptidase inhibitor activity	108008442 108015783 108020969
GO:0030422	siRNA processing	108005959 108005959 108009104 108009639 108012734 108013839 108015085 108015247 108019046 108021374 118878272
GO:0030424	axon	108005593 108005846 108006223 108007289 108008257 108008259 108008273 108008532 108008537 108008662 108009006 108009593 108009618 108009716 108009836 108010671 108010686 108010887 108011040 108011348 108011647 108011805 108011955 108012670 108012672 108012988 108013143 108013200 108013298 108013324 108013408 108013588 108013596 108013710 108013863 108013881 108013958 108014244 108014433 108014859 108014918 108015099 108015176 108015352 108015416 108015563 108015912 108016151 108016168 108016174 108016175 108016177 108016422 108016582 108016739 108016740 108016933 108017387 108017600 108017782 108017950 108018189 108018359 108018438 108018598 108019509 108019510 108019512 108020043 108020919 108021274 108021350 108021376 139352936
GO:0030425	dendrite	108005379 108008257 108008259 108008273 108008532 108009006 108009292 108009716 108009834 108010545 108010686 108010941 108011040 108011348 108011805 108012222 108012670 108012672 108012908 108012948 108012988 108013000 108013143 108013200 108013298 108013588 108013596 108013710 108014148 108014918 108015352 108015416 108015645 108016014 108016151 108016168 108016174 108016175 108016177 108016582 108016595 108016739 108016774 108016804 108017387 108018189 108019509 108019510 108019512 108020130 108020405 108020919 108021313 108021350 118878130 118878561 136116999 139352873
GO:0030426	growth cone	108005560 108013190
GO:0030427	site of polarized growth	108004849 108012860 108013000 108018374
GO:0030428	cell septum	108007770 108011245
GO:0030431	sleep	108004604 108006037 108006299 108006313 108006453 108007931 108008228 108008250 108008299 108008890 108009497 108009985 108010706 108016680 108017471 108019873 108021607
GO:0030433	obsolete ubiquitin-dependent ERAD pathway	108004945 108005296 108005826 108006863 108007242 108007817 108009200 108009228 108009876 108010808 108011151 108011970 108013342 108013932 108014461 108014686 108014830 108015375 108016866 108017487 108020928 108020955 118877780
GO:0030473	nuclear migration along microtubule	108008965
GO:0030479	actin cortical patch	108004841 108004925 108008480 108009769 108011159 108013276 108018626 118877437
GO:0030488	tRNA methylation	108009165 108009547 108013513 108013729 108014062 108014062 108016019 108016304 108016754 108017474 108018412 108019195 108019205 108020146 108020482 108020482 108020637 108021693 108021693 118877894
GO:0030490	maturation of SSU-rRNA	108004898 108007895 108009177 108009942 108010658 108010689 108015009 108015382 108016104 108017490 118877370 118877733 139352174 139353027
GO:0030496	midbody	108006001 108011277 108013112 108013327 108017788 108019218 108019620
GO:0030497	fatty acid elongation	108017057 108021247
GO:0030507	spectrin binding	108009074 108020400
GO:0030509	BMP signaling pathway	108010809 108011857 108014910 108020099
GO:0030510	regulation of BMP signaling pathway	108006262 108015306 108020025
GO:0030511	positive regulation of transforming growth factor beta receptor signaling pathway	108005772
GO:0030513	positive regulation of BMP signaling pathway	108010168
GO:0030514	negative regulation of BMP signaling pathway	108009578 108010099 108013795 108015549 108019111 108019182 108020393
GO:0030515	snoRNA binding	108004739 108005011 108008606 108008606 108009081 108011695 108015361 108015361 108020511 108020910 118877733
GO:0030527	structural constituent of chromatin	108006791 108006860 108006860 108016763 108016763 108017891 108017891 108018019 108018019 108018758 108018758 108019847 108019847 108021408 108021408 108021824 108021824 139352208 139352209 139352209 139352210 139352211 139352212 139352212 139352213 139352213 139352214 139352215 139352216 139352216 139352217 139352218 139352219 139352219 139352220 139352221 139352223 139352224 139352226 139352227 139352229 139352229 139352230 139352232 139352234 139352235 139352236 139352236 139352237 139352238 139352239 139352239 139352240 139352241 139352241 139352242 139352243 139352243 139352244 139352244 139352245 139352246 139352246 139352247 139352248 139352248 139352250 139352251 139352251 139352252 139352253 139352253 139352254 139352255 139352255 139352256 139352256 139352257 139352257 139352258 139352258 139352259 139352260 139352260 139352261 139352261 139352262 139352263 139352263 139352264 139352264 139352265 139352265 139352266 139352267 139352267 139352268 139352269 139352269 139352270 139352271 139352271 139352272 139352272 139352273 139352274 139352274 139352275 139352276 139352276 139352277 139352278 139352278 139352279 139352280 139352280 139352281 139352282 139352282 139352283 139352284 139352284 139352285 139352285 139352286 139352286 139352287 139352288 139352288 139352289 139352289 139352290 139352290 139352291 139352291 139352292 139352292 139352293 139352293 139352294 139352294 139352295 139352296 139352296 139352297 139352297 139352298 139352298 139352299 139352300 139352300 139352301 139352301 139352302 139352302 139352303 139352304 139352304 139352305 139352305 139352323 139352324 139352324 139352325 139352325 139352326 139352327 139352327 139352328 139352329 139352329 139352330 139352330 139352331 139352332 139352332 139352333 139352334 139352334 139352335 139352335 139352336 139352336 139352337 139352338 139352338 139352339 139352340 139352340 139352341 139352342 139352342 139352343 139352343 139352344 139352344 139352345 139352345 139352346 139352347 139352347 139352348 139352349 139352349 139352350 139352350 139352351 139352352 139352352 139352353 139352353 139352354 139352355 139352355 139352356 139352356 139352357 139352358 139352358 139352359 139352360 139352360 139352361 139352361 139352362 139352363 139352363 139352364 139352365 139352365 139352366 139352367 139352367 139352368 139352368 139352369 139352369 139352370 139352371 139352371 139352372 139352372 139352373 139352374 139352374 139352375 139352376 139352376 139352377 139352378 139352378 139352379 139352379 139352380 139352380 139352381 139352381 139352382 139352383 139352384 139352384 139352385 139352386 139352386 139352387 139352387 139352388 139352388 139352389 139352390 139352390 139352391 139352391 139352392 139352393 139352393 139352394 139352394 139352395 139352396 139352396 139352397 139352397 139352398 139352398 139352399 139352400 139352400 139352401 139352402 139352402 139352403 139352404 139352404 139352405 139352406 139352406 139352407 139352407 139352408 139352409 139352409 139352410 139352411 139352411 139352412 139352413 139352413 139352414 139352414 139352415 139352416 139352416 139352417 139352418 139352418 139352419 139352419 139352420 139352421 139352421 139352422 139352423 139352423 139352424 139352425 139352425 139352426 139352427 139352427 139352428 139352429 139352429 139352430 139352431 139352432 139352432 139352433 139352434 139352435 139352436 139352436 139352437 139352438 139352438 139352439 139352439 139352440 139352440 139352441 139352441 139352442 139352443 139352443 139352444 139352445 139352445 139352446 139352447 139352447 139352448 139352449 139352449 139352454 139352456 139352521 139352521 139352541 139352541 139352559 139352560 139352567 139352573 139352573 139352582 139352595 139352596 139352954 139353345 139354938 139354938 139354994 139355176 139355176 139355184 139355184
GO:0030544	Hsp70 protein binding	108005455 108008461 108008820 108011968 108012827 108013076 108017744 108018010 108018300 108018892 108020859
GO:0030552	cAMP binding	108009750 108015170
GO:0030553	cGMP binding	108009425 108010086 108010323
GO:0030574	collagen catabolic process	108009482 108009739
GO:0030576	Cajal body organization	108018319
GO:0030586	[methionine synthase] reductase (NADPH) activity	108004954
GO:0030594	neurotransmitter receptor activity	108010545 108010941 108012222 108012887 108016774 108017645 108018926 108018976 108020130 118878130 118878561 136116999 139352873
GO:0030619	U1 snRNA binding	108004575 108009102 108021388 108021388
GO:0030620	U2 snRNA binding	108009102 108013299 108018210
GO:0030621	U4 snRNA binding	108004807
GO:0030623	U5 snRNA binding	108009102 108009102 108014823
GO:0030626	U12 snRNA binding	108009560
GO:0030627	pre-mRNA 5'-splice site binding	108007625 108020118
GO:0030628	pre-mRNA 3'-splice site binding	108006272 108008762 108011720 108019493 108021438
GO:0030659	cytoplasmic vesicle membrane	108005634 108013740 108019161 108019209 108019910
GO:0030660	Golgi-associated vesicle membrane	108015522
GO:0030667	secretory granule membrane	108007427 108018944 118877277
GO:0030670	phagocytic vesicle membrane	108012992
GO:0030672	synaptic vesicle membrane	108005596 108006261 108006787 108007411 108011457 108015563 108018158 108019735 108019777 108020331 108021274
GO:0030674	protein-macromolecule adaptor activity	108004593 108004745 108005517 108006694 108007237 108008365 108008505 108009446 108010595 108014255 108014740 108016929 108018067 139352907
GO:0030677	ribonuclease P complex	118877373 118877373 118877375
GO:0030678	mitochondrial ribonuclease P complex	108019963
GO:0030681	multimeric ribonuclease P complex	108019302 118878107
GO:0030686	90S preribosome	108005876 108006850 108007126 108007486 108009276 108009761 108013453 108015312 108016485 108016622 108017490 108017800 108019186 108020910 118877953
GO:0030687	preribosome, large subunit precursor	108007655 108008316 108009219 108009319 108009468 108010864 108010958 108011422 108011497 108014088 108014405 108015018 108016791 108019123 108021212 108021492
GO:0030688	preribosome, small subunit precursor	108004739 108007126 108007895 108009517 108010689 108013144 108015382 108017800 108021233 108021233
GO:0030690	Noc1p-Noc2p complex	108021213
GO:0030691	Noc2p-Noc3p complex	108021213
GO:0030692	Noc4p-Nop14p complex	108016104 108019221
GO:0030705	cytoskeleton-dependent intracellular transport	108007167 108007167 108021242 108021242
GO:0030719	P granule organization	108004777 108009428 108010278 108021474
GO:0030735	carnosine N-methyltransferase activity	108016935
GO:0030832	regulation of actin filament length	108019030
GO:0030833	regulation of actin filament polymerization	108004849 108005241 108007407 108013000 108013293 108013410 108014479 108014479 108014553 108015645 108018374 108021176 108021371
GO:0030837	negative regulation of actin filament polymerization	108009519 118877684
GO:0030838	positive regulation of actin filament polymerization	108014971 108020136
GO:0030864	cortical actin cytoskeleton	108004849 108004974 108007072 108009765 108012870 108013000 108013385 108016643 108016809 108018374
GO:0030865	cortical cytoskeleton organization	108005740 108005837 108012374 108015775 108018514
GO:0030866	cortical actin cytoskeleton organization	108004974 108007448 108011141 108013015 108013052 108013224 108021375
GO:0030867	rough endoplasmic reticulum membrane	108005321 108009463 108009463
GO:0030870	Mre11 complex	108005067 108005067 108010210 108010210 108013559 108013559
GO:0030877	beta-catenin destruction complex	108007294 108019299 108020590
GO:0030891	VCB complex	108007813
GO:0030892	mitotic cohesin complex	108011149
GO:0030896	checkpoint clamp complex	108005936 108005936 108006705 108020730 108020730
GO:0030897	HOPS complex	108006983 108013290 108016929 139352907 139355006
GO:0030904	retromer complex	108008065 108009426 108016783 108021035 108021035
GO:0030906	retromer, cargo-selective complex	108009426 108009426
GO:0030915	Smc5-Smc6 complex	108006882 108009147 108009762 108009762 108011944 108018994 108020607
GO:0030942	endoplasmic reticulum signal peptide binding	108007814 108007814 108013405 108013405 108014459
GO:0030943	mitochondrion targeting sequence binding	108005543 108005697 108017038 108021523
GO:0030951	establishment or maintenance of microtubule cytoskeleton polarity	108014562
GO:0030955	potassium ion binding	108009128 108009128 108013599 108015611 108015611 108017623 108017623 108020495 108020495 108020525 108020525
GO:0030956	glutamyl-tRNA(Gln) amidotransferase complex	108014142 108014142 108015786 108021557
GO:0030968	endoplasmic reticulum unfolded protein response	108004945 108005296 108006414 108007086 108007817 108008744 108014461 108015241 108016081 108016854 118877780
GO:0030970	retrograde protein transport, ER to cytosol	108004945 108009876
GO:0030971	receptor tyrosine kinase binding	108012346 108012978 108020343 108021008
GO:0030974	thiamine pyrophosphate transmembrane transport	108012128
GO:0030975	thiamine binding	108007249
GO:0030976	thiamine pyrophosphate binding	108006828 108006828 108007980 108010762 108010762 108012820 108012820 108018072 108018072 108019541
GO:0030983	mismatched DNA binding	108013752 108013753 108014253 108014253 108018099 108019891 108021560 108021560
GO:0030991	intraciliary transport particle A	108010314 108012344 108013626 108014295 108014295 108020284
GO:0030992	intraciliary transport particle B	108007660 108007882 108010883 108011592 108011984 108012107 108012645 108017702 108018583 108020489
GO:0031011	Ino80 complex	108008559 108011561 108011834 108012039 108015069 108015538 108016790 108017563 108017563 108018612 118877514 139354675 139354866 139354866
GO:0031012	extracellular matrix	108005005 108005828 108006083 108006378 108006437 108006715 108006786 108007042 108007623 108008175 108008364 108008588 108008648 108008660 108008739 108009322 108009482 108009492 108009739 108009783 108010198 108010222 108010258 108010645 108010651 108010652 108010653 108010667 108010858 108011129 108012325 108012643 108012666 108012714 108012727 108012733 108012770 108012794 108013129 108013136 108013444 108013454 108013464 108013484 108013564 108013912 108014183 108014237 108014242 108014243 108014245 108014254 108014649 108015473 108015555 108015689 108016522 108017100 108018377 108018782 108018973 108019066 108019288 108019555 108019682 108020009 108020044 108020045 108020289 108020758 108020759 108021145 108021735 118877231 118877368 118878011 118878047
GO:0031021	interphase microtubule organizing center	108012459
GO:0031023	microtubule organizing center organization	108009779
GO:0031032	actomyosin structure organization	108009314 108011141 108011737 108013998 108014539
GO:0031045	dense core granule	108015563 108021274
GO:0031047	regulatory ncRNA-mediated gene silencing	108012855 108021354 108021436 108021469 139353041
GO:0031048	regulatory ncRNA-mediated heterochromatin formation	108004858 108005317 118877869
GO:0031053	primary miRNA processing	108010848 108010967 108019813
GO:0031054	pre-miRNA processing	108005959 108005959 108011408 108019813 108019813
GO:0031071	cysteine desulfurase activity	108021246 108021246
GO:0031072	heat shock protein binding	108006041 108010015 108012384 108013186 108014698
GO:0031080	nuclear pore outer ring	108006188 108007887 108015827 108017509 108019722 108021117 118877638 118879787
GO:0031083	BLOC-1 complex	108009020 108010710 108012655 108014089 108020731 118877633 118877633
GO:0031085	BLOC-3 complex	108009491 108010175
GO:0031087	deadenylation-independent decapping of nuclear-transcribed mRNA	108004786 108004786 108010223 108016008
GO:0031090	organelle membrane	108020137
GO:0031105	septin complex	108005457 108011229 108019568 108019658 118877942
GO:0031106	septin ring organization	108009452 108018007
GO:0031110	regulation of microtubule polymerization or depolymerization	108006856 108007701 108009389 108015216 108017797 108018159 108019231 108020240 118878373 118878374 139355114 139355114
GO:0031114	regulation of microtubule depolymerization	108016595
GO:0031118	rRNA pseudouridine synthesis	108008606 108010208
GO:0031119	tRNA pseudouridine synthesis	108009608 108012001 108012001 108013124 108021091
GO:0031120	snRNA pseudouridine synthesis	108008606 108010208
GO:0031122	cytoplasmic microtubule organization	108005361 108005379 108005770 108006798 108007167 108008281 108008967 108009074 108010671 108013324 108013721 108013725 108014663 108015345 108015801 108017674 108021242 108021242 108021282
GO:0031123	RNA 3'-end processing	108014837 108015274
GO:0031124	mRNA 3'-end processing	108005656 108010785 108012435 108014695 108021308
GO:0031144	proteasome localization	108013485 108013485
GO:0031145	anaphase-promoting complex-dependent catabolic process	108005356 108005877 108005955 108006805 108009080 108009080 108010062 108014866 108015002 108015002 108016346 108016597 108016687 108017343 108019864
GO:0031146	SCF-dependent proteasomal ubiquitin-dependent protein catabolic process	108005822 108006530 108006694 108007124 108007237 108008618 108009446 108009539 108009758 108009889 108009906 108011655 108011846 108014484 108015660 108015944 108016820 108017610 108018067 108018679 108019718 108020981 108021526
GO:0031151	histone H3K79 methyltransferase activity	108016010 108016010
GO:0031167	rRNA methylation	108006048 108007213 108008253 108008366 108010704 108011585 108013887 108019123 108019123 108020453
GO:0031175	neuron projection development	108006914 108007379 108009074 108009500 108012860 108012948 108016014 108019526 139355114
GO:0031177	phosphopantetheine binding	108015114 108018124 139353186
GO:0031179	peptide modification	108004668
GO:0031201	SNARE complex	108005140 108005641 108005742 108008586 108009467 108009470 108009947 108009952 108011264 108011619 108012380 108012405 108012526 108012906 108013305 108014374 108014692 108015124 108015761 108016315 108016705 108017513 108018909 108018959 108021518 118877357 118877851 118877872 118877958 139353199
GO:0031204	post-translational protein targeting to membrane, translocation	108008367 108008764 108008907 108014987 108021125 108021459
GO:0031207	Sec62/Sec63 complex	108005896
GO:0031209	SCAR complex	108007448 108009141 108014479 108017206 108020893
GO:0031210	phosphatidylcholine binding	108007992 108010756 108013012 108013014 108013708
GO:0031213	RSF complex	108012202
GO:0031234	extrinsic component of cytoplasmic side of plasma membrane	108005888 108007992 108010964 108017946
GO:0031251	PAN complex	108007172 108007172 108018100 108018100
GO:0031252	cell leading edge	108015557
GO:0031261	DNA replication preinitiation complex	108015296 108019849
GO:0031262	Ndc80 complex	108004560 108004560 108007709 108013682 108013682
GO:0031267	small GTPase binding	108004683 108004769 108004829 108005077 108005184 108005359 108005619 108006023 108007603 108007628 108009031 108009167 108009481 108009491 108010825 108011141 108011396 108011396 108011888 108012379 108012968 108013015 108013172 108013224 108013237 108013315 108013410 108013410 108013624 108014479 108014479 108014529 108014971 108015172 108015315 108016290 108016940 108017194 108017622 108018068 108018076 108018111 108018321 108018611 108018817 108018986 108019082 108019177 108019502 108019511 108021183 108021202 118876983 139354669
GO:0031293	membrane protein intracellular domain proteolysis	108010205
GO:0031297	replication fork processing	108004863 108006841 108008446 108009358 108014003 108016646 108016776 108017448 108018220
GO:0031298	replication fork protection complex	108014003 108018464 108019388
GO:0031313	extrinsic component of endosome membrane	108009501 108014147
GO:0031340	positive regulation of vesicle fusion	108017592
GO:0031369	translation initiation factor binding	108004907 108009058 108009058 108009885 108009885 108011733 108013798 108013798 108016772 108016772 108017441 108019675 108019675 108019889
GO:0031380	nuclear RNA-directed RNA polymerase complex	108004858
GO:0031386	protein tag activity	108004733 108004978 108006803 108006835 108008080 108017899 108021494 108021658
GO:0031390	Ctf18 RFC-like complex	108010230 108010230 108013267
GO:0031395	bursicon neuropeptide hormone complex	108012519
GO:0031397	negative regulation of protein ubiquitination	108006819
GO:0031398	positive regulation of protein ubiquitination	108010737 108013283 108014025 108015547 108017774
GO:0031405	lipoic acid binding	108005476
GO:0031409	pigment binding	108008463
GO:0031410	cytoplasmic vesicle	108005282 108005740 108005837 108009491 108012374 108012910 108013471 108013498 108015259 108015775 108016610 108017245 108017507 108018063 108020490
GO:0031415	NatA complex	108009545 108012470 108015184
GO:0031416	NatB complex	108015149 108021729 108021730 118877681
GO:0031417	NatC complex	108009992 108010111 108010111 108012671 108015300
GO:0031418	L-ascorbic acid binding	108006081 108006113 108006935 108007297 108007748 108007749 108007758 108007759 108008035 108008038 108008044 108013819 108013820 108015013 108015797 108015798 108015897 108016438 108016504 108017229 108017231 108017233 108017243 108017258 108017259 108017260 108017262 108017264 108017273 108020608 139353157 139353170
GO:0031419	cobalamin binding	108016964 108016964
GO:0031428	box C/D methylation guide snoRNP complex	108008253 108009177 108011585 108011695 108020511
GO:0031429	box H/ACA snoRNP complex	108008096 108008606 108010208
GO:0031431	Dbf4-dependent protein kinase complex	108017279
GO:0031434	mitogen-activated protein kinase kinase binding	108005905
GO:0031445	regulation of heterochromatin formation	108010816
GO:0031461	cullin-RING ubiquitin ligase complex	108012807 108016657 108021553
GO:0031462	Cul2-RING ubiquitin ligase complex	108011220 108012814 108015303 108018067
GO:0031463	Cul3-RING ubiquitin ligase complex	108016939 108020993
GO:0031464	Cul4A-RING E3 ubiquitin ligase complex	108013937
GO:0031466	Cul5-RING ubiquitin ligase complex	108007237 108009227
GO:0031468	nuclear membrane reassembly	108009746 108018209
GO:0031489	myosin V binding	108009252
GO:0031490	chromatin DNA binding	108004601 108004615 108005347 108009358 108010030 108010099 108012236 108012940 108014960 108017489 108020273 108020770 108021291
GO:0031491	nucleosome binding	108004682 108004710 108004885 108005000 108007647 108010065 108011491 108012034 108013402 108013601 108018910 108019888 108021367
GO:0031492	nucleosomal DNA binding	108016530 139352211 139352214 139352217 139352218 139352220 139352221 139352224 139352227 139352230 139352232 139352234 139352237 139352240 139352242 139352252 139352266 139352270 139352275 139352279 139352283 139352328 139352333 139352337 139352341 139352348 139352359 139352364 139352370 139352375 139352383 139352401 139352405 139352410 139352417 139352422 139352424 139352426 139352428 139352431 139352434 139352435 139352442 139352444 139352446 139352448 139352454
GO:0031499	TRAMP complex	108006686 108012947 108014837 108015274
GO:0031501	mannosyltransferase complex	108008424
GO:0031507	heterochromatin formation	108006860 108009409 108010030 108011491 108011972 108012756 108013266 108016010 108018758 108018895 108021232 108021367 139352213 139352256 139352258 139352261 139352264 139352267 139352272 139352276 139352280 139352284 139352286 139352289 139352291 139352293 139352297 139352301 139352305 139352325 139352330 139352335 139352338 139352343 139352345 139352350 139352353 139352356 139352361 139352365 139352372 139352376 139352384 139352391 139352394 139352397 139352398 139352402 139352407 139352411 139352414 139352419 139352423 139352425 139352427 139352541 139352573 139355176
GO:0031509	subtelomeric heterochromatin formation	108014379 108014379
GO:0031510	SUMO activating enzyme complex	108012848 108018671 118878658
GO:0031514	motile cilium	108005108 108005847 108006506 108008344 108008483 108008767 108010883 108011004 108014336 108014872 108018986 108020518
GO:0031515	tRNA (m1A) methyltransferase complex	108014062 108014062 108021693 108021693
GO:0031519	PcG protein complex	108006659 108012977 108013156 108015091 108017585 108019309 108020351 108021111 108021664
GO:0031523	Myb complex	108008622
GO:0031526	brush border membrane	108014404 139354252
GO:0031543	peptidyl-proline dioxygenase activity	108006935 108016438
GO:0031573	mitotic intra-S DNA damage checkpoint signaling	108005067 108005936 108008446 108015368 108019428 108020730
GO:0031588	nucleotide-activated protein kinase complex	108009749 108018373
GO:0031593	polyubiquitin modification-dependent protein binding	108005362 108005826 108009876 108011642 108013932 108015203 108015762 108016369 108020423 118877356
GO:0031594	neuromuscular junction	108013190 108013293 108016807 108016807 108019777 108020331 108020413
GO:0031597	cytosolic proteasome complex	108014686 108015375
GO:0031616	spindle pole centrosome	108007369 108021060
GO:0031623	receptor internalization	108016573
GO:0031624	ubiquitin conjugating enzyme binding	108005853 108009651 108010042 108011364 108012581 108013175 108016919 108017781 108019168 108020003 108020005
GO:0031625	ubiquitin protein ligase binding	108004733 108004757 108004854 108004978 108006694 108006694 108006803 108007237 108007237 108007265 108009446 108009446 108010808 108012042 108012108 108015218 108017223 108018067 108018067 108019299 108019708 108019708 108020993 108020993 108021494 108021553 108021658 118877613 139352159
GO:0031629	synaptic vesicle fusion to presynaptic active zone membrane	108009467 108009470 108015761 118877958 139353199
GO:0031647	regulation of protein stability	108005375 108019877
GO:0031663	lipopolysaccharide-mediated signaling pathway	108019166
GO:0031681	G-protein beta-subunit binding	108005893 108009193 108009193 108018106 108019054 108019054
GO:0031683	G-protein beta/gamma-subunit complex binding	108009816 108009816 108013285 108013285 108018194 108018194 108019472 108019472 108019611 108019611 108019612 108019612 108019778 108019778 108019779 108019779 139354252 139354252
GO:0031752	D5 dopamine receptor binding	139354252
GO:0031901	early endosome membrane	108008065 108009882 108013407 108014147 108016153 108021184
GO:0031902	late endosome membrane	108004815 108005852 108010124 108012526 108012557 108012992 108013289 108013305 108013407 108014147 108017513 108021228
GO:0031929	TOR signaling	108011963 108015175 108019200
GO:0031931	TORC1 complex	108004593 108011963 108015175
GO:0031932	TORC2 complex	108010075 108011963 108015175 108015192
GO:0031941	filamentous actin	108008487 108009637 108013117 108013215 108014978 108016845 108016881 108017934 108019922 108019991
GO:0031954	positive regulation of protein autophosphorylation	108004855
GO:0031956	medium-chain fatty acid-CoA ligase activity	108004696 108021696
GO:0031965	nuclear membrane	108004845 108004845 108005321 108008965 108009463 108012038 108013485
GO:0031966	mitochondrial membrane	108006834 108008650 108009383 108012123 108014945 108017495 108017496 108017789 108019819
GO:0031982	vesicle	108013390 108015742 108018059 108021216 108021600 136117703
GO:0031985	Golgi cisterna	108013448 108020661 108021470 108021598
GO:0031998	regulation of fatty acid beta-oxidation	108009726
GO:0032006	regulation of TOR signaling	108004681 108015911 108017382
GO:0032007	negative regulation of TOR signaling	108006222 108006222 108010105 108010105 108015746 108020634
GO:0032008	positive regulation of TOR signaling	108004815 108014525 108015827 108017883 108021422
GO:0032012	regulation of ARF protein signal transduction	108004709 108006251 108009209 108009481 108012388 108016071 108020047 108021114
GO:0032021	NELF complex	108004711 108004817 108006274 108012829
GO:0032027	myosin light chain binding	118877540
GO:0032034	myosin II head/neck binding	108013793 108019754
GO:0032036	myosin heavy chain binding	108010566 108015309 108015395 108016479 108018381 108021670 108021825
GO:0032039	integrator complex	108005683 108007053 108007378 108010039 108011850 108011850 108013613 108014684 108015354 108016942 108016942 108017547 108019119 139352176 139354150
GO:0032040	small-subunit processome	108004700 108005011 108005258 108005669 108005876 108006858 108007356 108007486 108008253 108008478 108009081 108009177 108009276 108009516 108009761 108010137 108011585 108011695 108012331 108015051 108015051 108015361 108016104 108016104 108016485 108016676 108017589 108017791 108018312 108018312 108019186 108019221 108019353 108020370 108020511 108020910 108021363 108021363 108021778 108021778 118877733
GO:0032044	DSIF complex	108010139 108019597
GO:0032045	guanyl-nucleotide exchange factor complex	108018230
GO:0032049	cardiolipin biosynthetic process	108014888 108015721 108015721 108018846
GO:0032050	clathrin heavy chain binding	108011457 108017128
GO:0032051	clathrin light chain binding	108019093 108019093 118877437
GO:0032053	ciliary basal body organization	108005092 108009917
GO:0032116	SMC loading complex	108004905
GO:0032133	chromosome passenger complex	108007108 108007369 108012692 108017788 108021060
GO:0032147	activation of protein kinase activity	108007746 108020210 108020298
GO:0032153	cell division site	108005457 108011229 108019568 108019658 118877942
GO:0032154	cleavage furrow	108011277 108013112 108019218 108019620
GO:0032182	ubiquitin-like protein binding	108005853 108011364 108017781
GO:0032194	obsolete ubiquinone biosynthetic process via 3,4-dihydroxy-5-polyprenylbenzoate	108021053
GO:0032204	regulation of telomere maintenance	108014956
GO:0032216	glucosaminyl-phosphatidylinositol O-acyltransferase activity	108009126 108012591
GO:0032217	riboflavin transmembrane transporter activity	108010819 108010819
GO:0032218	riboflavin transport	108010819 108010819
GO:0032222	regulation of synaptic transmission, cholinergic	108004604 108006037 108006299 108006313 108006453 108007931 108008228 108008250 108008299 108008890 108009497 108009985 108010706 108016680 108017471 108019873 108021607
GO:0032224	positive regulation of synaptic transmission, cholinergic	108006527
GO:0032230	positive regulation of synaptic transmission, GABAergic	108006527
GO:0032233	positive regulation of actin filament bundle assembly	108020336
GO:0032237	activation of store-operated calcium channel activity	108019197
GO:0032259	methylation	108007278 108011635 108011880 118877814 118878440 118878448 118878454 118878456
GO:0032264	IMP salvage	108006540 108006540
GO:0032266	phosphatidylinositol-3-phosphate binding	108005919 108006001 108008065 108012557 108013091 108013211 108013566 108018448 108019069 108019218 108021167
GO:0032273	positive regulation of protein polymerization	108011309
GO:0032281	AMPA glutamate receptor complex	108014948
GO:0032299	ribonuclease H2 complex	108008489 108013689 108013689 108020958
GO:0032301	MutSalpha complex	108014253 108021560
GO:0032366	intracellular sterol transport	108006890 108006890 108009440 108018151
GO:0032367	intracellular cholesterol transport	108007855 108008034 108008036 108013886 108015744 108015937 118877873
GO:0032389	MutLalpha complex	108018099 108019891
GO:0032417	positive regulation of sodium:proton antiporter activity	108006744 108015210 108018865 108020855
GO:0032418	lysosome localization	108006261 108006261 108011739 108013154 108014089 108019474
GO:0032422	purine-rich negative regulatory element binding	108020398 108020398
GO:0032426	stereocilium tip	108004768 108013063
GO:0032432	actin filament bundle	108004743
GO:0032433	filopodium tip	108015645
GO:0032434	regulation of proteasomal ubiquitin-dependent protein catabolic process	108017127
GO:0032435	negative regulation of proteasomal ubiquitin-dependent protein catabolic process	108006819
GO:0032436	positive regulation of proteasomal ubiquitin-dependent protein catabolic process	108005187 108005905 108009651 108010042 108011810 108012147 108012581 108013175 108016919 108019299 108021553
GO:0032446	protein modification by small protein conjugation	108009540 108018176
GO:0032447	protein urmylation	108006835 108016319
GO:0032451	demethylase activity	108008288
GO:0032452	histone demethylase activity	108016372
GO:0032454	histone H3K9 demethylase activity	108009447 108017489 108019754
GO:0032456	endocytic recycling	108005469 108005790 108007977 108008065 108008342 108009509 108010151 108013112 108013270 108015412 108016573 108016590 108019069 108019883 108021533 108021539
GO:0032465	regulation of cytokinesis	108005092 108006001 108007369 108013112 108014769 108021060
GO:0032467	positive regulation of cytokinesis	108015212
GO:0032468	Golgi calcium ion homeostasis	108004916
GO:0032469	endoplasmic reticulum calcium ion homeostasis	108004882 108004882 108006292 108021198 108021198
GO:0032472	Golgi calcium ion transport	108004916
GO:0032481	positive regulation of type I interferon production	108008351 108008351
GO:0032482	Rab protein signal transduction	108005469 108009190 108020467 108021598 108021823
GO:0032483	regulation of Rab protein signal transduction	108005113 108015259
GO:0032484	Ral protein signal transduction	108018216
GO:0032486	Rap protein signal transduction	108008491 108008491 108013433 108013433
GO:0032488	Cdc42 protein signal transduction	108013676 108015011
GO:0032497	detection of lipopolysaccharide	108005800
GO:0032502	developmental process	108004997 108008222 108008682 108011712 108014810 108015107 108016700 108016723 108016728 108016932 108021550 108021644
GO:0032504	obsolete multicellular organism reproduction	108005929 108005931 108005941 108006134 108006143 108006280 108006287 108006425 108006535 108006573 108006804 108006988 108007684 108007898 108007907 108008512 108008822 108014555 108015319 108016150 108016163 108016283 108018382 108018383 108018395 108019017 108020681 108021801 118877546 118877569 118877698 139353018
GO:0032508	obsolete DNA duplex unwinding	108004747 108004747 108006462 108006462 108010210 108011170 108013559 108014583 108014583 108015191
GO:0032509	endosome transport via multivesicular body sorting pathway	108011659 108014465 108015539 118878100
GO:0032510	endosome to lysosome transport via multivesicular body sorting pathway	108006187 108016614
GO:0032511	late endosome to vacuole transport via multivesicular body sorting pathway	108004796 108005821 108009365 108009475 108010274 108013354 108020058
GO:0032515	obsolete negative regulation of phosphoprotein phosphatase activity	108011910 108011910 108015283 108015283
GO:0032516	obsolete positive regulation of phosphoprotein phosphatase activity	108007266
GO:0032526	response to retinoic acid	108007810
GO:0032527	protein exit from endoplasmic reticulum	108015827 108018238
GO:0032541	cortical endoplasmic reticulum	108006890
GO:0032542	sulfiredoxin activity	108016793 108016793
GO:0032543	mitochondrial translation	108005969 108007021 108007506 108008688 108008707 108009199 108009342 108010059 108010448 108012467 108012507 108013933 108014142 108014463 108015786 108016073 108016088 108016670 108016781 108017269 108017491 108018212 108018212 108018313 108019878 108021557 118877250 118877625
GO:0032545	CURI complex	108007356 139354035 139355154 139355157
GO:0032549	ribonucleoside binding	108010183 108010183 108015940 108015940 108020796 108020796
GO:0032574	5'-3' RNA helicase activity	108009340 108018125
GO:0032580	Golgi cisterna membrane	108005450 108005467 108008479 108009084 108009949 108019151
GO:0032584	growth cone membrane	108004869
GO:0032588	trans-Golgi network membrane	108005470 108006039 108014292 108017485 118877906
GO:0032589	neuron projection membrane	108004740 108006319 108006566 108010078 108010262 108010612 108010614 108013434 108013606 108013630 108014158 108014605 108016052 108019247 108019290 108019447 108020342 108021264 108021455 108021680 139354894
GO:0032590	dendrite membrane	108013711 108019327 108021079
GO:0032593	insulin-responsive compartment	108019027 108019156
GO:0032777	piccolo histone acetyltransferase complex	108008157
GO:0032780	negative regulation of ATP-dependent activity	108008792 108009036 108019782
GO:0032781	positive regulation of ATP-dependent activity	108016289 108021522
GO:0032783	super elongation complex	108018013 108018113
GO:0032784	regulation of DNA-templated transcription elongation	108010139 108010139 108014371
GO:0032786	positive regulation of DNA-templated transcription, elongation	108004810 108010211 139354041
GO:0032790	ribosome disassembly	108009211 108016073 108016073 108020335
GO:0032793	positive regulation of CREB transcription factor activity	108007729 108015545
GO:0032794	GTPase activating protein binding	108018216
GO:0032797	SMN complex	108008778 108009863 108010159 108013494 108020714
GO:0032798	Swi5-Sfr1 complex	108005863
GO:0032801	receptor catabolic process	108016614
GO:0032807	DNA ligase IV complex	108013158 108013678
GO:0032809	neuronal cell body membrane	108010247 108019327 108021079
GO:0032869	cellular response to insulin stimulus	108019027 108019156 108019743
GO:0032870	cellular response to hormone stimulus	108013852 108016245 108020209 108021586
GO:0032873	negative regulation of stress-activated MAPK cascade	108019460
GO:0032874	positive regulation of stress-activated MAPK cascade	108018154
GO:0032878	regulation of establishment or maintenance of cell polarity	108004974
GO:0032880	regulation of protein localization	108007238 108019446 108019474
GO:0032922	circadian regulation of gene expression	108006238 108006854 108013509 108015129 108017559
GO:0032924	activin receptor signaling pathway	108006788 108018047 108019133
GO:0032933	SREBP signaling pathway	108010721
GO:0032934	sterol binding	108007855 108008034 108008036 108009440 108009602 108009901 108010721 108013886 108013939 108014563 108015937 108018151 118877873
GO:0032936	SREBP-SCAP complex	108010721
GO:0032956	regulation of actin cytoskeleton organization	108005740 108005837 108012374 108015175 108015775 108015968
GO:0032958	inositol phosphate biosynthetic process	108005076 108005293 108005293 108009439 108009439 108010253 108019955 108019955 108021487 108021487
GO:0032968	positive regulation of transcription elongation by RNA polymerase II	108005021 108005788 108006911 108010057 108011543 108016017 108016017 108016228 108019826
GO:0032977	membrane insertase activity	108012953 108013295
GO:0032979	protein insertion into mitochondrial inner membrane from matrix	108008303 108008731 108008753 108010330 108012953 108013295 108021047
GO:0032981	mitochondrial respiratory chain complex I assembly	108005089 108006050 108006282 108008294 108008294 108008354 108008640 108009706 108009771 108010733 108013909 108013909 108014552 108015445 108015861 108018097 108018186 108019192 108021015 108021015 108021139 108021195 108021215 108021215 139353289
GO:0032982	myosin filament	108008297 108013152 108014236 108014262 108014539 108019039
GO:0032991	protein-containing complex	108007143 108017587 108018886
GO:0033017	sarcoplasmic reticulum membrane	108008589 108019716
GO:0033041	sweet taste receptor activity	108008257 108008259 108008273 108009006 108011825 108011843 108011847 108012670 108012776 108012988 108013588 108013596 108013710 108014924 108016174 108016175 108016177 108017375 108019509 108019510 108019512
GO:0033063	Rad51B-Rad51C-Rad51D-XRCC2 complex	108008644 108010437 108011710
GO:0033065	Rad51C-XRCC3 complex	108011710 108017497
GO:0033106	cis-Golgi network membrane	108012981
GO:0033108	mitochondrial respiratory chain complex assembly	108009719 108012843 108021432
GO:0033130	acetylcholine receptor binding	108020413 108020413
GO:0033138	positive regulation of peptidyl-serine phosphorylation	139354980
GO:0033148	positive regulation of intracellular estrogen receptor signaling pathway	108016886
GO:0033149	FFAT motif binding	108012676 108012956 108019043
GO:0033169	obsolete histone H3-K9 demethylation	108017489
GO:0033176	proton-transporting V-type ATPase complex	108008700 108016836 108017809
GO:0033178	proton-transporting two-sector ATPase complex, catalytic domain	108006749 108006749
GO:0033179	proton-transporting V-type ATPase, V0 domain	108006888 108006888 108007652 108009734 108010533 108011016 108011016 108015727 108017056 108017064 108018081 108018907 108018907 108019996 108019996 108020028 108020028 108020037 108020037 139353066 139353066
GO:0033180	proton-transporting V-type ATPase, V1 domain	108008064 108011973 108011975 108011983 108016495 108017839
GO:0033181	plasma membrane proton-transporting V-type ATPase complex	108006888 108011016 108018907 108019996 108020028 108020037 139353066
GO:0033185	dolichol-phosphate-mannose synthase complex	108007165 108014914
GO:0033186	CAF-1 complex	108008407 108015369
GO:0033188	sphingomyelin synthase activity	108005756
GO:0033192	calmodulin-dependent protein phosphatase activity	108011132 108012146 118878367
GO:0033204	ribonuclease P RNA binding	108019302 118877373 118877373 118877375 118878107
GO:0033207	obsolete beta-1,4-N-acetylgalactosaminyltransferase activity	108009419 108011728
GO:0033209	tumor necrosis factor-mediated signaling pathway	108005998 108006333 108019166 108021480
GO:0033211	adiponectin-activated signaling pathway	108012192
GO:0033234	negative regulation of protein sumoylation	108014454 118877273
GO:0033260	nuclear DNA replication	108006616 108016249
GO:0033263	CORVET complex	108004984 108014997
GO:0033290	eukaryotic 48S preinitiation complex	108005426
GO:0033314	mitotic DNA replication checkpoint signaling	108005936 108006616 108006781 108013116 108013742 108018128 108020210
GO:0033316	meiotic spindle assembly checkpoint signaling	108017336
GO:0033328	peroxisome membrane targeting sequence binding	108021223
GO:0033345	L-asparagine catabolic process via L-aspartate	108005436
GO:0033353	S-adenosylmethionine cycle	108005158 108013263 108019989
GO:0033387	putrescine biosynthetic process from arginine, via ornithine	108017857 108019627 108019680 108019926 139352564
GO:0033396	beta-alanine biosynthetic process via 3-ureidopropionate	108006123
GO:0033499	galactose catabolic process via UDP-galactose, Leloir pathway	108008636 108013416 108013446 108013712 108017367 108017367 108017631 118877452
GO:0033503	HULC complex	108005938 108011447
GO:0033528	S-methylmethionine cycle	108005161 108006130
GO:0033539	fatty acid beta-oxidation using acyl-CoA dehydrogenase	108009224 108015518 108015957 108017408 108021105
GO:0033540	fatty acid beta-oxidation using acyl-CoA oxidase	108008338 108009736 108009736 108010033 108016987 108021566 108021566
GO:0033549	MAP kinase phosphatase activity	108015325
GO:0033550	MAP kinase tyrosine phosphatase activity	108020751
GO:0033553	rDNA heterochromatin	108011967 108017831
GO:0033554	cellular response to stress	108005172 108007161 108013834 108014256 108017339 108020895
GO:0033557	Slx1-Slx4 complex	108005900 108005900 139352156 139352156
GO:0033565	ESCRT-0 complex	108021059
GO:0033566	gamma-tubulin complex localization	108012459 108012459 118877577
GO:0033588	elongator holoenzyme complex	108008434 108013103 108013987 108013987 108015440 108015440 108018305 108018305 108021346
GO:0033596	TSC1-TSC2 complex	108006222 108006222 108015746
GO:0033597	mitotic checkpoint complex	108014316
GO:0033615	mitochondrial proton-transporting ATP synthase complex assembly	108006834 108008499 108008594 108015670
GO:0033617	mitochondrial cytochrome c oxidase assembly	108005474 108009415 108009489 108009489 108009771 108010088 108010707 108011503 108011575 108011749 108011749 108012953 108013428 108014130 108014130 108014227 108021014 108021139
GO:0033619	membrane protein proteolysis	108015522 108021624
GO:0033627	cell adhesion mediated by integrin	108005353 108005360 108008204 108008621 108008811 108017684 108017685 108018136 108019071
GO:0033674	positive regulation of kinase activity	108004681 108005015 108005880 108006259 108007289 108008431 108009052 108009404 108009633 108010246 108013615 108014836 108016422 108019603 108019753 108021631 108021688
GO:0033679	3'-5' DNA/RNA helicase activity	108010966
GO:0033699	DNA 5'-adenosine monophosphate hydrolase activity	108013752 108013753
GO:0033743	peptide-methionine (R)-S-oxide reductase activity	108012127 108012127
GO:0033749	histone H4R3 demethylase activity	108020493
GO:0033819	lipoyl(octanoyl) transferase activity	108011623 108011623
GO:0033829	O-fucosylpeptide 3-beta-N-acetylglucosaminyltransferase activity	108013506 108013506
GO:0033842	N-acetyl-beta-glucosaminyl-derivative 4-beta-N-acetylgalactosaminyltransferase activity	108009419 108011728
GO:0033857	5-diphosphoinositol pentakisphosphate 1-kinase activity	108005076
GO:0033862	UMP kinase activity	108014053 108021622
GO:0033897	ribonuclease T2 activity	108006864 108006864
GO:0033925	mannosyl-glycoprotein endo-beta-N-acetylglucosaminidase activity	108016955 108016955
GO:0033962	P-body assembly	108004786 108006457 108011751 108015778 108018085 108020890
GO:0033971	hydroxyisourate hydrolase activity	108008867
GO:0033993	response to lipid	108018126 108018203
GO:0034038	deoxyhypusine synthase activity	108013188
GO:0034039	8-oxo-7,8-dihydroguanine DNA N-glycosylase activity	108015043
GO:0034045	phagophore assembly site membrane	108006975 108007276 108007994 108012492 108013091 108018448 108021167 108021826
GO:0034056	estrogen response element binding	108012500 108013089 108013619 108020082
GO:0034058	endosomal vesicle fusion	108013290 108018627 139355006 139355006
GO:0034063	stress granule assembly	108006432 108011751 108018085
GO:0034066	Ric1-Rgp1 guanyl-nucleotide exchange factor complex	108006954 108007453
GO:0034067	protein localization to Golgi apparatus	108007966 108016661
GO:0034080	CENP-A containing chromatin assembly	108009712 108018554
GO:0034085	establishment of sister chromatid cohesion	108015191
GO:0034087	establishment of mitotic sister chromatid cohesion	108007592
GO:0034088	maintenance of mitotic sister chromatid cohesion	108004905 108010230
GO:0034097	response to cytokine	108013834 108020895
GO:0034098	VCP-NPL4-UFD1 AAA ATPase complex	108009876 108013932
GO:0034128	negative regulation of MyD88-independent toll-like receptor signaling pathway	108012908
GO:0034142	toll-like receptor 4 signaling pathway	108005800 108009325
GO:0034198	cellular response to amino acid starvation	108005383 108008610 108011730 108012830 108012902 108015519 108016036 108019722 108021356
GO:0034203	glycolipid translocation	108018921
GO:0034220	monoatomic ion transmembrane transport	108005432 108006426 108006426 108015077 108015077 108015189 108015189 108017582 108017582 108018039 108018039 108018807 108018807 108018853 108018853 108020196 108020196 108021510 139353246
GO:0034227	tRNA thio-modification	108006835 108006835
GO:0034236	protein kinase A catalytic subunit binding	108009750
GO:0034237	protein kinase A regulatory subunit binding	108014138 108017956 108020893
GO:0034243	regulation of transcription elongation by RNA polymerase II	108019597 108019617
GO:0034244	negative regulation of transcription elongation by RNA polymerase II	108004711 108004817 108006274 108012829
GO:0034245	mitochondrial DNA-directed RNA polymerase complex	108021362
GO:0034246	mitochondrial transcription factor activity	108010704 108013887
GO:0034247	snoRNA splicing	118877676
GO:0034260	negative regulation of GTPase activity	108019502
GO:0034271	phosphatidylinositol 3-kinase complex, class III, type I	108005727 108009581 108018414
GO:0034272	phosphatidylinositol 3-kinase complex, class III, type II	108005727 108009581 108018414
GO:0034274	Atg12-Atg5-Atg16 complex	108012492 108021826
GO:0034314	Arp2/3 complex-mediated actin nucleation	108005241 108005241 108008342 108011159 108013276 108014553 108014553 108018320 108018320 108021176 108021176 108021437 108021437 108021734 108021734
GO:0034315	regulation of Arp2/3 complex-mediated actin nucleation	108006039 108009449 108014292 108017378
GO:0034316	negative regulation of Arp2/3 complex-mediated actin nucleation	108004925
GO:0034332	adherens junction organization	108009550 108014792 108014867 108015501
GO:0034333	adherens junction assembly	108020916
GO:0034353	mRNA 5'-diphosphatase activity	108005308
GO:0034355	NAD+ biosynthetic process via the salvage pathway	108021009
GO:0034388	Pwp2p-containing subcomplex of 90S preribosome	108009516 108010137 108015361 108018312 118877733
GO:0034389	lipid droplet organization	108014472 108014472 108015137
GO:0034394	protein localization to cell surface	108009788 108015172
GO:0034398	telomere tethering at nuclear periphery	108011898
GO:0034399	nuclear periphery	108010864 108015002
GO:0034402	obsolete recruitment of 3'-end processing factors to RNA polymerase II holoenzyme complex	108011543 108017441 108019826
GO:0034427	obsolete nuclear-transcribed mRNA catabolic process, exonucleolytic, 3'-5'	108005465 108005804 108008678 108009204 108010026 108015270 108020564 108020926
GO:0034431	bis(5'-adenosyl)-hexaphosphatase activity	108014615
GO:0034432	bis(5'-adenosyl)-pentaphosphatase activity	108014615
GO:0034446	substrate adhesion-dependent cell spreading	108006349 108013332 108013737
GO:0034450	ubiquitin-ubiquitin ligase activity	108010587 108011970 108011970 108017223 108020955 108020955
GO:0034451	centriolar satellite	108006708 108006798 108008535 108013145 108013625
GO:0034454	microtubule anchoring at centrosome	108015178
GO:0034455	t-UTP complex	108007486 108020910
GO:0034456	UTP-C complex	108007356 139354035 139355154 139355157
GO:0034457	Mpp10 complex	108005011 108005258 108005258 108009081
GO:0034458	3'-5' RNA helicase activity	108006559
GO:0034462	small-subunit processome assembly	108016563 108016648
GO:0034464	BBSome	108005809 108005919 108005919 108008617 108015858 108015858 108021021
GO:0034470	obsolete ncRNA processing	108010133
GO:0034472	snRNA 3'-end processing	108005683 108007053 108010039 108013613 108014684 108016942 108017547 108019119
GO:0034473	U1 snRNA 3'-end processing	108005465 108009204
GO:0034474	U2 snRNA 3'-end processing	139352176
GO:0034475	U4 snRNA 3'-end processing	108005465 108005804 108008678 108009204 108015270 108020564 108020926
GO:0034476	U5 snRNA 3'-end processing	108005465 108009204
GO:0034477	U6 snRNA 3'-end processing	108014710 108014710
GO:0034497	protein localization to phagophore assembly site	108006072 108010104 108013091 108018448 108021167
GO:0034498	early endosome to Golgi transport	108004889 108005438
GO:0034499	late endosome to Golgi transport	108008065
GO:0034501	protein localization to kinetochore	108010862 108017336
GO:0034511	U3 snoRNA binding	108006850 108008478 108009276 108013144 108017791 108017791
GO:0034513	box H/ACA snoRNA binding	108008096
GO:0034514	mitochondrial unfolded protein response	108004746 108006847 108007064 108017046
GO:0034515	proteasome storage granule	108007236 108012235
GO:0034518	RNA cap binding complex	108021043
GO:0034551	mitochondrial respiratory chain complex III assembly	108010923 108010923 108011490 108011490 108012486 108016625 108021047 108021270 108021358
GO:0034553	mitochondrial respiratory chain complex II assembly	108009646 108011249 108019184 108019892 118877782
GO:0034584	piRNA binding	108021354 108021436 108021469 139353041
GO:0034587	piRNA processing	108004777 108006692 108007671 108008450 108008876 108009104 108009428 108010278 108014442 108019621 108021368 108021474
GO:0034597	phosphatidylinositol-4,5-bisphosphate 4-phosphatase activity	108012992 108012992
GO:0034599	cellular response to oxidative stress	108007436 108008858 108016793 108019124 108020719 118877729 118877729
GO:0034605	cellular response to heat	108007143
GO:0034614	cellular response to reactive oxygen species	108005169 108005498 108011210 108011804 108011837 108014639 108016591 108016592 108019358 108019437
GO:0034625	fatty acid elongation, monounsaturated fatty acid	108005609 108005617 108009604 108011622 108011633 108012186 108012188 108012193 108012198 108014597 108016205 108016207 108016209 108016212 108017445 108018024 108018025 118876772
GO:0034626	fatty acid elongation, polyunsaturated fatty acid	108005609 108005617 108009604 108011622 108011633 108012186 108012188 108012193 108012198 108014597 108016205 108016207 108016209 108016212 108017445 108018024 108018025 118876772
GO:0034647	histone H3K4me/H3K4me2/H3K4me3 demethylase activity	139354950
GO:0034650	cortisol metabolic process	108019485
GO:0034657	GID complex	108006916 108009592 108017282
GO:0034663	endoplasmic reticulum chaperone complex	108005296 108016854
GO:0034703	cation channel complex	108009669 108013863 108015496 108021646
GO:0034704	calcium channel complex	108019716
GO:0034709	methylosome	108008488 108021336
GO:0034715	pICln-Sm protein complex	108007280 108008092 108008332 108008488 108008488 108016026 108018938
GO:0034719	SMN-Sm protein complex	108007280 108008092 108011127
GO:0034720	obsolete histone H3-K4 demethylation	108006230
GO:0034722	gamma-glutamyl-peptidase activity	108007494 108007501
GO:0034727	piecemeal microautophagy of the nucleus	108006072 108006975 108007276 108007994 108013211 108018176
GO:0034728	nucleosome organization	108004682 108018466 108019888
GO:0034729	obsolete histone H3-K79 methylation	108016010 108016010
GO:0034736	cholesterol O-acyltransferase activity	108007971
GO:0034751	aryl hydrocarbon receptor complex	108004940 108005318 108005440 108005907 108011555
GO:0034765	regulation of monoatomic ion transmembrane transport	108005228 108011028 108011101 108021505
GO:0034772	obsolete histone H4-K20 dimethylation	108016819
GO:0034967	Set3 complex	108012901
GO:0034968	obsolete histone lysine methylation	108004924 108014422 108016862 108016923 108018316
GO:0034969	obsolete histone arginine methylation	108009345
GO:0034974	Swi5-Swi2 complex	108005863
GO:0034975	protein folding in endoplasmic reticulum	108006612 108007707 108010758 108010758 108017454 108018792 108021118 118877799 118878009
GO:0034976	response to endoplasmic reticulum stress	108007266 108009969 108009990 108014252 108017127 108021687
GO:0034979	NAD-dependent protein lysine deacetylase activity	108015034
GO:0034982	mitochondrial protein processing	108008594 108013426 108015318
GO:0034986	iron chaperone activity	108016761
GO:0034993	meiotic nuclear membrane microtubule tethering complex	108018141 108020972 108021033
GO:0034998	obsolete oligosaccharyltransferase I complex	108006671 108006671
GO:0035005	1-phosphatidylinositol-4-phosphate 3-kinase activity	108015410 108017076
GO:0035020	regulation of Rac protein signal transduction	108015968
GO:0035023	regulation of Rho protein signal transduction	108007628 108016290 108017459 108020228 108020950 108021334
GO:0035025	positive regulation of Rho protein signal transduction	108010949 108012691 108016976
GO:0035032	phosphatidylinositol 3-kinase complex, class III	108007207
GO:0035035	histone acetyltransferase binding	118877700
GO:0035060	brahma complex	108012034 108016262
GO:0035064	obsolete methylated histone binding	108004837 108004853 108005973 108006991 108007700 108008101 108008263 108008725 108009358 108011394 108011972 108012901 108012923 108013393 108015362 108015401 108016873 108017727 108017831 108017965 108019617 118878281 136116639 136117256
GO:0035065	obsolete regulation of histone acetylation	108006087 108017441
GO:0035076	ecdysone receptor signaling pathway	108019790
GO:0035082	axoneme assembly	108009132 108012043 108012043 108013864 139354086 139354205
GO:0035091	phosphatidylinositol binding	108004692 108004692 108005438 108005438 108007992 108009400 108009493 108009501 108009501 108010756 108011139 108011932 108013157 108013498 108013498 108013708 108015172 108015410 108016573 108016586 108017383 108017990 108018621 108019782 108019871 108021059 108021533 108021533 108021558
GO:0035092	sperm DNA condensation	108005260 108005761 108009171 108012721 108013698 108013699 108016711 108016712 108016714 108016717 108016722 118878326 118878363 136116464 136116471 139353438
GO:0035097	histone methyltransferase complex	108006381 108006381 108020231 108020356
GO:0035098	ESC/E(Z) complex	108004885 108011491 108012236 108013266 108013669 108018087 108021367
GO:0035099	hemocyte migration	108007523 108021185
GO:0035100	ecdysone binding	108019790
GO:0035101	FACT complex	108010065 108013402
GO:0035102	PRC1 complex	108005625 108007642 108013393 108016746 108016747 108018108
GO:0035145	exon-exon junction complex	108009820 108009820 108009881 108010049 108013866 108013866 108019070
GO:0035148	tube formation	108016084
GO:0035151	regulation of tube size, open tracheal system	108011935 108012421 108016589
GO:0035194	regulatory ncRNA-mediated post-transcriptional gene silencing	108005670 108009340 108011377 108011865 108012277 108018125 108019749
GO:0035196	miRNA processing	108005653
GO:0035197	siRNA binding	108012734 108013839 108015085 108015247 108019046 108021374 118877869 118878272
GO:0035198	miRNA binding	108005670 108011377 108019749
GO:0035226	glutamate-cysteine ligase catalytic subunit binding	108005985
GO:0035229	positive regulation of glutamate-cysteine ligase activity	108005985
GO:0035235	ionotropic glutamate receptor signaling pathway	108016232
GO:0035237	corazonin receptor activity	108013575
GO:0035243	protein-arginine omega-N symmetric methyltransferase activity	108006050
GO:0035246	peptidyl-arginine N-methylation	108009345
GO:0035248	alpha-1,4-N-acetylgalactosaminyltransferase activity	108021472 118877932
GO:0035249	synaptic transmission, glutamatergic	108005596 108007032 108007365 108011995 108013538 108013611 108014284 108015295 108017428 108019422 108020331 108021712 108021718
GO:0035250	UDP-galactosyltransferase activity	139355007
GO:0035251	UDP-glucosyltransferase activity	108005966 108005967
GO:0035252	UDP-xylosyltransferase activity	108005047 108005966 108005967
GO:0035253	ciliary rootlet	108013190 108014675
GO:0035255	ionotropic glutamate receptor binding	108009307
GO:0035256	G protein-coupled glutamate receptor binding	108021313 108021313
GO:0035259	nuclear glucocorticoid receptor binding	108021115
GO:0035267	NuA4 histone acetyltransferase complex	108004837 108005870 108007197 108008157 108008541 108009255 108011487 108012039 108015131 108018104 108021651 118877399 118877514 139354930
GO:0035269	protein O-linked glycosylation via mannose	108006414 108009160 108009819 108009940 108015533 108016393 108016863 108021255 108021700
GO:0035275	dibutyl phthalate binding	108010668 108018995
GO:0035278	miRNA-mediated gene silencing by inhibition of translation	108020377
GO:0035299	inositol-1,3,4,5,6-pentakisphosphate 2-kinase activity	108010253 108010253
GO:0035303	regulation of dephosphorylation	108006353 108018514
GO:0035307	obsolete positive regulation of protein dephosphorylation	108012521 108012521 108016907 108020473 108020473
GO:0035308	obsolete negative regulation of protein dephosphorylation	108009291 108013126
GO:0035312	5'-3' DNA exonuclease activity	108013930 108013930 108016276
GO:0035317	imaginal disc-derived wing hair organization	108008927
GO:0035325	Toll-like receptor binding	108009325
GO:0035329	hippo signaling	108005605 108008368 108012158 108019094 108019094 108020513
GO:0035330	regulation of hippo signaling	108013512 108013878 108014990
GO:0035331	negative regulation of hippo signaling	108006518 108017296
GO:0035332	positive regulation of hippo signaling	108020163 108021381
GO:0035335	peptidyl-tyrosine dephosphorylation	108013331 108016748
GO:0035336	long-chain fatty-acyl-CoA metabolic process	108008247 108008362 108009839 108010155 108011136 108012016 108012702 108015581 108015657 108015662 108015669 108016916 108017959 108018345 108018380 108018713 108018714 108019746 108019800 118877555 139352187
GO:0035339	obsolete SPOTS complex	108017615
GO:0035368	selenocysteine insertion sequence binding	108013199
GO:0035371	microtubule plus-end	108006856 108007701 108008967 108010671 108013324 108013725 108014562 108015216 108017797 108018159 108019231 108019729 108020240 118878373 118878374
GO:0035372	protein localization to microtubule	108006856 108007701 108017797 108018159 108019231 108020240 118878373 118878374
GO:0035385	Roundabout signaling pathway	108009814
GO:0035418	protein localization to synapse	108009368
GO:0035434	copper ion transmembrane transport	108006092 108006092 108012152 108012152 108015205 108015205
GO:0035435	phosphate ion transmembrane transport	108006986 108008440 108009898 108013934 108015532 108015534 108018303 108019679 118877920
GO:0035438	cyclic-di-GMP binding	108008351 108008351
GO:0035459	vesicle cargo loading	108019707
GO:0035493	SNARE complex assembly	108021267
GO:0035494	SNARE complex disassembly	108005315 108005742 108020105
GO:0035497	cAMP response element binding	108009474 108011357
GO:0035498	carnosine metabolic process	108016935
GO:0035513	oxidative RNA demethylation	108018978
GO:0035515	oxidative RNA demethylase activity	108018978
GO:0035516	broad specificity oxidative DNA demethylase activity	108018978
GO:0035517	PR-DUB complex	108009643
GO:0035518	obsolete histone H2A monoubiquitination	108006659
GO:0035523	protein K29-linked deubiquitination	108017198
GO:0035529	NADH pyrophosphatase activity	108019141
GO:0035552	obsolete oxidative single-stranded DNA demethylation	108018978
GO:0035556	intracellular signal transduction	108004844 108004870 108004950 108005082 108005126 108005177 108005229 108005376 108005381 108005554 108005621 108005624 108005844 108006055 108006301 108006327 108006327 108006529 108006904 108006947 108007464 108007729 108008901 108008963 108009198 108009201 108009243 108009433 108009537 108009718 108009718 108009754 108009850 108009900 108010025 108011050 108011102 108011162 108011166 108011371 108011413 108011645 108011767 108011912 108011923 108011924 108011925 108011938 108011978 108011980 108012278 108012599 108012888 108012978 108013007 108013038 108013105 108013238 108013259 108013262 108013541 108013597 108013766 108013811 108014587 108014722 108014894 108014920 108015431 108015549 108015785 108016188 108016458 108016536 108016577 108016748 108016885 108016902 108016912 108016985 108017545 108018029 108018235 108019092 108019439 108019531 108019713 108019803 108019871 108020092 108020302 108020545 108020638 108021207 108021327 108021444 108021465 139354775 139354878
GO:0035567	non-canonical Wnt signaling pathway	108004731 108013488 108015419 118876780
GO:0035591	signaling adaptor activity	108009618 108012908 108013181 108016036 108017206 108020343 108021008
GO:0035596	methylthiotransferase activity	108020552
GO:0035598	tRNA (N(6)-L-threonylcarbamoyladenosine(37)-C(2))-methylthiotransferase activity	108009673 108009673
GO:0035600	tRNA methylthiolation	108009673 108009673
GO:0035610	protein side chain deglutamylation	108017248
GO:0035612	AP-2 adaptor complex binding	108011636 108018477
GO:0035613	RNA stem-loop binding	108018834
GO:0035615	clathrin adaptor activity	108014429 108015788 108016877 108017477 108020474 108020490 108020874 108020874 118877437
GO:0035621	ER to Golgi ceramide transport	108013086
GO:0035657	eRF1 methyltransferase complex	108007278
GO:0035658	Mon1-Ccz1 complex	108006187 108013289 108014524
GO:0035694	mitochondrial protein catabolic process	108016461
GO:0035695	mitophagy by internal vacuole formation	108016461
GO:0035720	intraciliary anterograde transport	108007660
GO:0035721	intraciliary retrograde transport	108010314 108011848 108012344 108013626 108014295 108020284 108021122
GO:0035725	sodium ion transmembrane transport	108005307 108005430 108005763 108006903 108007554 108007560 108007590 108008114 108008144 108008272 108008654 108008759 108008896 108008971 108009024 108009124 108009330 108009732 108009802 108009858 108009987 108010247 108011109 108011499 108011707 108011794 108012418 108012652 108013130 108013269 108013411 108016237 108016698 108016840 108016906 108017679 108017680 108017932 108018005 108018023 108018089 108018142 108018359 108018416 108019178 108019220 108020419 108020445 108020462 108020921 108021072 108021460 108021614 108021814 118877916 118877917 118878006 118878093
GO:0035735	intraciliary transport involved in cilium assembly	108007660 108008535 108011848
GO:0035770	ribonucleoprotein granule	108020520
GO:0035859	Seh1-associated complex	108016036 108019722
GO:0035861	site of double-strand break	108005067 108005231 108005936 108006406 108007768 108008312 108009605 108018485 108020607
GO:0035869	ciliary transition zone	108004742 108006200 108007238 108007973 108007975 108009057 108012010 108013625 108014277 139353473
GO:0035925	mRNA 3'-UTR AU-rich region binding	108005465 108009204 108013069
GO:0035965	cardiolipin acyl-chain remodeling	108019819
GO:0035970	peptidyl-threonine dephosphorylation	108008799 108016779 108016889 108019064 108019460 108021254
GO:0035971	peptidyl-histidine dephosphorylation	108006295 108019303 108019304 108019305
GO:0035973	aggrephagy	108021128
GO:0035999	tetrahydrofolate interconversion	108007395 108009679 108010923 108011135 108011135 108011560
GO:0036002	pre-mRNA binding	108011660
GO:0036020	endolysosome membrane	108004949
GO:0036038	MKS complex	108005253 108012010 108012010 108018728 139354560
GO:0036064	ciliary basal body	108005108 108005538 108005847 108005919 108007660 108008841 108009155 108009864 108009917 108011848 108012285 108012645 108014277 108014593 108014675 108014984 108016704 108017312 108018350 108018583 108018619 108018625 108019642 108019653 108020284 108021021 108021227 108021504
GO:0036065	fucosylation	108006411
GO:0036066	protein O-linked glycosylation via fucose	108006090 108010106 108010106 108016579
GO:0036071	N-glycan fucosylation	108005467
GO:0036085	GDP-fucose import into Golgi lumen	108006090
GO:0036089	cleavage furrow formation	108019161
GO:0036092	phosphatidylinositol-3-phosphate biosynthetic process	108009581 108015410 108017076
GO:0036122	BMP binding	108010168 108019182 118877663
GO:0036126	sperm flagellum	108009155 108018625 108021495
GO:0036156	inner dynein arm	108005769
GO:0036157	outer dynein arm	108007900 108009939 108010702 108018992 118876896
GO:0036158	outer dynein arm assembly	108005087 108006708 108007900 108009939 108010329 108010702 108011174 108014675 108018789 108018992
GO:0036159	inner dynein arm assembly	108005769 108006708 108011174 108018789 108018804 118876896
GO:0036211	protein modification process	108006670 108009824 108010920 108016238 108016247 108016247 108017899
GO:0036228	protein localization to nuclear inner membrane	108008314 108021073
GO:0036261	7-methylguanosine cap hypermethylation	108018604
GO:0036265	RNA (guanine-N7)-methylation	108015376 108015376 108016754
GO:0036297	interstrand cross-link repair	108006665 108010429 108012681 108012740 108013938 108016276 108016725 108017037 108019428 108019730 108020145 118877470 118878224 118878254 139353453
GO:0036353	obsolete histone H2A-K119 monoubiquitination	108005625
GO:0036371	protein localization to T-tubule	108013007
GO:0036374	glutathione hydrolase activity	108005475 108006284 108010424 108016681
GO:0036376	sodium ion export across plasma membrane	108008702 108010747 108010749 108018387 108020430 108020696 108020994 108021156 108021514
GO:0036396	RNA N6-methyladenosine methyltransferase complex	108005417 108009678 108014946 108015751
GO:0036402	proteasome-activating activity	108004727 108007852 108010558 108014686 108015348 108015375 108017247 108017500 108017927
GO:0036424	L-phosphoserine phosphatase activity	108013068 108013068
GO:0036435	K48-linked polyubiquitin modification-dependent protein binding	108006819 108019258
GO:0036444	calcium import into the mitochondrion	108006183 108006183 108012789 108012789 108013141 108015591 108019410 108021404
GO:0036449	microtubule minus-end	108009074
GO:0036464	cytoplasmic ribonucleoprotein granule	108009266 118877691
GO:0036465	synaptic vesicle recycling	108009481
GO:0036498	IRE1-mediated unfolded protein response	108015590
GO:0036503	ERAD pathway	108007832 108010736
GO:0038007	netrin-activated signaling pathway	108018098
GO:0038023	signaling receptor activity	108006225 108006358 108006964 108006964 108007471 108007632 108008179 108008180 108008383 108008804 108009237 108009429 108009445 108009920 108010271 108010859 108011049 108011198 108012003 108012192 108012473 108012512 108012640 108013990 108015083 108015605 108015638 108016941 108016949 108018288 108018409 108019076 108019326 108019681 108019970 108020333 108020333 108020349 108020349 108020982 108021058 108021095 108021461 118879010 136116914 136117810 139352203 139352315 139353310 139355161 139355177 139355190 139355191
GO:0038039	G protein-coupled receptor heterodimeric complex	108021108 108021155 118877629
GO:0038060	nitric oxide-cGMP-mediated signaling	108004915 108004937 108014222
GO:0038061	non-canonical NF-kappaB signal transduction	108013834 108020895
GO:0038098	sequestering of BMP from receptor via BMP binding	118877663
GO:0038166	angiotensin-activated signaling pathway	108005480 108005480
GO:0038202	TORC1 signaling	108004593 108012902
GO:0038203	TORC2 signaling	108010075 108014568 108015192
GO:0040001	establishment of mitotic spindle localization	108014811 108014811
GO:0040011	locomotion	108013385 108016479 108018381 108021825
GO:0040031	snRNA modification	108004868 108019837
GO:0040037	negative regulation of fibroblast growth factor receptor signaling pathway	108007183
GO:0040038	polar body extrusion after meiotic divisions	108019161
GO:0042026	protein refolding	108004746 108004746 108006847 108006847 108006877 108007064 108007064 108010152 108011968 108012554 108012564 108012601 108013328 108013329 108013330 108013578 108013579 108015336 108017046 108017046 108017903 108018300 139353295
GO:0042030	ATPase inhibitor activity	108006823 108008792 108009036
GO:0042038	peptidyl-histidine methylation, to form tele-methylhistidine	108009338
GO:0042043	neurexin family protein binding	108008383 108013990 108014529 108019326 108019970 108021095
GO:0042048	olfactory behavior	108010668 108018995
GO:0042051	compound eye photoreceptor development	108007724 108009784 108012565
GO:0042052	rhabdomere development	108013063
GO:0042054	histone methyltransferase activity	108017494 108018316
GO:0042058	regulation of epidermal growth factor receptor signaling pathway	108016614 108021271
GO:0042060	wound healing	108014249
GO:0042063	gliogenesis	108013049 139352175
GO:0042065	glial cell growth	108020921
GO:0042073	intraciliary transport	108005000 108006879 108009201 108009657 108010883 108010883 108011592 108011984 108012107 108012645 108017702 108018583 108021227
GO:0042078	germ-line stem cell division	108006354 108006814 108016785 108019232
GO:0042127	regulation of cell population proliferation	108007806 108009318 108017611
GO:0042132	fructose 1,6-bisphosphate 1-phosphatase activity	108021396 108021396
GO:0042134	rRNA primary transcript binding	108005011 108021212
GO:0042138	meiotic DNA double-strand break formation	108005067 108008966
GO:0042144	vacuole fusion, non-autophagic	108006983
GO:0042147	retrograde transport, endosome to Golgi	108006277 108006954 108007453 108008342 108009426 108009426 108010151 108010840 108013305 108013358 108015412 108016783 108017208 108017513 108019699 108019883 108020212 108020261 108020904 108021035 108021035 108021344 108021484 108021484 118877610 118879697
GO:0042148	DNA strand invasion	108008644 108010437 108011710 108019454
GO:0042149	cellular response to glucose starvation	108017831
GO:0042157	lipoprotein metabolic process	108021617
GO:0042162	telomeric DNA binding	108005483 108005483 108006607 108010624 108010624 108020857
GO:0042167	heme catabolic process	108011722
GO:0042171	lysophosphatidic acid acyltransferase activity	108009686 108014961
GO:0042176	regulation of protein catabolic process	108007236 108012235 108021197
GO:0042246	tissue regeneration	108008077 108008077 108012480 108012480 108020703 108020703
GO:0042254	ribosome biogenesis	108005903 108006674 108006850 108006850 108007432 108008096 108008316 108008316 108008606 108008606 108009177 108010627 108011422 108011422 108013144 108013144 108013469 108013683 108015324 108016520 108019221 108020354 108020354 108021253 108021253
GO:0042255	ribosome assembly	108011497
GO:0042256	cytosolic ribosome assembly	108008454 108009468 108009468 108011297 108013469
GO:0042264	peptidyl-aspartic acid hydroxylation	108009927
GO:0042273	ribosomal large subunit biogenesis	108008290 108009319 108010048 108010639 108010791 108010864 108010958 108011422 108011497 108015967 108016061 108016264 108016791 108020720 108021213 139352168
GO:0042274	ribosomal small subunit biogenesis	108009081 108009517 108009517 108012446 108013456 108015382 108015967 108016485
GO:0042276	error-prone translesion synthesis	108007768 108011428 108013576 108013576
GO:0042277	peptide binding	108005716 108007141 108007195 108007196 108007224 108007234 108007235 108007747 108007757 108008267 108012832 108013852 108014385 108014386 108014395 108014396 108016115 108020074 108020209 108020220 108020225 108021586 118878584
GO:0042281	dolichyl pyrophosphate Man9GlcNAc2 alpha-1,3-glucosyltransferase activity	108007580
GO:0042283	dolichyl pyrophosphate Glc1Man9GlcNAc2 alpha-1,3-glucosyltransferase activity	108016883
GO:0042284	sphingolipid delta-4 desaturase activity	108019389 108019389 139354936 139354936
GO:0042287	MHC protein binding	108013407
GO:0042292	URM1 activating enzyme activity	108016319
GO:0042302	structural constituent of cuticle	108019657
GO:0042325	regulation of phosphorylation	108021315 108021315
GO:0042326	negative regulation of phosphorylation	108016907
GO:0042327	positive regulation of phosphorylation	108012930
GO:0042330	taxis	108010331
GO:0042371	vitamin K biosynthetic process	108021053
GO:0042373	vitamin K metabolic process	108008911 108008911
GO:0042383	sarcolemma	108006263 108009498 108015170 108018359 108018718 108019716
GO:0042391	regulation of membrane potential	108004795 108005330 108006426 108009334 108009518 108010870 108011396 108011881 108012887 108012968 108014169 108014177 108014711 108015077 108015170 108015189 108016232 108016593 108016639 108017582 108017645 108018039 108018807 108018853 108018926 108018976 108020196 108021510 139353246
GO:0042392	sphingosine-1-phosphate phosphatase activity	108008801
GO:0042393	histone binding	108004682 108004885 108005000 108005347 108005787 108007976 108009063 108009997 108010047 108010065 108010659 108010723 108011494 108012022 108012202 108012221 108013767 108013841 108014309 108014354 108014354 108014379 108015027 108015131 108015230 108015405 108015516 108015524 108016604 108016746 108016747 108016855 108016888 108017455 108017563 108017936 108017941 108018466 108018554 108018954 108019105 108019888 108020162 108020770 108021051 108021213 108021651 108021717 139352173 139353270
GO:0042407	cristae formation	108004811 108009119 108009418 108011346 108012044 108014803 108014803 108019083
GO:0042420	dopamine catabolic process	108007427 108018944 118877277
GO:0042421	norepinephrine biosynthetic process	108007427 108018944 118877277
GO:0042427	serotonin biosynthetic process	108013382 108013569
GO:0042450	L-arginine biosynthetic process via ornithine	108018899 108018899
GO:0042500	aspartic endopeptidase activity, intramembrane cleaving	108013190 108013190 108015522 108015522 108021624 108021624
GO:0042541	hemoglobin biosynthetic process	108008328
GO:0042542	response to hydrogen peroxide	108007869 108015929
GO:0042543	obsolete protein N-linked glycosylation via arginine	118877651
GO:0042554	superoxide anion generation	108009709
GO:0042555	MCM complex	108004747 108004747 108006112 108006112 108006462 108006462 108012450 108012450 108014583 108015253 108015253 108017778 108017778
GO:0042562	hormone binding	108005384 108006561 108014963 108016740
GO:0042565	RNA nuclear export complex	108015315
GO:0042574	retinal metabolic process	108017552
GO:0042586	peptide deformylase activity	108010929 108010929 108018754 108018754
GO:0042593	glucose homeostasis	108006114 108016422 108017545
GO:0042594	response to starvation	108005305 108006975 108007276 108018126 108018203
GO:0042600	egg chorion	108004741 108012650 108012664 108013257
GO:0042602	riboflavin reductase (NADPH) activity	108016218
GO:0042626	ATPase-coupled transmembrane transporter activity	108016432
GO:0042632	cholesterol homeostasis	108004815 108007971 108015432 108020980
GO:0042645	mitochondrial nucleoid	108007670 108014814 108016261
GO:0042709	succinate-CoA ligase complex	108012528 108018450
GO:0042719	mitochondrial intermembrane space chaperone complex	108015006
GO:0042720	mitochondrial inner membrane peptidase complex	108008379 108019144
GO:0042721	TIM22 mitochondrial import inner membrane insertion complex	108005697 108018990 108018990
GO:0042732	D-xylose metabolic process	108013092 108020215 108021349
GO:0042734	presynaptic membrane	108010247 108011396 108012968 108014531 108018342 108019327 108020331 108021079 108021532
GO:0042742	defense response to bacterium	108009529 108009556 108009723 108017332 108017894 108019663 108021539 136116514
GO:0042744	hydrogen peroxide catabolic process	108005172 108007161 108007869 108014256 108015929 108015929 108017339 118877729
GO:0042752	regulation of circadian rhythm	108020566
GO:0042759	long-chain fatty acid biosynthetic process	108017227
GO:0042760	very long-chain fatty acid catabolic process	108013728 108020410
GO:0042761	very long-chain fatty acid biosynthetic process	108005609 108005617 108006806 108009604 108011622 108011633 108012186 108012188 108012193 108012198 108014597 108016205 108016207 108016209 108016212 108017057 108017445 108018024 108018025 108021247 118876772
GO:0042765	GPI-anchor transamidase complex	108005435 108005435 108005569 108011110 108011110 108016438 108016438 108016645 108016645
GO:0042773	ATP synthesis coupled electron transport	108007447 108007447 108016830 108016830 108019187
GO:0042775	mitochondrial ATP synthesis coupled electron transport	108016552
GO:0042776	proton motive force-driven mitochondrial ATP synthesis	108004921 108008639 108013920 108014633 108019202 108020422
GO:0042780	tRNA 3'-end processing	108014466
GO:0042781	3'-tRNA processing endoribonuclease activity	108009010
GO:0042788	obsolete polysomal ribosome	108006567 108016984 108019788 108020294
GO:0042790	nucleolar large rRNA transcription by RNA polymerase I	108013943
GO:0042791	5S class rRNA transcription by RNA polymerase III	108020587
GO:0042795	snRNA transcription by RNA polymerase II	108005788 108014578 108016363 108019712
GO:0042796	snRNA transcription by RNA polymerase III	108014578 108016363 108019712
GO:0042797	tRNA transcription by RNA polymerase III	108011493 108012430 108015621 108016256
GO:0042799	histone H4K20 methyltransferase activity	108014422 108014422 108016819 108016819 108017486 108017486
GO:0042800	histone H3K4 methyltransferase activity	108006381 108006381 108010673 108016855 108017041 108017041 108017936 118878644 118878644 136117477 136117477 139352173 139352997 139352997 139353006 139353006
GO:0042802	identical protein binding	108005223 108006268 108006268 108008071 108009662 108010848 108011321 108011321 108013361 108019344
GO:0042803	protein homodimerization activity	108008262 108009225 108009852 108011135 108013881 108016500 108018011 108019626 108019626 108019668 108020514 139352948 139353886 139353911 139353951
GO:0042805	actinin binding	108005002
GO:0042813	Wnt receptor activity	108004731 108012833 108013488 108015419 108019728 108019728 118876780
GO:0042823	pyridoxal phosphate biosynthetic process	108006125 108013813 108019110
GO:0042826	histone deacetylase binding	108005191 108005730 108007724 108009072 108009784 108012565 108015386 108017772
GO:0042834	peptidoglycan binding	108006672 108006676 108006868 108010615 108016787 108019667 108019672 139352533
GO:0042908	xenobiotic transport	108019735 139352153
GO:0042910	xenobiotic transmembrane transporter activity	108019735 139352153
GO:0042923	neuropeptide binding	108009145 108015991 108019986
GO:0042953	lipoprotein transport	108021816
GO:0042981	regulation of apoptotic process	108005113 108008132 108008311 108008421 108009225 108009225 108009326 108010243 108010243 108011449 108013175 108015346 108016204 108018011 108018011 108021480 139353877
GO:0042985	negative regulation of amyloid precursor protein biosynthetic process	108021081
GO:0042987	amyloid precursor protein catabolic process	108013190
GO:0042988	X11-like protein binding	108020396
GO:0042989	obsolete sequestering of actin monomers	108017207 139354944
GO:0042994	obsolete cytoplasmic sequestering of transcription factor	108008076
GO:0042995	cell projection	108005740 108005837 108006953 108007072 108012374 108012870 108015775 108016643 108016809 108021546
GO:0043001	Golgi to plasma membrane protein transport	108005315 108007966 108013278 108015849 108016661 108020105 108021470
GO:0043005	neuron projection	108004656 108004795 108004844 108005126 108005323 108006308 108006324 108006364 108006426 108007298 108007747 108007757 108009145 108009368 108009518 108009779 108009788 108009858 108009923 108010247 108010870 108011228 108011881 108012866 108012887 108013130 108013569 108013617 108014169 108014177 108014292 108014479 108014711 108014865 108014897 108015077 108015189 108015359 108015991 108016232 108016639 108016807 108016807 108016887 108017219 108017582 108017645 108018039 108018150 108018250 108018807 108018853 108018890 108018926 108018976 108019526 108019986 108020196 108020400 108020419 108021192 108021221 108021510 108021627 108021679 108021698 108021783 139353246 139353290 139353291 139354159 139354765 139355114
GO:0043014	alpha-tubulin binding	108008342 108008967 108009283 108010329 108018071 108019225
GO:0043015	gamma-tubulin binding	108005361 108005361 108005770 108005770 108008342 108013721 108013721 108014089 108014663 108014663 108015345 108015345 108015801 108015801 108019729 108021282 108021282 108021504 108021676
GO:0043020	NADPH oxidase complex	108009709
GO:0043021	ribonucleoprotein complex binding	108008316 108013199 108021011
GO:0043022	ribosome binding	108005426 108008303 108008310 108008485 108008485 108008731 108008753 108009211 108009715 108010056 108010330 108011297 108012000 108012115 108012866 108012898 108012898 108013076 108013473 108014865 108015497 108017624 108019065 108021459 139353290 139353291
GO:0043023	ribosomal large subunit binding	108009468 108010670 108012505 108013529 108016826 108017669
GO:0043024	ribosomal small subunit binding	108007118 108011573 108013229 108019878
GO:0043025	neuronal cell body	108004656 108005593 108008257 108008259 108008273 108008532 108008537 108009006 108009368 108009593 108009779 108009788 108010686 108011040 108011348 108011805 108012670 108012672 108012988 108013143 108013190 108013200 108013298 108013588 108013596 108013710 108013881 108014244 108014433 108014918 108015352 108015416 108015912 108016151 108016168 108016174 108016175 108016177 108016582 108016595 108016739 108016887 108017387 108017600 108017782 108018189 108019509 108019510 108019512 108020919 108021350 108021376
GO:0043027	cysteine-type endopeptidase inhibitor activity involved in apoptotic process	108014025 108017774
GO:0043029	T cell homeostasis	108018514
GO:0043035	chromatin insulator sequence binding	108008232 108008821 108009282 108009634 108009664 108010604 108011520 108013669 108015044 108016958 108017585 108018972 108019306 118877899 118878143 118878410 136116924 139352164
GO:0043039	tRNA aminoacylation	108018946
GO:0043041	amino acid activation for nonribosomal peptide biosynthetic process	108021405
GO:0043047	single-stranded telomeric DNA binding	108006084 108010210 108018516
GO:0043048	dolichyl monophosphate biosynthetic process	108017960
GO:0043065	positive regulation of apoptotic process	108005605 108009754 108012158 108013467 108013467 108014439 108015538 108016912
GO:0043066	negative regulation of apoptotic process	108006236 108009404 108010015 108013186 108013190 108013200 108014025 108014269 108015330 108017774 108018045 108021180 108021201 108021371
GO:0043085	positive regulation of catalytic activity	108005517 108005517 108010223 108010223
GO:0043087	regulation of GTPase activity	108004683 108006422 108006422 108013262 108014942 108014953 108015225 108015393 108016305 108016831 108016938 108017622 108019122 108020382 108021262
GO:0043111	replication fork arrest	108014003 108018464 108019388
GO:0043113	receptor clustering	108009694 108010888 108013417 108014292 108016807
GO:0043122	regulation of canonical NF-kappaB signal transduction	108009727 108019166
GO:0043123	positive regulation of canonical NF-kappaB signal transduction	108005952 108009325 108010575 108015332 108019064
GO:0043124	negative regulation of canonical NF-kappaB signal transduction	108019064
GO:0043130	ubiquitin binding	108006670 108007976 108008266 108008353 108009200 108009746 108009817 108010587 108012108 108012394 108012557 108012557 108013157 108013512 108014316 108015001 108015172 108015762 108016368 108016573 108016573 108017977 108018209 108018641 108019149 108019149 108020423 108020928 108021059 108021224 108021391 108021717
GO:0043137	DNA replication, removal of RNA primer	108019816 108020958 139352835 139353731 139353747 139354008 139354140 139354415 139354742 139354987
GO:0043138	3'-5' DNA helicase activity	108006112 108006462 108007248 108007248 108010966 108013247 108013265 108013508 108017037 108017037
GO:0043139	5'-3' DNA helicase activity	108005370
GO:0043153	entrainment of circadian clock by photoperiod	108006238 108015129 108017559
GO:0043154	obsolete negative regulation of cysteine-type endopeptidase activity involved in apoptotic process	108016674 108016674
GO:0043161	proteasome-mediated ubiquitin-dependent protein catabolic process	108004727 108004854 108005589 108005645 108005934 108005938 108006664 108006916 108007236 108007852 108008365 108008531 108009259 108009578 108009592 108009644 108009746 108009859 108010009 108010038 108010558 108010850 108011128 108011553 108012235 108013368 108013768 108013770 108015303 108015348 108015762 108015762 108015948 108016775 108016823 108016939 108017247 108017282 108017500 108017927 108018037 108018041 108018207 108018209 108018485 108019168 108019798 108020003 108020005 108020423 108020423 108020509 108021041 108021211 108021224 108021339 108021391 108021661 118877356 118877613 139352159 139355077
GO:0043162	ubiquitin-dependent protein catabolic process via the multivesicular body sorting pathway	108006951 108016368 108016632
GO:0043169	cation binding	108005083 108007179 108008669 108009443 108012627 108016889 108018488 108019064 108019857 139354864
GO:0043171	peptide catabolic process	108005716 108005819 108007141 108007195 108007196 108007224 108007234 108007235 108008267 108012832 108014385 108014386 108014395 108014396 108016115 108020074 108020220 108020225 108021615 118878584
GO:0043175	RNA polymerase core enzyme binding	108004672
GO:0043186	P granule	108004777 108007671 108007982 108009340 108009428 108010278 108011127 108011865 108012277 108014442 108018125 108018430 108021354 108021436 108021469 108021474 139353041
GO:0043190	ATP-binding cassette (ABC) transporter complex	108016432
GO:0043195	terminal bouton	108007411 108009292 108010324 108011619 108013724 108019735 108020331 139352153
GO:0043197	dendritic spine	108009307 108013881 108016590 108016894 108019075
GO:0043198	dendritic shaft	108013190
GO:0043204	perikaryon	108013408
GO:0043227	membrane-bounded organelle	108006671 108008475
GO:0043231	intracellular membrane-bounded organelle	108004692 108004734 108004829 108004830 108004847 108005858 108006325 108007111 108008318 108008426 108008506 108008850 108009059 108009241 108009509 108009602 108009788 108009901 108012701 108012863 108013115 108014339 108014429 108014524 108014563 108014659 108014787 108015229 108015245 108015246 108015365 108015430 108015521 108015543 108015788 108015958 108016651 108016775 108016805 108016824 108016982 108017622 108017794 108017985 108018123 108018226 108018297 108018849 108019725 108019871 108020353 108020922 108021016 108021052 108021276 108021330 108021737 118877214 118879721 118879723 136117620 136117632 136117633 136117635 139353265
GO:0043235	receptor complex	108004681 108005015 108005880 108006259 108006561 108007289 108008431 108009052 108009404 108009633 108010246 108011857 108013615 108014712 108014836 108014910 108014963 108016740 108018288 108019603 108019741 108019753 108021631 108021688
GO:0043236	laminin binding	108009498
GO:0043240	Fanconi anaemia nuclear complex	108013938
GO:0043248	proteasome assembly	108005454 108005454 108007715 108007715 108009228 108017864 108017864 108018614 108021006 108021006 108021298
GO:0043252	sodium-independent organic anion transport	108007405 108009300 108009890 108009891 108010315 108014279 108014304 108018739
GO:0043266	regulation of potassium ion transport	108005458 108016978 108019759
GO:0043271	negative regulation of monoatomic ion transport	108019782
GO:0043280	obsolete positive regulation of cysteine-type endopeptidase activity involved in apoptotic process	108014671 108014680
GO:0043291	RAVE complex	108004655 108013505
GO:0043295	glutathione binding	108016900
GO:0043296	apical junction complex	108009765 108011139 139354007 139354009
GO:0043325	phosphatidylinositol-3,4-bisphosphate binding	108013566 118877437
GO:0043328	protein transport to vacuole involved in ubiquitin-dependent protein catabolic process via the multivesicular body sorting pathway	108012557 108013270 108016182 108019668 108019807 108021059
GO:0043337	cardiolipin synthase (CMP-forming)	108018846
GO:0043401	steroid hormone receptor signaling pathway	108021495
GO:0043405	regulation of MAP kinase activity	108005905 108013125
GO:0043406	positive regulation of MAP kinase activity	108011599
GO:0043407	negative regulation of MAP kinase activity	108007183
GO:0043408	regulation of MAPK cascade	108004950 108009850 108011162 108019828 108020092
GO:0043409	negative regulation of MAPK cascade	108009877 108015325 108020751
GO:0043410	positive regulation of MAPK cascade	108004695 108004815 108004815 108010324 108016422 108019866
GO:0043418	homocysteine catabolic process	108004728
GO:0043484	regulation of RNA splicing	108007309 108009037 108009181 108010811
GO:0043488	regulation of mRNA stability	108006682 108013055 108013881 108017595
GO:0043490	malate-aspartate shuttle	108007370 108007371 108017267
GO:0043491	phosphatidylinositol 3-kinase/protein kinase B signal transduction	108015410 108017076 108021546
GO:0043495	protein-membrane adaptor activity	108009822 108013256 108018141 108020413 108020972 118879475
GO:0043516	regulation of DNA damage response, signal transduction by p53 class mediator	108017486
GO:0043517	positive regulation of DNA damage response, signal transduction by p53 class mediator	108010160
GO:0043525	positive regulation of neuron apoptotic process	108009792 108010718 108015517
GO:0043527	tRNA methyltransferase complex	108015376 108016754
GO:0043529	GET complex	108013256 108018122
GO:0043531	ADP binding	108009795 108009960 108016562 108016583
GO:0043539	protein serine/threonine kinase activator activity	108005624 108008744 108015192 108017279 108020298
GO:0043541	UDP-N-acetylglucosamine transferase complex	108005363
GO:0043542	endothelial cell migration	108006223
GO:0043546	molybdopterin cofactor binding	108011218 108014135
GO:0043547	positive regulation of GTPase activity	108004844 108004972 108005126 108005393 108006222 108006222 108007694 108009079 108009860 108013339 108015968 108016154 108016794 108016844 108017739 108017753 108018004 108019590 108019706 108019706 108020944 108021684 139354125 139354525
GO:0043548	phosphatidylinositol 3-kinase binding	108018075
GO:0043560	insulin receptor substrate binding	108016422
GO:0043564	Ku70:Ku80 complex	108005483 108005483 108010624 108010624
GO:0043565	sequence-specific DNA binding	108004813 108005730 108006381 108006408 108006408 108006743 108007654 108007671 108008287 108008287 108008750 108009271 108009397 108009871 108011911 108012781 108012907 108013300 108013595 108013874 108014442 108014578 108015133 108016164 108016282 108016535 108016630 108016647 108017295 108017308 108019927 108020162 108020379 108020954 108021508 108021527 108021790
GO:0043596	nuclear replication fork	108005655 108006841 108016776 108017792
GO:0043614	multi-eIF complex	108011634
GO:0043625	delta DNA polymerase complex	108007722 108013521 108013777
GO:0043626	PCNA complex	108009284 108018138
GO:0043652	engulfment of apoptotic cell	108005740 108005837 108008619 108012374
GO:0043653	mitochondrial fragmentation involved in apoptotic process	139354589
GO:0043666	obsolete regulation of phosphoprotein phosphatase activity	108009526 108010453 108010453 108012943 108012943 108013194 108013194 108019200 108019200 108021050
GO:0043679	axon terminus	108019327 108021079
GO:0043682	P-type divalent copper transporter activity	108005319
GO:0043687	post-translational protein modification	108005046 108015167
GO:0043812	phosphatidylinositol-4-phosphate phosphatase activity	108012361 108017034
GO:0043813	phosphatidylinositol-3,5-bisphosphate 5-phosphatase activity	108020922
GO:0043843	ADP-specific glucokinase activity	108013525
GO:0043874	acireductone synthase activity	118878055 118878055
GO:0043928	obsolete exonucleolytic catabolism of deadenylated mRNA	108005465 108008678 108009204 108014668 108015270
GO:0043966	obsolete histone H3 acetylation	108008725 108011735 108016656 108019250
GO:0043967	obsolete histone H4 acetylation	108008541 108009255 108011487
GO:0043968	obsolete histone H2A acetylation	108005870 108008541 108011487
GO:0043981	obsolete histone H4-K5 acetylation	108009414 108015502
GO:0043982	obsolete histone H4-K8 acetylation	108009414 108015502
GO:0043984	obsolete histone H4-K16 acetylation	108005870 108009414 108011757 108013895 108015502 108021496
GO:0043998	histone H2A acetyltransferase activity	108007561
GO:0044183	protein folding chaperone	108006714 108006714 108007426 108007731 108009975 108011490 108014462 108014462 108015711 108017214 108017214 108018045 118878442 118878449 118878450 118878453 118878455 118878458 136117798 139354722
GO:0044205	'de novo' UMP biosynthetic process	108006139
GO:0044208	'de novo' AMP biosynthetic process	118876786 118877794
GO:0044209	AMP salvage	108012568
GO:0044233	mitochondria-associated endoplasmic reticulum membrane contact site	108006337 108021099
GO:0044237	obsolete cellular metabolic process	108009630
GO:0044255	obsolete cellular lipid metabolic process	108004568 108013346 108013461 108014734
GO:0044284	mitochondrial crista junction	108004811 108009119 108012044 108019083
GO:0044291	cell-cell contact zone	108016914
GO:0044295	axonal growth cone	108013085 108015557
GO:0044325	transmembrane transporter binding	108011396 108012968 108014955 108020400
GO:0044331	cell-cell adhesion mediated by cadherin	108009550 108014792 108014867 108015501
GO:0044389	ubiquitin-like protein ligase binding	108008080
GO:0044390	ubiquitin-like protein conjugating enzyme binding	108011756 108018483 108018775 108018925
GO:0044419	biological process involved in interspecies interaction between organisms	108010739 108012473 108012550 108018082 108019662
GO:0044458	motile cilium assembly	108006708 108013864 108018245
GO:0044528	regulation of mitochondrial mRNA stability	108020520 108020520
GO:0044545	NSL complex	108009414 108011834 108015502 108017425 118877700
GO:0044548	S100 protein binding	108015218
GO:0044571	[2Fe-2S] cluster assembly	108007502 108007502 108021246
GO:0044610	FMN transmembrane transporter activity	108020208
GO:0044611	nuclear pore inner ring	108019132 108019867 108021073
GO:0044613	nuclear pore central transport channel	108004845 108008313 108008314 108010138 108015335 108020963
GO:0044614	nuclear pore cytoplasmic filaments	108011898 108019889
GO:0044615	nuclear pore nuclear basket	108004845
GO:0044666	MLL3/4 complex	108016855 108016886 108017936 108021291 139352173
GO:0044715	8-oxo-dGDP phosphatase activity	108010631 139355046
GO:0044716	8-oxo-GDP phosphatase activity	108010631
GO:0044753	amphisome	108021128
GO:0044772	mitotic cell cycle phase transition	108007485 108007485 108010245 108010245 108010810 108011795 108017321 108017321 108018918 108020468 108020468 139352939 139352939
GO:0044773	mitotic DNA damage checkpoint signaling	108006616 108007531 108015358 108021335
GO:0044778	meiotic DNA integrity checkpoint signaling	108005936
GO:0044782	cilium organization	108004714 108004742 108006506 108014336 108015484 108016704 108020206 139353473
GO:0044804	nucleophagy	108010104 108012492 108013091 108015927 108018448 108021167 108021826
GO:0044877	protein-containing complex binding	108005324 108009141 108009425 108010086 108010323 108011963 108012422 108019807
GO:0044878	mitotic cytokinesis checkpoint signaling	108019218
GO:0045003	double-strand break repair via synthesis-dependent strand annealing	108017037 108017497 108021385
GO:0045004	DNA replication proofreading	108013777 108015829
GO:0045010	actin nucleation	108019161 108021375
GO:0045022	early endosome to late endosome transport	108009501 108013270 108014147
GO:0045025	mitochondrial degradosome	108011648
GO:0045039	protein insertion into mitochondrial inner membrane	108005697 108010241 108014258 108018990 108021523
GO:0045040	protein insertion into mitochondrial outer membrane	108009719
GO:0045041	protein import into mitochondrial intermembrane space	108004746 108006847 108007064 108017046 108019301
GO:0045046	protein import into peroxisome membrane	108014255 108021223
GO:0045047	protein targeting to ER	108010732 108017006 108020626 108021339
GO:0045048	protein insertion into ER membrane	108011603 108011603 108014462 108014462 108015262
GO:0045053	protein retention in Golgi apparatus	108007274 108017918
GO:0045055	regulated exocytosis	108004829
GO:0045056	transcytosis	108004705
GO:0045087	innate immune response	108005888 108006672 108006676 108006868 108008351 108009196 108009325 108009350 108010615 108010964 108012558 108013834 108016051 108016137 108016787 108018562 108018759 108018935 108019166 108019667 108019672 108020187 108020604 108020895 139352533 139353175
GO:0045089	positive regulation of innate immune response	108005882
GO:0045095	keratin filament	108010635
GO:0045098	type III intermediate filament	108018531
GO:0045104	intermediate filament cytoskeleton organization	108019601
GO:0045116	protein neddylation	108005853 108011364 108014598 108014598 108017781 108019854 108019854 108021658
GO:0045121	membrane raft	108004815 108012346 108013190
GO:0045127	N-acetylglucosamine kinase activity	108014478
GO:0045132	meiotic chromosome segregation	108009086
GO:0045134	UDP phosphatase activity	108010644
GO:0045159	myosin II binding	108004974 108005140
GO:0045165	cell fate commitment	108005646 108006227 108008603 108010464 108010711 108011407 108014544 108014545 108014557 108016875 108020388 108021055 118878591
GO:0045174	glutathione dehydrogenase (ascorbate) activity	108012516 108012517 108013534 108013537
GO:0045176	apical protein localization	108009616
GO:0045177	apical part of cell	108014990 108015316
GO:0045179	apical cortex	108009616
GO:0045182	translation regulator activity	108008203 108013881 108019065 118877699 118878609 118878804 118879420 139352566 139353019 139353215 139353252 139353253 139353394 139353395 139353720 139353721 139353722 139354860 139355078 139355081 139355082 139355083
GO:0045184	establishment of protein localization	108020206
GO:0045197	establishment or maintenance of epithelial cell apical/basal polarity	108009694 108010888 108011139 108013417 108016807 108017587 108018886 108019090
GO:0045199	maintenance of epithelial cell apical/basal polarity	108006625
GO:0045202	synapse	108004795 108004869 108005448 108006426 108006625 108008383 108008553 108009292 108009481 108009518 108009600 108009716 108009834 108010870 108011409 108011881 108012866 108012887 108013451 108013990 108014169 108014177 108014479 108014568 108014711 108014865 108015077 108015189 108015326 108016232 108016595 108016639 108017582 108017645 108018039 108018438 108018807 108018853 108018926 108018976 108019080 108019326 108019798 108019970 108020196 108021095 108021510 139353246 139353290 139353291
GO:0045211	postsynaptic membrane	108006426 108008383 108009307 108009694 108010888 108011506 108013000 108013711 108013990 108015077 108015189 108016804 108017582 108018039 108018807 108018853 108019326 108019327 108019970 108020196 108020396 108021079 108021095 108021510
GO:0045214	sarcomere organization	108004684 108005002 108013385 108014236 108019039
GO:0045216	cell-cell junction organization	108006504 118877642 139354007 139354009
GO:0045239	tricarboxylic acid cycle heteromeric enzyme complex	108015254 108015254 108015255 108015255 108017063 108017063 108021458 108021458
GO:0045252	oxoglutarate dehydrogenase complex	108006003 108006828 108010516 108012820
GO:0045261	obsolete proton-transporting ATP synthase complex, catalytic core F(1)	108004921 108009960 108009960 108014633 108014633 108020422 108020422
GO:0045272	obsolete plasma membrane respiratory chain complex I	108010733 108012735 108014552 108016874 108019187 108019192
GO:0045277	respiratory chain complex IV	108013716 108016552
GO:0045292	mRNA cis splicing, via spliceosome	108008488 108010963 108012926 108015037 108015327 108015506 108018590 108020891 108020998 118878586 139354198 139354198
GO:0045294	alpha-catenin binding	108016895 108016914
GO:0045295	gamma-catenin binding	108007294 108020590
GO:0045296	cadherin binding	108006764 108009194 108009550 108014792 108014867 108015501 108016507 108016895 108016895 108017734 108018279 108019362 108020739 139353230
GO:0045321	leukocyte activation	108005172 108014256
GO:0045324	late endosome to vacuole transport	108005727 108011659 108014465 108015539 108018414 118878100
GO:0045329	carnitine biosynthetic process	108006283 108015297 108018513 108018513 108019646
GO:0045332	phospholipid translocation	108006288 108006343 108008517 108008518 108019280 108019755 108020707 108020904 108020933
GO:0045333	cellular respiration	108018157 108018157 108019187
GO:0045334	clathrin-coated endocytic vesicle	108017034 108019093
GO:0045335	phagocytic vesicle	108009813 108015767 108019699 108021539
GO:0045337	farnesyl diphosphate biosynthetic process	108010116
GO:0045429	positive regulation of nitric oxide biosynthetic process	108005295
GO:0045450	bicoid mRNA localization	108009852
GO:0045454	cell redox homeostasis	108005172 108006420 108007161 108007436 108008524 108008806 108009867 108009868 108012468 108014256 108016594 108017339 108019124 108021536 118877729
GO:0045494	photoreceptor cell maintenance	108017990
GO:0045499	chemorepellent activity	108007872 108009621 108009640 108009916 108014655
GO:0045503	dynein light chain binding	108005000 108005769 108007900 108009657 108009939 108010702 108013202 108013502 108018992 108019102
GO:0045504	dynein heavy chain binding	108004715 108005000 108005769 108007900 108009657 108009939 108010329 108010702 108011848 108013202 108013502 108016514 108018992 108019102
GO:0045505	dynein intermediate chain binding	108007418 108008726 108008996 108009220 108010053 108011632 108011772 108012831 108012854 108012960 108013006 108013165 108013903 108014444 108014446 108015691 108016394 108016798 108016950 108017769 108018365 108018781 108018789 108019204 108019351 108019784 108020148 108020290 108021122 139352868 139353541 139353556 139353701
GO:0045540	regulation of cholesterol biosynthetic process	108010721
GO:0045547	ditrans,polycis-polyprenyl diphosphate synthase [(2E,6E)-farnesyl diphosphate specific] activity	108021261 108021837
GO:0045579	positive regulation of B cell differentiation	108018514
GO:0045595	regulation of cell differentiation	108007294 108014365 108020590
GO:0045661	regulation of myoblast differentiation	108005282
GO:0045663	positive regulation of myoblast differentiation	108007835
GO:0045664	regulation of neuron differentiation	108006729 108009633 108017058
GO:0045666	positive regulation of neuron differentiation	108005128 108006336 108009420 108021010
GO:0045717	negative regulation of fatty acid biosynthetic process	108006184
GO:0045719	negative regulation of glycogen biosynthetic process	108009900
GO:0045724	positive regulation of cilium assembly	108018619
GO:0045727	positive regulation of translation	108007154 108010094 108011223 108013881 108014795 108021043
GO:0045732	positive regulation of protein catabolic process	108007294 108009647 108020590
GO:0045736	negative regulation of cyclin-dependent protein serine/threonine kinase activity	108014618 108020552
GO:0045737	positive regulation of cyclin-dependent protein serine/threonine kinase activity	108008542
GO:0045739	positive regulation of DNA repair	108021272
GO:0045740	positive regulation of DNA replication	108010816
GO:0045742	positive regulation of epidermal growth factor receptor signaling pathway	108006372
GO:0045743	positive regulation of fibroblast growth factor receptor signaling pathway	108006372
GO:0045746	negative regulation of Notch signaling pathway	108006336 108009420 108021010
GO:0045747	positive regulation of Notch signaling pathway	108005966 108005967 108011636 108013560 108018477
GO:0045773	positive regulation of axon extension	108013000
GO:0045786	negative regulation of cell cycle	108006966 108020231
GO:0045807	positive regulation of endocytosis	108018063
GO:0045814	negative regulation of gene expression, epigenetic	108014422 108016889
GO:0045823	positive regulation of heart contraction	108010571
GO:0045835	negative regulation of meiotic nuclear division	108006587
GO:0045842	positive regulation of mitotic metaphase/anaphase transition	108005955 108006805 108014866 108015304 108016346
GO:0045860	positive regulation of protein kinase activity	108011912 108019299
GO:0045862	positive regulation of proteolysis	108006664 108010850
GO:0045879	negative regulation of smoothened signaling pathway	108019853 118877218
GO:0045892	negative regulation of DNA-templated transcription	108007671 108008017 108008140 108008140 108009158 108011163 108011310 108011624 108011967 108011972 108012202 108013418 108013703 108013719 108014442 108014829 108014829 108015132 108015321 108016530 108016746 108016747 108017455 108018895 108018954 108020029 108020162 108020742 108021051 108021384 108021606 108021629
GO:0045893	positive regulation of DNA-templated transcription	108005003 108005003 108005147 108005680 108006188 108006381 108006433 108006957 108007209 108007227 108008323 108008339 108009527 108009595 108009871 108010021 108011394 108011624 108012034 108012367 108012482 108012525 108012577 108012632 108012637 108012668 108013254 108013841 108014678 108015329 108015537 108016143 108016537 108016568 108016961 108016961 108018706 108019729 108020170 108020198 108020273 108021784 108021790 118877362 118879425 118879787 136117686 139354214 139354466 139354515 139354892
GO:0045899	positive regulation of RNA polymerase II transcription preinitiation complex assembly	108014686 108015375
GO:0045900	negative regulation of translational elongation	108006845
GO:0045901	positive regulation of translational elongation	108008485 108008485 108012898 108012898
GO:0045905	positive regulation of translational termination	108008485 108012898 108021527
GO:0045910	negative regulation of DNA recombination	108011170 139352211 139352214 139352217 139352218 139352220 139352221 139352224 139352227 139352230 139352232 139352234 139352237 139352240 139352242 139352252 139352266 139352270 139352275 139352279 139352283 139352328 139352333 139352337 139352341 139352348 139352359 139352364 139352370 139352375 139352383 139352401 139352405 139352410 139352417 139352422 139352424 139352426 139352428 139352431 139352434 139352435 139352442 139352444 139352446 139352448 139352454
GO:0045943	positive regulation of transcription by RNA polymerase I	108005314 108016601 108020910 108021029
GO:0045944	positive regulation of transcription by RNA polymerase II	108004601 108004615 108004660 108004968 108005050 108005661 108005882 108005998 108006099 108006230 108006389 108006520 108006521 108006544 108006617 108006654 108006729 108006736 108007505 108007948 108008020 108008240 108008308 108008368 108008739 108008991 108009158 108009380 108009414 108009643 108009712 108009924 108009924 108010419 108010479 108010488 108010896 108010966 108011071 108011122 108011163 108011652 108011735 108011834 108011956 108012320 108012343 108012412 108012531 108012691 108012755 108012969 108013011 108013148 108013177 108013246 108013337 108013344 108013345 108013703 108013767 108013834 108013979 108014272 108014373 108014544 108014545 108014557 108014960 108015213 108015545 108015726 108015737 108016069 108016245 108016855 108016895 108016976 108017058 108017686 108017936 108018052 108018268 108018591 108018966 108019133 108019743 108019790 108020196 108020401 108020895 108021055 108021244 108021275 108021309 108021606 108021829 118877515 118877721 136117103 139352173 139353373
GO:0045947	negative regulation of translational initiation	108006627 108006627 108014136
GO:0045948	positive regulation of translational initiation	108004907 108012996
GO:0045951	positive regulation of mitotic recombination	108010268
GO:0045995	regulation of embryonic development	108013119
GO:0046008	regulation of female receptivity, post-mating	108005546 108005547
GO:0046015	regulation of transcription by glucose	108017831
GO:0046033	AMP metabolic process	108006540
GO:0046034	ATP metabolic process	108008064 108011973 108011973 108011975 108011975 108011983 108011983 108012918
GO:0046040	IMP metabolic process	118877794
GO:0046069	cGMP catabolic process	108005407
GO:0046081	dUTP catabolic process	108008930 108008930
GO:0046084	adenine biosynthetic process	108020935
GO:0046103	inosine biosynthetic process	108008665 108010494 108015550 108015551 108015631 108016376 108017540
GO:0046166	glyceraldehyde-3-phosphate biosynthetic process	108016474
GO:0046167	glycerol-3-phosphate biosynthetic process	108007178 108012927 108013450
GO:0046168	glycerol-3-phosphate catabolic process	108008262 108016500 108020514 139353886 139353911 139353951
GO:0046177	obsolete D-gluconate catabolic process	108016847
GO:0046294	formaldehyde catabolic process	108005030 108005030 108012088
GO:0046295	glycolate biosynthetic process	108018267 108019750
GO:0046314	phosphocreatine biosynthetic process	108013043 108013044 118877671
GO:0046327	glycerol biosynthetic process from pyruvate	108018126 108018203
GO:0046328	regulation of JNK cascade	108012389
GO:0046330	positive regulation of JNK cascade	108008603 118878591
GO:0046332	SMAD binding	108014910 108019111 108019111 108020393 108020393
GO:0046339	diacylglycerol metabolic process	108009537 108013811 108014920
GO:0046340	diacylglycerol catabolic process	108013711
GO:0046359	butyrate catabolic process	108015957 108017408
GO:0046380	N-acetylneuraminate biosynthetic process	108011152
GO:0046403	polynucleotide 3'-phosphatase activity	108006487 108006487 108006495 108006495
GO:0046404	ATP-dependent polydeoxyribonucleotide 5'-hydroxyl-kinase activity	108006487 108006487 108006495 108006495
GO:0046426	negative regulation of receptor signaling pathway via JAK-STAT	108013331
GO:0046452	dihydrofolate metabolic process	118877781
GO:0046464	acylglycerol catabolic process	108021495
GO:0046470	phosphatidylcholine metabolic process	108004677
GO:0046475	glycerophospholipid catabolic process	108009931 108016509 108017409 108020732 108021464 118877320
GO:0046498	S-adenosylhomocysteine metabolic process	108008071
GO:0046500	S-adenosylmethionine metabolic process	108008071
GO:0046512	sphingosine biosynthetic process	108007111 108016824 108017227 108019858 108021235 108021398
GO:0046513	ceramide biosynthetic process	108004755 108004755 108005756 108010045 108016509 108017224 108017225 108019389 108019858 108021235 108021398 139354936
GO:0046514	ceramide catabolic process	108017227 108021131
GO:0046523	S-methyl-5-thioribose-1-phosphate isomerase activity	108010837
GO:0046525	xylosylprotein 4-beta-galactosyltransferase activity	108006611
GO:0046540	U4/U6 x U5 tri-snRNP complex	108004807 108005791 108009177 108009942 108012698 108012704 108013523 108013523 108014140 108014257 108014823 108015778 108016026 108018938 108019085 108019085 108020064 108020734 108020998 108020998 108021303
GO:0046570	methylthioribulose 1-phosphate dehydratase activity	108013722
GO:0046578	regulation of Ras protein signal transduction	108010821
GO:0046580	negative regulation of Ras protein signal transduction	108007183
GO:0046592	polyamine oxidase activity	108007048 108009753 108010501 108012611 108013394 108019406
GO:0046600	negative regulation of centriole replication	108016087 108016087 108019729
GO:0046620	regulation of organ growth	108012158
GO:0046621	negative regulation of organ growth	108013512 108013878
GO:0046627	negative regulation of insulin receptor signaling pathway	108006222
GO:0046654	tetrahydrofolate biosynthetic process	108010031 108010031 118877781 118877781
GO:0046655	folic acid metabolic process	108011135 118877781
GO:0046660	female sex differentiation	108005620
GO:0046680	response to DDT	108009231 108009232 108015390 108017524 108019629
GO:0046695	SLIK (SAGA-like) complex	108010681 108011705 108016254 108021352
GO:0046701	insecticide catabolic process	108009231 108009232 108015390 108017524 108019629
GO:0046705	CDP biosynthetic process	108014053 108021622
GO:0046755	viral budding	108016614
GO:0046777	protein autophosphorylation	108006975 108007276 108010678 108011166 108014722 108015249 108016188 108016537
GO:0046785	microtubule polymerization	108011309 108011309 108014562
GO:0046834	lipid phosphorylation	108009537 108013811 108014920
GO:0046835	carbohydrate phosphorylation	108008347 108010900 108011858 108013499 108015366 108017940 108020309
GO:0046839	phospholipid dephosphorylation	108007423 108007424 108007438 108007439 108007440 108008447 108010226 108016286
GO:0046854	phosphatidylinositol phosphate biosynthetic process	108005168 108009433 108009439 108009617 108009755 108010002 108013032 108013099 108013301 108013769 108013773 108014011 108015098 108016277 108016902 108019713 108019914 108020385 108020858 108020911 108021465 118877282
GO:0046856	phosphatidylinositol dephosphorylation	108005437 108006310 108006632 108008337 108008337 108009629 108009688 108009688 108011112 108011112 108012361 108012992 108012992 108013228 108013516 108016944 108016944 108017034 108020922 108021546 108021546 139353981
GO:0046872	metal ion binding	108004650 108004667 108004675 108004694 108005238 108005320 108005463 108005640 108005819 108005978 108006001 108006291 108006310 108006714 108006918 108007613 108007617 108007636 108007642 108007646 108007733 108007808 108007809 108008317 108008429 108008456 108008495 108008983 108009009 108009037 108009241 108009274 108009279 108009433 108009629 108009882 108010069 108010184 108010278 108010568 108010806 108010978 108011036 108011140 108011177 108011447 108011660 108011700 108011701 108011704 108012277 108012307 108012436 108013011 108013708 108013722 108013930 108014520 108014560 108014753 108014759 108015132 108015673 108016153 108016481 108016573 108016586 108016823 108016866 108017214 108017595 108017612 108017879 108017923 108018002 108018037 108018108 108018110 108018294 108018304 108018450 108018775 108018834 108018863 108018925 108019166 108019218 108019493 108019605 108019697 108019720 108019890 108020191 108020752 108020753 108020888 108020935 108021038 108021295 108021312 108021395 108021412 108021438 108021747 108021836 118876781 118877676 118877691 118877693 118877709 139354918
GO:0046873	metal ion transmembrane transporter activity	108020345 108020345
GO:0046875	ephrin receptor binding	108020409
GO:0046883	regulation of hormone secretion	108016248
GO:0046890	regulation of lipid biosynthetic process	108009109
GO:0046900	tetrahydrofolylpolyglutamate metabolic process	108007494 108007501
GO:0046901	tetrahydrofolylpolyglutamate biosynthetic process	108005186 108021084
GO:0046907	intracellular transport	108005919 108007928 108010710 108014676 108015188 108017485 108017733 108019161
GO:0046914	transition metal ion binding	108016887
GO:0046920	alpha-(1->3)-fucosyltransferase activity	108006411 108006411
GO:0046922	peptide-O-fucosyltransferase activity	108010106 108010106 108016579
GO:0046923	ER retention sequence binding	108021832 108021832
GO:0046928	regulation of neurotransmitter secretion	108011619 108016188 108018158
GO:0046933	proton-transporting ATP synthase activity, rotational mechanism	108004921 108004921 108008611 108008639 108009960 108009960 108012252 108013920 108013920 108014146 108014633 108014633 108015214 108015214 108019202 108019202 108020422 108020422 108020894 108021424 118878112 118878112
GO:0046935	1-phosphatidylinositol-3-kinase regulator activity	108016902 108019713 108020911 108021465
GO:0046949	fatty-acyl-CoA biosynthetic process	108005116 108008467 108008503 108008708 108010263 108010264 108011538 108014176 108014181 108014185 108015574 108019245 108020622 108021105 139353152
GO:0046951	ketone body biosynthetic process	108021594
GO:0046952	ketone body catabolic process	108012875
GO:0046961	proton-transporting ATPase activity, rotational mechanism	108005432 108006749 108006749 108006888 108006888 108007205 108007205 108007652 108008064 108008064 108008700 108008700 108009094 108009094 108009734 108010533 108011016 108011016 108011973 108011973 108011975 108011975 108011983 108011983 108014182 108014182 108014616 108014616 108015727 108016495 108016836 108016836 108017056 108017064 108017510 108017510 108017517 108017517 108017809 108017809 108017839 108018081 108018092 108018092 108018907 108018907 108019996 108019996 108020028 108020028 108020037 108020037 108021626 108021626 139353066 139353066
GO:0046964	3'-phosphoadenosine 5'-phosphosulfate transmembrane transporter activity	108006820 108017338
GO:0046969	histone H3K9 deacetylase activity, NAD-dependent	108006775
GO:0046972	histone H4K16 acetyltransferase activity	108011163 108013703
GO:0046974	histone H3K9 methyltransferase activity	108004924 108004924 108010061 108016862
GO:0046975	histone H3K36 methyltransferase activity	108004678 108004678
GO:0046976	histone H3K27 methyltransferase activity	108013266 108013266
GO:0046982	protein heterodimerization activity	108004580 108005075 108005209 108005254 108006791 108006826 108006860 108009116 108009225 108009699 108010030 108010098 108010681 108010977 108011705 108012997 108013109 108013513 108014679 108014775 108016254 108016656 108016668 108016763 108016882 108017603 108017891 108018011 108018019 108018758 108019045 108019138 108019250 108019847 108020401 108020944 108021408 108021824 118878425 136117819 139352209 139352210 139352212 139352213 139352215 139352216 139352219 139352223 139352226 139352229 139352236 139352238 139352239 139352241 139352243 139352244 139352245 139352246 139352247 139352248 139352250 139352251 139352253 139352255 139352256 139352257 139352258 139352259 139352260 139352261 139352262 139352263 139352264 139352265 139352267 139352268 139352269 139352271 139352272 139352273 139352274 139352276 139352277 139352278 139352280 139352281 139352282 139352284 139352285 139352286 139352287 139352288 139352289 139352290 139352291 139352292 139352293 139352294 139352296 139352297 139352298 139352300 139352301 139352302 139352304 139352305 139352320 139352321 139352323 139352324 139352325 139352326 139352327 139352329 139352330 139352331 139352332 139352334 139352335 139352336 139352338 139352339 139352340 139352342 139352343 139352344 139352345 139352346 139352347 139352349 139352350 139352351 139352352 139352353 139352354 139352355 139352356 139352357 139352358 139352360 139352361 139352362 139352363 139352365 139352366 139352367 139352368 139352369 139352371 139352372 139352373 139352374 139352376 139352377 139352378 139352379 139352380 139352381 139352382 139352384 139352385 139352386 139352387 139352388 139352389 139352390 139352391 139352392 139352393 139352394 139352395 139352396 139352397 139352398 139352399 139352400 139352402 139352403 139352404 139352406 139352407 139352408 139352409 139352411 139352412 139352413 139352414 139352415 139352416 139352418 139352419 139352420 139352421 139352423 139352425 139352427 139352429 139352430 139352432 139352433 139352436 139352437 139352438 139352439 139352440 139352441 139352443 139352445 139352447 139352449 139352456 139352521 139352541 139352559 139352560 139352567 139352573 139352582 139352595 139352596 139352954 139353345 139353396 139353451 139353942 139354938 139354994 139355176 139355184
GO:0046983	protein dimerization activity	108004940 108004968 108004997 108005318 108005440 108005746 108005907 108006099 108006149 108006312 108006854 108006971 108007835 108008222 108008682 108008991 108009380 108009924 108010431 108010896 108011555 108011712 108012755 108012801 108013177 108013509 108013544 108013872 108014050 108014057 108014058 108014065 108014067 108014068 108014170 108014406 108014651 108014810 108014871 108015107 108015130 108015585 108015860 108016245 108016306 108016309 108016473 108016700 108016723 108016724 108016728 108016932 108016970 108017943 108018462 108018892 108019170 108019176 108019669 108019698 108020147 108020416 108020566 108020900 108020918 108020952 108021012 108021200 108021243 108021275 108021309 108021432 108021644 118877515
GO:0047057	vitamin-K-epoxide reductase (warfarin-sensitive) activity	108008911 108008911
GO:0047134	protein-disulfide reductase [NAD(P)H] activity	108015462 108018998
GO:0047184	1-acylglycerophosphocholine O-acyltransferase activity	108019819 118877513
GO:0047238	glucuronosyl-N-acetylgalactosaminyl-proteoglycan 4-beta-N-acetylgalactosaminyltransferase activity	108005450 108009949 108019151
GO:0047372	monoacylglycerol lipase activity	108009748 108018229 108020062 108021495
GO:0047389	glycerophosphocholine phosphodiesterase activity	108009931 108017409 108020732 108021464 118877320
GO:0047429	nucleoside triphosphate diphosphatase activity	108019146 108019146 108021226 108021226
GO:0047444	N-acylneuraminate-9-phosphate synthase activity	108018707
GO:0047453	ATP-dependent NAD(P)H-hydrate dehydratase activity	118877541
GO:0047464	heparosan-N-sulfate-glucuronate 5-epimerase activity	108018156
GO:0047493	ceramide cholinephosphotransferase activity	108005756
GO:0047496	vesicle transport along microtubule	108009779 108012990 108017245
GO:0047498	calcium-dependent phospholipase A2 activity	108005479 108007219 108016997 108018217 108018218 108018949
GO:0047499	calcium-independent phospholipase A2 activity	108013430
GO:0047536	2-aminoadipate transaminase activity	108014102
GO:0047545	2-hydroxyglutarate dehydrogenase activity	108021219
GO:0047555	3',5'-cyclic-GMP phosphodiesterase activity	108005407 108013441
GO:0047560	3-dehydrosphinganine reductase activity	108007935 108007935
GO:0047617	fatty acyl-CoA hydrolase activity	108010843 108010844 108010845 108012612 108013184 108020956
GO:0047620	acylglycerol kinase activity	108021398
GO:0047631	ADP-ribose diphosphatase activity	108005639 108005642 108019141
GO:0047710	bis(5'-adenosyl)-triphosphatase activity	108012929
GO:0047938	glucose-6-phosphate 1-epimerase activity	108021208
GO:0047952	glycerol-3-phosphate dehydrogenase [NAD(P)+] activity	108008262 108008262 108016500 108016500 108020514 108020514 139352948 139352948 139353886 139353886 139353887 139353887 139353892 139353892 139353911 139353911 139353912 139353912 139353917 139353917 139353924 139353924 139353925 139353925 139353951 139353951
GO:0048011	neurotrophin TRK receptor signaling pathway	108010105 108010105
GO:0048013	ephrin receptor signaling pathway	108020405 108020409
GO:0048015	phosphatidylinositol-mediated signaling	108006331 108009581 108013032 108015098 108015410 108016816 108017076 108020249
GO:0048018	receptor ligand activity	108008326 108020868 108021257 108021373 118877663
GO:0048019	receptor antagonist activity	108010590 108012447
GO:0048024	regulation of mRNA splicing, via spliceosome	108009926 108011258 108014041 108016102 108018567
GO:0048026	positive regulation of mRNA splicing, via spliceosome	108004565 108014301 136116481
GO:0048027	mRNA 5'-UTR binding	108011135
GO:0048029	monosaccharide binding	108009662 108015520 108017955
GO:0048038	quinone binding	108010733 108015729 108019192 108020426
GO:0048039	ubiquinone binding	108007842 108018157 108018157
GO:0048040	UDP-glucuronate decarboxylase activity	108013092
GO:0048066	developmental pigmentation	108007985
GO:0048101	calmodulin-activated 3',5'-cyclic-GMP phosphodiesterase activity	108011393
GO:0048167	regulation of synaptic plasticity	108009122 108011396 108012968
GO:0048168	regulation of neuronal synaptic plasticity	108016014
GO:0048172	regulation of short-term neuronal synaptic plasticity	108014568
GO:0048179	activin receptor complex	108006788 108018047
GO:0048185	activin binding	108006788 108018047
GO:0048188	Set1C/COMPASS complex	108005456 108005778 108010606 108011473 108011871 108012491 108014966 108017041 108017041 108017448 108017557 108020328 108021119 118878644 118878644 136117477 136117477 139352997 139352997 139353006 139353006
GO:0048193	Golgi vesicle transport	108008325 108009031 108019161 108019883 118876983
GO:0048194	Golgi vesicle budding	108021470
GO:0048205	COPI coating of Golgi vesicle	108007711
GO:0048208	COPII vesicle coating	108005322 108008289
GO:0048210	Golgi vesicle fusion to target membrane	108005790 108016590
GO:0048211	Golgi vesicle docking	108004705
GO:0048213	obsolete Golgi vesicle prefusion complex stabilization	108021281
GO:0048240	sperm capacitation	108021495
GO:0048250	iron import into the mitochondrion	108017496
GO:0048254	snoRNA localization	108005204 108018066
GO:0048255	mRNA stabilization	108009302 108014795
GO:0048257	3'-flap endonuclease activity	108015368
GO:0048259	regulation of receptor-mediated endocytosis	108010590
GO:0048268	clathrin coat assembly	108017128 108017128 108017449 118877437
GO:0048278	vesicle docking	108005641 108011264 108012405 108015761 108018909 108018959 108021518 118877357
GO:0048280	vesicle fusion with Golgi apparatus	108004705 108011979 108013305 108015124 108016315 108017513
GO:0048284	organelle fusion	108016929 139352907
GO:0048311	mitochondrion distribution	108017245
GO:0048312	intracellular distribution of mitochondria	108009095
GO:0048332	mesoderm morphogenesis	108012856 108014338
GO:0048468	cell development	108007272 108007279 108007283 108018987 108019299
GO:0048471	perinuclear region of cytoplasm	108005077 108006821 108007143 108012895 108013190 108014830 108015547 108017556 108018889 108019729
GO:0048476	Holliday junction resolvase complex	108008446 108015368
GO:0048477	oogenesis	108017556
GO:0048487	beta-tubulin binding	108005326 108005326 108010794 108010794 108013561 108013563 108013628 108016732 108020916
GO:0048488	synaptic vesicle endocytosis	108008383 108009688 108013483 108013990 108015563 108019326 108019970 108020474 108021095 108021274
GO:0048489	synaptic vesicle transport	108009716 108018065
GO:0048490	anterograde synaptic vesicle transport	108013724
GO:0048495	Roundabout binding	108018028
GO:0048499	synaptic vesicle membrane organization	108013724
GO:0048512	circadian behavior	108004750
GO:0048513	animal organ development	108005142 108007183 108009971 108011413 108017035
GO:0048568	embryonic organ development	108019094 108019181
GO:0048598	embryonic morphogenesis	108010728 108011141
GO:0048619	embryonic hindgut morphogenesis	108007787 108007800 108007964 108018449 108021333
GO:0048665	neuron fate specification	108006654
GO:0048666	neuron development	108016809 108019181
GO:0048675	axon extension	108007276 108009716
GO:0048678	response to axon injury	108006953 108012908
GO:0048699	generation of neurons	108019090
GO:0048786	presynaptic active zone	108007364 108013336 108020989
GO:0048787	presynaptic active zone membrane	108015761
GO:0048788	cytoskeleton of presynaptic active zone	108009122 108011396 108012968
GO:0048790	maintenance of presynaptic active zone structure	108009122
GO:0048791	calcium ion-regulated exocytosis of neurotransmitter	108011396 108012968 108015563 108018438 108021274
GO:0048812	neuron projection morphogenesis	108006818 108007448 108013000 108015557
GO:0048813	dendrite morphogenesis	108015645
GO:0048814	regulation of dendrite morphogenesis	108004803 108013881 108015171
GO:0048821	erythrocyte development	108008328
GO:0048843	negative regulation of axon extension involved in axon guidance	108007872 108009621 108009640 108009916 108014655
GO:0048854	brain morphogenesis	108009779
GO:0048856	anatomical structure development	108006115 108006908 108007690 108007867 108008612 108008674 108011026 108011278 108012283 108013627 108013993 108015048 108016032 108016823 108017611 108017686 108017885 108017937 108018268 108019289 108020199 108020368 108020394 108020428
GO:0048870	cell motility	108009141 108018986 108018986 108021134 108021546
GO:0050038	L-xylulose reductase (NADPH) activity	108011219
GO:0050104	L-gulonate 3-dehydrogenase activity	108006329 108008718
GO:0050113	inositol oxygenase activity	108012469 108012469
GO:0050124	N-acylneuraminate-9-phosphatase activity	108011152
GO:0050152	omega-amidase activity	108011604 108015850
GO:0050185	phosphatidylinositol deacylase activity	108015305
GO:0050211	procollagen galactosyltransferase activity	108015428
GO:0050218	propionate-CoA ligase activity	108017597
GO:0050220	prostaglandin-E synthase activity	108005628 108005628
GO:0050262	ribosylnicotinamide kinase activity	108007163 108011412 108020609
GO:0050265	RNA uridylyltransferase activity	108015978 108017139
GO:0050290	sphingomyelin phosphodiesterase D activity	108016509 108016509
GO:0050291	sphingosine N-acyltransferase activity	108004755 108004755
GO:0050313	sulfur dioxygenase activity	108009786 108009786
GO:0050321	tau-protein kinase activity	108006055 108008963 108013766 108021207
GO:0050353	trimethyllysine dioxygenase activity	108018513
GO:0050428	3'-phosphoadenosine 5'-phosphosulfate biosynthetic process	108005906
GO:0050431	transforming growth factor beta binding	108006876 108012447
GO:0050435	amyloid-beta metabolic process	108013190
GO:0050482	arachidonate secretion	108005479 108006635 108007219 108016997 108018217 108018218 108018949
GO:0050567	glutaminyl-tRNA synthase (glutamine-hydrolyzing) activity	108014142 108014142 108015786 108021557
GO:0050577	GDP-L-fucose synthase activity	108008349
GO:0050650	chondroitin sulfate proteoglycan biosynthetic process	108005098 108005171 108013101 108013680 108020563
GO:0050660	flavin adenine dinucleotide binding	108004571 108004954 108005102 108005102 108005103 108005103 108005273 108005273 108005274 108005274 108005275 108005275 108005276 108005276 108005277 108005277 108005278 108005278 108005280 108005280 108005281 108005281 108005283 108005283 108005288 108005288 108006230 108006230 108006564 108006666 108006840 108007436 108007436 108008474 108008562 108008696 108009165 108009224 108009224 108009763 108009763 108009866 108010516 108010516 108010629 108010629 108012352 108012912 108013738 108013806 108014060 108014060 108014224 108014224 108015957 108016742 108016750 108017141 108017141 108017408 108018061 108019124 108019124 108020744 108021105 108021105 108021112 108021395 139354052 139354072 139354412
GO:0050661	NADP binding	108007425 108007425 108007833 108008562 108009068 108010186 108015140 108015140 108015341 108016847 108016847 108017808 108018061 108019188 108021112 108021387 118877781
GO:0050667	homocysteine metabolic process	108004954
GO:0050681	nuclear androgen receptor binding	108015314
GO:0050684	regulation of mRNA processing	108007449 108010966 108017308 108017993 108018970
GO:0050699	WW domain binding	108015547
GO:0050708	regulation of protein secretion	108004974 108005140 108021271
GO:0050750	low-density lipoprotein particle receptor binding	108010590 108010590
GO:0050767	regulation of neurogenesis	108010431 108013544 108014057 108014058 108014065 108014067 108014068 108016306 108016309 108019669 108019698 108020566 108021243
GO:0050769	positive regulation of neurogenesis	108009695
GO:0050770	regulation of axonogenesis	108004950 108016839 108020092
GO:0050772	positive regulation of axonogenesis	108011409 108020382
GO:0050790	regulation of catalytic activity	108013741 108018373
GO:0050793	regulation of developmental process	108018886
GO:0050801	monoatomic ion homeostasis	108006904
GO:0050803	regulation of synapse structure or activity	108005596
GO:0050804	modulation of chemical synaptic transmission	108004750 108007032 108007365 108008383 108011995 108013538 108013611 108013990 108014284 108015295 108017428 108019326 108019422 108019970 108021095 108021712 108021718
GO:0050806	positive regulation of synaptic transmission	108011396 108012968 108020396
GO:0050808	synapse organization	108004740 108005593 108006319 108006566 108008537 108009593 108010078 108010262 108010612 108010614 108013434 108013606 108013630 108014158 108014244 108014433 108014605 108015912 108016052 108017600 108017782 108019247 108019290 108019447 108020342 108020989 108021264 108021376 108021455 108021680 139354894
GO:0050811	GABA receptor binding	108004757 108012042
GO:0050815	phosphoserine residue binding	108018594
GO:0050821	protein stabilization	108006236 108007143 108011381 108012384 108012998 108018952 108018962
GO:0050825	ice binding	108009626
GO:0050829	defense response to Gram-negative bacterium	108005800 108006756 108016454 108016455 108016457 108016465
GO:0050830	defense response to Gram-positive bacterium	108006756 108009325 108016454 108016455 108016457 108016465
GO:0050833	pyruvate transmembrane transporter activity	108011602 108017480 108017482
GO:0050839	cell adhesion molecule binding	108010140 108015316 108016522 108018884 108019217 108019288 108019446 108019824 108021083 108021217 108021735 118876762 118877642
GO:0050840	extracellular matrix binding	108011026 108011278 108017937
GO:0050877	nervous system process	108004795 108006426 108009518 108010870 108011881 108012887 108014169 108014177 108014711 108015077 108015189 108016639 108017582 108017645 108018039 108018807 108018853 108018926 108018976 108020196 108021510 139353246
GO:0050897	cobalt ion binding	108010414 108011135
GO:0050906	detection of stimulus involved in sensory perception	108006224
GO:0050909	sensory perception of taste	108004933 108008205 108008257 108008257 108008258 108008259 108008259 108008273 108008273 108008274 108008532 108008532 108008757 108008954 108009006 108009006 108009212 108009542 108010686 108010686 108011040 108011040 108011348 108011348 108011805 108011805 108012670 108012670 108012672 108012672 108012988 108012988 108013143 108013143 108013200 108013200 108013298 108013298 108013436 108013588 108013588 108013596 108013596 108013710 108013710 108013997 108014768 108014918 108014918 108015352 108015352 108015416 108015416 108016151 108016151 108016168 108016168 108016174 108016174 108016175 108016175 108016177 108016177 108016560 108016582 108016582 108016739 108016739 108017387 108017387 108018189 108018189 108018456 108018663 108019054 108019509 108019509 108019510 108019510 108019512 108019512 108020919 108020919 108021350 108021350 136116606 136116963 136117178 139352496 139352497 139352883
GO:0050911	detection of chemical stimulus involved in sensory perception of smell	108005153 108005272 108005604 108007052 108007054 108007058 108008103 108008191 108008208 108008578 108008635 108008732 108008928 108008937 108008957 108008995 108009448 108009828 108009829 108009903 108009904 108009905 108011252 108011617 108012257 108012293 108012661 108012752 108012753 108012759 108012861 108012924 108012958 108013104 108013240 108013308 108013333 108013335 108014115 108014116 108014341 108014514 108014793 108015782 108015856 108015946 108016241 108016550 108016559 108016627 108016701 108017714 108018286 108018333 108018769 108018861 108018993 108019031 108019494 108019558 108019602 108019703 108019998 118877636 139352901 139353973 139354135
GO:0050912	detection of chemical stimulus involved in sensory perception of taste	108011825 108011843 108011847 108012776 108014924 108017375
GO:0050916	sensory perception of sweet taste	108011825 108011843 108011847 108012776 108014924 108017375
GO:0050919	negative chemotaxis	108007872 108009621 108009640 108009916
GO:0050954	sensory perception of mechanical stimulus	108010331
GO:0050982	detection of mechanical stimulus	108007551 108012266 108015135 108016593 108017024 108017025
GO:0050998	nitric-oxide synthase binding	108013350
GO:0051010	microtubule plus-end binding	108006856 108007701 108008967 108009779 108010671 108013324 108013725 108014562 108017797 108018159 108019231 108020240 118878373 118878374
GO:0051011	microtubule minus-end binding	108005361 108005770 108009074 108013721 108014663 108015345 108015801 108021282
GO:0051013	microtubule severing	108006314 108006950 108006950 108014352 108014352
GO:0051014	actin filament severing	108004841 108008480 108011628 108012451 108015190 108021451
GO:0051015	actin filament binding	108004602 108004671 108004743 108004745 108004745 108004841 108004849 108004928 108005241 108005581 108006797 108007072 108008297 108008297 108008480 108008965 108009248 108009301 108009765 108009769 108010200 108010559 108011159 108011512 108011628 108011628 108011874 108012451 108012451 108012870 108012911 108012948 108013000 108013015 108013052 108013152 108013224 108013276 108013385 108013390 108013998 108014236 108014236 108014262 108014539 108014553 108014589 108015190 108015190 108015216 108015513 108015645 108015742 108016643 108016809 108016876 108016914 108017207 108018001 108018059 108018152 108018320 108018374 108019039 108019312 108019628 108020155 108020607 108020607 108021033 108021176 108021216 108021375 108021437 108021451 108021451 108021600 108021734 118877437 136117703 139353230 139353230
GO:0051016	barbed-end actin filament capping	108004602 108004602 108009769 108009769 108011628 108012451 108015190 108017207 108021451
GO:0051017	actin filament bundle assembly	108004671 108004743 108004745 108020136
GO:0051018	protein kinase A binding	108007457 108017905 108021428
GO:0051019	mitogen-activated protein kinase binding	108011166 108016889
GO:0051028	mRNA transport	108014779
GO:0051045	negative regulation of membrane protein ectodomain proteolysis	108006786
GO:0051046	regulation of secretion	108015326
GO:0051049	regulation of transport	108013077
GO:0051056	regulation of small GTPase mediated signal transduction	108005135 108006222 108007407 108009487 108015211 108015393 108016154 108020030
GO:0051059	NF-kappaB binding	108019860
GO:0051082	unfolded protein binding	108006675 108006714 108006877 108007143 108007143 108007242 108007242 108007426 108007731 108008807 108009479 108009489 108009975 108010015 108010068 108010068 108010152 108010415 108010415 108011420 108011420 108011968 108012037 108012185 108012185 108012384 108012385 108012385 108012527 108012554 108012564 108012601 108012618 108012743 108012743 108013140 108013186 108013328 108013329 108013330 108013578 108013579 108014275 108014275 108014830 108014830 108015336 108015340 108015445 108015585 108015590 108015711 108015711 108016061 108016288 108016596 108016596 108017108 108017214 108017487 108017487 108017775 108017775 108017777 108017777 108017903 108018300 108018520 108018520 108018859 108018906 108018906 108019230 108019230 108019626 108019820 108020491 108020728 108020967 108020967 108021503 108021503 118877785 118877785 118878442 118878442 118878449 118878449 118878450 118878450 118878453 118878453 118878455 118878455 118878458 118878458 136117798 136117798 139353295 139354638 139354638 139354722 139354722
GO:0051083	'de novo' cotranslational protein folding	108013076
GO:0051085	obsolete chaperone cofactor-dependent protein refolding	108005455 108006714 108010415 108011420 108012385 108012743 108017214 108017744 108018859 108018892 108019230 108020859 108021503
GO:0051087	protein-folding chaperone binding	108004746 108006488 108006664 108006714 108006823 108006847 108007064 108007426 108007502 108007502 108009975 108010415 108010850 108011381 108011420 108012384 108012385 108012618 108012743 108012998 108012998 108013165 108017046 108017214 108017454 108017562 108017562 108018859 108018952 108018962 108019230 108019626 108019626 108021503 108021522 108021522 118877730 118877948
GO:0051091	positive regulation of DNA-binding transcription factor activity	108010205 108011652 108012691 108016976
GO:0051092	positive regulation of NF-kappaB transcription factor activity	108005998 108019166 108019855
GO:0051096	positive regulation of helicase activity	108014814
GO:0051103	obsolete DNA ligation involved in DNA repair	108013158 108013678
GO:0051117	ATPase binding	108007205 108017510 108017517 108018092 108020899 108021626
GO:0051119	sugar transmembrane transporter activity	108007911 108009222 108009488 108009804 108010236 108014357 108014380 108016998 108017098 108017823 108019360 108019648 108019656 108019896 108020816 108020832 108020839 108020848 118877790
GO:0051123	RNA polymerase II preinitiation complex assembly	108006826 108007299 108009116 108010681 108011705 108011786 108011893 108015989 108016254 108016656 108021352
GO:0051125	regulation of actin nucleation	108007498
GO:0051131	chaperone-mediated protein complex assembly	108010680 108012618 108013357 118877948
GO:0051146	striated muscle cell differentiation	108015170
GO:0051156	glucose 6-phosphate metabolic process	108009038 108010900 108015366 108017940 108017955 108020309
GO:0051180	vitamin transport	108012120 108012120 108012121 108012121 108014293 108014293
GO:0051209	release of sequestered calcium ion into cytosol	108006331 108016816 108020249
GO:0051225	spindle assembly	108005361 108005770 108006856 108007243 108007701 108012592 108013721 108014663 108015345 108015801 108017797 108018159 108019231 108020240 108021282 118878373 118878374
GO:0051228	mitotic spindle disassembly	108009876
GO:0051231	spindle elongation	108008508 108012392 108013271 108016966 108018660 108020350 108020942
GO:0051233	spindle midzone	108006856 108007108 108007369 108007701 108011277 108012692 108017797 108018159 108019231 108019620 108020240 108021060 118878373 118878374
GO:0051252	regulation of RNA metabolic process	108017609
GO:0051256	mitotic spindle midzone assembly	108004679 108011277 108019620 108020070 108021819
GO:0051257	meiotic spindle midzone assembly	108017788
GO:0051259	protein complex oligomerization	108007502
GO:0051260	protein homooligomerization	108008439 108010674 108011521 108011665 108012318 108016215 108016735 108016939 108019327 108021079 118877867 139354820
GO:0051262	protein tetramerization	108009850 108017972
GO:0051267	CP2 mannose-ethanolamine phosphotransferase activity	108018127
GO:0051276	chromosome organization	108010192 108010337
GO:0051287	NAD binding	108004872 108008262 108009068 108009575 108009622 108009624 108010177 108010186 108011908 108012964 108013233 108013427 108014125 108014689 108015119 108015729 108016132 108016500 108017808 108019141 108019188 108020426 108020500 108020514 108020523 108020548 108021387 108021655 139352948 139352981 139353886 139353911 139353951
GO:0051289	protein homotetramerization	108008071 108011135 108015545
GO:0051294	establishment of spindle orientation	108004974
GO:0051295	establishment of meiotic spindle localization	108008714 108010798 108017306 108018275 108019161 139353921
GO:0051298	centrosome duplication	108005092 108012592 108014562
GO:0051299	centrosome separation	108012873
GO:0051301	cell division	108005877 108005955 108013116 108013795 108014866 108015304
GO:0051303	obsolete establishment of chromosome localization	108012990
GO:0051306	mitotic sister chromatid separation	108010938
GO:0051307	meiotic chromosome separation	108011460
GO:0051310	metaphase chromosome alignment	108017788
GO:0051315	attachment of mitotic spindle microtubules to kinetochore	108004560 108004560 108009892 108013682 108013682
GO:0051321	meiotic cell cycle	108005361 108005770 108006084 108011452 108013721 108014663 108015345 108015801 108018516 108021282
GO:0051351	positive regulation of ligase activity	108013158
GO:0051353	positive regulation of oxidoreductase activity	108013556
GO:0051371	muscle alpha-actinin binding	108008487 108013117 108013215 108016881 108017934 108019922
GO:0051377	mannose-ethanolamine phosphotransferase activity	108009554 108009554 108010609 108010609 108010630 108010630 108015815 108015815 108017989 108017989 118877649 118877649 139353183
GO:0051378	serotonin binding	108009858 108020130 118878561 136116999 139352873
GO:0051402	neuron apoptotic process	108018065
GO:0051403	stress-activated MAPK cascade	108005159
GO:0051415	microtubule nucleation by interphase microtubule organizing center	108012459
GO:0051424	corticotropin-releasing hormone binding	108017240 108017240
GO:0051427	hormone receptor binding	139354250
GO:0051452	intracellular pH reduction	108008479
GO:0051453	regulation of intracellular pH	108010526 108013214 108014400 108015745 108015941 108021027
GO:0051460	negative regulation of corticotropin secretion	108017240
GO:0051480	regulation of cytosolic calcium ion concentration	108007698 108009669 108015496 108020353 108021646
GO:0051489	regulation of filopodium assembly	108015645
GO:0051490	negative regulation of filopodium assembly	108004602
GO:0051491	positive regulation of filopodium assembly	108015330
GO:0051493	regulation of cytoskeleton organization	108006321 108013096
GO:0051496	positive regulation of stress fiber assembly	108013793 108016849 108019754
GO:0051497	negative regulation of stress fiber assembly	108018969
GO:0051500	D-tyrosyl-tRNA(Tyr) deacylase activity	108010640
GO:0051536	iron-sulfur cluster binding	108006666 108009379 108015341 108019187 108021346 108021410 108021410
GO:0051537	2 iron, 2 sulfur cluster binding	108006403 108007012 108007014 108007018 108007019 108007023 108013556 108013556 108013806 108014135 108014787 108014787 108014945 108016750 108016761 108017789 108018160 108018160 108018547 108018911 108019598 108020059 108020059 108021638 108021638
GO:0051539	4 iron, 4 sulfur cluster binding	108005794 108005794 108005987 108006031 108006031 108006403 108007733 108008892 108009575 108009673 108010733 108011213 108011908 108012569 108013840 108014552 108014552 108015861 108017106 108017106 108017975 108019192 108020552 108020562 108021127 118877643
GO:0051560	mitochondrial calcium ion homeostasis	108006183 108006183 108006337 108012789 108012789 108013141 108015591 108019410 108021404
GO:0051567	obsolete histone H3-K9 methylation	108010061
GO:0051568	obsolete histone H3-K4 methylation	108005778 108006381 108006381 108011473 108017041 118878644 136117477 139352997 139353006
GO:0051570	obsolete regulation of histone H3-K9 methylation	108016862
GO:0051583	dopamine uptake involved in synaptic transmission	108010247
GO:0051598	meiotic recombination checkpoint signaling	118877646
GO:0051601	exocyst localization	108018042
GO:0051603	proteolysis involved in protein catabolic process	108004914 108005629 108005819 108006946 108008346 108008401 108008756 108008866 108009206 108009790 108010988 108011125 108011238 108013432 108013490 108013741 108014367 108015585 108017875 108018102 108019442 108019639
GO:0051604	protein maturation	108018649 108020967
GO:0051610	serotonin uptake	108009858
GO:0051639	actin filament network formation	108004743 108019161
GO:0051642	centrosome localization	108007378 108012990 108017702 139354150
GO:0051645	Golgi localization	108016600
GO:0051646	mitochondrion localization	108015150 118877845
GO:0051660	establishment of centrosome localization	108011139
GO:0051664	nuclear pore localization	108009409 108012756 108021232
GO:0051666	actin cortical patch localization	108018626
GO:0051694	pointed-end actin filament capping	108017244 108017244
GO:0051717	inositol-1,3,4,5-tetrakisphosphate 3-phosphatase activity	108021546
GO:0051721	protein phosphatase 2A binding	108006353 108016907
GO:0051723	protein methylesterase activity	108013057 108013057
GO:0051724	NAD transmembrane transporter activity	108019310 108020208
GO:0051726	regulation of cell cycle	108006222 108006615 108008329 108009318 108012634 108014025 108014041 108015746 108016533 108017774 108017825 108019796 108019796 108019868 108019868 139353140
GO:0051731	polynucleotide 5'-hydroxyl-kinase activity	108009597 108019635
GO:0051750	delta(3,5)-delta(2,4)-dienoyl-CoA isomerase activity	108019190
GO:0051751	alpha-1,4-mannosyltransferase activity	108009698 108009698
GO:0051754	meiotic sister chromatid cohesion, centromeric	108010974 108015174
GO:0051764	actin crosslink formation	108015216 108020136
GO:0051765	inositol tetrakisphosphate kinase activity	108005293 108019955 108021487
GO:0051787	misfolded protein binding	108005826 108007817 108017454 108020967 118877780
GO:0051792	medium-chain fatty acid biosynthetic process	108009748 108021495
GO:0051793	medium-chain fatty acid catabolic process	108006840 108009748 108021495
GO:0051800	phosphatidylinositol-3,4-bisphosphate 3-phosphatase activity	108021546
GO:0051864	histone H3K36 demethylase activity	108013481
GO:0051865	protein autoubiquitination	108006045 108008241
GO:0051879	Hsp90 protein binding	108008450 108008461 108008820 108008876 108016356 108018010 108018010 108020934 118877948
GO:0051880	G-quadruplex DNA binding	108010210 108021087
GO:0051893	regulation of focal adhesion assembly	108013793 108019754
GO:0051896	regulation of phosphatidylinositol 3-kinase/protein kinase B signal transduction	108021546
GO:0051897	positive regulation of phosphatidylinositol 3-kinase/protein kinase B signal transduction	108009052 108015192 108016422 108021688
GO:0051898	negative regulation of phosphatidylinositol 3-kinase/protein kinase B signal transduction	108006222 108014147
GO:0051903	S-(hydroxymethyl)glutathione dehydrogenase [NAD(P)+] activity	108012088 108012088
GO:0051920	peroxiredoxin activity	108008524 108009867 108009868 108021536
GO:0051923	sulfation	108006963 108008569 108008751 108018205
GO:0051959	dynein light intermediate chain binding	108007167 108011632 108012831 108013006 108014444 108014446 108015691 108016394 108016798 108018365 108019204 108020148 108021122 108021242 139353541 139353556 139353701
GO:0051960	regulation of nervous system development	108008709
GO:0051965	positive regulation of synapse assembly	108020396
GO:0051966	regulation of synaptic transmission, glutamatergic	108020420
GO:0051968	positive regulation of synaptic transmission, glutamatergic	108014948
GO:0051973	obsolete positive regulation of telomerase activity	108005903
GO:0052381	tRNA dimethylallyltransferase activity	108017313
GO:0052629	phosphatidylinositol-3,5-bisphosphate 3-phosphatase activity	108006310 139353981
GO:0052651	monoacylglycerol catabolic process	108018229 108020062
GO:0052689	carboxylic ester hydrolase activity	108004568 108009686 108011169 108013461 108014500 108014734 108018317
GO:0052717	tRNA-specific adenosine-34 deaminase activity	108020817
GO:0052735	tRNA (cytidine-3-)-methyltransferase activity	108012905
GO:0052745	inositol phosphate phosphatase activity	108004595 108016944 108019463
GO:0052856	NAD(P)HX epimerase activity	108015383
GO:0052906	tRNA (guanine(37)-N1)-methyltransferase activity	108007112
GO:0052907	23S rRNA (adenine(1618)-N(6))-methyltransferase activity	108010307
GO:0052925	dol-P-Man:Man(5)GlcNAc(2)-PP-Dol alpha-1,3-mannosyltransferase activity	108010016
GO:0055001	muscle cell development	108016643
GO:0055037	recycling endosome	108008342 108009190 108009658 108010445 108011732 108013293 108013358 108014421 108019027 108019156 108020261 108021027 108021539 108021812 118879697
GO:0055038	recycling endosome membrane	108005470 108013112
GO:0055064	chloride ion homeostasis	108013269 108015251 108016237 108018109 108021435
GO:0055071	manganese ion homeostasis	108018401
GO:0055074	calcium ion homeostasis	108008908 108016081
GO:0055075	potassium ion homeostasis	108013269 108015251 108016237 108018109 108021435
GO:0055078	sodium ion homeostasis	108013269 108016237
GO:0055080	monoatomic cation homeostasis	108013863
GO:0055085	transmembrane transport	108004735 108005035 108005036 108005189 108005194 108005324 108005357 108005419 108005497 108005596 108005634 108005634 108005777 108005872 108005886 108005940 108006276 108006276 108006428 108006527 108006649 108006700 108006782 108006820 108006820 108006880 108007008 108007155 108007202 108007202 108007206 108007206 108007233 108007233 108007244 108007244 108007268 108007268 108007341 108007360 108007361 108007389 108007405 108007405 108007411 108007483 108007762 108007767 108007769 108007805 108007911 108007911 108008075 108008121 108008122 108008123 108008409 108008409 108008727 108008741 108008741 108008748 108008786 108008794 108008952 108008972 108008973 108009044 108009203 108009222 108009222 108009233 108009233 108009234 108009261 108009296 108009300 108009300 108009362 108009362 108009363 108009363 108009385 108009478 108009478 108009488 108009488 108009649 108009652 108009653 108009654 108009655 108009681 108009717 108009781 108009804 108009804 108009847 108009890 108009890 108009891 108009891 108010080 108010101 108010136 108010236 108010236 108010284 108010315 108010315 108010328 108010328 108010610 108010610 108010642 108010697 108010712 108010812 108010856 108010869 108010921 108010934 108011296 108011296 108011417 108011486 108011514 108011514 108011582 108012120 108012121 108012255 108012292 108012312 108012502 108012576 108012605 108012616 108012701 108012730 108012821 108012821 108012878 108012965 108012966 108013047 108013146 108013147 108013214 108013241 108013312 108013548 108013553 108013600 108013612 108013616 108013616 108013622 108013726 108014179 108014196 108014197 108014198 108014199 108014201 108014279 108014279 108014288 108014288 108014293 108014304 108014304 108014357 108014357 108014380 108014380 108014404 108014436 108014526 108014528 108014582 108014582 108014665 108014791 108014791 108014805 108014840 108014883 108015045 108015245 108015246 108015287 108015288 108015337 108015370 108015398 108015411 108015413 108015430 108015514 108015543 108015549 108015568 108015575 108015607 108015668 108015694 108015714 108015714 108015745 108015810 108015958 108015963 108016093 108016300 108016353 108016353 108016432 108016691 108016865 108016915 108016998 108016998 108017072 108017072 108017084 108017084 108017098 108017098 108017112 108017112 108017242 108017246 108017293 108017310 108017338 108017338 108017705 108017823 108017823 108017952 108017996 108018008 108018120 108018167 108018174 108018174 108018179 108018179 108018182 108018206 108018215 108018226 108018324 108018644 108018644 108018739 108018739 108018783 108018849 108019209 108019209 108019286 108019477 108019506 108019575 108019576 108019614 108019614 108019648 108019648 108019656 108019656 108019725 108019735 108019785 108019815 108019886 108019899 108019931 108019978 108020057 108020066 108020066 108020345 108020629 108020633 108020667 108020792 108020794 108020816 108020816 108020832 108020832 108020839 108020839 108020848 108020848 108020977 108020986 108020986 108020996 108021016 108021061 108021143 108021143 108021144 108021147 108021147 108021168 108021181 108021347 108021452 108021457 108021457 108021473 108021524 108021561 108021708 108021708 108021737 108021815 108021815 108021818 118876763 118876769 118877099 118877214 118877597 118877710 118877790 118877790 118878480 136116878 136116901 139352153 139352310 139352892 139352892 139353010 139353265 139354031 139354073
GO:0055087	Ski complex	108010026 108011901
GO:0055088	lipid homeostasis	108005494 108008338 108009686 108009736 108010033 108013387 108016987 108019086 108021566
GO:0055105	ubiquitin-protein transferase inhibitor activity	108010146
GO:0055117	regulation of cardiac muscle contraction	108013007
GO:0055120	striated muscle dense body	108005458 108014589 108016978 108019759
GO:0055129	L-proline biosynthetic process	108014144 108017350
GO:0060003	copper ion export	108005319
GO:0060047	heart contraction	108017000
GO:0060070	canonical Wnt signaling pathway	108004731 108005646 108006227 108008603 108010464 108010711 108012833 108013488 108015419 108016875 108016895 108019728 108019728 108020361 118876780 118878591
GO:0060071	Wnt signaling pathway, planar cell polarity pathway	108010182
GO:0060072	large conductance calcium-activated potassium channel activity	108011506
GO:0060076	excitatory synapse	108005596
GO:0060090	molecular adaptor activity	108004815 108005356 108005457 108005605 108005891 108007994 108009071 108009228 108009228 108011229 108012955 108013512 108013878 108014531 108017883 108018342 108019299 108019568 108019658 108019729 108019827 118877942 139354464
GO:0060147	regulation of post-transcriptional gene silencing	108010166
GO:0060158	phospholipase C-activating dopamine receptor signaling pathway	108019611 108019612 108019778 108019779
GO:0060170	ciliary membrane	108007238 118877218
GO:0060213	positive regulation of nuclear-transcribed mRNA poly(A) tail shortening	108004907 108020377
GO:0060236	regulation of mitotic spindle organization	108007746
GO:0060261	positive regulation of transcription initiation by RNA polymerase II	108005715
GO:0060271	cilium assembly	108005108 108005151 108005253 108005535 108005538 108005802 108005847 108005919 108006200 108007103 108007238 108007882 108008344 108008483 108008504 108008535 108008617 108008624 108008767 108008841 108009132 108009132 108009201 108010314 108010656 108010883 108011143 108011212 108011431 108011592 108012010 108012010 108012285 108012590 108012771 108013145 108014277 108014277 108014872 108014984 108015212 108015858 108015858 108016196 108016197 108016590 108017142 108017312 108018050 108018070 108018135 108018350 108018583 108018728 108019568 108019642 108019653 108020489 108020518 108021122 108021736 108021816 139354560
GO:0060285	cilium-dependent cell motility	108008120 108012606 108018071 108018804 108018931 108019225 136116540
GO:0060287	epithelial cilium movement involved in determination of left/right asymmetry	108018804
GO:0060294	cilium movement involved in cell motility	108005769 108008624 108008624 108009132 108009132 108011212 108011212 108011431 108011431 108012831 108013864 108015691 108018050 108018050 108020148 108021122
GO:0060296	regulation of cilium beat frequency involved in ciliary motility	108005108 108005847
GO:0060386	synapse assembly involved in innervation	108019798
GO:0060395	SMAD protein signal transduction	108010809 108018281 108019133 108020099
GO:0060537	muscle tissue development	108005002
GO:0060627	regulation of vesicle-mediated transport	108019871
GO:0060628	regulation of ER to Golgi vesicle-mediated transport	108005871
GO:0060828	regulation of canonical Wnt signaling pathway	108007457 108017905 108021431
GO:0060964	regulation of miRNA-mediated gene silencing	108007671 108014442
GO:0060998	regulation of dendritic spine development	108013881
GO:0061003	positive regulation of dendritic spine morphogenesis	108013000
GO:0061015	snRNA import into nucleus	108013602
GO:0061024	membrane organization	108005865 108007641 108009995 108018249 108020494
GO:0061025	membrane fusion	108009746 108018209
GO:0061061	muscle structure development	108008487 108013117 108013215 108016881 108017934 108019922
GO:0061077	obsolete chaperone-mediated protein folding	108007406 108007426 108009975 108014732 108016356 139354331
GO:0061099	negative regulation of protein tyrosine kinase activity	108006327 108009718
GO:0061133	endopeptidase activator activity	108004639 108005170 108019610
GO:0061136	regulation of proteasomal protein catabolic process	108005170 108005589
GO:0061138	morphogenesis of a branching epithelium	108019154
GO:0061157	mRNA destabilization	108006630
GO:0061172	regulation of establishment of bipolar cell polarity	108016079
GO:0061177	type Is terminal bouton	108007450
GO:0061343	cell adhesion involved in heart morphogenesis	108014649
GO:0061355	Wnt protein secretion	108010427 108020137
GO:0061459	L-arginine transmembrane transporter activity	108007702 108007996 108008027 108021340
GO:0061507	2',3'-cyclic GMP-AMP binding	108008351
GO:0061511	centriole elongation	108013145 108017142
GO:0061512	protein localization to cilium	108005809 108008504 108008841 108009932 108012344 108013626 108017702
GO:0061513	glucose 6-phosphate:phosphate antiporter activity	108009234
GO:0061564	axon development	108004968 108006099 108008991 108010896 108012755 108013177 108021275 108021309
GO:0061574	ASAP complex	108004699 108005000 108007886 108017484 108021249
GO:0061575	cyclin-dependent protein serine/threonine kinase activator activity	108004810 108005560 108005560 108007976 108008542 108021431 108021717 139354041
GO:0061578	K63-linked deubiquitinase activity	108017238 108017238 108021642
GO:0061599	molybdopterin molybdotransferase activity	108016804
GO:0061608	nuclear import signal receptor activity	108005619 108005857 108005857 108012656 108012656 108012827 108013237 108013624 108013800 108015335 108017475 108017475 108018321 108020963 108021640 108021640
GO:0061617	MICOS complex	108004811 108006552 108006552 108008939 108008939 108009119 108011346 108012044 108012161 108014803 108014803 108019083
GO:0061621	canonical glycolysis	108009662
GO:0061629	RNA polymerase II-specific DNA-binding transcription factor binding	108021244
GO:0061630	ubiquitin protein ligase activity	108004652 108004803 108004803 108005095 108005095 108005291 108005334 108005410 108005934 108005978 108006291 108006659 108006664 108006862 108006918 108008416 108009198 108009227 108009315 108009578 108009592 108009615 108009651 108009811 108010042 108010056 108010450 108010450 108010670 108010850 108011053 108011060 108011447 108011542 108011551 108011551 108011600 108011756 108011892 108011892 108012009 108012346 108012581 108012807 108013001 108013175 108013386 108013407 108013421 108013567 108013739 108013775 108013822 108013860 108013938 108014025 108014969 108015171 108015388 108015757 108016346 108016346 108016646 108016657 108016775 108016823 108016866 108016919 108017282 108017450 108017774 108017951 108018037 108018041 108018110 108018207 108018220 108018233 108018483 108018775 108018834 108018925 108019001 108019011 108019058 108019166 108019168 108019258 108019855 108020003 108020005 108020169 108020298 108020424 108021041 108021041 108021116 108021201 108021496 108021496 118877833 118878153 118878153
GO:0061631	ubiquitin conjugating enzyme activity	108005243 108005673 108005938 108007853 108010322 108010986 108015612 108016952 108019062 108019253 108021390 139353131
GO:0061632	RNA lariat debranching enzyme activator activity	108010115
GO:0061640	cytoskeleton-dependent cytokinesis	108005457 108008571 108008571 108011229 108019568 108019658 118877942
GO:0061656	SUMO conjugating enzyme activity	108005851
GO:0061657	UFM1 conjugating enzyme activity	108018084 108018084
GO:0061665	SUMO ligase activity	108009506 108011944 108013348 108018994
GO:0061666	UFM1 ligase activity	108017127 108017127
GO:0061668	mitochondrial ribosome assembly	108005169 108011804 108011837 108012580 108014639
GO:0061685	diphthine methylesterase activity	108015268
GO:0061689	tricellular tight junction	108020932
GO:0061700	GATOR2 complex	108015519
GO:0061709	reticulophagy	108006975 108007276 108007994 108008351 108013211
GO:0061723	glycophagy	108007994
GO:0061733	protein-lysine-acetyltransferase activity	108005755
GO:0061750	acid sphingomyelin phosphodiesterase activity	108010045 108017224 108017225
GO:0061775	cohesin loader activity	108011149
GO:0061780	obsolete mitotic cohesin loading	108007592
GO:0061789	dense core granule priming	108020331
GO:0061798	GTP 3',8'-cyclase activity	108007733
GO:0061799	cyclic pyranopterin monophosphate synthase activity	108007733
GO:0061817	endoplasmic reticulum-plasma membrane tethering	108007992 108012676 108012942 108012956 108019043
GO:0061860	DNA clamp unloader activity	108007480
GO:0061863	microtubule plus end polymerase	108014562
GO:0061909	autophagosome-lysosome fusion	108013846
GO:0061928	glutathione specific gamma-glutamylcyclotransferase activity	108005203 108005203 108007860 108007860
GO:0061929	gamma-glutamylaminecyclotransferase activity	108009962 108009963
GO:0062023	obsolete collagen-containing extracellular matrix	108004551 108005499 108005528 108005537 108005613 108005854 108006204 108006228 108006485 108006739 108006994 108007472 108008721 108009013 108009087 108009088 108009469 108009683 108009933 108011076 108011106 108011799 108012245 108012245 108012718 108013451 108013451 108014980 108015012 108015422 108016529 108016539 108017080 108017250 108018018 108018646 108019307 108019898 108019923 108021089 108021294 108021378 118876801 118878115 139352941 139355004
GO:0062101	peptidyl-aspartic acid 3-dioxygenase activity	108009927
GO:0062129	chitin-based extracellular matrix	108004812 108005104 108005813 108005814 108005817 108006843 108008433 108008441 108008579 108008614 108008680 108008705 108008728 108008891 108008903 108008934 108009000 108009573 108009831 108009832 108009833 108009915 108011305 108011870 108012164 108012264 108012290 108012440 108012443 108012509 108012510 108012511 108012513 108012622 108012644 108012663 108012675 108012688 108012709 108012710 108012736 108012738 108012742 108013338 108013581 108013582 108013583 108013584 108016169 108018827 108019676 108019678 108019687 108019688 108020936 118877292 118877302 118878108 136116902 139353080
GO:0065002	intracellular protein transmembrane transport	108017592
GO:0070004	cysteine-type exopeptidase activity	139352155
GO:0070005	cysteine-type aminopeptidase activity	108004728 108004728 108008703 108008703
GO:0070006	metalloaminopeptidase activity	108005097 108005097 108005716 108007141 108007195 108007196 108007224 108007234 108007235 108007696 108008267 108008533 108008533 108008555 108008555 108011492 108011492 108011591 108011591 108012503 108012503 108012832 108012941 108012941 108013547 108013572 108013572 108013633 108013633 108014385 108014386 108014395 108014396 108016115 108018404 108019189 108019638 108019638 108019650 108019650 108020074 108020220 108020225 108021069 118877563 118877563 118877583 118878584
GO:0070008	serine-type exopeptidase activity	108005246 108013284 108014195 108017566 108017567 108017569 136117168
GO:0070012	oligopeptidase activity	108008108 108020943
GO:0070026	nitric oxide binding	108004915
GO:0070034	telomerase RNA binding	108006607 108008606 108020857
GO:0070037	rRNA (pseudouridine) methyltransferase activity	108012331 108012331 108016676 108016676
GO:0070059	intrinsic apoptotic signaling pathway in response to endoplasmic reticulum stress	108015590
GO:0070062	extracellular exosome	108008344 108008483 108017650 108021081
GO:0070063	RNA polymerase binding	108016060
GO:0070072	vacuolar proton-transporting V-type ATPase complex assembly	108011031 108011031 108013074 108013074 108013140 108013833 108013833 108016288 118877633 118877633
GO:0070073	clustering of voltage-gated calcium channels	108021532
GO:0070085	glycosylation	108005429 108006611 108009011 108009419 108011728 108015155 108015157 108015158 108018208 108018707 108021538
GO:0070095	fructose-6-phosphate binding	108009662
GO:0070124	mitochondrial translational initiation	108009211
GO:0070125	mitochondrial translational elongation	108016265 108017801 108019224 108019740 108021462
GO:0070126	mitochondrial translational termination	108021613
GO:0070129	regulation of mitochondrial translation	108016572 108021174
GO:0070131	positive regulation of mitochondrial translation	108018246 108018958 108021080
GO:0070139	SUMO-specific endopeptidase activity	108005406 108013212
GO:0070150	mitochondrial glycyl-tRNA aminoacylation	108012375
GO:0070158	mitochondrial seryl-tRNA aminoacylation	108006417
GO:0070176	DRM complex	108011154 108011154 108019702 108019702
GO:0070180	large ribosomal subunit rRNA binding	108007432 108008387 108010120 118877954
GO:0070181	small ribosomal subunit rRNA binding	108006895 108017269 108020202 108021778 118877625
GO:0070182	DNA polymerase binding	108011170 108017994 108018244 108019428
GO:0070183	mitochondrial tryptophanyl-tRNA aminoacylation	108010485
GO:0070189	kynurenine metabolic process	108009066
GO:0070192	chromosome organization involved in meiotic cell cycle	108010210 108011710 108019454
GO:0070209	obsolete ASTRA complex	108010583
GO:0070210	Rpd3L-Expanded complex	108012901
GO:0070212	protein poly-ADP-ribosylation	139352981
GO:0070221	sulfide oxidation, using sulfide:quinone oxidoreductase	108018429
GO:0070224	sulfide:quinone oxidoreductase activity	108018429
GO:0070273	phosphatidylinositol-4-phosphate binding	108013566 108021470 108021470
GO:0070274	RES complex	108011470
GO:0070286	axonemal dynein complex assembly	108007017 108008120 108009065 108011535 108012026 108012606 108013165 108014248 108018245 108018931 136116540
GO:0070291	N-acylethanolamine metabolic process	108004956
GO:0070300	phosphatidic acid binding	108017990
GO:0070301	cellular response to hydrogen peroxide	108006752 108018181
GO:0070328	triglyceride homeostasis	108008448 108010288 108020947
GO:0070370	cellular heat acclimation	108014278
GO:0070373	negative regulation of ERK1 and ERK2 cascade	108013331
GO:0070374	positive regulation of ERK1 and ERK2 cascade	108009461
GO:0070382	exocytic vesicle	108005352 108010910 108014529 108015563 108018438 108020403 108021274
GO:0070390	transcription export complex 2	108005399 108010699
GO:0070402	NADPH binding	108012381
GO:0070403	NAD+ binding	108006329 108006775 108007210 108008718 108011967 108011967 108013092 108015034 108018299 108018299 108020882
GO:0070404	NADH binding	108012381
GO:0070411	I-SMAD binding	108010809 108018281 108019133 108020099
GO:0070413	obsolete trehalose metabolism in response to stress	108019724
GO:0070421	DNA ligase III-XRCC1 complex	108018376
GO:0070449	elongin complex	108007813 108008019 108008505
GO:0070453	regulation of heme biosynthetic process	108008650
GO:0070461	SAGA-type complex	108006087 108017441
GO:0070475	rRNA base methylation	108010158 108010307 108010926 108012331 108012331 108013832 108016676 108016676
GO:0070476	rRNA (guanine-N7)-methylation	108013513 118877612 118877612
GO:0070478	nuclear-transcribed mRNA catabolic process, 3'-5' exonucleolytic nonsense-mediated decay	108011901
GO:0070481	nuclear-transcribed mRNA catabolic process, non-stop decay	108020335 108020335
GO:0070482	response to oxygen levels	108004915 108004937 108007582 108014222 108017081
GO:0070492	oligosaccharide binding	108006137
GO:0070507	regulation of microtubule cytoskeleton organization	108018583
GO:0070509	calcium ion import	108021783
GO:0070513	death domain binding	108008610
GO:0070522	ERCC4-ERCC1 complex	108008334
GO:0070525	tRNA threonylcarbamoyladenosine metabolic process	108012543 136117019
GO:0070528	protein kinase C signaling	108018063
GO:0070530	K63-linked polyubiquitin modification-dependent protein binding	108009727 108009727 108017198 108019258 108021128
GO:0070534	protein K63-linked ubiquitination	108006333 108010322 108013352 108016823 108019166 108021480
GO:0070536	protein K63-linked deubiquitination	108017238 108017238 108021642
GO:0070545	PeBoW complex	108008316 108020354
GO:0070566	adenylyltransferase activity	108016319
GO:0070573	metallodipeptidase activity	108005795 108005795 108014078 108014078 108014645 108014645 108019120 108019120 139354239
GO:0070577	obsolete lysine-acetylated histone binding	108006433 108010327 108011894 108017878 108018855 108020902
GO:0070578	RISC-loading complex	108012734 108013839 108015085 108015247 108019046 108021374 118878272
GO:0070579	DNA 5-methylcytosine dioxygenase activity	108012320
GO:0070588	calcium ion transmembrane transport	108004916 108005659 108007704 108009669 108009669 108011639 108015496 108015496 108015667 108016269 108016339 108018021 108020353 108020464 108020476 108021379 108021646 108021646 108021783
GO:0070593	dendrite self-avoidance	108005846 108008662 108009836 108010887 108011955 108014859 108016740 108017950 108020043
GO:0070603	SWI/SNF superfamily-type complex	108018060
GO:0070626	(S)-2-(5-amino-1-(5-phospho-D-ribosyl)imidazole-4-carboxamido) succinate lyase (fumarate-forming) activity	118876786
GO:0070628	proteasome binding	108004639 108005589 108010038 108011128 108013485 108014355 108015762 108019610 108020423 108021661
GO:0070651	nonfunctional rRNA decay	108020335
GO:0070652	HAUS complex	108007243
GO:0070679	inositol 1,4,5 trisphosphate binding	108009669 108015496 108016269 108021646
GO:0070681	glutaminyl-tRNAGln biosynthesis via transamidation	108014142 108015786 108021557
GO:0070682	proteasome regulatory particle assembly	108010995
GO:0070724	BMP receptor complex	108009825
GO:0070728	L-leucine binding	108009660
GO:0070734	obsolete histone H3-K27 methylation	108013266
GO:0070736	protein-glycine ligase activity, initiating	108010656 108021736
GO:0070740	tubulin-glutamic acid ligase activity	108005044 108007166 108009180 108011140 108020143 108020404 108021570
GO:0070761	pre-snoRNP complex	108005204 108018066
GO:0070762	nuclear pore transmembrane ring	108014740
GO:0070765	gamma-secretase complex	108005517 108017991
GO:0070772	PAS complex	108018669
GO:0070773	protein-N-terminal glutamine amidohydrolase activity	108018214
GO:0070776	MOZ/MORF histone acetyltransferase complex	108009158 108018146
GO:0070782	phosphatidylserine exposure on apoptotic cell surface	108008619
GO:0070813	hydrogen sulfide metabolic process	108009786
GO:0070822	Sin3-type complex	108005191 108007277 108015234 108015386 108016878 108019723
GO:0070828	heterochromatin organization	108010061
GO:0070830	bicellular tight junction assembly	108020916
GO:0070840	dynein complex binding	108009779 108017938 108020654 108020654
GO:0070847	core mediator complex	108005879 108009430 108010586 108010922 108013040 108013792 108016780 108018601 108020408
GO:0070851	growth factor receptor binding	108004855
GO:0070860	RNA polymerase I core factor complex	108013943
GO:0070863	positive regulation of protein exit from endoplasmic reticulum	108020494
GO:0070876	SOSS complex	108020454 108020454 108021572
GO:0070877	microprocessor complex	108010848 108016265 108019813
GO:0070878	primary miRNA binding	108010848
GO:0070888	E-box binding	108004968 108006099 108008991 108010896 108012755 108013177 108021275 108021309
GO:0070897	transcription preinitiation complex assembly	108020801 108020801 108021188 108021188
GO:0070898	RNA polymerase III preinitiation complex assembly	108021085
GO:0070899	mitochondrial tRNA wobble uridine modification	108009165
GO:0070901	mitochondrial tRNA methylation	108007112
GO:0070905	serine binding	108011135
GO:0070914	UV-damage excision repair	108008334 108013686
GO:0070920	regulation of regulatory ncRNA processing	108012734 108013839 108015085 108015247 108019046 108021374 118878272
GO:0070932	obsolete histone H3 deacetylation	108011967
GO:0070935	3'-UTR-mediated mRNA stabilization	108012996
GO:0070936	protein K48-linked ubiquitination	108016775 108018207
GO:0070939	Dsl1/NZR complex	108005871 108005871
GO:0070966	nuclear-transcribed mRNA catabolic process, no-go decay	108020335 108020335
GO:0070971	endoplasmic reticulum exit site	108005322 108006745 108009392 108019707 108019851 108020494 108021146
GO:0070973	protein localization to endoplasmic reticulum exit site	108005322 108013482
GO:0070976	TIR domain binding	108009325
GO:0070979	protein K11-linked ubiquitination	108005356 108006805 108007265 108009080 108009435 108015002
GO:0070985	transcription factor TFIIK complex	108017606 108017606 108021829 108021829
GO:0070987	error-free translesion synthesis	108013576 108016261
GO:0070988	demethylation	108008288
GO:0070991	medium-chain fatty acyl-CoA dehydrogenase activity	108006840 108006840
GO:0071004	U2-type prespliceosome	108004808 108006272 108007625 108008762 108009249 108010963 108011127 108015204 108015506 108019939 108020837 108020891 108021303 108021388 118878586
GO:0071006	U2-type catalytic step 1 spliceosome	108009563 108011660 108018233
GO:0071007	U2-type catalytic step 2 spliceosome	108011660 108014823 108016599 108019600
GO:0071008	U2-type post-mRNA release spliceosomal complex	108017126 108021706
GO:0071011	precatalytic spliceosome	108004694 108005000 108005123 108005188 108005911 108007280 108008092 108008317 108008743 108009177 108009364 108009471 108011127 108011558 108012704 108012815 108013523 108014257 108014681 108015778 108016026 108016599 108017462 108017580 108018938 108020112 108021249 108021388 108021552 139354198
GO:0071013	catalytic step 2 spliceosome	108004761 108005188 108005317 108005911 108006500 108007280 108008092 108008332 108008416 108008637 108009102 108009249 108009413 108009741 108009820 108010133 108010602 108011127 108011328 108012704 108012815 108013155 108014589 108014764 108015037 108015425 108015778 108016026 108017462 108018706 108019491 108019939 108020734 108020837 108020901 108021092 108021177 108021199 108021303 108021418 108021552 108021610 118877925 118878586
GO:0071014	post-mRNA release spliceosomal complex	108008637 108010115 108015509 108016599 108017796 108018930 108019600
GO:0071021	U2-type post-spliceosomal complex	108014140
GO:0071025	RNA surveillance	108020335 108020335
GO:0071028	nuclear mRNA surveillance	108005465 108005804 108009204 108020564 108020926
GO:0071031	nuclear mRNA surveillance of mRNA 3'-end processing	108006686 108012947
GO:0071034	CUT catabolic process	108008678 108015270
GO:0071035	nuclear polyadenylation-dependent rRNA catabolic process	108005465 108006686 108008678 108009204 108012947 108015270 108015722
GO:0071036	nuclear polyadenylation-dependent snoRNA catabolic process	108006686 108012947 108015722
GO:0071037	nuclear polyadenylation-dependent snRNA catabolic process	108006686 108012947 108015722
GO:0071038	TRAMP-dependent tRNA surveillance pathway	108005465 108006686 108008678 108009204 108012947 108015270 108015722
GO:0071039	nuclear polyadenylation-dependent CUT catabolic process	108006686 108012947 108015722
GO:0071040	nuclear polyadenylation-dependent antisense transcript catabolic process	108015722
GO:0071042	nuclear polyadenylation-dependent mRNA catabolic process	108005465 108009204
GO:0071044	histone mRNA catabolic process	108015722
GO:0071051	poly(A)-dependent snoRNA 3'-end processing	108005804 108008678 108015270 108015722 108020564 108020926
GO:0071074	eukaryotic initiation factor eIF2 binding	118876747
GO:0071076	obsolete RNA 3' uridylation	108015978 108017139
GO:0071108	protein K48-linked deubiquitination	108015353 108017977 108020135
GO:0071140	resolution of mitotic recombination intermediates	108017497
GO:0071144	heteromeric SMAD protein complex	108010809 108018281 108019133 108020099
GO:0071163	DNA replication preinitiation complex assembly	108017994
GO:0071164	RNA cap trimethylguanosine synthase activity	108018604
GO:0071169	establishment of protein localization to chromatin	108007592
GO:0071171	site-specific DNA replication termination at RTS1 barrier	108005843
GO:0071203	WASH complex	108006323 108007498 108007498 108008342 108011933 108011933
GO:0071204	histone pre-mRNA 3'end processing complex	108014779
GO:0071207	histone pre-mRNA stem-loop binding	108014779
GO:0071208	histone pre-mRNA DCP binding	108008402
GO:0071209	U7 snRNA binding	108008402 108009946
GO:0071218	cellular response to misfolded protein	108005455 108006664 108010850 108016612 108017744 108020859
GO:0071230	cellular response to amino acid stimulus	108004593 108004815 108004815 108014525 108016674 108017883 108021422
GO:0071233	cellular response to L-leucine	108009660
GO:0071254	cytoplasmic U snRNP body	108008402
GO:0071260	cellular response to mechanical stimulus	108016593
GO:0071261	Ssh1 translocon complex	108008764 108008907 108014987
GO:0071277	cellular response to calcium ion	108005352 108010910 108015563 108018438 108020403 108021274
GO:0071320	cellular response to cAMP	108013433
GO:0071333	cellular response to glucose stimulus	108018126 108018203
GO:0071339	MLL1 complex	108005962 108011834 108019185
GO:0071356	cellular response to tumor necrosis factor	108019860
GO:0071363	cellular response to growth factor stimulus	108006788 108009825 108011857 108014910 108018047
GO:0071375	cellular response to peptide hormone stimulus	108019485
GO:0071376	cellular response to corticotropin-releasing hormone stimulus	108021115
GO:0071421	manganese ion transmembrane transport	108004916
GO:0071422	succinate transmembrane transport	108006986 108015534 108018303 108019679 118877920
GO:0071423	malate transmembrane transport	108006986 108015534 108018303 118877920
GO:0071424	rRNA (cytosine-N4-)-methyltransferase activity	108010926
GO:0071439	clathrin complex	108019093 108019093
GO:0071456	cellular response to hypoxia	108006935 108016473
GO:0071479	cellular response to ionizing radiation	108020730
GO:0071482	cellular response to light stimulus	108006668 108012984 108015969 108018727 108020110 108021450 118877675
GO:0071513	phosphopantothenoylcysteine decarboxylase complex	108010087
GO:0071526	semaphorin-plexin signaling pathway	108007872 108009621 108009640 108009916 108014655
GO:0071540	eukaryotic translation initiation factor 3 complex, eIF3e	108011634
GO:0071541	eukaryotic translation initiation factor 3 complex, eIF3m	108011634 108013798 108019675 108021483
GO:0071542	dopaminergic neuron differentiation	108007379
GO:0071543	diphosphoinositol polyphosphate metabolic process	108014615
GO:0071546	pi-body	108019621
GO:0071557	obsolete histone H3-K27 demethylation	108021291
GO:0071558	histone H3K27me2/H3K27me3 demethylase activity	108021291
GO:0071561	nucleus-vacuole junction	108005727
GO:0071564	npBAF complex	108016262
GO:0071565	nBAF complex	108012034 108016262
GO:0071566	UFM1 activating enzyme activity	108016608
GO:0071569	protein ufmylation	108016608
GO:0071577	zinc ion transmembrane transport	108007357 108009114 108010950 108011517 108013070 108015450 108017880 108017882 108021107 108021269 108021705 139354527 139354528
GO:0071578	zinc ion import across plasma membrane	108013239 108013459
GO:0071586	CAAX-box protein processing	108009288 108009288 108009289 108009289 108009290 108009290 108012596 108012596 108015893
GO:0071595	Nem1-Spo7 phosphatase complex	108012521 108012521 108020473 108020473
GO:0071596	ubiquitin-dependent protein catabolic process via the N-end rule pathway	108004652 108005334
GO:0071598	neuronal ribonucleoprotein granule	108013881
GO:0071617	lysophospholipid acyltransferase activity	108021099 118877513
GO:0071630	nuclear protein quality control by the ubiquitin-proteasome system	108013485 108013485
GO:0071679	commissural neuron axon guidance	108014148
GO:0071683	sensory dendrite	108010331
GO:0071712	obsolete ER-associated misfolded protein catabolic process	108009876 108011756 108013932 108018483 108018775 108018925 108020728
GO:0071763	nuclear membrane organization	108006816
GO:0071782	endoplasmic reticulum tubular network	108008744 108019616
GO:0071786	endoplasmic reticulum tubular network organization	108007641 108019616
GO:0071797	LUBAC complex	108019258
GO:0071805	potassium ion transmembrane transport	108004656 108005330 108006268 108006268 108008193 108009124 108009281 108009334 108009731 108009731 108010163 108010163 108010674 108011321 108011321 108011506 108012318 108013272 108013272 108014400 108014979 108014979 108015854 108015854 108015941 108016558 108016558 108016561 108016561 108016735 108017515 108017515 108019327 108019925 108019925 108021027 108021079 108021788 108021788 118877935 118877935 118878888
GO:0071816	tail-anchored membrane protein insertion into ER membrane	108013256 108013256 118877730
GO:0071818	BAT3 complex	108005826 108011603 118877730
GO:0071819	DUBm complex	108005003 108015537 108016961
GO:0071846	actin filament debranching	108004925
GO:0071858	corazonin receptor binding	108010571
GO:0071880	adenylate cyclase-activating adrenergic receptor signaling pathway	108007433 108010545 108010943 108010944 108011385 108012041 108012181 108014886 108015841 108017731 108018183 108019461 108020130 118878129
GO:0071885	N-terminal protein N-methyltransferase activity	108010217
GO:0071894	obsolete histone H2B conserved C-terminal lysine ubiquitination	108011447
GO:0071897	DNA biosynthetic process	108010093 108013678 108018376
GO:0071902	positive regulation of protein serine/threonine kinase activity	108004593
GO:0071913	citrate secondary active transmembrane transporter activity	108010632
GO:0071916	dipeptide transmembrane transporter activity	108017200 108018893 108019173 108019194
GO:0071922	obsolete regulation of cohesin loading	108016857
GO:0071929	alpha-tubulin acetylation	108005232 108005232 108013064 108013064
GO:0071932	replication fork reversal	108015424
GO:0071933	Arp2/3 complex binding	108004925 108019059 108020893
GO:0071942	XPC complex	108017980
GO:0071944	cell periphery	108007770 108011245 108014595
GO:0071947	protein deubiquitination involved in ubiquitin-dependent protein catabolic process	108017198
GO:0071949	FAD binding	108006238 108007012 108007014 108007018 108007019 108007023 108007395 108008324 108008338 108008338 108008444 108008444 108009066 108009251 108009251 108009736 108009736 108010033 108010033 108010758 108010758 108011221 108014135 108015420 108016987 108016987 108017001 108017559 108018429 108018656 108019886 108021432 108021566 108021566
GO:0071951	conversion of methionyl-tRNA to N-formyl-methionyl-tRNA	108010767 108010767
GO:0071985	multivesicular body sorting pathway	108013868
GO:0071986	Ragulator complex	108004815 108004815 108014525 108016674 108016674 108017883 108021422
GO:0072320	volume-sensitive chloride channel activity	108014932 108014947
GO:0072334	UDP-galactose transmembrane transport	108014420
GO:0072344	rescue of stalled ribosome	108010056 108010670 108017669 108019065
GO:0072345	NAADP-sensitive calcium-release channel activity	108014034
GO:0072354	histone H3T3 kinase activity	139354878
GO:0072357	PTW/PP1 phosphatase complex	108020191
GO:0072380	TRC complex	108005891
GO:0072384	organelle transport along microtubule	108006261 108010860
GO:0072487	MSL complex	108005870 108011163 108011757 108013703 108013895 108021496
GO:0072488	ammonium transmembrane transport	108004908 108004908 108014455 108014455
GO:0072518	Rho-dependent protein serine/threonine kinase activity	108011141
GO:0072542	protein phosphatase activator activity	108017542 108018618 108019524 136117270
GO:0072546	EMC complex	108006612 108007707 108009205 108009757 108009757 108012190 108014606 108021118 118877799 118878009
GO:0072572	poly-ADP-D-ribose binding	108011053 108014354
GO:0072579	glycine receptor clustering	108016804
GO:0072583	clathrin-dependent endocytosis	108011457 108014429 108017128 108017449 108020490 108020874 108020874
GO:0072594	establishment of protein localization to organelle	108005852 108021228
GO:0072657	protein localization to membrane	108011421 108021062 108021278
GO:0072659	protein localization to plasma membrane	108005177 108005282 108005790 108007459 108009126 108009252 108009822 108010002 108012591 108016590 108017592 108018063 108019090 108019810 108019914 108020400 118879475
GO:0072669	tRNA-splicing ligase complex	108005306 108005306 108011765 108012048 108014875
GO:0072686	mitotic spindle	108009892 108011460 108012278 108013271 108014811 108015212 108016766 108018071 108019225
GO:0080008	Cul4-RING E3 ubiquitin ligase complex	108005187 108006184 108007252 108007296 108009176 108010009 108010817 108011909 108013539 108015084 108019287 108019708 108020541 139353272
GO:0080009	obsolete mRNA methylation	108005417 108009678 108014946 108015751 108019872 108019872
GO:0080019	alcohol-forming very long-chain fatty acyl-CoA reductase activity	108008247 108008362 108009839 108010155 108011136 108012016 108012702 108015581 108015657 108015662 108015669 108016916 108017959 108018345 108018380 108018713 108018714 108019746 118877555 139352187
GO:0080025	phosphatidylinositol-3,5-bisphosphate binding	108013091 108013566 108018448 108021167 118877437
GO:0080048	GDP-D-glucose phosphorylase activity	108012383
GO:0080111	obsolete DNA demethylation	108012320
GO:0080122	AMP transmembrane transporter activity	108020208
GO:0080129	proteasome core complex assembly	108014355
GO:0080132	fatty acid 2-hydroxylase activity	108017819 108017819
GO:0086010	membrane depolarization during action potential	108008971 108011109 108021783
GO:0086011	membrane repolarization during action potential	118878888
GO:0089701	U2AF complex	108006272 108008762 108019493 108019493 108021438 108021438
GO:0090063	positive regulation of microtubule nucleation	108019729
GO:0090071	negative regulation of ribosome biogenesis	108012505
GO:0090090	negative regulation of canonical Wnt signaling pathway	108005014 108005224 108005298 108007294 108009039 108011241 108015099 108015824 108019299 108020590
GO:0090110	COPII-coated vesicle cargo loading	108006745 108009392 108019851 108021146
GO:0090114	COPII-coated vesicle budding	108006745 108015827
GO:0090140	regulation of mitochondrial fission	108011600 108019001 108019011 108020169
GO:0090141	positive regulation of mitochondrial fission	108008799 108015346 108016779
GO:0090149	mitochondrial membrane fission	108009782 108019191
GO:0090156	intracellular sphingolipid homeostasis	108017615
GO:0090158	endoplasmic reticulum membrane organization	108012676 108012942 108012956 108019043 108021003
GO:0090162	establishment of epithelial cell polarity	108014984
GO:0090263	positive regulation of canonical Wnt signaling pathway	108007342 108010587 108011810 108012147 108012245 108014025 108019064
GO:0090266	regulation of mitotic cell cycle spindle assembly checkpoint	108017790 108019729
GO:0090304	nucleic acid metabolic process	108009611 139354874
GO:0090307	mitotic spindle assembly	108012459 108013271
GO:0090309	obsolete positive regulation of DNA methylation-dependent heterochromatin formation	108009676 108010061
GO:0090314	positive regulation of protein targeting to membrane	108017592
GO:0090374	oligopeptide export from mitochondrion	108005160 108016605
GO:0090382	phagosome maturation	108021539
GO:0090385	phagosome-lysosome fusion	108009813 108015767
GO:0090389	phagosome-lysosome fusion involved in apoptotic cell clearance	108021558
GO:0090433	palmitoyl-CoA ligase activity	108019800
GO:0090435	protein localization to nuclear envelope	108009409 108012756 108021232
GO:0090443	FAR/SIN/STRIPAK complex	108011599
GO:0090481	pyrimidine nucleotide-sugar transmembrane transport	108014339 108016977 108016977 108018933 108018933
GO:0090482	vitamin transmembrane transporter activity	108012120 108012120 108012121 108012121 108014293 108014293
GO:0090522	vesicle tethering involved in exocytosis	108004869 108018403 108018403
GO:0090537	CERF complex	108013045
GO:0090560	2-(3-amino-3-carboxypropyl)histidine synthase activity	108007648 108007648 108010696 108010696
GO:0090575	RNA polymerase II transcription regulator complex	108006100 108006520 108006521 108006544 108008240 108008739 108011122 108014871 108015213 108015737 108015808 108018052 108020196 108021039 118877515 139353373
GO:0090599	alpha-glucosidase activity	108011227
GO:0090630	activation of GTPase activity	108005077 108005135 108006825 108006869 108007864 108011409 108013573 108015211 108015239 108015240 108016199 108016890 108017981 108018367 108018960 108020030 108020242 108020634 108021187
GO:0090656	t-circle formation	108017497
GO:0090657	telomeric loop disassembly	108011170
GO:0090694	Scc2-Scc4 cohesin loading complex	108007592
GO:0090730	Las1 complex	108014088 108014088
GO:0090734	site of DNA damage	108016646 108018220
GO:0097003	adipokinetic hormone receptor activity	108021586
GO:0097020	COPII receptor activity	108008319 108008319
GO:0097036	regulation of plasma membrane sterol distribution	108006890
GO:0097037	heme export	108018008
GO:0097038	perinuclear endoplasmic reticulum	108009901 108014563
GO:0097039	protein linear polyubiquitination	108019258
GO:0097060	synaptic membrane	108010821
GO:0097062	dendritic spine maintenance	108014292
GO:0097104	postsynaptic membrane assembly	108008383 108013990 108019326 108019970 108021095
GO:0097105	presynaptic membrane assembly	108008383 108013990 108019326 108019970 108021095
GO:0097108	hedgehog family protein binding	108019853
GO:0097112	gamma-aminobutyric acid receptor clustering	108016804
GO:0097120	receptor localization to synapse	108013417 108016807
GO:0097124	cyclin A2-CDK2 complex	108007485 139352939
GO:0097134	cyclin E1-CDK2 complex	108021500
GO:0097149	centralspindlin complex	108011277 108019620
GO:0097157	pre-mRNA intronic binding	108009102 108009560
GO:0097176	epoxide metabolic process	108017786 108018147 108018148
GO:0097177	mitochondrial ribosome binding	108011223
GO:0097190	apoptotic signaling pathway	108008610 108015538
GO:0097191	extrinsic apoptotic signaling pathway	108016910
GO:0097192	extrinsic apoptotic signaling pathway in absence of ligand	108009225 108018011
GO:0097193	intrinsic apoptotic signaling pathway	108016856 108016856
GO:0097198	obsolete histone H3-K36 trimethylation	108004678
GO:0097199	obsolete cysteine-type endopeptidase activity involved in apoptotic signaling pathway	108009792 108010718 108015517
GO:0097224	obsolete sperm connecting piece	118877540
GO:0097250	mitochondrial respirasome assembly	108006049 108006101 108006111 108006289 108009870 108018211
GO:0097255	R2TP complex	108012039 108014289 118877514
GO:0097268	cytoophidium	108013361
GO:0097272	ammonium homeostasis	108004908 108014455
GO:0097309	obsolete cap1 mRNA methylation	108010144 108019193
GO:0097310	obsolete cap2 mRNA methylation	108010144
GO:0097320	plasma membrane tubulation	108013498 108018495 108018626
GO:0097322	7SK snRNA binding	108014618
GO:0097344	obsolete Rix1 complex	108016778
GO:0097345	mitochondrial outer membrane permeabilization	108013467
GO:0097352	autophagosome maturation	108007437 108009876 108014440
GO:0097361	cytosolic [4Fe-4S] assembly targeting complex	108006952 108008333 108008333 108013297 139354793
GO:0097363	protein O-acetylglucosaminyltransferase activity	108005464 108020674
GO:0097367	carbohydrate derivative binding	108014835 108017369 108017955
GO:0097370	obsolete protein O-GlcNAcylation via threonine	108005464
GO:0097372	histone H3K18 deacetylase activity, NAD-dependent	108007210
GO:0097374	sensory neuron axon guidance	108020383
GO:0097428	obsolete protein maturation by iron-sulfur cluster transfer	108006952 108011213 108013840 108018911 108019598
GO:0097431	mitotic spindle pole	108019729
GO:0097484	dendrite extension	108020203
GO:0097500	receptor localization to non-motile cilium	108015858
GO:0097503	sialylation	108008427
GO:0097524	sperm plasma membrane	108021495
GO:0097526	spliceosomal tri-snRNP complex	108007280 108008092 108009249 108011127 108020890
GO:0097539	ciliary transition fiber	108014984 108018070
GO:0097541	axonemal basal plate	108020206
GO:0097542	ciliary tip	108014675
GO:0097543	ciliary inversin compartment	108010117 118877721
GO:0097546	ciliary base	108007660 108010984 108021227
GO:0097550	transcription preinitiation complex	108013265 108020801 108021188
GO:0097552	mitochondrial double-strand break repair via homologous recombination	108005067
GO:0097602	cullin family protein binding	108005199 108005853 108008618 108009227 108009889 108009906 108011364 108011846 108012807 108016346 108016346 108016657 108016820 108016939 108017781
GO:0097629	extrinsic component of omegasome membrane	108007207
GO:0097632	extrinsic component of phagophore assembly site membrane	108007207
GO:0097638	L-arginine import across plasma membrane	108007702 108007996 108008027 108021340
GO:0097676	obsolete histone H3-K36 dimethylation	108010673
GO:0097681	double-strand break repair via alternative nonhomologous end joining	108014882
GO:0097708	intracellular vesicle	108014531 108018342
GO:0097711	ciliary basal body-plasma membrane docking	108013625
GO:0097718	disordered domain specific binding	108007143
GO:0097720	calcineurin-mediated signaling	108004555 108009069 108011132 108012146 118878367
GO:0097729	9+2 motile cilium	108012831 108015691 108020148 108021122
GO:0097730	non-motile cilium	108007103 108012344 108013626 108021021 108021227
GO:0097745	mitochondrial tRNA 5'-end processing	108018246 108019963
GO:0098553	lumenal side of endoplasmic reticulum membrane	108015522 108021624
GO:0098554	cytoplasmic side of endoplasmic reticulum membrane	108015522 108021624
GO:0098574	cytoplasmic side of lysosomal membrane	108006261
GO:0098592	cytoplasmic side of apical plasma membrane	108020163
GO:0098609	cell-cell adhesion	108005353 108005360 108005971 108006504 108008204 108008621 108009694 108009814 108010140 108010888 108011647 108011683 108012911 108013085 108013221 108013417 108015176 108015277 108016807 108016895 108016896 108017684 108017685 108018001 108018136 108018884 108019217 108019312 108019362 108019792 108019824 108020180 108020418 108021083 108021194 108021217 118876762 118877642 139353230
GO:0098621	O-phosphoseryl-tRNA(Sec) selenium transferase activity	108006748 108006748
GO:0098632	cell-cell adhesion mediator activity	108005846 108008662 108009836 108010887 108011955 108014859 108015176 108016740 108017950 108020043
GO:0098655	monoatomic cation transmembrane transport	108009425 108010086 108010323 108017972
GO:0098656	monoatomic anion transmembrane transport	108010740 108010740 108011155 108011155 108021277 108021277 108021279 108021279
GO:0098700	neurotransmitter loading into synaptic vesicle	108005596
GO:0098703	calcium ion import across plasma membrane	108006298 108009626 108012769 108015997 108016880 108018359
GO:0098719	sodium ion import across plasma membrane	108014400 108021027
GO:0098793	presynapse	108020123
GO:0098794	postsynapse	108018359
GO:0098830	presynaptic endosome	108013724
GO:0098831	presynaptic active zone cytoplasmic component	108020331
GO:0098839	postsynaptic density membrane	108007032 108007365 108011995 108013538 108013611 108014284 108014948 108015295 108016807 108017428 108019422 108020333 108020349 108021712 108021718
GO:0098842	postsynaptic early endosome	108014292
GO:0098855	HCN channel complex	108009124
GO:0098858	actin-based cell projection	108017206
GO:0098869	cellular oxidant detoxification	108008524 108009867 108009868 108021536
GO:0098882	structural constituent of presynaptic active zone	108009122
GO:0098887	neurotransmitter receptor transport, endosome to postsynaptic membrane	108009694 108010888 108011171
GO:0098894	extrinsic component of presynaptic endocytic zone membrane	108017128
GO:0098943	neurotransmitter receptor transport, postsynaptic endosome to lysosome	108013724 108014948
GO:0098958	retrograde axonal transport of mitochondrion	108014986
GO:0098962	regulation of postsynaptic neurotransmitter receptor activity	108019827 139354464
GO:0098964	anterograde dendritic transport of messenger ribonucleoprotein complex	108009368
GO:0098968	neurotransmitter receptor transport postsynaptic membrane to endosome	108009694 108010888
GO:0098969	neurotransmitter receptor transport to postsynaptic membrane	108016590
GO:0098970	postsynaptic neurotransmitter receptor diffusion trapping	108014948 108016804
GO:0098974	postsynaptic actin cytoskeleton organization	108013000
GO:0098978	glutamatergic synapse	108019827 108020123 139354464
GO:0099041	vesicle tethering to Golgi	108017208
GO:0099044	vesicle tethering to endoplasmic reticulum	108010124
GO:0099078	BORC complex	108005227 108006261 108010199 108011739 108013154 108014089
GO:0099122	RNA polymerase II C-terminal domain binding	108012837
GO:0099503	secretory vesicle	108005753 108006626
GO:0099509	regulation of presynaptic cytosolic calcium ion concentration	108009292
GO:0099518	vesicle cytoskeletal trafficking	108018817 108018945
GO:0099525	presynaptic dense core vesicle exocytosis	108020331
GO:0099536	synaptic signaling	108005448 108009600 108009853 108011557 108014173 108018876 108021604 136116498
GO:0099572	postsynaptic specialization	108016804 108019827 139354464
GO:0099578	regulation of translation at postsynapse, modulating synaptic transmission	108013881
GO:0099590	neurotransmitter receptor internalization	108014948
GO:0099631	postsynaptic endocytic zone cytoplasmic component	108011457
GO:0101005	deubiquitinase activity	108008430 108015089
GO:0101006	protein histidine phosphatase activity	108006295 108019303 108019304 108019305
GO:0101030	obsolete tRNA-guanine transglycosylation	108007085 108007085 108009130 108012382
GO:0101031	protein folding chaperone complex	108008374
GO:0106005	RNA 5'-cap (guanine-N7)-methylation	108013520 108013520
GO:0106018	phosphatidylinositol-3,5-bisphosphate phosphatase activity	108009629
GO:0106034	obsolete protein maturation by [2Fe-2S] cluster transfer	108018160
GO:0106035	obsolete protein maturation by [4Fe-4S] cluster transfer	108006403 108009854 108013297
GO:0106050	tRNA 2'-O-methyltransferase activity	108016019
GO:0106073	dolichyl pyrophosphate Glc2Man9GlcNAc2 alpha-1,2-glucosyltransferase activity	108015910 108015910
GO:0106140	P-TEFb complex binding	108020493
GO:0106217	tRNA C3-cytosine methylation	108019152
GO:0106245	L-serine-phosphatidylethanolamine phosphatidyltransferase activity	108012311
GO:0106335	tRNA (5-carboxymethyluridine(34)-5-O)-methyltransferase activity	108009547 108016304
GO:0106370	protein-L-histidine N-pros-methyltransferase activity	108010290 108010290
GO:0106388	rRNA small subunit aminocarboxypropyltransferase activity	108004898 108004898
GO:0110031	negative regulation of G2/MI transition of meiotic cell cycle	108011452 108020477
GO:0110032	positive regulation of G2/MI transition of meiotic cell cycle	108006539 108007241
GO:0110051	metabolite repair	118877541
GO:0110104	mRNA alternative polyadenylation	108013397
GO:0110155	NAD-cap decapping	108005308 108009991
GO:0120009	intermembrane lipid transfer	108005445 108005445 108009239 108009239
GO:0120013	lipid transfer activity	108005445 108005445 108009239 108009239
GO:0120015	sterol transfer activity	108009440 108018151
GO:0120170	intraciliary transport particle B binding	108007660 108011984
GO:0140021	mitochondrial ADP transmembrane transport	108004663 108004663 108004664 108004664
GO:0140082	SUMO-ubiquitin ligase activity	108016296 108021605 136117022
GO:0140110	transcription regulator activity	108013509 108014839 108017486
GO:0140206	dipeptide import across plasma membrane	108017200 108018893 108019173 108019194
GO:0140223	general transcription initiation factor activity	108004552 108005299 108011124 139353271
GO:0140268	endoplasmic reticulum-plasma membrane contact site	108009440 108018151
GO:0140284	endoplasmic reticulum-endosome membrane contact site	108010124 108011419 108011446
GO:0140285	endosome fission	108007498
GO:0140291	peptidyl-glutamate ADP-deribosylation	108013178 108013179 108013180
GO:0140297	DNA-binding transcription factor binding	108010419 108014125
GO:0140300	serine import into mitochondrion	108011664 108011769
GO:0140326	ATPase-coupled intramembrane lipid transporter activity	108006288 108006288 108006343 108006343 108019280 108019280 108019755 108019755 108020707 108020707 108020933 108020933
GO:0140358	P-type transmembrane transporter activity	108020380 108020380
GO:0140359	ABC-type transporter activity	108005634 108007202 108007233 108007633 108009233 108009478 108009847 108010328 108010610 108010712 108011514 108012701 108012701 108012821 108013612 108013616 108013622 108013728 108014046 108014288 108015245 108015245 108015246 108015246 108015430 108015430 108015543 108015543 108015714 108015958 108015958 108016353 108017310 108017705 108018174 108018179 108018226 108018226 108018849 108018849 108019209 108020057 108020358 108020410 108020792 108020977 108020986 108021016 108021016 108021143 108021144 108021147 108021457 108021561 108021708 108021737 108021737 118877214 139353265
GO:0140410	monoatomic cation:bicarbonate symporter activity	108013239 108013459
GO:0140416	transcription regulator inhibitor activity	108018281
GO:0140492	metal-dependent deubiquitinase activity	108017238
GO:0140560	xylosyl alpha-1,3-xylosyltransferase activity	108009133
GO:0140570	extraction of mislocalized protein from mitochondrial outer membrane	108006241 108009123
GO:0140571	transmembrane ascorbate ferrireductase activity	108009202
GO:0140575	transmembrane monodehydroascorbate reductase activity	108008189 108012816 108018878 108021129
GO:0140647	P450-containing electron transport chain	108013556 108013556 108020059 108020059
GO:0140658	ATP-dependent chromatin remodeler activity	108004863 108004982 108005787 108005787 108009063 108009159 108011780 108012221 108012221 108013567 108013767 108014100 108014574 108016091 108016095 108017563 108018466 108018466 108019414 108019888 108019888 108021385 139353270 139353270
GO:0140662	ATP-dependent protein folding chaperone	108004746 108004746 108004911 108004911 108005296 108005296 108006847 108006847 108007064 108007064 108007143 108007143 108007345 108007345 108007367 108007367 108007391 108007391 108009479 108009479 108010068 108010068 108012185 108012185 108012921 108012921 108013002 108013277 108014275 108014275 108014830 108014830 108015585 108015759 108015759 108016596 108016596 108016854 108017046 108017046 108017775 108017775 108017777 108017777 108018484 108018484 108018520 108018520 108018906 108018906 118877553 118877553 118877785 118877785 139354638 139354638
GO:0140663	ATP-dependent FeS chaperone activity	108012569 108012569 108015861 108021127 108021127
GO:0140664	ATP-dependent DNA damage sensor activity	108008644 108011710 108014253 108017497 108018099 108019454 108019891 108021560
GO:0140672	ATAC complex	108011735 108021651
GO:0140673	transcription elongation-coupled chromatin remodeling	108004682 108004682 108010139 108019597 108019597
GO:0140818	mRNA 5'-triphosphate monophosphatase activity	108006563
GO:0140849	ATP-dependent H2AZ histone chaperone activity	108007412
GO:0140911	pore-forming activity	108016615
GO:0140933	5'-(N(7)-methylguanosine 5'-triphospho)-[mRNA] hydrolase activity	108020535
GO:0141039	phosphatidylinositol 3-kinase inhibitor activity	108014147
GO:0150007	clathrin-dependent synaptic vesicle endocytosis	108014531 108018342
GO:0150105	protein localization to cell-cell junction	118877642
GO:0160102	tRNA (guanine(10)-N2)-methyltransferase activity	108014273 108014273
GO:0160107	tRNA (adenine(58)-N1)-methyltransferase activity	108014062 108014062
GO:1900011	negative regulation of corticotropin-releasing hormone receptor activity	108017240
GO:1900026	positive regulation of substrate adhesion-dependent cell spreading	108006504
GO:1900073	regulation of neuromuscular synaptic transmission	108007450
GO:1900075	positive regulation of neuromuscular synaptic transmission	108020413
GO:1900271	regulation of long-term synaptic potentiation	108009292
GO:1900364	obsolete negative regulation of mRNA polyadenylation	108017595
GO:1900407	regulation of cellular response to oxidative stress	108013175
GO:1900461	positive regulation of pseudohyphal growth by positive regulation of transcription from RNA polymerase II promoter	108016262
GO:1901006	obsolete ubiquinone-6 biosynthetic process	108012422
GO:1901029	negative regulation of mitochondrial outer membrane permeabilization involved in apoptotic signaling pathway	108004663 108004664
GO:1901031	regulation of response to reactive oxygen species	108009660 108009660
GO:1901052	sarcosine metabolic process	108008071
GO:1901053	sarcosine catabolic process	108010079
GO:1901096	regulation of autophagosome maturation	108004949 108017981
GO:1901137	carbohydrate derivative biosynthetic process	108014835 108017369
GO:1901190	regulation of formation of translation initiation ternary complex	108021043
GO:1901255	nucleotide-excision repair involved in interstrand cross-link repair	108013686 108017008
GO:1901379	regulation of potassium ion transmembrane transport	108014955
GO:1901385	regulation of voltage-gated calcium channel activity	108014981 108019843
GO:1901387	positive regulation of voltage-gated calcium channel activity	108017946
GO:1901565	obsolete organonitrogen compound catabolic process	108009872
GO:1901642	nucleoside transmembrane transport	108008459 108008459 108010313 108020272 108020272 108020940 108020940 108021250 108021250
GO:1901673	regulation of mitotic spindle assembly	108009373
GO:1901842	negative regulation of high voltage-gated calcium channel activity	108009235
GO:1901888	regulation of cell junction assembly	108011141
GO:1901890	positive regulation of cell junction assembly	108018063
GO:1901907	diadenosine pentaphosphate catabolic process	108014615
GO:1901909	diadenosine hexaphosphate catabolic process	108014615
GO:1901911	adenosine 5'-(hexahydrogen pentaphosphate) catabolic process	108014615
GO:1901981	phosphatidylinositol phosphate binding	108009509 108015365 108021184
GO:1901987	regulation of cell cycle phase transition	108017279
GO:1902000	homogentisate catabolic process	108011841
GO:1902004	positive regulation of amyloid-beta formation	108021659
GO:1902017	regulation of cilium assembly	108012873 108021618 108021619
GO:1902042	negative regulation of extrinsic apoptotic signaling pathway via death domain receptors	108009695 108018207
GO:1902047	polyamine transmembrane transport	108020380
GO:1902103	negative regulation of metaphase/anaphase transition of meiotic cell cycle	108019866
GO:1902115	regulation of organelle assembly	108014990 108015316
GO:1902176	negative regulation of oxidative stress-induced intrinsic apoptotic signaling pathway	108006548 108012157
GO:1902275	regulation of chromatin organization	108010065
GO:1902287	semaphorin-plexin signaling pathway involved in axon guidance	108020382 108020383
GO:1902369	negative regulation of RNA catabolic process	108005317
GO:1902410	mitotic cytokinetic process	108012873
GO:1902476	chloride transmembrane transport	108004795 108006312 108009518 108010870 108011881 108012887 108013269 108014169 108014170 108014177 108014651 108014711 108015251 108016237 108016639 108017645 108018109 108018926 108018976 108021435
GO:1902554	serine/threonine protein kinase complex	108020298
GO:1902600	proton transmembrane transport	108005602 108006557 108006557 108006749 108006749 108006888 108006888 108007205 108007205 108007652 108008064 108008702 108009094 108009094 108009734 108009960 108010533 108010861 108011016 108011016 108011973 108011973 108011975 108011975 108011983 108011983 108014182 108014182 108014400 108014400 108014616 108014616 108014633 108015182 108015182 108015292 108015292 108015727 108015941 108015941 108016495 108017056 108017064 108017510 108017510 108017517 108017517 108017839 108018081 108018092 108018092 108018387 108018907 108018907 108019996 108019996 108020028 108020028 108020037 108020037 108020422 108020430 108021027 108021027 108021626 108021626 108021648 139353066 139353066
GO:1902603	carnitine transmembrane transport	108008307 108021515
GO:1902626	assembly of large subunit precursor of preribosome	108009468
GO:1902636	kinociliary basal body	108015212
GO:1902711	GABA-A receptor complex	108012887 108018926
GO:1902742	apoptotic process involved in development	108008619
GO:1902808	positive regulation of cell cycle G1/S phase transition	108016886
GO:1902936	phosphatidylinositol bisphosphate binding	108005269 108007836 108007850 108007997 108008436 108009146 108009148 108010046 108010830 108011232 108011453 108011746 108012725 108013274 108015000 108016654 108016660 108019677 108020200 108020512 108020957 108021609
GO:1902966	positive regulation of protein localization to early endosome	108014990 108015316
GO:1902969	mitotic DNA replication	108015253
GO:1902975	mitotic DNA replication initiation	108004747 108006112 108014873 108014873 108017778 108019088
GO:1902977	mitotic DNA replication preinitiation complex assembly	108015296
GO:1902979	mitotic DNA replication termination	108005843
GO:1902983	DNA strand elongation involved in mitotic DNA replication	108012665
GO:1903070	obsolete negative regulation of ER-associated ubiquitin-dependent protein catabolic process	108013208
GO:1903076	regulation of protein localization to plasma membrane	108017513
GO:1903078	positive regulation of protein localization to plasma membrane	108017946
GO:1903094	negative regulation of protein K48-linked deubiquitination	108006819
GO:1903108	regulation of mitochondrial transcription	108014826
GO:1903189	glyoxal metabolic process	108018267 108019750
GO:1903232	melanosome assembly	108009491
GO:1903259	exon-exon junction complex disassembly	108009881
GO:1903288	positive regulation of potassium ion import across plasma membrane	108006904
GO:1903292	protein localization to Golgi membrane	108013449
GO:1903352	L-ornithine transmembrane transport	108007702 108007996 108008027 108021340
GO:1903358	regulation of Golgi organization	108011599 108019729
GO:1903361	protein localization to basolateral plasma membrane	108006625
GO:1903394	protein localization to kinetochore involved in kinetochore assembly	108010825
GO:1903461	Okazaki fragment processing involved in mitotic DNA replication	108010093
GO:1903599	positive regulation of autophagy of mitochondrion	108011801
GO:1903723	negative regulation of centriole elongation	108005092
GO:1903744	positive regulation of anterograde synaptic vesicle transport	108006261
GO:1903801	L-leucine import across plasma membrane	108006069
GO:1903818	positive regulation of voltage-gated potassium channel activity	108004604 108006037 108006299 108006313 108006453 108007931 108008228 108008250 108008299 108008890 108009497 108009985 108010706 108016680 108017471 108019873 108021607
GO:1903955	positive regulation of protein targeting to mitochondrion	108018048
GO:1904047	S-adenosyl-L-methionine binding	108008071
GO:1904108	protein localization to ciliary inversin compartment	108010117 118877721
GO:1904153	negative regulation of retrograde protein transport, ER to cytosol	108013208
GO:1904158	axonemal central apparatus assembly	108021329
GO:1904240	negative regulation of VCP-NPL4-UFD1 AAA ATPase complex assembly	108013208
GO:1904257	zinc ion import into Golgi lumen	108017507
GO:1904262	negative regulation of TORC1 signaling	108005383 108009660 108010189 108012830 108012902
GO:1904263	positive regulation of TORC1 signaling	108005395 108005772 108015519 108016036 108016674 108019722 108021356
GO:1904273	L-alanine import across plasma membrane	108006069
GO:1904294	positive regulation of ERAD pathway	108009969 108015757
GO:1904315	transmitter-gated monoatomic ion channel activity involved in regulation of postsynaptic membrane potential	108004795 108007032 108007365 108009518 108010870 108011881 108011995 108013538 108013611 108014169 108014177 108014284 108014711 108015295 108016639 108017428 108019422 108021712 108021718
GO:1904380	endoplasmic reticulum mannose trimming	108014594 108016948
GO:1904382	mannose trimming involved in glycoprotein ERAD pathway	108010666 108014594 108015285 108015475 108016948 118877939
GO:1904423	dehydrodolichyl diphosphate synthase complex	108021261 108021837
GO:1904430	negative regulation of t-circle formation	108011170
GO:1904491	protein localization to ciliary transition zone	108009057
GO:1904668	positive regulation of ubiquitin protein ligase activity	108010062 108016597 108017343 108019864
GO:1904684	obsolete negative regulation of metalloendopeptidase activity	108013431
GO:1904812	rRNA acetylation involved in maturation of SSU-rRNA	108015312
GO:1904825	protein localization to microtubule plus-end	108015216
GO:1904874	positive regulation of telomerase RNA localization to Cajal body	108008606
GO:1904947	folate import into mitochondrion	108009968
GO:1905202	methylcrotonoyl-CoA carboxylase complex	108017807
GO:1905244	regulation of modification of synaptic structure	108013881
GO:1905273	positive regulation of proton-transporting ATP synthase activity, rotational mechanism	108004816
GO:1905349	ciliary transition zone assembly	108013625
GO:1905475	regulation of protein localization to membrane	108012245 108013451
GO:1905502	acetyl-CoA binding	108010565
GO:1905515	non-motile cilium assembly	108005809 108006798 108007973 108007975 108009057 108012107 108012344 108012555 108013625 108013626 108021021 108021227 108021666
GO:1905706	regulation of mitochondrial ATP synthesis coupled proton transport	108004816
GO:1905775	obsolete negative regulation of DNA helicase activity	108006112
GO:1905786	positive regulation of anaphase-promoting complex-dependent catabolic process	108010062 108016597 108017343 108019864
GO:1905897	regulation of response to endoplasmic reticulum stress	108010205
GO:1990023	mitotic spindle midzone	108004679 108021819
GO:1990050	phosphatidic acid transfer activity	108008348 108008517 108008518 139354533
GO:1990070	TRAPPI protein complex	108008539
GO:1990071	TRAPPII protein complex	108004889 108008539
GO:1990072	TRAPPIII protein complex	108008539 108010676 108021397
GO:1990112	RQC complex	108010670 108013275 108017669
GO:1990113	RNA polymerase I assembly	108020491
GO:1990114	RNA polymerase II core complex assembly	108020491
GO:1990115	RNA polymerase III assembly	108020491
GO:1990116	ribosome-associated ubiquitin-dependent protein catabolic process	108010670 108017669
GO:1990124	obsolete messenger ribonucleoprotein complex	108009368 108012866 108014865 139353290 139353291
GO:1990130	GATOR1 complex	108005383 108012830 108012902
GO:1990131	Gtr1-Gtr2 GTPase complex	108011563 108019747
GO:1990165	single-strand break-containing DNA binding	108013752 108013753
GO:1990168	protein K33-linked deubiquitination	108017198
GO:1990180	mitochondrial tRNA 3'-end processing	108006730 108009010
GO:1990189	protein N-terminal-serine acetyltransferase activity	108007561 108012470
GO:1990190	protein-N-terminal-glutamate acetyltransferase activity	108012470
GO:1990221	L-cysteine desulfurase complex	108016848
GO:1990234	transferase complex	108010765 108012305
GO:1990246	uniplex complex	108006183 108006183 108012789 108012789 108013141 108015591 108019410 108021404
GO:1990247	N6-methyladenosine-containing RNA reader activity	108006630 108007182
GO:1990253	cellular response to leucine starvation	108009660
GO:1990259	histone H2AQ104 methyltransferase activity	108008253 108011585
GO:1990264	peptidyl-tyrosine dephosphorylation involved in inactivation of protein kinase activity	108014712
GO:1990269	RNA polymerase II C-terminal domain phosphoserine binding	108005021 108010041 108010224 108016228 108019022
GO:1990275	preribosome binding	108005903
GO:1990298	bub1-bub3 complex	108014316
GO:1990316	Atg1/ULK1 kinase complex	108006072 108006072 108007994
GO:1990380	K48-linked deubiquitinase activity	108015353 108020135
GO:1990381	ubiquitin-specific protease binding	108007817 118877780
GO:1990385	meiotic spindle midzone	108017788
GO:1990404	NAD+-protein mono-ADP-ribosyltransferase activity	139352981
GO:1990414	replication-born double-strand break repair via sister chromatid exchange	108007592 139353049
GO:1990423	RZZ complex	108010825 108010862 108010862 108016922
GO:1990426	mitotic recombination-dependent replication fork processing	108019454
GO:1990429	peroxisomal importomer complex	108012842 108019797 108021497
GO:1990446	U1 snRNP binding	108020938
GO:1990450	linear polyubiquitin binding	108019258
GO:1990456	mitochondrion-endoplasmic reticulum membrane tethering	108006337
GO:1990481	mRNA pseudouridine synthesis	108009608 108010208 108012001
GO:1990498	mitotic spindle microtubule	108007243
GO:1990504	dense core granule exocytosis	108020378
GO:1990513	CLOCK-BMAL transcription complex	108006854
GO:1990518	single-stranded 3'-5' DNA helicase activity	108015253
GO:1990519	pyrimidine nucleotide import into mitochondrion	108021359
GO:1990529	glycosylphosphatidylinositol-mannosyltransferase I complex	108009698
GO:1990535	neuron projection maintenance	108020959
GO:1990542	mitochondrial transmembrane transport	108015404 108019334 118876754
GO:1990544	mitochondrial ATP transmembrane transport	108004663 108004663 108004664 108004664
GO:1990547	mitochondrial phosphate ion transmembrane transport	108012058 108012372
GO:1990573	potassium ion import across plasma membrane	108005228 108008702 108010747 108010749 108011028 108011101 108013269 108015251 108016237 108018109 108018387 108020430 108020696 108020994 108021156 108021505 108021514
GO:1990575	mitochondrial L-ornithine transmembrane transport	108018858 108019523 108021426 139353305
GO:1990592	protein K69-linked ufmylation	108009735 108017127 108018084
GO:1990604	IRE1-TRAF2-ASK1 complex	108015590
GO:1990625	negative regulation of cytoplasmic translational initiation in response to stress	108010833
GO:1990698	palmitoleoyltransferase activity	108010427
GO:1990726	Lsm1-7-Pat1 complex	108008399 108009249 108012698 108012704 108015778
GO:1990745	EARP complex	108010151 108019883
GO:1990756	ubiquitin-like ligase-substrate adaptor activity	108009689 108015303 108021553
GO:1990757	ubiquitin ligase activator activity	108010062 108016597 108017343 108019864
GO:1990817	poly(A) RNA polymerase activity	108005225 108006339 108006447 108009302 108009302 108009884 108009884 108012351 108014837 108015274 108015302
GO:1990825	sequence-specific mRNA binding	108005884
GO:1990837	sequence-specific double-stranded DNA binding	108006818 108007256 108007921 108013854 108014925 108015363 108016062 108016526 108016527 136116936
GO:1990841	promoter-specific chromatin binding	108005530 108007642 108018108 108021516
GO:1990883	18S rRNA cytidine N-acetyltransferase activity	108015312
GO:1990904	ribonucleoprotein complex	108004662 108005468 108006181 108009979 108010827 108010966 108011046 108011297 108012270 108012561 108013009 108013199 108013555 108014052 108014119 108014289 108014460 108014460 108014921 108015007 108015497 108015817 108016435 108016581 108016581 108016796 108016814 108016832 108018725 108018725 108019172 108019870 108021599 118877545 118877818
GO:1990907	beta-catenin-TCF complex	108020361
GO:1990918	double-strand break repair involved in meiotic recombination	108019428
GO:1990923	PET complex	108006692
GO:1990966	ATP generation from poly-ADP-D-ribose	108019210
GO:2000010	positive regulation of protein localization to cell surface	108013357
GO:2000036	regulation of stem cell population maintenance	108010309 108016244
GO:2000045	regulation of G1/S transition of mitotic cell cycle	108005170
GO:2000049	positive regulation of cell-cell adhesion mediated by cadherin	108018063
GO:2000058	regulation of ubiquitin-dependent protein catabolic process	108012134 108015385
GO:2000060	positive regulation of ubiquitin-dependent protein catabolic process	108005199
GO:2000134	negative regulation of G1/S transition of mitotic cell cycle	108014581 108015322
GO:2000147	positive regulation of cell motility	108005108 108005847
GO:2000234	positive regulation of rRNA processing	108021029
GO:2000301	negative regulation of synaptic vesicle exocytosis	108013433
GO:2000304	positive regulation of ceramide biosynthetic process	108013430
GO:2000311	regulation of AMPA receptor activity	108014948
GO:2000369	regulation of clathrin-dependent endocytosis	108011636 108018477
GO:2000377	regulation of reactive oxygen species metabolic process	108015047
GO:2000431	regulation of cytokinesis, actomyosin contractile ring assembly	108006869
GO:2000435	negative regulation of protein neddylation	108019799
GO:2000480	negative regulation of cAMP-dependent protein kinase activity	108009750
GO:2000601	positive regulation of Arp2/3 complex-mediated actin nucleation	108020893
GO:2000632	negative regulation of pre-miRNA processing	108020201
GO:2000637	positive regulation of miRNA-mediated gene silencing	108006518
GO:2000640	positive regulation of SREBP signaling pathway	108018965 108018965
GO:2000641	regulation of early endosome to late endosome transport	108009496
GO:2000643	positive regulation of early endosome to late endosome transport	108014990 108015316
GO:2000650	obsolete negative regulation of sodium ion transmembrane transporter activity	108004803 108015171
GO:2000677	regulation of transcription regulatory region DNA binding	108016010
GO:2000766	negative regulation of cytoplasmic translation	108012866 108014865 139353290 139353291
GO:2000767	positive regulation of cytoplasmic translation	108008203 118877699 118878609 118878804 118879420 139352566 139353019 139353215 139353252 139353253 139353394 139353395 139353720 139353721 139353722 139354860 139355078 139355081 139355082 139355083
GO:2000779	regulation of double-strand break repair	108009997
GO:2000812	regulation of barbed-end actin filament capping	108015103 108021057
GO:2001046	positive regulation of integrin-mediated signaling pathway	108006504
GO:2001069	glycogen binding	108013383 108020446
GO:2001070	starch binding	108009931 108017409 108020732 108021464 118877320
GO:2001135	regulation of endocytic recycling	108017034
GO:2001136	negative regulation of endocytic recycling	108013232
GO:2001224	positive regulation of neuron migration	108015557
GO:2001235	positive regulation of apoptotic signaling pathway	108008346 108009790 108013490 108015832 108018102 108019639 108019640
GO:2001240	negative regulation of extrinsic apoptotic signaling pathway in absence of ligand	108021272
GO:2001256	regulation of store-operated calcium entry	108021313
GO:2001268	obsolete negative regulation of cysteine-type endopeptidase activity involved in apoptotic signaling pathway	108013598
GO:2001271	obsolete negative regulation of cysteine-type endopeptidase activity involved in execution phase of apoptosis	108018207
