"Sample","win","windowstart","windowend","variable","stat","value"
"KY10","c(0, 7)","2021-08-18","2021-08-25","T2M","mean",25.8163802083333
"KY11","c(0, 7)","2020-07-10","2020-07-17","T2M","mean",24.5948958333333
"KY12","c(0, 7)","2020-08-19","2020-08-26","T2M","mean",23.7474479166667
"KY13","c(0, 7)","2020-09-02","2020-09-09","T2M","mean",22.6653125
"KY14","c(0, 7)","2020-10-10","2020-10-17","T2M","mean",15.2511197916667
"KY15","c(0, 7)","2022-07-19","2022-07-26","T2M","mean",26.3544010416667
"KY16","c(0, 7)","2022-08-30","2022-09-06","T2M","mean",23.2218229166667
"KY17","c(0, 7)","2022-10-09","2022-10-16","T2M","mean",13.854921875
"KY18","c(0, 7)","2022-07-19","2022-07-26","T2M","mean",26.3544010416667
"KY19","c(0, 7)","2022-09-02","2022-09-09","T2M","mean",22.7027604166667
"KY1","c(0, 7)","2023-07-12","2023-07-19","T2M","mean",25.0089583333333
"KY20","c(0, 7)","2023-07-14","2023-07-21","T2M","mean",24.8891927083333
"KY2","c(0, 7)","2023-08-14","2023-08-21","T2M","mean",23.6791666666667
"KY3","c(0, 7)","2023-09-26","2023-10-03","T2M","mean",21.4102864583333
"KY4","c(0, 7)","2023-07-14","2023-07-21","T2M","mean",24.8891927083333
"KY5","c(0, 7)","2023-09-28","2023-10-05","T2M","mean",21.6577604166667
"KY6","c(0, 7)","2021-07-17","2021-07-24","T2M","mean",22.9463020833333
"KY7","c(0, 7)","2021-08-29","2021-09-05","T2M","mean",21.97921875
"KY8","c(0, 7)","2021-10-29","2021-11-05","T2M","mean",7.49177083333333
"KY9","c(0, 7)","2021-07-07","2021-07-14","T2M","mean",23.6745052083333
"KY10","c(0, 7)","2021-08-18","2021-08-25","T2M","maximum",34.43
"KY11","c(0, 7)","2020-07-10","2020-07-17","T2M","maximum",31.87
"KY12","c(0, 7)","2020-08-19","2020-08-26","T2M","maximum",34.12
"KY13","c(0, 7)","2020-09-02","2020-09-09","T2M","maximum",31.16
"KY14","c(0, 7)","2020-10-10","2020-10-17","T2M","maximum",26.47
"KY15","c(0, 7)","2022-07-19","2022-07-26","T2M","maximum",34.98
"KY16","c(0, 7)","2022-08-30","2022-09-06","T2M","maximum",32.19
"KY17","c(0, 7)","2022-10-09","2022-10-16","T2M","maximum",26.22
"KY18","c(0, 7)","2022-07-19","2022-07-26","T2M","maximum",34.98
"KY19","c(0, 7)","2022-09-02","2022-09-09","T2M","maximum",32.19
"KY1","c(0, 7)","2023-07-12","2023-07-19","T2M","maximum",33.32
"KY20","c(0, 7)","2023-07-14","2023-07-21","T2M","maximum",33.32
"KY2","c(0, 7)","2023-08-14","2023-08-21","T2M","maximum",34.97
"KY3","c(0, 7)","2023-09-26","2023-10-03","T2M","maximum",31.68
"KY4","c(0, 7)","2023-07-14","2023-07-21","T2M","maximum",33.32
"KY5","c(0, 7)","2023-09-28","2023-10-05","T2M","maximum",31.68
"KY6","c(0, 7)","2021-07-17","2021-07-24","T2M","maximum",31.25
"KY7","c(0, 7)","2021-08-29","2021-09-05","T2M","maximum",30.59
"KY8","c(0, 7)","2021-10-29","2021-11-05","T2M","maximum",16.59
"KY9","c(0, 7)","2021-07-07","2021-07-14","T2M","maximum",29.18
"KY10","c(0, 7)","2021-08-18","2021-08-25","T2M","minimum",18.5
"KY11","c(0, 7)","2020-07-10","2020-07-17","T2M","minimum",16.08
"KY12","c(0, 7)","2020-08-19","2020-08-26","T2M","minimum",14.1
"KY13","c(0, 7)","2020-09-02","2020-09-09","T2M","minimum",12.23
"KY14","c(0, 7)","2020-10-10","2020-10-17","T2M","minimum",1.7
"KY15","c(0, 7)","2022-07-19","2022-07-26","T2M","minimum",19.36
"KY16","c(0, 7)","2022-08-30","2022-09-06","T2M","minimum",15.07
"KY17","c(0, 7)","2022-10-09","2022-10-16","T2M","minimum",2.78
"KY18","c(0, 7)","2022-07-19","2022-07-26","T2M","minimum",19.36
"KY19","c(0, 7)","2022-09-02","2022-09-09","T2M","minimum",13.42
"KY1","c(0, 7)","2023-07-12","2023-07-19","T2M","minimum",18.39
"KY20","c(0, 7)","2023-07-14","2023-07-21","T2M","minimum",19.09
"KY2","c(0, 7)","2023-08-14","2023-08-21","T2M","minimum",13.25
"KY3","c(0, 7)","2023-09-26","2023-10-03","T2M","minimum",13.5
"KY4","c(0, 7)","2023-07-14","2023-07-21","T2M","minimum",19.09
"KY5","c(0, 7)","2023-09-28","2023-10-05","T2M","minimum",13.5
"KY6","c(0, 7)","2021-07-17","2021-07-24","T2M","minimum",15.65
"KY7","c(0, 7)","2021-08-29","2021-09-05","T2M","minimum",12.58
"KY8","c(0, 7)","2021-10-29","2021-11-05","T2M","minimum",-3.64
"KY9","c(0, 7)","2021-07-07","2021-07-14","T2M","minimum",17.41
"KY10","c(0, 7)","2021-08-18","2021-08-25","T2M","prop. max",0.571428571428571
"KY11","c(0, 7)","2020-07-10","2020-07-17","T2M","prop. max",0
"KY12","c(0, 7)","2020-08-19","2020-08-26","T2M","prop. max",0.428571428571429
"KY13","c(0, 7)","2020-09-02","2020-09-09","T2M","prop. max",0
"KY14","c(0, 7)","2020-10-10","2020-10-17","T2M","prop. max",0
"KY15","c(0, 7)","2022-07-19","2022-07-26","T2M","prop. max",0.714285714285714
"KY16","c(0, 7)","2022-08-30","2022-09-06","T2M","prop. max",0.142857142857143
"KY17","c(0, 7)","2022-10-09","2022-10-16","T2M","prop. max",0
"KY18","c(0, 7)","2022-07-19","2022-07-26","T2M","prop. max",0.714285714285714
"KY19","c(0, 7)","2022-09-02","2022-09-09","T2M","prop. max",0.142857142857143
"KY1","c(0, 7)","2023-07-12","2023-07-19","T2M","prop. max",0.142857142857143
"KY20","c(0, 7)","2023-07-14","2023-07-21","T2M","prop. max",0.142857142857143
"KY2","c(0, 7)","2023-08-14","2023-08-21","T2M","prop. max",0.285714285714286
"KY3","c(0, 7)","2023-09-26","2023-10-03","T2M","prop. max",0
"KY4","c(0, 7)","2023-07-14","2023-07-21","T2M","prop. max",0.142857142857143
"KY5","c(0, 7)","2023-09-28","2023-10-05","T2M","prop. max",0
"KY6","c(0, 7)","2021-07-17","2021-07-24","T2M","prop. max",0
"KY7","c(0, 7)","2021-08-29","2021-09-05","T2M","prop. max",0
"KY8","c(0, 7)","2021-10-29","2021-11-05","T2M","prop. max",0
"KY9","c(0, 7)","2021-07-07","2021-07-14","T2M","prop. max",0
"KY10","c(0, 7)","2021-08-18","2021-08-25","T2M","prop. min",0
"KY11","c(0, 7)","2020-07-10","2020-07-17","T2M","prop. min",0
"KY12","c(0, 7)","2020-08-19","2020-08-26","T2M","prop. min",0
"KY13","c(0, 7)","2020-09-02","2020-09-09","T2M","prop. min",0
"KY14","c(0, 7)","2020-10-10","2020-10-17","T2M","prop. min",0.285714285714286
"KY15","c(0, 7)","2022-07-19","2022-07-26","T2M","prop. min",0
"KY16","c(0, 7)","2022-08-30","2022-09-06","T2M","prop. min",0
"KY17","c(0, 7)","2022-10-09","2022-10-16","T2M","prop. min",0.428571428571429
"KY18","c(0, 7)","2022-07-19","2022-07-26","T2M","prop. min",0
"KY19","c(0, 7)","2022-09-02","2022-09-09","T2M","prop. min",0
"KY1","c(0, 7)","2023-07-12","2023-07-19","T2M","prop. min",0
"KY20","c(0, 7)","2023-07-14","2023-07-21","T2M","prop. min",0
"KY2","c(0, 7)","2023-08-14","2023-08-21","T2M","prop. min",0
"KY3","c(0, 7)","2023-09-26","2023-10-03","T2M","prop. min",0
"KY4","c(0, 7)","2023-07-14","2023-07-21","T2M","prop. min",0
"KY5","c(0, 7)","2023-09-28","2023-10-05","T2M","prop. min",0
"KY6","c(0, 7)","2021-07-17","2021-07-24","T2M","prop. min",0
"KY7","c(0, 7)","2021-08-29","2021-09-05","T2M","prop. min",0
"KY8","c(0, 7)","2021-10-29","2021-11-05","T2M","prop. min",0.714285714285714
"KY9","c(0, 7)","2021-07-07","2021-07-14","T2M","prop. min",0
"KY10","c(0, 7)","2021-08-18","2021-08-25","T2M","variance",18.347326027388
"KY11","c(0, 7)","2020-07-10","2020-07-17","T2M","variance",16.4109274042646
"KY12","c(0, 7)","2020-08-19","2020-08-26","T2M","variance",21.5435146186902
"KY13","c(0, 7)","2020-09-02","2020-09-09","T2M","variance",22.3242082571801
"KY14","c(0, 7)","2020-10-10","2020-10-17","T2M","variance",32.2046010926621
"KY15","c(0, 7)","2022-07-19","2022-07-26","T2M","variance",18.4860121729493
"KY16","c(0, 7)","2022-08-30","2022-09-06","T2M","variance",15.0241230390557
"KY17","c(0, 7)","2022-10-09","2022-10-16","T2M","variance",29.4776861557604
"KY18","c(0, 7)","2022-07-19","2022-07-26","T2M","variance",18.4860121729493
"KY19","c(0, 7)","2022-09-02","2022-09-09","T2M","variance",16.4907474515883
"KY1","c(0, 7)","2023-07-12","2023-07-19","T2M","variance",13.0738432985205
"KY20","c(0, 7)","2023-07-14","2023-07-21","T2M","variance",10.3034241507561
"KY2","c(0, 7)","2023-08-14","2023-08-21","T2M","variance",25.3761570060922
"KY3","c(0, 7)","2023-09-26","2023-10-03","T2M","variance",25.8051422153775
"KY4","c(0, 7)","2023-07-14","2023-07-21","T2M","variance",10.3034241507561
"KY5","c(0, 7)","2023-09-28","2023-10-05","T2M","variance",24.0096022818755
"KY6","c(0, 7)","2021-07-17","2021-07-24","T2M","variance",14.5596917727372
"KY7","c(0, 7)","2021-08-29","2021-09-05","T2M","variance",17.3401106152089
"KY8","c(0, 7)","2021-10-29","2021-11-05","T2M","variance",25.2155206157528
"KY9","c(0, 7)","2021-07-07","2021-07-14","T2M","variance",8.55648800519474
"KY10","c(0, 7)","2021-08-18","2021-08-25","PRECTOTCORR","mean",3.22533854166667
"KY11","c(0, 7)","2020-07-10","2020-07-17","PRECTOTCORR","mean",2.45026041666667
"KY12","c(0, 7)","2020-08-19","2020-08-26","PRECTOTCORR","mean",2.308671875
"KY13","c(0, 7)","2020-09-02","2020-09-09","PRECTOTCORR","mean",4.26132812500001
"KY14","c(0, 7)","2020-10-10","2020-10-17","PRECTOTCORR","mean",2.37481770833334
"KY15","c(0, 7)","2022-07-19","2022-07-26","PRECTOTCORR","mean",4.47718749999999
"KY16","c(0, 7)","2022-08-30","2022-09-06","PRECTOTCORR","mean",4.87736979166667
"KY17","c(0, 7)","2022-10-09","2022-10-16","PRECTOTCORR","mean",1.24348958333333
"KY18","c(0, 7)","2022-07-19","2022-07-26","PRECTOTCORR","mean",4.47718749999999
"KY19","c(0, 7)","2022-09-02","2022-09-09","PRECTOTCORR","mean",3.75736979166667
"KY1","c(0, 7)","2023-07-12","2023-07-19","PRECTOTCORR","mean",4.57416666666667
"KY20","c(0, 7)","2023-07-14","2023-07-21","PRECTOTCORR","mean",4.94778645833333
"KY2","c(0, 7)","2023-08-14","2023-08-21","PRECTOTCORR","mean",1.62380208333333
"KY3","c(0, 7)","2023-09-26","2023-10-03","PRECTOTCORR","mean",3.19864583333333
"KY4","c(0, 7)","2023-07-14","2023-07-21","PRECTOTCORR","mean",4.94778645833333
"KY5","c(0, 7)","2023-09-28","2023-10-05","PRECTOTCORR","mean",1.188671875
"KY6","c(0, 7)","2021-07-17","2021-07-24","PRECTOTCORR","mean",1.62203125
"KY7","c(0, 7)","2021-08-29","2021-09-05","PRECTOTCORR","mean",7.063984375
"KY8","c(0, 7)","2021-10-29","2021-11-05","PRECTOTCORR","mean",2.69625
"KY9","c(0, 7)","2021-07-07","2021-07-14","PRECTOTCORR","mean",6.588359375
"KY10","c(0, 7)","2021-08-18","2021-08-25","PRECTOTCORR","maximum",155.53
"KY11","c(0, 7)","2020-07-10","2020-07-17","PRECTOTCORR","maximum",35.07
"KY12","c(0, 7)","2020-08-19","2020-08-26","PRECTOTCORR","maximum",30.12
"KY13","c(0, 7)","2020-09-02","2020-09-09","PRECTOTCORR","maximum",105.51
"KY14","c(0, 7)","2020-10-10","2020-10-17","PRECTOTCORR","maximum",34.59
"KY15","c(0, 7)","2022-07-19","2022-07-26","PRECTOTCORR","maximum",72.96
"KY16","c(0, 7)","2022-08-30","2022-09-06","PRECTOTCORR","maximum",77.04
"KY17","c(0, 7)","2022-10-09","2022-10-16","PRECTOTCORR","maximum",107.36
"KY18","c(0, 7)","2022-07-19","2022-07-26","PRECTOTCORR","maximum",72.96
"KY19","c(0, 7)","2022-09-02","2022-09-09","PRECTOTCORR","maximum",49.42
"KY1","c(0, 7)","2023-07-12","2023-07-19","PRECTOTCORR","maximum",86.85
"KY20","c(0, 7)","2023-07-14","2023-07-21","PRECTOTCORR","maximum",86.85
"KY2","c(0, 7)","2023-08-14","2023-08-21","PRECTOTCORR","maximum",44.76
"KY3","c(0, 7)","2023-09-26","2023-10-03","PRECTOTCORR","maximum",77.52
"KY4","c(0, 7)","2023-07-14","2023-07-21","PRECTOTCORR","maximum",86.85
"KY5","c(0, 7)","2023-09-28","2023-10-05","PRECTOTCORR","maximum",49.69
"KY6","c(0, 7)","2021-07-17","2021-07-24","PRECTOTCORR","maximum",25.39
"KY7","c(0, 7)","2021-08-29","2021-09-05","PRECTOTCORR","maximum",86.27
"KY8","c(0, 7)","2021-10-29","2021-11-05","PRECTOTCORR","maximum",42.23
"KY9","c(0, 7)","2021-07-07","2021-07-14","PRECTOTCORR","maximum",135.87
"KY10","c(0, 7)","2021-08-18","2021-08-25","PRECTOTCORR","minimum",0
"KY11","c(0, 7)","2020-07-10","2020-07-17","PRECTOTCORR","minimum",0
"KY12","c(0, 7)","2020-08-19","2020-08-26","PRECTOTCORR","minimum",0
"KY13","c(0, 7)","2020-09-02","2020-09-09","PRECTOTCORR","minimum",0
"KY14","c(0, 7)","2020-10-10","2020-10-17","PRECTOTCORR","minimum",0
"KY15","c(0, 7)","2022-07-19","2022-07-26","PRECTOTCORR","minimum",0
"KY16","c(0, 7)","2022-08-30","2022-09-06","PRECTOTCORR","minimum",0
"KY17","c(0, 7)","2022-10-09","2022-10-16","PRECTOTCORR","minimum",0
"KY18","c(0, 7)","2022-07-19","2022-07-26","PRECTOTCORR","minimum",0
"KY19","c(0, 7)","2022-09-02","2022-09-09","PRECTOTCORR","minimum",0
"KY1","c(0, 7)","2023-07-12","2023-07-19","PRECTOTCORR","minimum",0
"KY20","c(0, 7)","2023-07-14","2023-07-21","PRECTOTCORR","minimum",0
"KY2","c(0, 7)","2023-08-14","2023-08-21","PRECTOTCORR","minimum",0
"KY3","c(0, 7)","2023-09-26","2023-10-03","PRECTOTCORR","minimum",0
"KY4","c(0, 7)","2023-07-14","2023-07-21","PRECTOTCORR","minimum",0
"KY5","c(0, 7)","2023-09-28","2023-10-05","PRECTOTCORR","minimum",0
"KY6","c(0, 7)","2021-07-17","2021-07-24","PRECTOTCORR","minimum",0
"KY7","c(0, 7)","2021-08-29","2021-09-05","PRECTOTCORR","minimum",0
"KY8","c(0, 7)","2021-10-29","2021-11-05","PRECTOTCORR","minimum",0
"KY9","c(0, 7)","2021-07-07","2021-07-14","PRECTOTCORR","minimum",0
"KY10","c(0, 7)","2021-08-18","2021-08-25","PRECTOTCORR","variance",164.013242704932
"KY11","c(0, 7)","2020-07-10","2020-07-17","PRECTOTCORR","variance",25.7104897492384
"KY12","c(0, 7)","2020-08-19","2020-08-26","PRECTOTCORR","variance",17.6157875265176
"KY13","c(0, 7)","2020-09-02","2020-09-09","PRECTOTCORR","variance",110.196756194924
"KY14","c(0, 7)","2020-10-10","2020-10-17","PRECTOTCORR","variance",25.8146265985369
"KY15","c(0, 7)","2022-07-19","2022-07-26","PRECTOTCORR","variance",107.068420267624
"KY16","c(0, 7)","2022-08-30","2022-09-06","PRECTOTCORR","variance",94.8011578158995
"KY17","c(0, 7)","2022-10-09","2022-10-16","PRECTOTCORR","variance",60.9212995403615
"KY18","c(0, 7)","2022-07-19","2022-07-26","PRECTOTCORR","variance",107.068420267624
"KY19","c(0, 7)","2022-09-02","2022-09-09","PRECTOTCORR","variance",63.327965648798
"KY1","c(0, 7)","2023-07-12","2023-07-19","PRECTOTCORR","variance",121.585202436901
"KY20","c(0, 7)","2023-07-14","2023-07-21","PRECTOTCORR","variance",121.406180204934
"KY2","c(0, 7)","2023-08-14","2023-08-21","PRECTOTCORR","variance",25.3895270207791
"KY3","c(0, 7)","2023-09-26","2023-10-03","PRECTOTCORR","variance",95.3064519473461
"KY4","c(0, 7)","2023-07-14","2023-07-21","PRECTOTCORR","variance",121.406180204934
"KY5","c(0, 7)","2023-09-28","2023-10-05","PRECTOTCORR","variance",23.8260225134629
"KY6","c(0, 7)","2021-07-17","2021-07-24","PRECTOTCORR","variance",19.6850924689949
"KY7","c(0, 7)","2021-08-29","2021-09-05","PRECTOTCORR","variance",209.978788521948
"KY8","c(0, 7)","2021-10-29","2021-11-05","PRECTOTCORR","variance",48.0652845953003
"KY9","c(0, 7)","2021-07-07","2021-07-14","PRECTOTCORR","variance",200.994073280434
"KY10","c(0, 7)","2021-08-18","2021-08-25","RH2M","mean",72.05890625
"KY11","c(0, 7)","2020-07-10","2020-07-17","RH2M","mean",77.78671875
"KY12","c(0, 7)","2020-08-19","2020-08-26","RH2M","mean",72.7471875
"KY13","c(0, 7)","2020-09-02","2020-09-09","RH2M","mean",72.5329947916667
"KY14","c(0, 7)","2020-10-10","2020-10-17","RH2M","mean",72.3772135416667
"KY15","c(0, 7)","2022-07-19","2022-07-26","RH2M","mean",74.5215885416667
"KY16","c(0, 7)","2022-08-30","2022-09-06","RH2M","mean",76.02140625
"KY17","c(0, 7)","2022-10-09","2022-10-16","RH2M","mean",54.42625
"KY18","c(0, 7)","2022-07-19","2022-07-26","RH2M","mean",74.5215885416667
"KY19","c(0, 7)","2022-09-02","2022-09-09","RH2M","mean",76.8794010416667
"KY1","c(0, 7)","2023-07-12","2023-07-19","RH2M","mean",76.4594791666667
"KY20","c(0, 7)","2023-07-14","2023-07-21","RH2M","mean",79.90609375
"KY2","c(0, 7)","2023-08-14","2023-08-21","RH2M","mean",67.6883072916667
"KY3","c(0, 7)","2023-09-26","2023-10-03","RH2M","mean",69.3282291666667
"KY4","c(0, 7)","2023-07-14","2023-07-21","RH2M","mean",79.90609375
"KY5","c(0, 7)","2023-09-28","2023-10-05","RH2M","mean",66.9938541666667
"KY6","c(0, 7)","2021-07-17","2021-07-24","RH2M","mean",76.63328125
"KY7","c(0, 7)","2021-08-29","2021-09-05","RH2M","mean",79.9738541666667
"KY8","c(0, 7)","2021-10-29","2021-11-05","RH2M","mean",80.7996354166667
"KY9","c(0, 7)","2021-07-07","2021-07-14","RH2M","mean",85.5881770833333
"KY10","c(0, 7)","2021-08-18","2021-08-25","RH2M","maximum",99.37
"KY11","c(0, 7)","2020-07-10","2020-07-17","RH2M","maximum",100
"KY12","c(0, 7)","2020-08-19","2020-08-26","RH2M","maximum",99.73
"KY13","c(0, 7)","2020-09-02","2020-09-09","RH2M","maximum",99.39
"KY14","c(0, 7)","2020-10-10","2020-10-17","RH2M","maximum",100
"KY15","c(0, 7)","2022-07-19","2022-07-26","RH2M","maximum",100
"KY16","c(0, 7)","2022-08-30","2022-09-06","RH2M","maximum",100
"KY17","c(0, 7)","2022-10-09","2022-10-16","RH2M","maximum",100
"KY18","c(0, 7)","2022-07-19","2022-07-26","RH2M","maximum",100
"KY19","c(0, 7)","2022-09-02","2022-09-09","RH2M","maximum",100
"KY1","c(0, 7)","2023-07-12","2023-07-19","RH2M","maximum",100
"KY20","c(0, 7)","2023-07-14","2023-07-21","RH2M","maximum",100
"KY2","c(0, 7)","2023-08-14","2023-08-21","RH2M","maximum",100
"KY3","c(0, 7)","2023-09-26","2023-10-03","RH2M","maximum",100
"KY4","c(0, 7)","2023-07-14","2023-07-21","RH2M","maximum",100
"KY5","c(0, 7)","2023-09-28","2023-10-05","RH2M","maximum",100
"KY6","c(0, 7)","2021-07-17","2021-07-24","RH2M","maximum",100
"KY7","c(0, 7)","2021-08-29","2021-09-05","RH2M","maximum",98.77
"KY8","c(0, 7)","2021-10-29","2021-11-05","RH2M","maximum",100
"KY9","c(0, 7)","2021-07-07","2021-07-14","RH2M","maximum",100
"KY10","c(0, 7)","2021-08-18","2021-08-25","RH2M","minimum",40.58
"KY11","c(0, 7)","2020-07-10","2020-07-17","RH2M","minimum",44.89
"KY12","c(0, 7)","2020-08-19","2020-08-26","RH2M","minimum",37.32
"KY13","c(0, 7)","2020-09-02","2020-09-09","RH2M","minimum",36.98
"KY14","c(0, 7)","2020-10-10","2020-10-17","RH2M","minimum",22.88
"KY15","c(0, 7)","2022-07-19","2022-07-26","RH2M","minimum",40.27
"KY16","c(0, 7)","2022-08-30","2022-09-06","RH2M","minimum",35.47
"KY17","c(0, 7)","2022-10-09","2022-10-16","RH2M","minimum",18.7
"KY18","c(0, 7)","2022-07-19","2022-07-26","RH2M","minimum",40.27
"KY19","c(0, 7)","2022-09-02","2022-09-09","RH2M","minimum",35.61
"KY1","c(0, 7)","2023-07-12","2023-07-19","RH2M","minimum",40.61
"KY20","c(0, 7)","2023-07-14","2023-07-21","RH2M","minimum",42.23
"KY2","c(0, 7)","2023-08-14","2023-08-21","RH2M","minimum",27.26
"KY3","c(0, 7)","2023-09-26","2023-10-03","RH2M","minimum",27.28
"KY4","c(0, 7)","2023-07-14","2023-07-21","RH2M","minimum",42.23
"KY5","c(0, 7)","2023-09-28","2023-10-05","RH2M","minimum",27.28
"KY6","c(0, 7)","2021-07-17","2021-07-24","RH2M","minimum",40.41
"KY7","c(0, 7)","2021-08-29","2021-09-05","RH2M","minimum",40.71
"KY8","c(0, 7)","2021-10-29","2021-11-05","RH2M","minimum",35.39
"KY9","c(0, 7)","2021-07-07","2021-07-14","RH2M","minimum",54.16
"KY10","c(0, 7)","2021-08-18","2021-08-25","RH2M","variance",313.441077129569
"KY11","c(0, 7)","2020-07-10","2020-07-17","RH2M","variance",233.649610093016
"KY12","c(0, 7)","2020-08-19","2020-08-26","RH2M","variance",325.025177447781
"KY13","c(0, 7)","2020-09-02","2020-09-09","RH2M","variance",370.914747926866
"KY14","c(0, 7)","2020-10-10","2020-10-17","RH2M","variance",561.991905270208
"KY15","c(0, 7)","2022-07-19","2022-07-26","RH2M","variance",298.342587809372
"KY16","c(0, 7)","2022-08-30","2022-09-06","RH2M","variance",334.184661202676
"KY17","c(0, 7)","2022-10-09","2022-10-16","RH2M","variance",415.202951958225
"KY18","c(0, 7)","2022-07-19","2022-07-26","RH2M","variance",298.342587809372
"KY19","c(0, 7)","2022-09-02","2022-09-09","RH2M","variance",296.979778491487
"KY1","c(0, 7)","2023-07-12","2023-07-19","RH2M","variance",282.244956385988
"KY20","c(0, 7)","2023-07-14","2023-07-21","RH2M","variance",274.951263552546
"KY2","c(0, 7)","2023-08-14","2023-08-21","RH2M","variance",449.727754568511
"KY3","c(0, 7)","2023-09-26","2023-10-03","RH2M","variance",459.633510694082
"KY4","c(0, 7)","2023-07-14","2023-07-21","RH2M","variance",274.951263552546
"KY5","c(0, 7)","2023-09-28","2023-10-05","RH2M","variance",424.825633670583
"KY6","c(0, 7)","2021-07-17","2021-07-24","RH2M","variance",290.397524453329
"KY7","c(0, 7)","2021-08-29","2021-09-05","RH2M","variance",248.938397639252
"KY8","c(0, 7)","2021-10-29","2021-11-05","RH2M","variance",372.029014488142
"KY9","c(0, 7)","2021-07-07","2021-07-14","RH2M","variance",155.757438965949
"KY10","c(0, 15)","2021-08-10","2021-08-25","T2M","mean",25.3319010416667
"KY11","c(0, 15)","2020-07-02","2020-07-17","T2M","mean",25.2024479166667
"KY12","c(0, 15)","2020-08-11","2020-08-26","T2M","mean",24.2090234375
"KY13","c(0, 15)","2020-08-25","2020-09-09","T2M","mean",23.7154036458333
"KY14","c(0, 15)","2020-10-02","2020-10-17","T2M","mean",14.6284244791667
"KY15","c(0, 15)","2022-07-11","2022-07-26","T2M","mean",25.8638671875
"KY16","c(0, 15)","2022-08-22","2022-09-06","T2M","mean",23.9402473958333
"KY17","c(0, 15)","2022-10-01","2022-10-16","T2M","mean",13.8039713541667
"KY18","c(0, 15)","2022-07-11","2022-07-26","T2M","mean",25.8638671875
"KY19","c(0, 15)","2022-08-25","2022-09-09","T2M","mean",23.5897005208333
"KY1","c(0, 15)","2023-07-04","2023-07-19","T2M","mean",24.6005729166667
"KY20","c(0, 15)","2023-07-06","2023-07-21","T2M","mean",24.5632161458333
"KY2","c(0, 15)","2023-08-06","2023-08-21","T2M","mean",24.3509505208333
"KY3","c(0, 15)","2023-09-18","2023-10-03","T2M","mean",20.7606380208333
"KY4","c(0, 15)","2023-07-06","2023-07-21","T2M","mean",24.5632161458333
"KY5","c(0, 15)","2023-09-20","2023-10-05","T2M","mean",21.2228125
"KY6","c(0, 15)","2021-07-09","2021-07-24","T2M","mean",23.3622005208333
"KY7","c(0, 15)","2021-08-21","2021-09-05","T2M","mean",24.3732942708333
"KY8","c(0, 15)","2021-10-21","2021-11-05","T2M","mean",9.97303385416667
"KY9","c(0, 15)","2021-06-29","2021-07-14","T2M","mean",23.6990364583333
"KY10","c(0, 15)","2021-08-10","2021-08-25","T2M","maximum",34.43
"KY11","c(0, 15)","2020-07-02","2020-07-17","T2M","maximum",32.05
"KY12","c(0, 15)","2020-08-11","2020-08-26","T2M","maximum",34.12
"KY13","c(0, 15)","2020-08-25","2020-09-09","T2M","maximum",34.12
"KY14","c(0, 15)","2020-10-02","2020-10-17","T2M","maximum",26.84
"KY15","c(0, 15)","2022-07-11","2022-07-26","T2M","maximum",34.98
"KY16","c(0, 15)","2022-08-22","2022-09-06","T2M","maximum",34.03
"KY17","c(0, 15)","2022-10-01","2022-10-16","T2M","maximum",26.22
"KY18","c(0, 15)","2022-07-11","2022-07-26","T2M","maximum",34.98
"KY19","c(0, 15)","2022-08-25","2022-09-09","T2M","maximum",34.03
"KY1","c(0, 15)","2023-07-04","2023-07-19","T2M","maximum",33.32
"KY20","c(0, 15)","2023-07-06","2023-07-21","T2M","maximum",33.32
"KY2","c(0, 15)","2023-08-06","2023-08-21","T2M","maximum",34.97
"KY3","c(0, 15)","2023-09-18","2023-10-03","T2M","maximum",31.68
"KY4","c(0, 15)","2023-07-06","2023-07-21","T2M","maximum",33.32
"KY5","c(0, 15)","2023-09-20","2023-10-05","T2M","maximum",31.68
"KY6","c(0, 15)","2021-07-09","2021-07-24","T2M","maximum",31.25
"KY7","c(0, 15)","2021-08-21","2021-09-05","T2M","maximum",34.45
"KY8","c(0, 15)","2021-10-21","2021-11-05","T2M","maximum",24.89
"KY9","c(0, 15)","2021-06-29","2021-07-14","T2M","maximum",32.76
"KY10","c(0, 15)","2021-08-10","2021-08-25","T2M","minimum",17.37
"KY11","c(0, 15)","2020-07-02","2020-07-17","T2M","minimum",16.08
"KY12","c(0, 15)","2020-08-11","2020-08-26","T2M","minimum",14.1
"KY13","c(0, 15)","2020-08-25","2020-09-09","T2M","minimum",12.23
"KY14","c(0, 15)","2020-10-02","2020-10-17","T2M","minimum",1.7
"KY15","c(0, 15)","2022-07-11","2022-07-26","T2M","minimum",17.93
"KY16","c(0, 15)","2022-08-22","2022-09-06","T2M","minimum",15.07
"KY17","c(0, 15)","2022-10-01","2022-10-16","T2M","minimum",2
"KY18","c(0, 15)","2022-07-11","2022-07-26","T2M","minimum",17.93
"KY19","c(0, 15)","2022-08-25","2022-09-09","T2M","minimum",13.42
"KY1","c(0, 15)","2023-07-04","2023-07-19","T2M","minimum",14.58
"KY20","c(0, 15)","2023-07-06","2023-07-21","T2M","minimum",14.58
"KY2","c(0, 15)","2023-08-06","2023-08-21","T2M","minimum",13.25
"KY3","c(0, 15)","2023-09-18","2023-10-03","T2M","minimum",11.04
"KY4","c(0, 15)","2023-07-06","2023-07-21","T2M","minimum",14.58
"KY5","c(0, 15)","2023-09-20","2023-10-05","T2M","minimum",11.04
"KY6","c(0, 15)","2021-07-09","2021-07-24","T2M","minimum",15.65
"KY7","c(0, 15)","2021-08-21","2021-09-05","T2M","minimum",12.58
"KY8","c(0, 15)","2021-10-21","2021-11-05","T2M","minimum",-3.64
"KY9","c(0, 15)","2021-06-29","2021-07-14","T2M","minimum",13.4
"KY10","c(0, 15)","2021-08-10","2021-08-25","T2M","prop. max",0.4
"KY11","c(0, 15)","2020-07-02","2020-07-17","T2M","prop. max",0.0666666666666667
"KY12","c(0, 15)","2020-08-11","2020-08-26","T2M","prop. max",0.266666666666667
"KY13","c(0, 15)","2020-08-25","2020-09-09","T2M","prop. max",0.133333333333333
"KY14","c(0, 15)","2020-10-02","2020-10-17","T2M","prop. max",0
"KY15","c(0, 15)","2022-07-11","2022-07-26","T2M","prop. max",0.533333333333333
"KY16","c(0, 15)","2022-08-22","2022-09-06","T2M","prop. max",0.2
"KY17","c(0, 15)","2022-10-01","2022-10-16","T2M","prop. max",0
"KY18","c(0, 15)","2022-07-11","2022-07-26","T2M","prop. max",0.533333333333333
"KY19","c(0, 15)","2022-08-25","2022-09-09","T2M","prop. max",0.2
"KY1","c(0, 15)","2023-07-04","2023-07-19","T2M","prop. max",0.0666666666666667
"KY20","c(0, 15)","2023-07-06","2023-07-21","T2M","prop. max",0.0666666666666667
"KY2","c(0, 15)","2023-08-06","2023-08-21","T2M","prop. max",0.266666666666667
"KY3","c(0, 15)","2023-09-18","2023-10-03","T2M","prop. max",0
"KY4","c(0, 15)","2023-07-06","2023-07-21","T2M","prop. max",0.0666666666666667
"KY5","c(0, 15)","2023-09-20","2023-10-05","T2M","prop. max",0
"KY6","c(0, 15)","2021-07-09","2021-07-24","T2M","prop. max",0
"KY7","c(0, 15)","2021-08-21","2021-09-05","T2M","prop. max",0.4
"KY8","c(0, 15)","2021-10-21","2021-11-05","T2M","prop. max",0
"KY9","c(0, 15)","2021-06-29","2021-07-14","T2M","prop. max",0.133333333333333
"KY10","c(0, 15)","2021-08-10","2021-08-25","T2M","prop. min",0
"KY11","c(0, 15)","2020-07-02","2020-07-17","T2M","prop. min",0
"KY12","c(0, 15)","2020-08-11","2020-08-26","T2M","prop. min",0
"KY13","c(0, 15)","2020-08-25","2020-09-09","T2M","prop. min",0
"KY14","c(0, 15)","2020-10-02","2020-10-17","T2M","prop. min",0.333333333333333
"KY15","c(0, 15)","2022-07-11","2022-07-26","T2M","prop. min",0
"KY16","c(0, 15)","2022-08-22","2022-09-06","T2M","prop. min",0
"KY17","c(0, 15)","2022-10-01","2022-10-16","T2M","prop. min",0.333333333333333
"KY18","c(0, 15)","2022-07-11","2022-07-26","T2M","prop. min",0
"KY19","c(0, 15)","2022-08-25","2022-09-09","T2M","prop. min",0
"KY1","c(0, 15)","2023-07-04","2023-07-19","T2M","prop. min",0
"KY20","c(0, 15)","2023-07-06","2023-07-21","T2M","prop. min",0
"KY2","c(0, 15)","2023-08-06","2023-08-21","T2M","prop. min",0
"KY3","c(0, 15)","2023-09-18","2023-10-03","T2M","prop. min",0
"KY4","c(0, 15)","2023-07-06","2023-07-21","T2M","prop. min",0
"KY5","c(0, 15)","2023-09-20","2023-10-05","T2M","prop. min",0
"KY6","c(0, 15)","2021-07-09","2021-07-24","T2M","prop. min",0
"KY7","c(0, 15)","2021-08-21","2021-09-05","T2M","prop. min",0
"KY8","c(0, 15)","2021-10-21","2021-11-05","T2M","prop. min",0.4
"KY9","c(0, 15)","2021-06-29","2021-07-14","T2M","prop. min",0
"KY10","c(0, 15)","2021-08-10","2021-08-25","T2M","variance",15.6249577894122
"KY11","c(0, 15)","2020-07-02","2020-07-17","T2M","variance",14.6502607534768
"KY12","c(0, 15)","2020-08-11","2020-08-26","T2M","variance",18.9433845731136
"KY13","c(0, 15)","2020-08-25","2020-09-09","T2M","variance",20.125839471799
"KY14","c(0, 15)","2020-10-02","2020-10-17","T2M","variance",31.6267048156712
"KY15","c(0, 15)","2022-07-11","2022-07-26","T2M","variance",17.5323215312296
"KY16","c(0, 15)","2022-08-22","2022-09-06","T2M","variance",18.557504632327
"KY17","c(0, 15)","2022-10-01","2022-10-16","T2M","variance",29.9824651725812
"KY18","c(0, 15)","2022-07-11","2022-07-26","T2M","variance",17.5323215312296
"KY19","c(0, 15)","2022-08-25","2022-09-09","T2M","variance",20.1531708358798
"KY1","c(0, 15)","2023-07-04","2023-07-19","T2M","variance",13.2643277026293
"KY20","c(0, 15)","2023-07-06","2023-07-21","T2M","variance",12.2453527459189
"KY2","c(0, 15)","2023-08-06","2023-08-21","T2M","variance",20.9179624590871
"KY3","c(0, 15)","2023-09-18","2023-10-03","T2M","variance",28.138374429426
"KY4","c(0, 15)","2023-07-06","2023-07-21","T2M","variance",12.2453527459189
"KY5","c(0, 15)","2023-09-20","2023-10-05","T2M","variance",26.3352022490222
"KY6","c(0, 15)","2021-07-09","2021-07-24","T2M","variance",11.821338697679
"KY7","c(0, 15)","2021-08-21","2021-09-05","T2M","variance",23.679133983696
"KY8","c(0, 15)","2021-10-21","2021-11-05","T2M","variance",29.9178631435721
"KY9","c(0, 15)","2021-06-29","2021-07-14","T2M","variance",13.5417943767656
"KY10","c(0, 15)","2021-08-10","2021-08-25","PRECTOTCORR","mean",4.0764453125
"KY11","c(0, 15)","2020-07-02","2020-07-17","PRECTOTCORR","mean",1.5578125
"KY12","c(0, 15)","2020-08-11","2020-08-26","PRECTOTCORR","mean",2.42188802083333
"KY13","c(0, 15)","2020-08-25","2020-09-09","PRECTOTCORR","mean",5.0586328125
"KY14","c(0, 15)","2020-10-02","2020-10-17","PRECTOTCORR","mean",1.20778645833333
"KY15","c(0, 15)","2022-07-11","2022-07-26","PRECTOTCORR","mean",4.724609375
"KY16","c(0, 15)","2022-08-22","2022-09-06","PRECTOTCORR","mean",3.1299609375
"KY17","c(0, 15)","2022-10-01","2022-10-16","PRECTOTCORR","mean",0.624557291666669
"KY18","c(0, 15)","2022-07-11","2022-07-26","PRECTOTCORR","mean",4.724609375
"KY19","c(0, 15)","2022-08-25","2022-09-09","PRECTOTCORR","mean",3.09470052083333
"KY1","c(0, 15)","2023-07-04","2023-07-19","PRECTOTCORR","mean",2.88927083333333
"KY20","c(0, 15)","2023-07-06","2023-07-21","PRECTOTCORR","mean",3.07819010416667
"KY2","c(0, 15)","2023-08-06","2023-08-21","PRECTOTCORR","mean",2.95348958333333
"KY3","c(0, 15)","2023-09-18","2023-10-03","PRECTOTCORR","mean",1.6149609375
"KY4","c(0, 15)","2023-07-06","2023-07-21","PRECTOTCORR","mean",3.07819010416667
"KY5","c(0, 15)","2023-09-20","2023-10-05","PRECTOTCORR","mean",1.6293359375
"KY6","c(0, 15)","2021-07-09","2021-07-24","PRECTOTCORR","mean",4.44326822916667
"KY7","c(0, 15)","2021-08-21","2021-09-05","PRECTOTCORR","mean",3.97955729166667
"KY8","c(0, 15)","2021-10-21","2021-11-05","PRECTOTCORR","mean",2.504375
"KY9","c(0, 15)","2021-06-29","2021-07-14","PRECTOTCORR","mean",6.58143229166667
"KY10","c(0, 15)","2021-08-10","2021-08-25","PRECTOTCORR","maximum",155.53
"KY11","c(0, 15)","2020-07-02","2020-07-17","PRECTOTCORR","maximum",35.07
"KY12","c(0, 15)","2020-08-11","2020-08-26","PRECTOTCORR","maximum",66.1
"KY13","c(0, 15)","2020-08-25","2020-09-09","PRECTOTCORR","maximum",120.18
"KY14","c(0, 15)","2020-10-02","2020-10-17","PRECTOTCORR","maximum",34.59
"KY15","c(0, 15)","2022-07-11","2022-07-26","PRECTOTCORR","maximum",210.36
"KY16","c(0, 15)","2022-08-22","2022-09-06","PRECTOTCORR","maximum",77.04
"KY17","c(0, 15)","2022-10-01","2022-10-16","PRECTOTCORR","maximum",107.36
"KY18","c(0, 15)","2022-07-11","2022-07-26","PRECTOTCORR","maximum",210.36
"KY19","c(0, 15)","2022-08-25","2022-09-09","PRECTOTCORR","maximum",77.04
"KY1","c(0, 15)","2023-07-04","2023-07-19","PRECTOTCORR","maximum",86.85
"KY20","c(0, 15)","2023-07-06","2023-07-21","PRECTOTCORR","maximum",86.85
"KY2","c(0, 15)","2023-08-06","2023-08-21","PRECTOTCORR","maximum",80.81
"KY3","c(0, 15)","2023-09-18","2023-10-03","PRECTOTCORR","maximum",77.52
"KY4","c(0, 15)","2023-07-06","2023-07-21","PRECTOTCORR","maximum",86.85
"KY5","c(0, 15)","2023-09-20","2023-10-05","PRECTOTCORR","maximum",77.52
"KY6","c(0, 15)","2021-07-09","2021-07-24","PRECTOTCORR","maximum",135.87
"KY7","c(0, 15)","2021-08-21","2021-09-05","PRECTOTCORR","maximum",86.27
"KY8","c(0, 15)","2021-10-21","2021-11-05","PRECTOTCORR","maximum",63.65
"KY9","c(0, 15)","2021-06-29","2021-07-14","PRECTOTCORR","maximum",171.3
"KY10","c(0, 15)","2021-08-10","2021-08-25","PRECTOTCORR","minimum",0
"KY11","c(0, 15)","2020-07-02","2020-07-17","PRECTOTCORR","minimum",0
"KY12","c(0, 15)","2020-08-11","2020-08-26","PRECTOTCORR","minimum",0
"KY13","c(0, 15)","2020-08-25","2020-09-09","PRECTOTCORR","minimum",0
"KY14","c(0, 15)","2020-10-02","2020-10-17","PRECTOTCORR","minimum",0
"KY15","c(0, 15)","2022-07-11","2022-07-26","PRECTOTCORR","minimum",0
"KY16","c(0, 15)","2022-08-22","2022-09-06","PRECTOTCORR","minimum",0
"KY17","c(0, 15)","2022-10-01","2022-10-16","PRECTOTCORR","minimum",0
"KY18","c(0, 15)","2022-07-11","2022-07-26","PRECTOTCORR","minimum",0
"KY19","c(0, 15)","2022-08-25","2022-09-09","PRECTOTCORR","minimum",0
"KY1","c(0, 15)","2023-07-04","2023-07-19","PRECTOTCORR","minimum",0
"KY20","c(0, 15)","2023-07-06","2023-07-21","PRECTOTCORR","minimum",0
"KY2","c(0, 15)","2023-08-06","2023-08-21","PRECTOTCORR","minimum",0
"KY3","c(0, 15)","2023-09-18","2023-10-03","PRECTOTCORR","minimum",0
"KY4","c(0, 15)","2023-07-06","2023-07-21","PRECTOTCORR","minimum",0
"KY5","c(0, 15)","2023-09-20","2023-10-05","PRECTOTCORR","minimum",0
"KY6","c(0, 15)","2021-07-09","2021-07-24","PRECTOTCORR","minimum",0
"KY7","c(0, 15)","2021-08-21","2021-09-05","PRECTOTCORR","minimum",0
"KY8","c(0, 15)","2021-10-21","2021-11-05","PRECTOTCORR","minimum",0
"KY9","c(0, 15)","2021-06-29","2021-07-14","PRECTOTCORR","minimum",0
"KY10","c(0, 15)","2021-08-10","2021-08-25","PRECTOTCORR","variance",107.476355926602
"KY11","c(0, 15)","2020-07-02","2020-07-17","PRECTOTCORR","variance",15.2868228487615
"KY12","c(0, 15)","2020-08-11","2020-08-26","PRECTOTCORR","variance",29.0724820891391
"KY13","c(0, 15)","2020-08-25","2020-09-09","PRECTOTCORR","variance",173.330374269169
"KY14","c(0, 15)","2020-10-02","2020-10-17","PRECTOTCORR","variance",14.2690730599468
"KY15","c(0, 15)","2022-07-11","2022-07-26","PRECTOTCORR","variance",257.797846522572
"KY16","c(0, 15)","2022-08-22","2022-09-06","PRECTOTCORR","variance",59.3582533231134
"KY17","c(0, 15)","2022-10-01","2022-10-16","PRECTOTCORR","variance",30.8047518246142
"KY18","c(0, 15)","2022-07-11","2022-07-26","PRECTOTCORR","variance",257.797846522572
"KY19","c(0, 15)","2022-08-25","2022-09-09","PRECTOTCORR","variance",59.1816351122816
"KY1","c(0, 15)","2023-07-04","2023-07-19","PRECTOTCORR","variance",69.1741663515865
"KY20","c(0, 15)","2023-07-06","2023-07-21","PRECTOTCORR","variance",69.8143994579461
"KY2","c(0, 15)","2023-08-06","2023-08-21","PRECTOTCORR","variance",49.6728712489139
"KY3","c(0, 15)","2023-09-18","2023-10-03","PRECTOTCORR","variance",50.1167577559697
"KY4","c(0, 15)","2023-07-06","2023-07-21","PRECTOTCORR","variance",69.8143994579461
"KY5","c(0, 15)","2023-09-20","2023-10-05","PRECTOTCORR","variance",50.118703730545
"KY6","c(0, 15)","2021-07-09","2021-07-24","PRECTOTCORR","variance",122.205293216096
"KY7","c(0, 15)","2021-08-21","2021-09-05","PRECTOTCORR","variance",123.951105410012
"KY8","c(0, 15)","2021-10-21","2021-11-05","PRECTOTCORR","variance",54.2871990873533
"KY9","c(0, 15)","2021-06-29","2021-07-14","PRECTOTCORR","variance",304.242716068423
"KY10","c(0, 15)","2021-08-10","2021-08-25","RH2M","mean",76.7140104166667
"KY11","c(0, 15)","2020-07-02","2020-07-17","RH2M","mean",76.7598046875
"KY12","c(0, 15)","2020-08-11","2020-08-26","RH2M","mean",73.7043229166667
"KY13","c(0, 15)","2020-08-25","2020-09-09","RH2M","mean",74.6895052083333
"KY14","c(0, 15)","2020-10-02","2020-10-17","RH2M","mean",70.163671875
"KY15","c(0, 15)","2022-07-11","2022-07-26","RH2M","mean",71.9854296875
"KY16","c(0, 15)","2022-08-22","2022-09-06","RH2M","mean",73.2415885416667
"KY17","c(0, 15)","2022-10-01","2022-10-16","RH2M","mean",55.5093489583333
"KY18","c(0, 15)","2022-07-11","2022-07-26","RH2M","mean",71.9854296875
"KY19","c(0, 15)","2022-08-25","2022-09-09","RH2M","mean",73.5777994791667
"KY1","c(0, 15)","2023-07-04","2023-07-19","RH2M","mean",76.0952864583333
"KY20","c(0, 15)","2023-07-06","2023-07-21","RH2M","mean",76.64953125
"KY2","c(0, 15)","2023-08-06","2023-08-21","RH2M","mean",71.6585546875
"KY3","c(0, 15)","2023-09-18","2023-10-03","RH2M","mean",64.5754296875
"KY4","c(0, 15)","2023-07-06","2023-07-21","RH2M","mean",76.64953125
"KY5","c(0, 15)","2023-09-20","2023-10-05","RH2M","mean",64.4753125
"KY6","c(0, 15)","2021-07-09","2021-07-24","RH2M","mean",81.4834114583333
"KY7","c(0, 15)","2021-08-21","2021-09-05","RH2M","mean",74.5244270833333
"KY8","c(0, 15)","2021-10-21","2021-11-05","RH2M","mean",81.2314713541667
"KY9","c(0, 15)","2021-06-29","2021-07-14","RH2M","mean",82.3871354166667
"KY10","c(0, 15)","2021-08-10","2021-08-25","RH2M","maximum",100
"KY11","c(0, 15)","2020-07-02","2020-07-17","RH2M","maximum",100
"KY12","c(0, 15)","2020-08-11","2020-08-26","RH2M","maximum",100
"KY13","c(0, 15)","2020-08-25","2020-09-09","RH2M","maximum",100
"KY14","c(0, 15)","2020-10-02","2020-10-17","RH2M","maximum",100
"KY15","c(0, 15)","2022-07-11","2022-07-26","RH2M","maximum",100
"KY16","c(0, 15)","2022-08-22","2022-09-06","RH2M","maximum",100
"KY17","c(0, 15)","2022-10-01","2022-10-16","RH2M","maximum",100
"KY18","c(0, 15)","2022-07-11","2022-07-26","RH2M","maximum",100
"KY19","c(0, 15)","2022-08-25","2022-09-09","RH2M","maximum",100
"KY1","c(0, 15)","2023-07-04","2023-07-19","RH2M","maximum",100
"KY20","c(0, 15)","2023-07-06","2023-07-21","RH2M","maximum",100
"KY2","c(0, 15)","2023-08-06","2023-08-21","RH2M","maximum",100
"KY3","c(0, 15)","2023-09-18","2023-10-03","RH2M","maximum",100
"KY4","c(0, 15)","2023-07-06","2023-07-21","RH2M","maximum",100
"KY5","c(0, 15)","2023-09-20","2023-10-05","RH2M","maximum",100
"KY6","c(0, 15)","2021-07-09","2021-07-24","RH2M","maximum",100
"KY7","c(0, 15)","2021-08-21","2021-09-05","RH2M","maximum",99.59
"KY8","c(0, 15)","2021-10-21","2021-11-05","RH2M","maximum",100
"KY9","c(0, 15)","2021-06-29","2021-07-14","RH2M","maximum",100
"KY10","c(0, 15)","2021-08-10","2021-08-25","RH2M","minimum",40.58
"KY11","c(0, 15)","2020-07-02","2020-07-17","RH2M","minimum",44.89
"KY12","c(0, 15)","2020-08-11","2020-08-26","RH2M","minimum",33.14
"KY13","c(0, 15)","2020-08-25","2020-09-09","RH2M","minimum",36.98
"KY14","c(0, 15)","2020-10-02","2020-10-17","RH2M","minimum",22.88
"KY15","c(0, 15)","2022-07-11","2022-07-26","RH2M","minimum",32.63
"KY16","c(0, 15)","2022-08-22","2022-09-06","RH2M","minimum",35.47
"KY17","c(0, 15)","2022-10-01","2022-10-16","RH2M","minimum",17.83
"KY18","c(0, 15)","2022-07-11","2022-07-26","RH2M","minimum",32.63
"KY19","c(0, 15)","2022-08-25","2022-09-09","RH2M","minimum",35.47
"KY1","c(0, 15)","2023-07-04","2023-07-19","RH2M","minimum",40.61
"KY20","c(0, 15)","2023-07-06","2023-07-21","RH2M","minimum",40.61
"KY2","c(0, 15)","2023-08-06","2023-08-21","RH2M","minimum",27.26
"KY3","c(0, 15)","2023-09-18","2023-10-03","RH2M","minimum",22.82
"KY4","c(0, 15)","2023-07-06","2023-07-21","RH2M","minimum",40.61
"KY5","c(0, 15)","2023-09-20","2023-10-05","RH2M","minimum",22.82
"KY6","c(0, 15)","2021-07-09","2021-07-24","RH2M","minimum",40.41
"KY7","c(0, 15)","2021-08-21","2021-09-05","RH2M","minimum",39.4
"KY8","c(0, 15)","2021-10-21","2021-11-05","RH2M","minimum",35.39
"KY9","c(0, 15)","2021-06-29","2021-07-14","RH2M","minimum",46.92
"KY10","c(0, 15)","2021-08-10","2021-08-25","RH2M","variance",276.702503582681
"KY11","c(0, 15)","2020-07-02","2020-07-17","RH2M","variance",188.422075189965
"KY12","c(0, 15)","2020-08-11","2020-08-26","RH2M","variance",330.770274117232
"KY13","c(0, 15)","2020-08-25","2020-09-09","RH2M","variance",326.794251906101
"KY14","c(0, 15)","2020-10-02","2020-10-17","RH2M","variance",462.916776851776
"KY15","c(0, 15)","2022-07-11","2022-07-26","RH2M","variance",306.80608664694
"KY16","c(0, 15)","2022-08-22","2022-09-06","RH2M","variance",344.993474135567
"KY17","c(0, 15)","2022-10-01","2022-10-16","RH2M","variance",410.00943947129
"KY18","c(0, 15)","2022-07-11","2022-07-26","RH2M","variance",306.80608664694
"KY19","c(0, 15)","2022-08-25","2022-09-09","RH2M","variance",340.423436481251
"KY1","c(0, 15)","2023-07-04","2023-07-19","RH2M","variance",264.379973581459
"KY20","c(0, 15)","2023-07-06","2023-07-21","RH2M","variance",274.294966142438
"KY2","c(0, 15)","2023-08-06","2023-08-21","RH2M","variance",408.493876526341
"KY3","c(0, 15)","2023-09-18","2023-10-03","RH2M","variance",440.75659825059
"KY4","c(0, 15)","2023-07-06","2023-07-21","RH2M","variance",274.294966142438
"KY5","c(0, 15)","2023-09-20","2023-10-05","RH2M","variance",410.978739146024
"KY6","c(0, 15)","2021-07-09","2021-07-24","RH2M","variance",239.197141410664
"KY7","c(0, 15)","2021-08-21","2021-09-05","RH2M","variance",299.112528745654
"KY8","c(0, 15)","2021-10-21","2021-11-05","RH2M","variance",297.38659196528
"KY9","c(0, 15)","2021-06-29","2021-07-14","RH2M","variance",197.89171668568
"KY10","c(0, 30)","2021-07-26","2021-08-25","T2M","mean",24.8070295698925
"KY11","c(0, 30)","2020-06-17","2020-07-17","T2M","mean",23.903064516129
"KY12","c(0, 30)","2020-07-27","2020-08-26","T2M","mean",24.238185483871
"KY13","c(0, 30)","2020-08-10","2020-09-09","T2M","mean",23.8306384408602
"KY14","c(0, 30)","2020-09-17","2020-10-17","T2M","mean",15.4151478494624
"KY15","c(0, 30)","2022-06-26","2022-07-26","T2M","mean",25.8188172043011
"KY16","c(0, 30)","2022-08-07","2022-09-06","T2M","mean",23.6951948924731
"KY17","c(0, 30)","2022-09-16","2022-10-16","T2M","mean",16.2581048387097
"KY18","c(0, 30)","2022-06-26","2022-07-26","T2M","mean",25.8188172043011
"KY19","c(0, 30)","2022-08-10","2022-09-09","T2M","mean",23.2731720430108
"KY1","c(0, 30)","2023-06-19","2023-07-19","T2M","mean",23.6788508064516
"KY20","c(0, 30)","2023-06-21","2023-07-21","T2M","mean",23.8756989247312
"KY2","c(0, 30)","2023-07-22","2023-08-21","T2M","mean",24.8240120967742
"KY3","c(0, 30)","2023-09-03","2023-10-03","T2M","mean",21.6885483870968
"KY4","c(0, 30)","2023-06-21","2023-07-21","T2M","mean",23.8756989247312
"KY5","c(0, 30)","2023-09-05","2023-10-05","T2M","mean",21.4173588709677
"KY6","c(0, 30)","2021-06-24","2021-07-24","T2M","mean",23.6263978494624
"KY7","c(0, 30)","2021-08-06","2021-09-05","T2M","mean",24.5022849462366
"KY8","c(0, 30)","2021-10-06","2021-11-05","T2M","mean",13.9586491935484
"KY9","c(0, 30)","2021-06-14","2021-07-14","T2M","mean",23.1674126344086
"KY10","c(0, 30)","2021-07-26","2021-08-25","T2M","maximum",34.43
"KY11","c(0, 30)","2020-06-17","2020-07-17","T2M","maximum",32.05
"KY12","c(0, 30)","2020-07-27","2020-08-26","T2M","maximum",34.12
"KY13","c(0, 30)","2020-08-10","2020-09-09","T2M","maximum",34.12
"KY14","c(0, 30)","2020-09-17","2020-10-17","T2M","maximum",27.43
"KY15","c(0, 30)","2022-06-26","2022-07-26","T2M","maximum",34.98
"KY16","c(0, 30)","2022-08-07","2022-09-06","T2M","maximum",34.03
"KY17","c(0, 30)","2022-09-16","2022-10-16","T2M","maximum",34.41
"KY18","c(0, 30)","2022-06-26","2022-07-26","T2M","maximum",34.98
"KY19","c(0, 30)","2022-08-10","2022-09-09","T2M","maximum",34.03
"KY1","c(0, 30)","2023-06-19","2023-07-19","T2M","maximum",33.32
"KY20","c(0, 30)","2023-06-21","2023-07-21","T2M","maximum",33.32
"KY2","c(0, 30)","2023-07-22","2023-08-21","T2M","maximum",36.65
"KY3","c(0, 30)","2023-09-03","2023-10-03","T2M","maximum",34.04
"KY4","c(0, 30)","2023-06-21","2023-07-21","T2M","maximum",33.32
"KY5","c(0, 30)","2023-09-05","2023-10-05","T2M","maximum",33.42
"KY6","c(0, 30)","2021-06-24","2021-07-24","T2M","maximum",33.02
"KY7","c(0, 30)","2021-08-06","2021-09-05","T2M","maximum",34.45
"KY8","c(0, 30)","2021-10-06","2021-11-05","T2M","maximum",27.59
"KY9","c(0, 30)","2021-06-14","2021-07-14","T2M","maximum",33.02
"KY10","c(0, 30)","2021-07-26","2021-08-25","T2M","minimum",13.84
"KY11","c(0, 30)","2020-06-17","2020-07-17","T2M","minimum",12.84
"KY12","c(0, 30)","2020-07-27","2020-08-26","T2M","minimum",14.1
"KY13","c(0, 30)","2020-08-10","2020-09-09","T2M","minimum",12.23
"KY14","c(0, 30)","2020-09-17","2020-10-17","T2M","minimum",1.7
"KY15","c(0, 30)","2022-06-26","2022-07-26","T2M","minimum",14.29
"KY16","c(0, 30)","2022-08-07","2022-09-06","T2M","minimum",14.67
"KY17","c(0, 30)","2022-09-16","2022-10-16","T2M","minimum",2
"KY18","c(0, 30)","2022-06-26","2022-07-26","T2M","minimum",14.29
"KY19","c(0, 30)","2022-08-10","2022-09-09","T2M","minimum",13.42
"KY1","c(0, 30)","2023-06-19","2023-07-19","T2M","minimum",14.25
"KY20","c(0, 30)","2023-06-21","2023-07-21","T2M","minimum",14.25
"KY2","c(0, 30)","2023-07-22","2023-08-21","T2M","minimum",13.25
"KY3","c(0, 30)","2023-09-03","2023-10-03","T2M","minimum",11.02
"KY4","c(0, 30)","2023-06-21","2023-07-21","T2M","minimum",14.25
"KY5","c(0, 30)","2023-09-05","2023-10-05","T2M","minimum",11.02
"KY6","c(0, 30)","2021-06-24","2021-07-24","T2M","minimum",13.4
"KY7","c(0, 30)","2021-08-06","2021-09-05","T2M","minimum",12.58
"KY8","c(0, 30)","2021-10-06","2021-11-05","T2M","minimum",-3.64
"KY9","c(0, 30)","2021-06-14","2021-07-14","T2M","minimum",9.84
"KY10","c(0, 30)","2021-07-26","2021-08-25","T2M","prop. max",0.366666666666667
"KY11","c(0, 30)","2020-06-17","2020-07-17","T2M","prop. max",0.0333333333333333
"KY12","c(0, 30)","2020-07-27","2020-08-26","T2M","prop. max",0.233333333333333
"KY13","c(0, 30)","2020-08-10","2020-09-09","T2M","prop. max",0.133333333333333
"KY14","c(0, 30)","2020-09-17","2020-10-17","T2M","prop. max",0
"KY15","c(0, 30)","2022-06-26","2022-07-26","T2M","prop. max",0.533333333333333
"KY16","c(0, 30)","2022-08-07","2022-09-06","T2M","prop. max",0.1
"KY17","c(0, 30)","2022-09-16","2022-10-16","T2M","prop. max",0.0666666666666667
"KY18","c(0, 30)","2022-06-26","2022-07-26","T2M","prop. max",0.533333333333333
"KY19","c(0, 30)","2022-08-10","2022-09-09","T2M","prop. max",0.1
"KY1","c(0, 30)","2023-06-19","2023-07-19","T2M","prop. max",0.0333333333333333
"KY20","c(0, 30)","2023-06-21","2023-07-21","T2M","prop. max",0.0333333333333333
"KY2","c(0, 30)","2023-07-22","2023-08-21","T2M","prop. max",0.366666666666667
"KY3","c(0, 30)","2023-09-03","2023-10-03","T2M","prop. max",0.133333333333333
"KY4","c(0, 30)","2023-06-21","2023-07-21","T2M","prop. max",0.0333333333333333
"KY5","c(0, 30)","2023-09-05","2023-10-05","T2M","prop. max",0.0666666666666667
"KY6","c(0, 30)","2021-06-24","2021-07-24","T2M","prop. max",0.1
"KY7","c(0, 30)","2021-08-06","2021-09-05","T2M","prop. max",0.3
"KY8","c(0, 30)","2021-10-06","2021-11-05","T2M","prop. max",0
"KY9","c(0, 30)","2021-06-14","2021-07-14","T2M","prop. max",0.1
"KY10","c(0, 30)","2021-07-26","2021-08-25","T2M","prop. min",0
"KY11","c(0, 30)","2020-06-17","2020-07-17","T2M","prop. min",0
"KY12","c(0, 30)","2020-07-27","2020-08-26","T2M","prop. min",0
"KY13","c(0, 30)","2020-08-10","2020-09-09","T2M","prop. min",0
"KY14","c(0, 30)","2020-09-17","2020-10-17","T2M","prop. min",0.166666666666667
"KY15","c(0, 30)","2022-06-26","2022-07-26","T2M","prop. min",0
"KY16","c(0, 30)","2022-08-07","2022-09-06","T2M","prop. min",0
"KY17","c(0, 30)","2022-09-16","2022-10-16","T2M","prop. min",0.2
"KY18","c(0, 30)","2022-06-26","2022-07-26","T2M","prop. min",0
"KY19","c(0, 30)","2022-08-10","2022-09-09","T2M","prop. min",0
"KY1","c(0, 30)","2023-06-19","2023-07-19","T2M","prop. min",0
"KY20","c(0, 30)","2023-06-21","2023-07-21","T2M","prop. min",0
"KY2","c(0, 30)","2023-07-22","2023-08-21","T2M","prop. min",0
"KY3","c(0, 30)","2023-09-03","2023-10-03","T2M","prop. min",0
"KY4","c(0, 30)","2023-06-21","2023-07-21","T2M","prop. min",0
"KY5","c(0, 30)","2023-09-05","2023-10-05","T2M","prop. min",0
"KY6","c(0, 30)","2021-06-24","2021-07-24","T2M","prop. min",0
"KY7","c(0, 30)","2021-08-06","2021-09-05","T2M","prop. min",0
"KY8","c(0, 30)","2021-10-06","2021-11-05","T2M","prop. min",0.233333333333333
"KY9","c(0, 30)","2021-06-14","2021-07-14","T2M","prop. min",0
"KY10","c(0, 30)","2021-07-26","2021-08-25","T2M","variance",18.1749263420974
"KY11","c(0, 30)","2020-06-17","2020-07-17","T2M","variance",15.574256237933
"KY12","c(0, 30)","2020-07-27","2020-08-26","T2M","variance",18.6114096172202
"KY13","c(0, 30)","2020-08-10","2020-09-09","T2M","variance",18.7874351671024
"KY14","c(0, 30)","2020-09-17","2020-10-17","T2M","variance",29.0203912356913
"KY15","c(0, 30)","2022-06-26","2022-07-26","T2M","variance",19.5742540136379
"KY16","c(0, 30)","2022-08-07","2022-09-06","T2M","variance",17.1709787111507
"KY17","c(0, 30)","2022-09-16","2022-10-16","T2M","variance",44.4486511470378
"KY18","c(0, 30)","2022-06-26","2022-07-26","T2M","variance",19.5742540136379
"KY19","c(0, 30)","2022-08-10","2022-09-09","T2M","variance",17.8333587276106
"KY1","c(0, 30)","2023-06-19","2023-07-19","T2M","variance",14.5616489138393
"KY20","c(0, 30)","2023-06-21","2023-07-21","T2M","variance",14.1229662899248
"KY2","c(0, 30)","2023-07-22","2023-08-21","T2M","variance",21.7421432063096
"KY3","c(0, 30)","2023-09-03","2023-10-03","T2M","variance",28.839857474456
"KY4","c(0, 30)","2023-06-21","2023-07-21","T2M","variance",14.1229662899248
"KY5","c(0, 30)","2023-09-05","2023-10-05","T2M","variance",26.6886840083139
"KY6","c(0, 30)","2021-06-24","2021-07-24","T2M","variance",15.1418062491413
"KY7","c(0, 30)","2021-08-06","2021-09-05","T2M","variance",18.7896430606475
"KY8","c(0, 30)","2021-10-06","2021-11-05","T2M","variance",45.9632159952112
"KY9","c(0, 30)","2021-06-14","2021-07-14","T2M","variance",17.7072023797192
"KY10","c(0, 30)","2021-07-26","2021-08-25","PRECTOTCORR","mean",3.60092741935484
"KY11","c(0, 30)","2020-06-17","2020-07-17","PRECTOTCORR","mean",3.77110215053763
"KY12","c(0, 30)","2020-07-27","2020-08-26","PRECTOTCORR","mean",3.21463037634409
"KY13","c(0, 30)","2020-08-10","2020-09-09","PRECTOTCORR","mean",4.07655913978495
"KY14","c(0, 30)","2020-09-17","2020-10-17","PRECTOTCORR","mean",1.20459005376344
"KY15","c(0, 30)","2022-06-26","2022-07-26","PRECTOTCORR","mean",4.66661962365591
"KY16","c(0, 30)","2022-08-07","2022-09-06","PRECTOTCORR","mean",2.88272849462365
"KY17","c(0, 30)","2022-09-16","2022-10-16","PRECTOTCORR","mean",0.439206989247313
"KY18","c(0, 30)","2022-06-26","2022-07-26","PRECTOTCORR","mean",4.66661962365591
"KY19","c(0, 30)","2022-08-10","2022-09-09","PRECTOTCORR","mean",2.56541666666666
"KY1","c(0, 30)","2023-06-19","2023-07-19","PRECTOTCORR","mean",5.42076612903226
"KY20","c(0, 30)","2023-06-21","2023-07-21","PRECTOTCORR","mean",4.81667338709677
"KY2","c(0, 30)","2023-07-22","2023-08-21","PRECTOTCORR","mean",2.61052419354839
"KY3","c(0, 30)","2023-09-03","2023-10-03","PRECTOTCORR","mean",1.2399126344086
"KY4","c(0, 30)","2023-06-21","2023-07-21","PRECTOTCORR","mean",4.81667338709677
"KY5","c(0, 30)","2023-09-05","2023-10-05","PRECTOTCORR","mean",1.25405913978495
"KY6","c(0, 30)","2021-06-24","2021-07-24","PRECTOTCORR","mean",4.13131048387097
"KY7","c(0, 30)","2021-08-06","2021-09-05","PRECTOTCORR","mean",4.56944892473118
"KY8","c(0, 30)","2021-10-06","2021-11-05","PRECTOTCORR","mean",3.13862903225806
"KY9","c(0, 30)","2021-06-14","2021-07-14","PRECTOTCORR","mean",4.44145833333333
"KY10","c(0, 30)","2021-07-26","2021-08-25","PRECTOTCORR","maximum",301.9
"KY11","c(0, 30)","2020-06-17","2020-07-17","PRECTOTCORR","maximum",121.04
"KY12","c(0, 30)","2020-07-27","2020-08-26","PRECTOTCORR","maximum",158.82
"KY13","c(0, 30)","2020-08-10","2020-09-09","PRECTOTCORR","maximum",120.18
"KY14","c(0, 30)","2020-09-17","2020-10-17","PRECTOTCORR","maximum",117.25
"KY15","c(0, 30)","2022-06-26","2022-07-26","PRECTOTCORR","maximum",210.36
"KY16","c(0, 30)","2022-08-07","2022-09-06","PRECTOTCORR","maximum",77.04
"KY17","c(0, 30)","2022-09-16","2022-10-16","PRECTOTCORR","maximum",107.36
"KY18","c(0, 30)","2022-06-26","2022-07-26","PRECTOTCORR","maximum",210.36
"KY19","c(0, 30)","2022-08-10","2022-09-09","PRECTOTCORR","maximum",77.04
"KY1","c(0, 30)","2023-06-19","2023-07-19","PRECTOTCORR","maximum",263.75
"KY20","c(0, 30)","2023-06-21","2023-07-21","PRECTOTCORR","maximum",263.75
"KY2","c(0, 30)","2023-07-22","2023-08-21","PRECTOTCORR","maximum",84.23
"KY3","c(0, 30)","2023-09-03","2023-10-03","PRECTOTCORR","maximum",77.52
"KY4","c(0, 30)","2023-06-21","2023-07-21","PRECTOTCORR","maximum",263.75
"KY5","c(0, 30)","2023-09-05","2023-10-05","PRECTOTCORR","maximum",77.52
"KY6","c(0, 30)","2021-06-24","2021-07-24","PRECTOTCORR","maximum",171.3
"KY7","c(0, 30)","2021-08-06","2021-09-05","PRECTOTCORR","maximum",155.53
"KY8","c(0, 30)","2021-10-06","2021-11-05","PRECTOTCORR","maximum",89.69
"KY9","c(0, 30)","2021-06-14","2021-07-14","PRECTOTCORR","maximum",171.3
"KY10","c(0, 30)","2021-07-26","2021-08-25","PRECTOTCORR","minimum",0
"KY11","c(0, 30)","2020-06-17","2020-07-17","PRECTOTCORR","minimum",0
"KY12","c(0, 30)","2020-07-27","2020-08-26","PRECTOTCORR","minimum",0
"KY13","c(0, 30)","2020-08-10","2020-09-09","PRECTOTCORR","minimum",0
"KY14","c(0, 30)","2020-09-17","2020-10-17","PRECTOTCORR","minimum",0
"KY15","c(0, 30)","2022-06-26","2022-07-26","PRECTOTCORR","minimum",0
"KY16","c(0, 30)","2022-08-07","2022-09-06","PRECTOTCORR","minimum",0
"KY17","c(0, 30)","2022-09-16","2022-10-16","PRECTOTCORR","minimum",0
"KY18","c(0, 30)","2022-06-26","2022-07-26","PRECTOTCORR","minimum",0
"KY19","c(0, 30)","2022-08-10","2022-09-09","PRECTOTCORR","minimum",0
"KY1","c(0, 30)","2023-06-19","2023-07-19","PRECTOTCORR","minimum",0
"KY20","c(0, 30)","2023-06-21","2023-07-21","PRECTOTCORR","minimum",0
"KY2","c(0, 30)","2023-07-22","2023-08-21","PRECTOTCORR","minimum",0
"KY3","c(0, 30)","2023-09-03","2023-10-03","PRECTOTCORR","minimum",0
"KY4","c(0, 30)","2023-06-21","2023-07-21","PRECTOTCORR","minimum",0
"KY5","c(0, 30)","2023-09-05","2023-10-05","PRECTOTCORR","minimum",0
"KY6","c(0, 30)","2021-06-24","2021-07-24","PRECTOTCORR","minimum",0
"KY7","c(0, 30)","2021-08-06","2021-09-05","PRECTOTCORR","minimum",0
"KY8","c(0, 30)","2021-10-06","2021-11-05","PRECTOTCORR","minimum",0
"KY9","c(0, 30)","2021-06-14","2021-07-14","PRECTOTCORR","minimum",0
"KY10","c(0, 30)","2021-07-26","2021-08-25","PRECTOTCORR","variance",220.79127566924
"KY11","c(0, 30)","2020-06-17","2020-07-17","PRECTOTCORR","variance",96.6640875537826
"KY12","c(0, 30)","2020-07-27","2020-08-26","PRECTOTCORR","variance",95.7845962318134
"KY13","c(0, 30)","2020-08-10","2020-09-09","PRECTOTCORR","variance",108.936215455816
"KY14","c(0, 30)","2020-09-17","2020-10-17","PRECTOTCORR","variance",34.614653496929
"KY15","c(0, 30)","2022-06-26","2022-07-26","PRECTOTCORR","variance",175.461997778553
"KY16","c(0, 30)","2022-08-07","2022-09-06","PRECTOTCORR","variance",48.931748972637
"KY17","c(0, 30)","2022-09-16","2022-10-16","PRECTOTCORR","variance",16.4696916370188
"KY18","c(0, 30)","2022-06-26","2022-07-26","PRECTOTCORR","variance",175.461997778553
"KY19","c(0, 30)","2022-08-10","2022-09-09","PRECTOTCORR","variance",47.3885996917733
"KY1","c(0, 30)","2023-06-19","2023-07-19","PRECTOTCORR","variance",219.887338753605
"KY20","c(0, 30)","2023-06-21","2023-07-21","PRECTOTCORR","variance",206.325807688816
"KY2","c(0, 30)","2023-07-22","2023-08-21","PRECTOTCORR","variance",48.7385163356617
"KY3","c(0, 30)","2023-09-03","2023-10-03","PRECTOTCORR","variance",31.8908751100485
"KY4","c(0, 30)","2023-06-21","2023-07-21","PRECTOTCORR","variance",206.325807688816
"KY5","c(0, 30)","2023-09-05","2023-10-05","PRECTOTCORR","variance",31.8880561417593
"KY6","c(0, 30)","2021-06-24","2021-07-24","PRECTOTCORR","variance",173.041422020551
"KY7","c(0, 30)","2021-08-06","2021-09-05","PRECTOTCORR","variance",128.182530429133
"KY8","c(0, 30)","2021-10-06","2021-11-05","PRECTOTCORR","variance",80.0339448575826
"KY9","c(0, 30)","2021-06-14","2021-07-14","PRECTOTCORR","variance",220.414859674119
"KY10","c(0, 30)","2021-07-26","2021-08-25","RH2M","mean",73.5769086021505
"KY11","c(0, 30)","2020-06-17","2020-07-17","RH2M","mean",80.0811424731183
"KY12","c(0, 30)","2020-07-27","2020-08-26","RH2M","mean",74.4098991935484
"KY13","c(0, 30)","2020-08-10","2020-09-09","RH2M","mean",74.6437768817204
"KY14","c(0, 30)","2020-09-17","2020-10-17","RH2M","mean",71.8495900537634
"KY15","c(0, 30)","2022-06-26","2022-07-26","RH2M","mean",70.887997311828
"KY16","c(0, 30)","2022-08-07","2022-09-06","RH2M","mean",75.9143279569892
"KY17","c(0, 30)","2022-09-16","2022-10-16","RH2M","mean",59.1127284946237
"KY18","c(0, 30)","2022-06-26","2022-07-26","RH2M","mean",70.887997311828
"KY19","c(0, 30)","2022-08-10","2022-09-09","RH2M","mean",75.0553427419355
"KY1","c(0, 30)","2023-06-19","2023-07-19","RH2M","mean",77.9113642473118
"KY20","c(0, 30)","2023-06-21","2023-07-21","RH2M","mean",77.8522110215054
"KY2","c(0, 30)","2023-07-22","2023-08-21","RH2M","mean",69.5880040322581
"KY3","c(0, 30)","2023-09-03","2023-10-03","RH2M","mean",64.4902016129032
"KY4","c(0, 30)","2023-06-21","2023-07-21","RH2M","mean",77.8522110215054
"KY5","c(0, 30)","2023-09-05","2023-10-05","RH2M","mean",64.6686155913979
"KY6","c(0, 30)","2021-06-24","2021-07-24","RH2M","mean",79.9370497311828
"KY7","c(0, 30)","2021-08-06","2021-09-05","RH2M","mean",76.2572782258065
"KY8","c(0, 30)","2021-10-06","2021-11-05","RH2M","mean",81.0120295698925
"KY9","c(0, 30)","2021-06-14","2021-07-14","RH2M","mean",79.9372849462366
"KY10","c(0, 30)","2021-07-26","2021-08-25","RH2M","maximum",100
"KY11","c(0, 30)","2020-06-17","2020-07-17","RH2M","maximum",100
"KY12","c(0, 30)","2020-07-27","2020-08-26","RH2M","maximum",100
"KY13","c(0, 30)","2020-08-10","2020-09-09","RH2M","maximum",100
"KY14","c(0, 30)","2020-09-17","2020-10-17","RH2M","maximum",100
"KY15","c(0, 30)","2022-06-26","2022-07-26","RH2M","maximum",100
"KY16","c(0, 30)","2022-08-07","2022-09-06","RH2M","maximum",100
"KY17","c(0, 30)","2022-09-16","2022-10-16","RH2M","maximum",100
"KY18","c(0, 30)","2022-06-26","2022-07-26","RH2M","maximum",100
"KY19","c(0, 30)","2022-08-10","2022-09-09","RH2M","maximum",100
"KY1","c(0, 30)","2023-06-19","2023-07-19","RH2M","maximum",100
"KY20","c(0, 30)","2023-06-21","2023-07-21","RH2M","maximum",100
"KY2","c(0, 30)","2023-07-22","2023-08-21","RH2M","maximum",100
"KY3","c(0, 30)","2023-09-03","2023-10-03","RH2M","maximum",100
"KY4","c(0, 30)","2023-06-21","2023-07-21","RH2M","maximum",100
"KY5","c(0, 30)","2023-09-05","2023-10-05","RH2M","maximum",100
"KY6","c(0, 30)","2021-06-24","2021-07-24","RH2M","maximum",100
"KY7","c(0, 30)","2021-08-06","2021-09-05","RH2M","maximum",100
"KY8","c(0, 30)","2021-10-06","2021-11-05","RH2M","maximum",100
"KY9","c(0, 30)","2021-06-14","2021-07-14","RH2M","maximum",100
"KY10","c(0, 30)","2021-07-26","2021-08-25","RH2M","minimum",36.3
"KY11","c(0, 30)","2020-06-17","2020-07-17","RH2M","minimum",44.89
"KY12","c(0, 30)","2020-07-27","2020-08-26","RH2M","minimum",31.08
"KY13","c(0, 30)","2020-08-10","2020-09-09","RH2M","minimum",33.14
"KY14","c(0, 30)","2020-09-17","2020-10-17","RH2M","minimum",22.88
"KY15","c(0, 30)","2022-06-26","2022-07-26","RH2M","minimum",25.25
"KY16","c(0, 30)","2022-08-07","2022-09-06","RH2M","minimum",35.47
"KY17","c(0, 30)","2022-09-16","2022-10-16","RH2M","minimum",17.83
"KY18","c(0, 30)","2022-06-26","2022-07-26","RH2M","minimum",25.25
"KY19","c(0, 30)","2022-08-10","2022-09-09","RH2M","minimum",35.47
"KY1","c(0, 30)","2023-06-19","2023-07-19","RH2M","minimum",38.07
"KY20","c(0, 30)","2023-06-21","2023-07-21","RH2M","minimum",38.07
"KY2","c(0, 30)","2023-07-22","2023-08-21","RH2M","minimum",27.26
"KY3","c(0, 30)","2023-09-03","2023-10-03","RH2M","minimum",22.82
"KY4","c(0, 30)","2023-06-21","2023-07-21","RH2M","minimum",38.07
"KY5","c(0, 30)","2023-09-05","2023-10-05","RH2M","minimum",22.82
"KY6","c(0, 30)","2021-06-24","2021-07-24","RH2M","minimum",40.41
"KY7","c(0, 30)","2021-08-06","2021-09-05","RH2M","minimum",39.4
"KY8","c(0, 30)","2021-10-06","2021-11-05","RH2M","minimum",35.39
"KY9","c(0, 30)","2021-06-14","2021-07-14","RH2M","minimum",46.24
"KY10","c(0, 30)","2021-07-26","2021-08-25","RH2M","variance",299.317501532999
"KY11","c(0, 30)","2020-06-17","2020-07-17","RH2M","variance",196.086061639405
"KY12","c(0, 30)","2020-07-27","2020-08-26","RH2M","variance",321.866231395346
"KY13","c(0, 30)","2020-08-10","2020-09-09","RH2M","variance",319.835451630077
"KY14","c(0, 30)","2020-09-17","2020-10-17","RH2M","variance",415.503076429006
"KY15","c(0, 30)","2022-06-26","2022-07-26","RH2M","variance",345.331926988561
"KY16","c(0, 30)","2022-08-07","2022-09-06","RH2M","variance",319.282949783427
"KY17","c(0, 30)","2022-09-16","2022-10-16","RH2M","variance",439.457188111844
"KY18","c(0, 30)","2022-06-26","2022-07-26","RH2M","variance",345.331926988561
"KY19","c(0, 30)","2022-08-10","2022-09-09","RH2M","variance",331.290768813181
"KY1","c(0, 30)","2023-06-19","2023-07-19","RH2M","variance",261.673282401196
"KY20","c(0, 30)","2023-06-21","2023-07-21","RH2M","variance",266.676419385164
"KY2","c(0, 30)","2023-07-22","2023-08-21","RH2M","variance",367.279807782096
"KY3","c(0, 30)","2023-09-03","2023-10-03","RH2M","variance",424.29635261568
"KY4","c(0, 30)","2023-06-21","2023-07-21","RH2M","variance",266.676419385164
"KY5","c(0, 30)","2023-09-05","2023-10-05","RH2M","variance",416.071680261008
"KY6","c(0, 30)","2021-06-24","2021-07-24","RH2M","variance",227.895260758789
"KY7","c(0, 30)","2021-08-06","2021-09-05","RH2M","variance",279.705089224489
"KY8","c(0, 30)","2021-10-06","2021-11-05","RH2M","variance",281.628483974915
"KY9","c(0, 30)","2021-06-14","2021-07-14","RH2M","variance",218.293102240203
"KY10","c(7, 15)","2021-08-10","2021-08-18","T2M","mean",24.7999074074074
"KY11","c(7, 15)","2020-07-02","2020-07-10","T2M","mean",25.8022453703704
"KY12","c(7, 15)","2020-08-11","2020-08-19","T2M","mean",24.3583564814815
"KY13","c(7, 15)","2020-08-25","2020-09-02","T2M","mean",24.7532638888889
"KY14","c(7, 15)","2020-10-02","2020-10-10","T2M","mean",14.4767361111111
"KY15","c(7, 15)","2022-07-11","2022-07-19","T2M","mean",25.3462037037037
"KY16","c(7, 15)","2022-08-22","2022-08-30","T2M","mean",24.664212962963
"KY17","c(7, 15)","2022-10-01","2022-10-09","T2M","mean",13.3716435185185
"KY18","c(7, 15)","2022-07-11","2022-07-19","T2M","mean",25.3462037037037
"KY19","c(7, 15)","2022-08-25","2022-09-02","T2M","mean",24.3585416666667
"KY1","c(7, 15)","2023-07-04","2023-07-12","T2M","mean",24.295625
"KY20","c(7, 15)","2023-07-06","2023-07-14","T2M","mean",24.5628472222222
"KY2","c(7, 15)","2023-08-06","2023-08-14","T2M","mean",25.0598148148148
"KY3","c(7, 15)","2023-09-18","2023-09-26","T2M","mean",20.2315509259259
"KY4","c(7, 15)","2023-07-06","2023-07-14","T2M","mean",24.5628472222222
"KY5","c(7, 15)","2023-09-20","2023-09-28","T2M","mean",20.7795833333333
"KY6","c(7, 15)","2021-07-09","2021-07-17","T2M","mean",23.7775694444444
"KY7","c(7, 15)","2021-08-21","2021-08-29","T2M","mean",26.7726851851852
"KY8","c(7, 15)","2021-10-21","2021-10-29","T2M","mean",12.3968981481481
"KY9","c(7, 15)","2021-06-29","2021-07-07","T2M","mean",23.8491666666667
"KY10","c(7, 15)","2021-08-10","2021-08-18","T2M","maximum",33.25
"KY11","c(7, 15)","2020-07-02","2020-07-10","T2M","maximum",32.05
"KY12","c(7, 15)","2020-08-11","2020-08-19","T2M","maximum",33.08
"KY13","c(7, 15)","2020-08-25","2020-09-02","T2M","maximum",34.12
"KY14","c(7, 15)","2020-10-02","2020-10-10","T2M","maximum",26.84
"KY15","c(7, 15)","2022-07-11","2022-07-19","T2M","maximum",32.27
"KY16","c(7, 15)","2022-08-22","2022-08-30","T2M","maximum",34.03
"KY17","c(7, 15)","2022-10-01","2022-10-09","T2M","maximum",25.67
"KY18","c(7, 15)","2022-07-11","2022-07-19","T2M","maximum",32.27
"KY19","c(7, 15)","2022-08-25","2022-09-02","T2M","maximum",34.03
"KY1","c(7, 15)","2023-07-04","2023-07-12","T2M","maximum",30.71
"KY20","c(7, 15)","2023-07-06","2023-07-14","T2M","maximum",33.32
"KY2","c(7, 15)","2023-08-06","2023-08-14","T2M","maximum",32.74
"KY3","c(7, 15)","2023-09-18","2023-09-26","T2M","maximum",31.12
"KY4","c(7, 15)","2023-07-06","2023-07-14","T2M","maximum",33.32
"KY5","c(7, 15)","2023-09-20","2023-09-28","T2M","maximum",31.12
"KY6","c(7, 15)","2021-07-09","2021-07-17","T2M","maximum",30.24
"KY7","c(7, 15)","2021-08-21","2021-08-29","T2M","maximum",34.45
"KY8","c(7, 15)","2021-10-21","2021-10-29","T2M","maximum",24.89
"KY9","c(7, 15)","2021-06-29","2021-07-07","T2M","maximum",32.76
"KY10","c(7, 15)","2021-08-10","2021-08-18","T2M","minimum",17.37
"KY11","c(7, 15)","2020-07-02","2020-07-10","T2M","minimum",18.48
"KY12","c(7, 15)","2020-08-11","2020-08-19","T2M","minimum",14.77
"KY13","c(7, 15)","2020-08-25","2020-09-02","T2M","minimum",16.04
"KY14","c(7, 15)","2020-10-02","2020-10-10","T2M","minimum",4.69
"KY15","c(7, 15)","2022-07-11","2022-07-19","T2M","minimum",17.93
"KY16","c(7, 15)","2022-08-22","2022-08-30","T2M","minimum",16.6
"KY17","c(7, 15)","2022-10-01","2022-10-09","T2M","minimum",2
"KY18","c(7, 15)","2022-07-11","2022-07-19","T2M","minimum",17.93
"KY19","c(7, 15)","2022-08-25","2022-09-02","T2M","minimum",15.07
"KY1","c(7, 15)","2023-07-04","2023-07-12","T2M","minimum",14.58
"KY20","c(7, 15)","2023-07-06","2023-07-14","T2M","minimum",14.58
"KY2","c(7, 15)","2023-08-06","2023-08-14","T2M","minimum",18.28
"KY3","c(7, 15)","2023-09-18","2023-09-26","T2M","minimum",11.04
"KY4","c(7, 15)","2023-07-06","2023-07-14","T2M","minimum",14.58
"KY5","c(7, 15)","2023-09-20","2023-09-28","T2M","minimum",11.04
"KY6","c(7, 15)","2021-07-09","2021-07-17","T2M","minimum",17.41
"KY7","c(7, 15)","2021-08-21","2021-08-29","T2M","minimum",19.16
"KY8","c(7, 15)","2021-10-21","2021-10-29","T2M","minimum",1.88
"KY9","c(7, 15)","2021-06-29","2021-07-07","T2M","minimum",13.4
"KY10","c(7, 15)","2021-08-10","2021-08-18","T2M","prop. max",0.25
"KY11","c(7, 15)","2020-07-02","2020-07-10","T2M","prop. max",0.125
"KY12","c(7, 15)","2020-08-11","2020-08-19","T2M","prop. max",0.125
"KY13","c(7, 15)","2020-08-25","2020-09-02","T2M","prop. max",0.25
"KY14","c(7, 15)","2020-10-02","2020-10-10","T2M","prop. max",0
"KY15","c(7, 15)","2022-07-11","2022-07-19","T2M","prop. max",0.375
"KY16","c(7, 15)","2022-08-22","2022-08-30","T2M","prop. max",0.25
"KY17","c(7, 15)","2022-10-01","2022-10-09","T2M","prop. max",0
"KY18","c(7, 15)","2022-07-11","2022-07-19","T2M","prop. max",0.375
"KY19","c(7, 15)","2022-08-25","2022-09-02","T2M","prop. max",0.375
"KY1","c(7, 15)","2023-07-04","2023-07-12","T2M","prop. max",0
"KY20","c(7, 15)","2023-07-06","2023-07-14","T2M","prop. max",0.125
"KY2","c(7, 15)","2023-08-06","2023-08-14","T2M","prop. max",0.25
"KY3","c(7, 15)","2023-09-18","2023-09-26","T2M","prop. max",0
"KY4","c(7, 15)","2023-07-06","2023-07-14","T2M","prop. max",0.125
"KY5","c(7, 15)","2023-09-20","2023-09-28","T2M","prop. max",0
"KY6","c(7, 15)","2021-07-09","2021-07-17","T2M","prop. max",0
"KY7","c(7, 15)","2021-08-21","2021-08-29","T2M","prop. max",0.75
"KY8","c(7, 15)","2021-10-21","2021-10-29","T2M","prop. max",0
"KY9","c(7, 15)","2021-06-29","2021-07-07","T2M","prop. max",0.25
"KY10","c(7, 15)","2021-08-10","2021-08-18","T2M","prop. min",0
"KY11","c(7, 15)","2020-07-02","2020-07-10","T2M","prop. min",0
"KY12","c(7, 15)","2020-08-11","2020-08-19","T2M","prop. min",0
"KY13","c(7, 15)","2020-08-25","2020-09-02","T2M","prop. min",0
"KY14","c(7, 15)","2020-10-02","2020-10-10","T2M","prop. min",0.375
"KY15","c(7, 15)","2022-07-11","2022-07-19","T2M","prop. min",0
"KY16","c(7, 15)","2022-08-22","2022-08-30","T2M","prop. min",0
"KY17","c(7, 15)","2022-10-01","2022-10-09","T2M","prop. min",0.375
"KY18","c(7, 15)","2022-07-11","2022-07-19","T2M","prop. min",0
"KY19","c(7, 15)","2022-08-25","2022-09-02","T2M","prop. min",0
"KY1","c(7, 15)","2023-07-04","2023-07-12","T2M","prop. min",0
"KY20","c(7, 15)","2023-07-06","2023-07-14","T2M","prop. min",0
"KY2","c(7, 15)","2023-08-06","2023-08-14","T2M","prop. min",0
"KY3","c(7, 15)","2023-09-18","2023-09-26","T2M","prop. min",0
"KY4","c(7, 15)","2023-07-06","2023-07-14","T2M","prop. min",0
"KY5","c(7, 15)","2023-09-20","2023-09-28","T2M","prop. min",0
"KY6","c(7, 15)","2021-07-09","2021-07-17","T2M","prop. min",0
"KY7","c(7, 15)","2021-08-21","2021-08-29","T2M","prop. min",0
"KY8","c(7, 15)","2021-10-21","2021-10-29","T2M","prop. min",0.125
"KY9","c(7, 15)","2021-06-29","2021-07-07","T2M","prop. min",0
"KY10","c(7, 15)","2021-08-10","2021-08-18","T2M","variance",13.2551846781817
"KY11","c(7, 15)","2020-07-02","2020-07-10","T2M","variance",11.9062606078671
"KY12","c(7, 15)","2020-08-11","2020-08-19","T2M","variance",16.5416397519765
"KY13","c(7, 15)","2020-08-25","2020-09-02","T2M","variance",14.8214341018948
"KY14","c(7, 15)","2020-10-02","2020-10-10","T2M","variance",29.0951454708043
"KY15","c(7, 15)","2022-07-11","2022-07-19","T2M","variance",16.2913762739538
"KY16","c(7, 15)","2022-08-22","2022-08-30","T2M","variance",19.2941474069777
"KY17","c(7, 15)","2022-10-01","2022-10-09","T2M","variance",31.1762420721621
"KY18","c(7, 15)","2022-07-11","2022-07-19","T2M","variance",16.2913762739538
"KY19","c(7, 15)","2022-08-25","2022-09-02","T2M","variance",23.3034718822506
"KY1","c(7, 15)","2023-07-04","2023-07-12","T2M","variance",13.6564993764501
"KY20","c(7, 15)","2023-07-06","2023-07-14","T2M","variance",15.3160756332173
"KY2","c(7, 15)","2023-08-06","2023-08-14","T2M","variance",14.3418463693392
"KY3","c(7, 15)","2023-09-18","2023-09-26","T2M","variance",30.6105565217625
"KY4","c(7, 15)","2023-07-06","2023-07-14","T2M","variance",15.3160756332173
"KY5","c(7, 15)","2023-09-20","2023-09-28","T2M","variance",26.2132866009281
"KY6","c(7, 15)","2021-07-09","2021-07-17","T2M","variance",8.17842168890177
"KY7","c(7, 15)","2021-08-21","2021-08-29","T2M","variance",17.6458312881327
"KY8","c(7, 15)","2021-10-21","2021-10-29","T2M","variance",20.2947615858898
"KY9","c(7, 15)","2021-06-29","2021-07-07","T2M","variance",17.7403320185615
"KY10","c(7, 15)","2021-08-10","2021-08-18","PRECTOTCORR","mean",4.53430555555556
"KY11","c(7, 15)","2020-07-02","2020-07-10","PRECTOTCORR","mean",1.07527777777778
"KY12","c(7, 15)","2020-08-11","2020-08-19","PRECTOTCORR","mean",2.66462962962963
"KY13","c(7, 15)","2020-08-25","2020-09-02","PRECTOTCORR","mean",6.62141203703704
"KY14","c(7, 15)","2020-10-02","2020-10-10","PRECTOTCORR","mean",0.327800925925925
"KY15","c(7, 15)","2022-07-11","2022-07-19","PRECTOTCORR","mean",4.42587962962963
"KY16","c(7, 15)","2022-08-22","2022-08-30","PRECTOTCORR","mean",2.34513888888889
"KY17","c(7, 15)","2022-10-01","2022-10-09","PRECTOTCORR","mean",0.005
"KY18","c(7, 15)","2022-07-11","2022-07-19","PRECTOTCORR","mean",4.42587962962963
"KY19","c(7, 15)","2022-08-25","2022-09-02","PRECTOTCORR","mean",2.34861111111111
"KY1","c(7, 15)","2023-07-04","2023-07-12","PRECTOTCORR","mean",1.07465277777778
"KY20","c(7, 15)","2023-07-06","2023-07-14","PRECTOTCORR","mean",1.12428240740741
"KY2","c(7, 15)","2023-08-06","2023-08-14","PRECTOTCORR","mean",4.65844907407407
"KY3","c(7, 15)","2023-09-18","2023-09-26","PRECTOTCORR","mean",0.241550925925926
"KY4","c(7, 15)","2023-07-06","2023-07-14","PRECTOTCORR","mean",1.12428240740741
"KY5","c(7, 15)","2023-09-20","2023-09-28","PRECTOTCORR","mean",2.83189814814815
"KY6","c(7, 15)","2021-07-09","2021-07-17","PRECTOTCORR","mean",7.75166666666667
"KY7","c(7, 15)","2021-08-21","2021-08-29","PRECTOTCORR","mean",0.815532407407408
"KY8","c(7, 15)","2021-10-21","2021-10-29","PRECTOTCORR","mean",2.3775462962963
"KY9","c(7, 15)","2021-06-29","2021-07-07","PRECTOTCORR","mean",5.99388888888889
"KY10","c(7, 15)","2021-08-10","2021-08-18","PRECTOTCORR","maximum",49.11
"KY11","c(7, 15)","2020-07-02","2020-07-10","PRECTOTCORR","maximum",13.16
"KY12","c(7, 15)","2020-08-11","2020-08-19","PRECTOTCORR","maximum",66.1
"KY13","c(7, 15)","2020-08-25","2020-09-02","PRECTOTCORR","maximum",120.18
"KY14","c(7, 15)","2020-10-02","2020-10-10","PRECTOTCORR","maximum",11.14
"KY15","c(7, 15)","2022-07-11","2022-07-19","PRECTOTCORR","maximum",210.36
"KY16","c(7, 15)","2022-08-22","2022-08-30","PRECTOTCORR","maximum",77.04
"KY17","c(7, 15)","2022-10-01","2022-10-09","PRECTOTCORR","maximum",0.14
"KY18","c(7, 15)","2022-07-11","2022-07-19","PRECTOTCORR","maximum",210.36
"KY19","c(7, 15)","2022-08-25","2022-09-02","PRECTOTCORR","maximum",77.04
"KY1","c(7, 15)","2023-07-04","2023-07-12","PRECTOTCORR","maximum",28.6
"KY20","c(7, 15)","2023-07-06","2023-07-14","PRECTOTCORR","maximum",28.6
"KY2","c(7, 15)","2023-08-06","2023-08-14","PRECTOTCORR","maximum",80.81
"KY3","c(7, 15)","2023-09-18","2023-09-26","PRECTOTCORR","maximum",77.52
"KY4","c(7, 15)","2023-07-06","2023-07-14","PRECTOTCORR","maximum",28.6
"KY5","c(7, 15)","2023-09-20","2023-09-28","PRECTOTCORR","maximum",77.52
"KY6","c(7, 15)","2021-07-09","2021-07-17","PRECTOTCORR","maximum",135.87
"KY7","c(7, 15)","2021-08-21","2021-08-29","PRECTOTCORR","maximum",46.72
"KY8","c(7, 15)","2021-10-21","2021-10-29","PRECTOTCORR","maximum",63.65
"KY9","c(7, 15)","2021-06-29","2021-07-07","PRECTOTCORR","maximum",171.3
"KY10","c(7, 15)","2021-08-10","2021-08-18","PRECTOTCORR","minimum",0
"KY11","c(7, 15)","2020-07-02","2020-07-10","PRECTOTCORR","minimum",0
"KY12","c(7, 15)","2020-08-11","2020-08-19","PRECTOTCORR","minimum",0
"KY13","c(7, 15)","2020-08-25","2020-09-02","PRECTOTCORR","minimum",0
"KY14","c(7, 15)","2020-10-02","2020-10-10","PRECTOTCORR","minimum",0
"KY15","c(7, 15)","2022-07-11","2022-07-19","PRECTOTCORR","minimum",0
"KY16","c(7, 15)","2022-08-22","2022-08-30","PRECTOTCORR","minimum",0
"KY17","c(7, 15)","2022-10-01","2022-10-09","PRECTOTCORR","minimum",0
"KY18","c(7, 15)","2022-07-11","2022-07-19","PRECTOTCORR","minimum",0
"KY19","c(7, 15)","2022-08-25","2022-09-02","PRECTOTCORR","minimum",0
"KY1","c(7, 15)","2023-07-04","2023-07-12","PRECTOTCORR","minimum",0
"KY20","c(7, 15)","2023-07-06","2023-07-14","PRECTOTCORR","minimum",0
"KY2","c(7, 15)","2023-08-06","2023-08-14","PRECTOTCORR","minimum",0
"KY3","c(7, 15)","2023-09-18","2023-09-26","PRECTOTCORR","minimum",0
"KY4","c(7, 15)","2023-07-06","2023-07-14","PRECTOTCORR","minimum",0
"KY5","c(7, 15)","2023-09-20","2023-09-28","PRECTOTCORR","minimum",0
"KY6","c(7, 15)","2021-07-09","2021-07-17","PRECTOTCORR","minimum",0
"KY7","c(7, 15)","2021-08-21","2021-08-29","PRECTOTCORR","minimum",0
"KY8","c(7, 15)","2021-10-21","2021-10-29","PRECTOTCORR","minimum",0
"KY9","c(7, 15)","2021-06-29","2021-07-07","PRECTOTCORR","minimum",0
"KY10","c(7, 15)","2021-08-10","2021-08-18","PRECTOTCORR","variance",46.4546292150038
"KY11","c(7, 15)","2020-07-02","2020-07-10","PRECTOTCORR","variance",7.12629180201082
"KY12","c(7, 15)","2020-08-11","2020-08-19","PRECTOTCORR","variance",40.9579455701642
"KY13","c(7, 15)","2020-08-25","2020-09-02","PRECTOTCORR","variance",229.377660878555
"KY14","c(7, 15)","2020-10-02","2020-10-10","PRECTOTCORR","variance",1.98758981642606
"KY15","c(7, 15)","2022-07-11","2022-07-19","PRECTOTCORR","variance",365.911603400791
"KY16","c(7, 15)","2022-08-22","2022-08-30","PRECTOTCORR","variance",49.3795294470224
"KY17","c(7, 15)","2022-10-01","2022-10-09","PRECTOTCORR","variance",0.000429234338747097
"KY18","c(7, 15)","2022-07-11","2022-07-19","PRECTOTCORR","variance",365.911603400791
"KY19","c(7, 15)","2022-08-25","2022-09-02","PRECTOTCORR","variance",50.3982644238207
"KY1","c(7, 15)","2023-07-04","2023-07-12","PRECTOTCORR","variance",10.134513104215
"KY20","c(7, 15)","2023-07-06","2023-07-14","PRECTOTCORR","variance",10.315085794771
"KY2","c(7, 15)","2023-08-06","2023-08-14","PRECTOTCORR","variance",70.6437866841755
"KY3","c(7, 15)","2023-09-18","2023-09-26","PRECTOTCORR","variance",14.2335978210662
"KY4","c(7, 15)","2023-07-06","2023-07-14","PRECTOTCORR","variance",10.315085794771
"KY5","c(7, 15)","2023-09-20","2023-09-28","PRECTOTCORR","variance",85.7659165742886
"KY6","c(7, 15)","2021-07-09","2021-07-17","PRECTOTCORR","variance",191.760889559164
"KY7","c(7, 15)","2021-08-21","2021-08-29","PRECTOTCORR","variance",17.0876632889706
"KY8","c(7, 15)","2021-10-21","2021-10-29","PRECTOTCORR","variance",54.7949327124688
"KY9","c(7, 15)","2021-06-29","2021-07-07","PRECTOTCORR","variance",365.771044238207
"KY10","c(7, 15)","2021-08-10","2021-08-18","RH2M","mean",81.256087962963
"KY11","c(7, 15)","2020-07-02","2020-07-10","RH2M","mean",76.1922916666667
"KY12","c(7, 15)","2020-08-11","2020-08-19","RH2M","mean",74.6462268518518
"KY13","c(7, 15)","2020-08-25","2020-09-02","RH2M","mean",78.0409259259259
"KY14","c(7, 15)","2020-10-02","2020-10-10","RH2M","mean",70.4797916666667
"KY15","c(7, 15)","2022-07-11","2022-07-19","RH2M","mean",70.2299537037037
"KY16","c(7, 15)","2022-08-22","2022-08-30","RH2M","mean",72.0661805555556
"KY17","c(7, 15)","2022-10-01","2022-10-09","RH2M","mean",55.4439583333333
"KY18","c(7, 15)","2022-07-11","2022-07-19","RH2M","mean",70.2299537037037
"KY19","c(7, 15)","2022-08-25","2022-09-02","RH2M","mean",69.6913425925926
"KY1","c(7, 15)","2023-07-04","2023-07-12","RH2M","mean",74.2739583333333
"KY20","c(7, 15)","2023-07-06","2023-07-14","RH2M","mean",73.4592592592593
"KY2","c(7, 15)","2023-08-06","2023-08-14","RH2M","mean",76.7444444444444
"KY3","c(7, 15)","2023-09-18","2023-09-26","RH2M","mean",60.7829166666667
"KY4","c(7, 15)","2023-07-06","2023-07-14","RH2M","mean",73.4592592592593
"KY5","c(7, 15)","2023-09-20","2023-09-28","RH2M","mean",64.1489583333333
"KY6","c(7, 15)","2021-07-09","2021-07-17","RH2M","mean",86.6765740740741
"KY7","c(7, 15)","2021-08-21","2021-08-29","RH2M","mean",69.1816898148148
"KY8","c(7, 15)","2021-10-21","2021-10-29","RH2M","mean",82.9862268518519
"KY9","c(7, 15)","2021-06-29","2021-07-07","RH2M","mean",78.8568287037037
"KY10","c(7, 15)","2021-08-10","2021-08-18","RH2M","maximum",100
"KY11","c(7, 15)","2020-07-02","2020-07-10","RH2M","maximum",98.86
"KY12","c(7, 15)","2020-08-11","2020-08-19","RH2M","maximum",100
"KY13","c(7, 15)","2020-08-25","2020-09-02","RH2M","maximum",100
"KY14","c(7, 15)","2020-10-02","2020-10-10","RH2M","maximum",100
"KY15","c(7, 15)","2022-07-11","2022-07-19","RH2M","maximum",100
"KY16","c(7, 15)","2022-08-22","2022-08-30","RH2M","maximum",100
"KY17","c(7, 15)","2022-10-01","2022-10-09","RH2M","maximum",100
"KY18","c(7, 15)","2022-07-11","2022-07-19","RH2M","maximum",100
"KY19","c(7, 15)","2022-08-25","2022-09-02","RH2M","maximum",100
"KY1","c(7, 15)","2023-07-04","2023-07-12","RH2M","maximum",100
"KY20","c(7, 15)","2023-07-06","2023-07-14","RH2M","maximum",100
"KY2","c(7, 15)","2023-08-06","2023-08-14","RH2M","maximum",100
"KY3","c(7, 15)","2023-09-18","2023-09-26","RH2M","maximum",100
"KY4","c(7, 15)","2023-07-06","2023-07-14","RH2M","maximum",100
"KY5","c(7, 15)","2023-09-20","2023-09-28","RH2M","maximum",100
"KY6","c(7, 15)","2021-07-09","2021-07-17","RH2M","maximum",100
"KY7","c(7, 15)","2021-08-21","2021-08-29","RH2M","maximum",99.59
"KY8","c(7, 15)","2021-10-21","2021-10-29","RH2M","maximum",100
"KY9","c(7, 15)","2021-06-29","2021-07-07","RH2M","maximum",100
"KY10","c(7, 15)","2021-08-10","2021-08-18","RH2M","minimum",46.42
"KY11","c(7, 15)","2020-07-02","2020-07-10","RH2M","minimum",53.97
"KY12","c(7, 15)","2020-08-11","2020-08-19","RH2M","minimum",33.14
"KY13","c(7, 15)","2020-08-25","2020-09-02","RH2M","minimum",37.32
"KY14","c(7, 15)","2020-10-02","2020-10-10","RH2M","minimum",31.86
"KY15","c(7, 15)","2022-07-11","2022-07-19","RH2M","minimum",32.63
"KY16","c(7, 15)","2022-08-22","2022-08-30","RH2M","minimum",38.32
"KY17","c(7, 15)","2022-10-01","2022-10-09","RH2M","minimum",17.83
"KY18","c(7, 15)","2022-07-11","2022-07-19","RH2M","minimum",32.63
"KY19","c(7, 15)","2022-08-25","2022-09-02","RH2M","minimum",35.47
"KY1","c(7, 15)","2023-07-04","2023-07-12","RH2M","minimum",40.61
"KY20","c(7, 15)","2023-07-06","2023-07-14","RH2M","minimum",40.61
"KY2","c(7, 15)","2023-08-06","2023-08-14","RH2M","minimum",37.28
"KY3","c(7, 15)","2023-09-18","2023-09-26","RH2M","minimum",22.82
"KY4","c(7, 15)","2023-07-06","2023-07-14","RH2M","minimum",40.61
"KY5","c(7, 15)","2023-09-20","2023-09-28","RH2M","minimum",22.82
"KY6","c(7, 15)","2021-07-09","2021-07-17","RH2M","minimum",56.75
"KY7","c(7, 15)","2021-08-21","2021-08-29","RH2M","minimum",39.4
"KY8","c(7, 15)","2021-10-21","2021-10-29","RH2M","minimum",40.72
"KY9","c(7, 15)","2021-06-29","2021-07-07","RH2M","minimum",46.92
"KY10","c(7, 15)","2021-08-10","2021-08-18","RH2M","variance",215.946243361154
"KY11","c(7, 15)","2020-07-02","2020-07-10","RH2M","variance",134.609504480858
"KY12","c(7, 15)","2020-08-11","2020-08-19","RH2M","variance",349.947255103871
"KY13","c(7, 15)","2020-08-25","2020-09-02","RH2M","variance",264.468567586148
"KY14","c(7, 15)","2020-10-02","2020-10-10","RH2M","variance",371.259759353248
"KY15","c(7, 15)","2022-07-11","2022-07-19","RH2M","variance",312.778681204348
"KY16","c(7, 15)","2022-08-22","2022-08-30","RH2M","variance",356.103143846675
"KY17","c(7, 15)","2022-10-01","2022-10-09","RH2M","variance",390.362875478538
"KY18","c(7, 15)","2022-07-11","2022-07-19","RH2M","variance",312.778681204348
"KY19","c(7, 15)","2022-08-25","2022-09-02","RH2M","variance",358.416561070293
"KY1","c(7, 15)","2023-07-04","2023-07-12","RH2M","variance",263.347465269722
"KY20","c(7, 15)","2023-07-06","2023-07-14","RH2M","variance",279.403487153046
"KY2","c(7, 15)","2023-08-06","2023-08-14","RH2M","variance",313.337976024749
"KY3","c(7, 15)","2023-09-18","2023-09-26","RH2M","variance",410.328286136891
"KY4","c(7, 15)","2023-07-06","2023-07-14","RH2M","variance",279.403487153046
"KY5","c(7, 15)","2023-09-20","2023-09-28","RH2M","variance",408.760175942576
"KY6","c(7, 15)","2021-07-09","2021-07-17","RH2M","variance",133.2355107416
"KY7","c(7, 15)","2021-08-21","2021-08-29","RH2M","variance",276.292601546253
"KY8","c(7, 15)","2021-10-21","2021-10-29","RH2M","variance",219.322388746563
"KY9","c(7, 15)","2021-06-29","2021-07-07","RH2M","variance",214.650805464789
"KY10","c(15, 30)","2021-07-26","2021-08-10","T2M","mean",24.3315234375
"KY11","c(15, 30)","2020-06-17","2020-07-02","T2M","mean",22.67328125
"KY12","c(15, 30)","2020-07-27","2020-08-11","T2M","mean",24.3221744791667
"KY13","c(15, 30)","2020-08-10","2020-08-25","T2M","mean",24.112890625
"KY14","c(15, 30)","2020-09-17","2020-10-02","T2M","mean",15.9532161458333
"KY15","c(15, 30)","2022-06-26","2022-07-11","T2M","mean",25.7499348958333
"KY16","c(15, 30)","2022-08-07","2022-08-22","T2M","mean",23.4355338541667
"KY17","c(15, 30)","2022-09-16","2022-10-01","T2M","mean",18.4758203125
"KY18","c(15, 30)","2022-06-26","2022-07-11","T2M","mean",25.7499348958333
"KY19","c(15, 30)","2022-08-10","2022-08-25","T2M","mean",23.0172395833333
"KY1","c(15, 30)","2023-06-19","2023-07-04","T2M","mean",22.8108984375
"KY20","c(15, 30)","2023-06-21","2023-07-06","T2M","mean",23.2698958333333
"KY2","c(15, 30)","2023-07-22","2023-08-06","T2M","mean",25.3834114583333
"KY3","c(15, 30)","2023-09-03","2023-09-18","T2M","mean",22.4455338541667
"KY4","c(15, 30)","2023-06-21","2023-07-06","T2M","mean",23.2698958333333
"KY5","c(15, 30)","2023-09-05","2023-09-20","T2M","mean",21.5331770833333
"KY6","c(15, 30)","2021-06-24","2021-07-09","T2M","mean",23.921875
"KY7","c(15, 30)","2021-08-06","2021-08-21","T2M","mean",24.6521223958333
"KY8","c(15, 30)","2021-10-06","2021-10-21","T2M","mean",18.0931119791667
"KY9","c(15, 30)","2021-06-14","2021-06-29","T2M","mean",22.9232161458333
"KY10","c(15, 30)","2021-07-26","2021-08-10","T2M","maximum",33.42
"KY11","c(15, 30)","2020-06-17","2020-07-02","T2M","maximum",29.38
"KY12","c(15, 30)","2020-07-27","2020-08-11","T2M","maximum",33.78
"KY13","c(15, 30)","2020-08-10","2020-08-25","T2M","maximum",33.88
"KY14","c(15, 30)","2020-09-17","2020-10-02","T2M","maximum",27.43
"KY15","c(15, 30)","2022-06-26","2022-07-11","T2M","maximum",34.98
"KY16","c(15, 30)","2022-08-07","2022-08-22","T2M","maximum",31.24
"KY17","c(15, 30)","2022-09-16","2022-10-01","T2M","maximum",34.41
"KY18","c(15, 30)","2022-06-26","2022-07-11","T2M","maximum",34.98
"KY19","c(15, 30)","2022-08-10","2022-08-25","T2M","maximum",31
"KY1","c(15, 30)","2023-06-19","2023-07-04","T2M","maximum",30.49
"KY20","c(15, 30)","2023-06-21","2023-07-06","T2M","maximum",30.66
"KY2","c(15, 30)","2023-07-22","2023-08-06","T2M","maximum",36.65
"KY3","c(15, 30)","2023-09-03","2023-09-18","T2M","maximum",34.04
"KY4","c(15, 30)","2023-06-21","2023-07-06","T2M","maximum",30.66
"KY5","c(15, 30)","2023-09-05","2023-09-20","T2M","maximum",33.42
"KY6","c(15, 30)","2021-06-24","2021-07-09","T2M","maximum",33.02
"KY7","c(15, 30)","2021-08-06","2021-08-21","T2M","maximum",33.25
"KY8","c(15, 30)","2021-10-06","2021-10-21","T2M","maximum",27.59
"KY9","c(15, 30)","2021-06-14","2021-06-29","T2M","maximum",33.02
"KY10","c(15, 30)","2021-07-26","2021-08-10","T2M","minimum",13.84
"KY11","c(15, 30)","2020-06-17","2020-07-02","T2M","minimum",12.84
"KY12","c(15, 30)","2020-07-27","2020-08-11","T2M","minimum",15.02
"KY13","c(15, 30)","2020-08-10","2020-08-25","T2M","minimum",14.1
"KY14","c(15, 30)","2020-09-17","2020-10-02","T2M","minimum",4.76
"KY15","c(15, 30)","2022-06-26","2022-07-11","T2M","minimum",14.29
"KY16","c(15, 30)","2022-08-07","2022-08-22","T2M","minimum",14.67
"KY17","c(15, 30)","2022-09-16","2022-10-01","T2M","minimum",4.53
"KY18","c(15, 30)","2022-06-26","2022-07-11","T2M","minimum",14.29
"KY19","c(15, 30)","2022-08-10","2022-08-25","T2M","minimum",14.67
"KY1","c(15, 30)","2023-06-19","2023-07-04","T2M","minimum",14.25
"KY20","c(15, 30)","2023-06-21","2023-07-06","T2M","minimum",14.25
"KY2","c(15, 30)","2023-07-22","2023-08-06","T2M","minimum",15.21
"KY3","c(15, 30)","2023-09-03","2023-09-18","T2M","minimum",11.02
"KY4","c(15, 30)","2023-06-21","2023-07-06","T2M","minimum",14.25
"KY5","c(15, 30)","2023-09-05","2023-09-20","T2M","minimum",11.02
"KY6","c(15, 30)","2021-06-24","2021-07-09","T2M","minimum",13.4
"KY7","c(15, 30)","2021-08-06","2021-08-21","T2M","minimum",17.37
"KY8","c(15, 30)","2021-10-06","2021-10-21","T2M","minimum",4.32
"KY9","c(15, 30)","2021-06-14","2021-06-29","T2M","minimum",9.84
"KY10","c(15, 30)","2021-07-26","2021-08-10","T2M","prop. max",0.333333333333333
"KY11","c(15, 30)","2020-06-17","2020-07-02","T2M","prop. max",0
"KY12","c(15, 30)","2020-07-27","2020-08-11","T2M","prop. max",0.2
"KY13","c(15, 30)","2020-08-10","2020-08-25","T2M","prop. max",0.2
"KY14","c(15, 30)","2020-09-17","2020-10-02","T2M","prop. max",0
"KY15","c(15, 30)","2022-06-26","2022-07-11","T2M","prop. max",0.6
"KY16","c(15, 30)","2022-08-07","2022-08-22","T2M","prop. max",0
"KY17","c(15, 30)","2022-09-16","2022-10-01","T2M","prop. max",0.133333333333333
"KY18","c(15, 30)","2022-06-26","2022-07-11","T2M","prop. max",0.6
"KY19","c(15, 30)","2022-08-10","2022-08-25","T2M","prop. max",0
"KY1","c(15, 30)","2023-06-19","2023-07-04","T2M","prop. max",0
"KY20","c(15, 30)","2023-06-21","2023-07-06","T2M","prop. max",0
"KY2","c(15, 30)","2023-07-22","2023-08-06","T2M","prop. max",0.533333333333333
"KY3","c(15, 30)","2023-09-03","2023-09-18","T2M","prop. max",0.266666666666667
"KY4","c(15, 30)","2023-06-21","2023-07-06","T2M","prop. max",0
"KY5","c(15, 30)","2023-09-05","2023-09-20","T2M","prop. max",0.133333333333333
"KY6","c(15, 30)","2021-06-24","2021-07-09","T2M","prop. max",0.2
"KY7","c(15, 30)","2021-08-06","2021-08-21","T2M","prop. max",0.2
"KY8","c(15, 30)","2021-10-06","2021-10-21","T2M","prop. max",0
"KY9","c(15, 30)","2021-06-14","2021-06-29","T2M","prop. max",0.133333333333333
"KY10","c(15, 30)","2021-07-26","2021-08-10","T2M","prop. min",0
"KY11","c(15, 30)","2020-06-17","2020-07-02","T2M","prop. min",0
"KY12","c(15, 30)","2020-07-27","2020-08-11","T2M","prop. min",0
"KY13","c(15, 30)","2020-08-10","2020-08-25","T2M","prop. min",0
"KY14","c(15, 30)","2020-09-17","2020-10-02","T2M","prop. min",0.0666666666666667
"KY15","c(15, 30)","2022-06-26","2022-07-11","T2M","prop. min",0
"KY16","c(15, 30)","2022-08-07","2022-08-22","T2M","prop. min",0
"KY17","c(15, 30)","2022-09-16","2022-10-01","T2M","prop. min",0.0666666666666667
"KY18","c(15, 30)","2022-06-26","2022-07-11","T2M","prop. min",0
"KY19","c(15, 30)","2022-08-10","2022-08-25","T2M","prop. min",0
"KY1","c(15, 30)","2023-06-19","2023-07-04","T2M","prop. min",0
"KY20","c(15, 30)","2023-06-21","2023-07-06","T2M","prop. min",0
"KY2","c(15, 30)","2023-07-22","2023-08-06","T2M","prop. min",0
"KY3","c(15, 30)","2023-09-03","2023-09-18","T2M","prop. min",0
"KY4","c(15, 30)","2023-06-21","2023-07-06","T2M","prop. min",0
"KY5","c(15, 30)","2023-09-05","2023-09-20","T2M","prop. min",0
"KY6","c(15, 30)","2021-06-24","2021-07-09","T2M","prop. min",0
"KY7","c(15, 30)","2021-08-06","2021-08-21","T2M","prop. min",0
"KY8","c(15, 30)","2021-10-06","2021-10-21","T2M","prop. min",0.0666666666666667
"KY9","c(15, 30)","2021-06-14","2021-06-29","T2M","prop. min",0
"KY10","c(15, 30)","2021-07-26","2021-08-10","T2M","variance",19.8302442210928
"KY11","c(15, 30)","2020-06-17","2020-07-02","T2M","variance",13.1185334175359
"KY12","c(15, 30)","2020-07-27","2020-08-11","T2M","variance",17.5831933098042
"KY13","c(15, 30)","2020-08-10","2020-08-25","T2M","variance",18.0783107989733
"KY14","c(15, 30)","2020-09-17","2020-10-02","T2M","variance",25.8929952491784
"KY15","c(15, 30)","2022-06-26","2022-07-11","T2M","variance",21.8780697480375
"KY16","c(15, 30)","2022-08-07","2022-08-22","T2M","variance",15.4134041474834
"KY17","c(15, 30)","2022-09-16","2022-10-01","T2M","variance",46.6990488698867
"KY18","c(15, 30)","2022-06-26","2022-07-11","T2M","variance",21.8780697480375
"KY19","c(15, 30)","2022-08-10","2022-08-25","T2M","variance",15.8666838955889
"KY1","c(15, 30)","2023-06-19","2023-07-04","T2M","variance",14.1350478227877
"KY20","c(15, 30)","2023-06-21","2023-07-06","T2M","variance",14.94525240113
"KY2","c(15, 30)","2023-07-22","2023-08-06","T2M","variance",21.8664751785908
"KY3","c(15, 30)","2023-09-03","2023-09-18","T2M","variance",28.3601673808602
"KY4","c(15, 30)","2023-06-21","2023-07-06","T2M","variance",14.94525240113
"KY5","c(15, 30)","2023-09-05","2023-09-20","T2M","variance",28.0323189672968
"KY6","c(15, 30)","2021-06-24","2021-07-09","T2M","variance",17.6566606258149
"KY7","c(15, 30)","2021-08-06","2021-08-21","T2M","variance",13.8557927516229
"KY8","c(15, 30)","2021-10-06","2021-10-21","T2M","variance",27.4703951269489
"KY9","c(15, 30)","2021-06-14","2021-06-29","T2M","variance",22.6781876872488
"KY10","c(15, 30)","2021-07-26","2021-08-10","PRECTOTCORR","mean",3.23640625
"KY11","c(15, 30)","2020-06-17","2020-07-02","PRECTOTCORR","mean",5.75255208333333
"KY12","c(15, 30)","2020-07-27","2020-08-11","PRECTOTCORR","mean",4.17223958333334
"KY13","c(15, 30)","2020-08-10","2020-08-25","PRECTOTCORR","mean",2.8418359375
"KY14","c(15, 30)","2020-09-17","2020-10-02","PRECTOTCORR","mean",1.12696614583333
"KY15","c(15, 30)","2022-06-26","2022-07-11","PRECTOTCORR","mean",4.3170703125
"KY16","c(15, 30)","2022-08-07","2022-08-22","PRECTOTCORR","mean",2.55915364583334
"KY17","c(15, 30)","2022-09-16","2022-10-01","PRECTOTCORR","mean",0.229140625
"KY18","c(15, 30)","2022-06-26","2022-07-11","PRECTOTCORR","mean",4.3170703125
"KY19","c(15, 30)","2022-08-10","2022-08-25","PRECTOTCORR","mean",1.89223958333333
"KY1","c(15, 30)","2023-06-19","2023-07-04","PRECTOTCORR","mean",7.62897135416667
"KY20","c(15, 30)","2023-06-21","2023-07-06","PRECTOTCORR","mean",6.42799479166667
"KY2","c(15, 30)","2023-07-22","2023-08-06","PRECTOTCORR","mean",2.3555078125
"KY3","c(15, 30)","2023-09-03","2023-09-18","PRECTOTCORR","mean",0.800403645833334
"KY4","c(15, 30)","2023-06-21","2023-07-06","PRECTOTCORR","mean",6.42799479166667
"KY5","c(15, 30)","2023-09-05","2023-09-20","PRECTOTCORR","mean",0.800481770833334
"KY6","c(15, 30)","2021-06-24","2021-07-09","PRECTOTCORR","mean",3.96325520833333
"KY7","c(15, 30)","2021-08-06","2021-08-21","PRECTOTCORR","mean",4.87385416666667
"KY8","c(15, 30)","2021-10-06","2021-10-21","PRECTOTCORR","mean",3.62154947916666
"KY9","c(15, 30)","2021-06-14","2021-06-29","PRECTOTCORR","mean",2.02686197916667
"KY10","c(15, 30)","2021-07-26","2021-08-10","PRECTOTCORR","maximum",301.9
"KY11","c(15, 30)","2020-06-17","2020-07-02","PRECTOTCORR","maximum",121.04
"KY12","c(15, 30)","2020-07-27","2020-08-11","PRECTOTCORR","maximum",158.82
"KY13","c(15, 30)","2020-08-10","2020-08-25","PRECTOTCORR","maximum",66.1
"KY14","c(15, 30)","2020-09-17","2020-10-02","PRECTOTCORR","maximum",117.25
"KY15","c(15, 30)","2022-06-26","2022-07-11","PRECTOTCORR","maximum",87.14
"KY16","c(15, 30)","2022-08-07","2022-08-22","PRECTOTCORR","maximum",48.12
"KY17","c(15, 30)","2022-09-16","2022-10-01","PRECTOTCORR","maximum",12.06
"KY18","c(15, 30)","2022-06-26","2022-07-11","PRECTOTCORR","maximum",87.14
"KY19","c(15, 30)","2022-08-10","2022-08-25","PRECTOTCORR","maximum",48.12
"KY1","c(15, 30)","2023-06-19","2023-07-04","PRECTOTCORR","maximum",263.75
"KY20","c(15, 30)","2023-06-21","2023-07-06","PRECTOTCORR","maximum",263.75
"KY2","c(15, 30)","2023-07-22","2023-08-06","PRECTOTCORR","maximum",84.23
"KY3","c(15, 30)","2023-09-03","2023-09-18","PRECTOTCORR","maximum",45.3
"KY4","c(15, 30)","2023-06-21","2023-07-06","PRECTOTCORR","maximum",263.75
"KY5","c(15, 30)","2023-09-05","2023-09-20","PRECTOTCORR","maximum",45.3
"KY6","c(15, 30)","2021-06-24","2021-07-09","PRECTOTCORR","maximum",171.3
"KY7","c(15, 30)","2021-08-06","2021-08-21","PRECTOTCORR","maximum",155.53
"KY8","c(15, 30)","2021-10-06","2021-10-21","PRECTOTCORR","maximum",89.69
"KY9","c(15, 30)","2021-06-14","2021-06-29","PRECTOTCORR","maximum",147.2
"KY10","c(15, 30)","2021-07-26","2021-08-10","PRECTOTCORR","minimum",0
"KY11","c(15, 30)","2020-06-17","2020-07-02","PRECTOTCORR","minimum",0
"KY12","c(15, 30)","2020-07-27","2020-08-11","PRECTOTCORR","minimum",0
"KY13","c(15, 30)","2020-08-10","2020-08-25","PRECTOTCORR","minimum",0
"KY14","c(15, 30)","2020-09-17","2020-10-02","PRECTOTCORR","minimum",0
"KY15","c(15, 30)","2022-06-26","2022-07-11","PRECTOTCORR","minimum",0
"KY16","c(15, 30)","2022-08-07","2022-08-22","PRECTOTCORR","minimum",0
"KY17","c(15, 30)","2022-09-16","2022-10-01","PRECTOTCORR","minimum",0
"KY18","c(15, 30)","2022-06-26","2022-07-11","PRECTOTCORR","minimum",0
"KY19","c(15, 30)","2022-08-10","2022-08-25","PRECTOTCORR","minimum",0
"KY1","c(15, 30)","2023-06-19","2023-07-04","PRECTOTCORR","minimum",0
"KY20","c(15, 30)","2023-06-21","2023-07-06","PRECTOTCORR","minimum",0
"KY2","c(15, 30)","2023-07-22","2023-08-06","PRECTOTCORR","minimum",0
"KY3","c(15, 30)","2023-09-03","2023-09-18","PRECTOTCORR","minimum",0
"KY4","c(15, 30)","2023-06-21","2023-07-06","PRECTOTCORR","minimum",0
"KY5","c(15, 30)","2023-09-05","2023-09-20","PRECTOTCORR","minimum",0
"KY6","c(15, 30)","2021-06-24","2021-07-09","PRECTOTCORR","minimum",0
"KY7","c(15, 30)","2021-08-06","2021-08-21","PRECTOTCORR","minimum",0
"KY8","c(15, 30)","2021-10-06","2021-10-21","PRECTOTCORR","minimum",0
"KY9","c(15, 30)","2021-06-14","2021-06-29","PRECTOTCORR","minimum",0
"KY10","c(15, 30)","2021-07-26","2021-08-10","PRECTOTCORR","variance",321.17050910202
"KY11","c(15, 30)","2020-06-17","2020-07-02","PRECTOTCORR","variance",164.143454495329
"KY12","c(15, 30)","2020-07-27","2020-08-11","PRECTOTCORR","variance",162.457939175904
"KY13","c(15, 30)","2020-08-10","2020-08-25","PRECTOTCORR","variance",36.3978987109887
"KY14","c(15, 30)","2020-09-17","2020-10-02","PRECTOTCORR","variance",52.9218803534811
"KY15","c(15, 30)","2022-06-26","2022-07-11","PRECTOTCORR","variance",83.6104168294693
"KY16","c(15, 30)","2022-08-07","2022-08-22","PRECTOTCORR","variance",36.0264460884873
"KY17","c(15, 30)","2022-09-16","2022-10-01","PRECTOTCORR","variance",1.05674319793025
"KY18","c(15, 30)","2022-06-26","2022-07-11","PRECTOTCORR","variance",83.6104168294693
"KY19","c(15, 30)","2022-08-10","2022-08-25","PRECTOTCORR","variance",32.375797324533
"KY1","c(15, 30)","2023-06-19","2023-07-04","PRECTOTCORR","variance",347.518897636726
"KY20","c(15, 30)","2023-06-21","2023-07-06","PRECTOTCORR","variance",325.333745908708
"KY2","c(15, 30)","2023-07-22","2023-08-06","PRECTOTCORR","variance",47.8242599764712
"KY3","c(15, 30)","2023-09-03","2023-09-18","PRECTOTCORR","variance",11.4547133961796
"KY4","c(15, 30)","2023-06-21","2023-07-06","PRECTOTCORR","variance",325.333745908708
"KY5","c(15, 30)","2023-09-05","2023-09-20","PRECTOTCORR","variance",11.4545897284809
"KY6","c(15, 30)","2021-06-24","2021-07-09","PRECTOTCORR","variance",216.898281697494
"KY7","c(15, 30)","2021-08-06","2021-08-21","PRECTOTCORR","variance",125.423755921338
"KY8","c(15, 30)","2021-10-06","2021-10-21","PRECTOTCORR","variance",100.707443619451
"KY9","c(15, 30)","2021-06-14","2021-06-29","PRECTOTCORR","variance",113.865929514171
"KY10","c(15, 30)","2021-07-26","2021-08-10","RH2M","mean",71.0686197916667
"KY11","c(15, 30)","2020-06-17","2020-07-02","RH2M","mean",83.1338411458333
"KY12","c(15, 30)","2020-07-27","2020-08-11","RH2M","mean",75.7420703125
"KY13","c(15, 30)","2020-08-10","2020-08-25","RH2M","mean",74.0837630208333
"KY14","c(15, 30)","2020-09-17","2020-10-02","RH2M","mean",73.39734375
"KY15","c(15, 30)","2022-06-26","2022-07-11","RH2M","mean",69.7267447916667
"KY16","c(15, 30)","2022-08-07","2022-08-22","RH2M","mean",78.8415234375
"KY17","c(15, 30)","2022-09-16","2022-10-01","RH2M","mean",62.7226822916667
"KY18","c(15, 30)","2022-06-26","2022-07-11","RH2M","mean",69.7267447916667
"KY19","c(15, 30)","2022-08-10","2022-08-25","RH2M","mean",75.8010286458333
"KY1","c(15, 30)","2023-06-19","2023-07-04","RH2M","mean",79.9188671875
"KY20","c(15, 30)","2023-06-21","2023-07-06","RH2M","mean",79.1540625
"KY2","c(15, 30)","2023-07-22","2023-08-06","RH2M","mean",67.8332161458333
"KY3","c(15, 30)","2023-09-03","2023-09-18","RH2M","mean",64.3993880208333
"KY4","c(15, 30)","2023-06-21","2023-07-06","RH2M","mean",79.1540625
"KY5","c(15, 30)","2023-09-05","2023-09-20","RH2M","mean",64.3583854166667
"KY6","c(15, 30)","2021-06-24","2021-07-09","RH2M","mean",78.5334114583333
"KY7","c(15, 30)","2021-08-06","2021-08-21","RH2M","mean",77.6896744791667
"KY8","c(15, 30)","2021-10-06","2021-10-21","RH2M","mean",81.044765625
"KY9","c(15, 30)","2021-06-14","2021-06-29","RH2M","mean",76.6993098958333
"KY10","c(15, 30)","2021-07-26","2021-08-10","RH2M","maximum",98.76
"KY11","c(15, 30)","2020-06-17","2020-07-02","RH2M","maximum",100
"KY12","c(15, 30)","2020-07-27","2020-08-11","RH2M","maximum",100
"KY13","c(15, 30)","2020-08-10","2020-08-25","RH2M","maximum",100
"KY14","c(15, 30)","2020-09-17","2020-10-02","RH2M","maximum",100
"KY15","c(15, 30)","2022-06-26","2022-07-11","RH2M","maximum",99.36
"KY16","c(15, 30)","2022-08-07","2022-08-22","RH2M","maximum",100
"KY17","c(15, 30)","2022-09-16","2022-10-01","RH2M","maximum",100
"KY18","c(15, 30)","2022-06-26","2022-07-11","RH2M","maximum",99.36
"KY19","c(15, 30)","2022-08-10","2022-08-25","RH2M","maximum",100
"KY1","c(15, 30)","2023-06-19","2023-07-04","RH2M","maximum",100
"KY20","c(15, 30)","2023-06-21","2023-07-06","RH2M","maximum",100
"KY2","c(15, 30)","2023-07-22","2023-08-06","RH2M","maximum",99.44
"KY3","c(15, 30)","2023-09-03","2023-09-18","RH2M","maximum",100
"KY4","c(15, 30)","2023-06-21","2023-07-06","RH2M","maximum",100
"KY5","c(15, 30)","2023-09-05","2023-09-20","RH2M","maximum",100
"KY6","c(15, 30)","2021-06-24","2021-07-09","RH2M","maximum",100
"KY7","c(15, 30)","2021-08-06","2021-08-21","RH2M","maximum",100
"KY8","c(15, 30)","2021-10-06","2021-10-21","RH2M","maximum",100
"KY9","c(15, 30)","2021-06-14","2021-06-29","RH2M","maximum",100
"KY10","c(15, 30)","2021-07-26","2021-08-10","RH2M","minimum",36.3
"KY11","c(15, 30)","2020-06-17","2020-07-02","RH2M","minimum",50.47
"KY12","c(15, 30)","2020-07-27","2020-08-11","RH2M","minimum",31.08
"KY13","c(15, 30)","2020-08-10","2020-08-25","RH2M","minimum",33.14
"KY14","c(15, 30)","2020-09-17","2020-10-02","RH2M","minimum",31.44
"KY15","c(15, 30)","2022-06-26","2022-07-11","RH2M","minimum",25.25
"KY16","c(15, 30)","2022-08-07","2022-08-22","RH2M","minimum",42.78
"KY17","c(15, 30)","2022-09-16","2022-10-01","RH2M","minimum",21.86
"KY18","c(15, 30)","2022-06-26","2022-07-11","RH2M","minimum",25.25
"KY19","c(15, 30)","2022-08-10","2022-08-25","RH2M","minimum",38.32
"KY1","c(15, 30)","2023-06-19","2023-07-04","RH2M","minimum",38.07
"KY20","c(15, 30)","2023-06-21","2023-07-06","RH2M","minimum",38.07
"KY2","c(15, 30)","2023-07-22","2023-08-06","RH2M","minimum",33.77
"KY3","c(15, 30)","2023-09-03","2023-09-18","RH2M","minimum",23.42
"KY4","c(15, 30)","2023-06-21","2023-07-06","RH2M","minimum",38.07
"KY5","c(15, 30)","2023-09-05","2023-09-20","RH2M","minimum",23.42
"KY6","c(15, 30)","2021-06-24","2021-07-09","RH2M","minimum",46.92
"KY7","c(15, 30)","2021-08-06","2021-08-21","RH2M","minimum",41.37
"KY8","c(15, 30)","2021-10-06","2021-10-21","RH2M","minimum",38.98
"KY9","c(15, 30)","2021-06-14","2021-06-29","RH2M","minimum",46.24
"KY10","c(15, 30)","2021-07-26","2021-08-10","RH2M","variance",305.878409305057
"KY11","c(15, 30)","2020-06-17","2020-07-02","RH2M","variance",180.020005174211
"KY12","c(15, 30)","2020-07-27","2020-08-11","RH2M","variance",311.247245903785
"KY13","c(15, 30)","2020-08-10","2020-08-25","RH2M","variance",316.849375521342
"KY14","c(15, 30)","2020-09-17","2020-10-02","RH2M","variance",359.332639871251
"KY15","c(15, 30)","2022-06-26","2022-07-11","RH2M","variance",385.758911162945
"KY16","c(15, 30)","2022-08-07","2022-08-22","RH2M","variance",286.203874729567
"KY17","c(15, 30)","2022-09-16","2022-10-01","RH2M","variance",420.287287711185
"KY18","c(15, 30)","2022-06-26","2022-07-11","RH2M","variance",385.758911162945
"KY19","c(15, 30)","2022-08-10","2022-08-25","RH2M","variance",323.115110413781
"KY1","c(15, 30)","2023-06-19","2023-07-04","RH2M","variance",248.587392587292
"KY20","c(15, 30)","2023-06-21","2023-07-06","RH2M","variance",246.282973044328
"KY2","c(15, 30)","2023-07-22","2023-08-06","RH2M","variance",316.895939968866
"KY3","c(15, 30)","2023-09-03","2023-09-18","RH2M","variance",412.157599755371
"KY4","c(15, 30)","2023-06-21","2023-07-06","RH2M","variance",246.282973044328
"KY5","c(15, 30)","2023-09-05","2023-09-20","RH2M","variance",421.283514469252
"KY6","c(15, 30)","2021-06-24","2021-07-09","RH2M","variance",212.714812597104
"KY7","c(15, 30)","2021-08-06","2021-08-21","RH2M","variance",253.024041484511
"KY8","c(15, 30)","2021-10-06","2021-10-21","RH2M","variance",260.567722500407
"KY9","c(15, 30)","2021-06-14","2021-06-29","RH2M","variance",231.035633030306
"KY10","c(30, 60)","2021-06-26","2021-07-26","T2M","mean",23.8590255376344
"KY11","c(30, 60)","2020-05-18","2020-06-17","T2M","mean",20.7228993055556
"KY12","c(30, 60)","2020-06-27","2020-07-27","T2M","mean",25.250376344086
"KY13","c(30, 60)","2020-07-11","2020-08-10","T2M","mean",24.8688844086021
"KY14","c(30, 60)","2020-08-18","2020-09-17","T2M","mean",23.0574865591398
"KY15","c(30, 60)","2022-05-27","2022-06-26","T2M","mean",22.7834206989247
"KY16","c(30, 60)","2022-07-08","2022-08-07","T2M","mean",25.4072647849462
"KY17","c(30, 60)","2022-08-17","2022-09-16","T2M","mean",22.726875
"KY18","c(30, 60)","2022-05-27","2022-06-26","T2M","mean",22.7834206989247
"KY19","c(30, 60)","2022-07-11","2022-08-10","T2M","mean",25.505497311828
"KY1","c(30, 60)","2023-05-20","2023-06-19","T2M","mean",19.8710080645161
"KY20","c(30, 60)","2023-05-22","2023-06-21","T2M","mean",20.1523185483871
"KY2","c(30, 60)","2023-06-22","2023-07-22","T2M","mean",23.9614045698925
"KY3","c(30, 60)","2023-08-04","2023-09-03","T2M","mean",24.6730241935484
"KY4","c(30, 60)","2023-05-22","2023-06-21","T2M","mean",20.1523185483871
"KY5","c(30, 60)","2023-08-06","2023-09-05","T2M","mean",24.7184879032258
"KY6","c(30, 60)","2021-05-25","2021-06-24","T2M","mean",21.121310483871
"KY7","c(30, 60)","2021-07-07","2021-08-06","T2M","mean",23.8061290322581
"KY8","c(30, 60)","2021-09-06","2021-10-06","T2M","mean",20.3301075268817
"KY9","c(30, 60)","2021-05-15","2021-06-14","T2M","mean",20.6003360215054
"KY10","c(30, 60)","2021-06-26","2021-07-26","T2M","maximum",33.02
"KY11","c(30, 60)","2020-05-18","2020-06-17","T2M","maximum",29.95
"KY12","c(30, 60)","2020-06-27","2020-07-27","T2M","maximum",33.1
"KY13","c(30, 60)","2020-07-11","2020-08-10","T2M","maximum",33.78
"KY14","c(30, 60)","2020-08-18","2020-09-17","T2M","maximum",34.12
"KY15","c(30, 60)","2022-05-27","2022-06-26","T2M","maximum",34.71
"KY16","c(30, 60)","2022-07-08","2022-08-07","T2M","maximum",34.98
"KY17","c(30, 60)","2022-08-17","2022-09-16","T2M","maximum",34.03
"KY18","c(30, 60)","2022-05-27","2022-06-26","T2M","maximum",34.71
"KY19","c(30, 60)","2022-07-11","2022-08-10","T2M","maximum",34.98
"KY1","c(30, 60)","2023-05-20","2023-06-19","T2M","maximum",31.83
"KY20","c(30, 60)","2023-05-22","2023-06-21","T2M","maximum",31.83
"KY2","c(30, 60)","2023-06-22","2023-07-22","T2M","maximum",33.32
"KY3","c(30, 60)","2023-08-04","2023-09-03","T2M","maximum",36.03
"KY4","c(30, 60)","2023-05-22","2023-06-21","T2M","maximum",31.83
"KY5","c(30, 60)","2023-08-06","2023-09-05","T2M","maximum",36.03
"KY6","c(30, 60)","2021-05-25","2021-06-24","T2M","maximum",29.59
"KY7","c(30, 60)","2021-07-07","2021-08-06","T2M","maximum",33.42
"KY8","c(30, 60)","2021-09-06","2021-10-06","T2M","maximum",31.69
"KY9","c(30, 60)","2021-05-15","2021-06-14","T2M","maximum",29.66
"KY10","c(30, 60)","2021-06-26","2021-07-26","T2M","minimum",13.4
"KY11","c(30, 60)","2020-05-18","2020-06-17","T2M","minimum",7.25
"KY12","c(30, 60)","2020-06-27","2020-07-27","T2M","minimum",16.08
"KY13","c(30, 60)","2020-07-11","2020-08-10","T2M","minimum",15.02
"KY14","c(30, 60)","2020-08-18","2020-09-17","T2M","minimum",11.68
"KY15","c(30, 60)","2022-05-27","2022-06-26","T2M","minimum",10.56
"KY16","c(30, 60)","2022-07-08","2022-08-07","T2M","minimum",16.6
"KY17","c(30, 60)","2022-08-17","2022-09-16","T2M","minimum",11.27
"KY18","c(30, 60)","2022-05-27","2022-06-26","T2M","minimum",10.56
"KY19","c(30, 60)","2022-07-11","2022-08-10","T2M","minimum",16.6
"KY1","c(30, 60)","2023-05-20","2023-06-19","T2M","minimum",7.8
"KY20","c(30, 60)","2023-05-22","2023-06-21","T2M","minimum",8.06
"KY2","c(30, 60)","2023-06-22","2023-07-22","T2M","minimum",14.25
"KY3","c(30, 60)","2023-08-04","2023-09-03","T2M","minimum",11.59
"KY4","c(30, 60)","2023-05-22","2023-06-21","T2M","minimum",8.06
"KY5","c(30, 60)","2023-08-06","2023-09-05","T2M","minimum",11.59
"KY6","c(30, 60)","2021-05-25","2021-06-24","T2M","minimum",4.75
"KY7","c(30, 60)","2021-07-07","2021-08-06","T2M","minimum",13.84
"KY8","c(30, 60)","2021-09-06","2021-10-06","T2M","minimum",6.89
"KY9","c(30, 60)","2021-05-15","2021-06-14","T2M","minimum",4.75
"KY10","c(30, 60)","2021-06-26","2021-07-26","T2M","prop. max",0.133333333333333
"KY11","c(30, 60)","2020-05-18","2020-06-17","T2M","prop. max",0
"KY12","c(30, 60)","2020-06-27","2020-07-27","T2M","prop. max",0.2
"KY13","c(30, 60)","2020-07-11","2020-08-10","T2M","prop. max",0.233333333333333
"KY14","c(30, 60)","2020-08-18","2020-09-17","T2M","prop. max",0.1
"KY15","c(30, 60)","2022-05-27","2022-06-26","T2M","prop. max",0.266666666666667
"KY16","c(30, 60)","2022-07-08","2022-08-07","T2M","prop. max",0.3
"KY17","c(30, 60)","2022-08-17","2022-09-16","T2M","prop. max",0.1
"KY18","c(30, 60)","2022-05-27","2022-06-26","T2M","prop. max",0.266666666666667
"KY19","c(30, 60)","2022-07-11","2022-08-10","T2M","prop. max",0.3
"KY1","c(30, 60)","2023-05-20","2023-06-19","T2M","prop. max",0
"KY20","c(30, 60)","2023-05-22","2023-06-21","T2M","prop. max",0
"KY2","c(30, 60)","2023-06-22","2023-07-22","T2M","prop. max",0.0333333333333333
"KY3","c(30, 60)","2023-08-04","2023-09-03","T2M","prop. max",0.433333333333333
"KY4","c(30, 60)","2023-05-22","2023-06-21","T2M","prop. max",0
"KY5","c(30, 60)","2023-08-06","2023-09-05","T2M","prop. max",0.433333333333333
"KY6","c(30, 60)","2021-05-25","2021-06-24","T2M","prop. max",0
"KY7","c(30, 60)","2021-07-07","2021-08-06","T2M","prop. max",0.133333333333333
"KY8","c(30, 60)","2021-09-06","2021-10-06","T2M","prop. max",0
"KY9","c(30, 60)","2021-05-15","2021-06-14","T2M","prop. max",0
"KY10","c(30, 60)","2021-06-26","2021-07-26","T2M","prop. min",0
"KY11","c(30, 60)","2020-05-18","2020-06-17","T2M","prop. min",0
"KY12","c(30, 60)","2020-06-27","2020-07-27","T2M","prop. min",0
"KY13","c(30, 60)","2020-07-11","2020-08-10","T2M","prop. min",0
"KY14","c(30, 60)","2020-08-18","2020-09-17","T2M","prop. min",0
"KY15","c(30, 60)","2022-05-27","2022-06-26","T2M","prop. min",0
"KY16","c(30, 60)","2022-07-08","2022-08-07","T2M","prop. min",0
"KY17","c(30, 60)","2022-08-17","2022-09-16","T2M","prop. min",0
"KY18","c(30, 60)","2022-05-27","2022-06-26","T2M","prop. min",0
"KY19","c(30, 60)","2022-07-11","2022-08-10","T2M","prop. min",0
"KY1","c(30, 60)","2023-05-20","2023-06-19","T2M","prop. min",0
"KY20","c(30, 60)","2023-05-22","2023-06-21","T2M","prop. min",0
"KY2","c(30, 60)","2023-06-22","2023-07-22","T2M","prop. min",0
"KY3","c(30, 60)","2023-08-04","2023-09-03","T2M","prop. min",0
"KY4","c(30, 60)","2023-05-22","2023-06-21","T2M","prop. min",0
"KY5","c(30, 60)","2023-08-06","2023-09-05","T2M","prop. min",0
"KY6","c(30, 60)","2021-05-25","2021-06-24","T2M","prop. min",0.0333333333333333
"KY7","c(30, 60)","2021-07-07","2021-08-06","T2M","prop. min",0
"KY8","c(30, 60)","2021-09-06","2021-10-06","T2M","prop. min",0
"KY9","c(30, 60)","2021-05-15","2021-06-14","T2M","prop. min",0.0333333333333333
"KY10","c(30, 60)","2021-06-26","2021-07-26","T2M","variance",14.8183040262472
"KY11","c(30, 60)","2020-05-18","2020-06-17","T2M","variance",21.3068993191307
"KY12","c(30, 60)","2020-06-27","2020-07-27","T2M","variance",13.8835960922981
"KY13","c(30, 60)","2020-07-11","2020-08-10","T2M","variance",17.3560382973223
"KY14","c(30, 60)","2020-08-18","2020-09-17","T2M","variance",20.0677760589988
"KY15","c(30, 60)","2022-05-27","2022-06-26","T2M","variance",26.0480978403783
"KY16","c(30, 60)","2022-07-08","2022-08-07","T2M","variance",14.1765457751679
"KY17","c(30, 60)","2022-08-17","2022-09-16","T2M","variance",21.3085979614996
"KY18","c(30, 60)","2022-05-27","2022-06-26","T2M","variance",26.0480978403783
"KY19","c(30, 60)","2022-07-11","2022-08-10","T2M","variance",13.9877358654938
"KY1","c(30, 60)","2023-05-20","2023-06-19","T2M","variance",29.1258254794238
"KY20","c(30, 60)","2023-05-22","2023-06-21","T2M","variance",27.8481079361184
"KY2","c(30, 60)","2023-06-22","2023-07-22","T2M","variance",14.111617057464
"KY3","c(30, 60)","2023-08-04","2023-09-03","T2M","variance",25.2605677142764
"KY4","c(30, 60)","2023-05-22","2023-06-21","T2M","variance",27.8481079361184
"KY5","c(30, 60)","2023-08-06","2023-09-05","T2M","variance",25.1171727624628
"KY6","c(30, 60)","2021-05-25","2021-06-24","T2M","variance",24.2958573937838
"KY7","c(30, 60)","2021-07-07","2021-08-06","T2M","variance",15.9241020196542
"KY8","c(30, 60)","2021-09-06","2021-10-06","T2M","variance",25.1120418176164
"KY9","c(30, 60)","2021-05-15","2021-06-14","T2M","variance",25.1637807881569
"KY10","c(30, 60)","2021-06-26","2021-07-26","PRECTOTCORR","mean",4.209375
"KY11","c(30, 60)","2020-05-18","2020-06-17","PRECTOTCORR","mean",2.85642361111111
"KY12","c(30, 60)","2020-06-27","2020-07-27","PRECTOTCORR","mean",3.20174731182796
"KY13","c(30, 60)","2020-07-11","2020-08-10","PRECTOTCORR","mean",3.11270161290323
"KY14","c(30, 60)","2020-08-18","2020-09-17","PRECTOTCORR","mean",4.89485887096774
"KY15","c(30, 60)","2022-05-27","2022-06-26","PRECTOTCORR","mean",1.91262768817204
"KY16","c(30, 60)","2022-07-08","2022-08-07","PRECTOTCORR","mean",6.67028897849462
"KY17","c(30, 60)","2022-08-17","2022-09-16","PRECTOTCORR","mean",2.28172715053764
"KY18","c(30, 60)","2022-05-27","2022-06-26","PRECTOTCORR","mean",1.91262768817204
"KY19","c(30, 60)","2022-07-11","2022-08-10","PRECTOTCORR","mean",6.18543010752688
"KY1","c(30, 60)","2023-05-20","2023-06-19","PRECTOTCORR","mean",2.27329301075268
"KY20","c(30, 60)","2023-05-22","2023-06-21","PRECTOTCORR","mean",2.07125000000001
"KY2","c(30, 60)","2023-06-22","2023-07-22","PRECTOTCORR","mean",4.72298387096775
"KY3","c(30, 60)","2023-08-04","2023-09-03","PRECTOTCORR","mean",2.22209677419355
"KY4","c(30, 60)","2023-05-22","2023-06-21","PRECTOTCORR","mean",2.07125000000001
"KY5","c(30, 60)","2023-08-06","2023-09-05","PRECTOTCORR","mean",2.22084677419355
"KY6","c(30, 60)","2021-05-25","2021-06-24","PRECTOTCORR","mean",4.44649865591398
"KY7","c(30, 60)","2021-07-07","2021-08-06","PRECTOTCORR","mean",3.49842069892473
"KY8","c(30, 60)","2021-09-06","2021-10-06","PRECTOTCORR","mean",3.84387096774193
"KY9","c(30, 60)","2021-05-15","2021-06-14","PRECTOTCORR","mean",3.46531586021507
"KY10","c(30, 60)","2021-06-26","2021-07-26","PRECTOTCORR","maximum",171.3
"KY11","c(30, 60)","2020-05-18","2020-06-17","PRECTOTCORR","maximum",207.48
"KY12","c(30, 60)","2020-06-27","2020-07-27","PRECTOTCORR","maximum",121.04
"KY13","c(30, 60)","2020-07-11","2020-08-10","PRECTOTCORR","maximum",158.82
"KY14","c(30, 60)","2020-08-18","2020-09-17","PRECTOTCORR","maximum",163.39
"KY15","c(30, 60)","2022-05-27","2022-06-26","PRECTOTCORR","maximum",146.05
"KY16","c(30, 60)","2022-07-08","2022-08-07","PRECTOTCORR","maximum",210.36
"KY17","c(30, 60)","2022-08-17","2022-09-16","PRECTOTCORR","maximum",77.04
"KY18","c(30, 60)","2022-05-27","2022-06-26","PRECTOTCORR","maximum",146.05
"KY19","c(30, 60)","2022-07-11","2022-08-10","PRECTOTCORR","maximum",210.36
"KY1","c(30, 60)","2023-05-20","2023-06-19","PRECTOTCORR","maximum",166.07
"KY20","c(30, 60)","2023-05-22","2023-06-21","PRECTOTCORR","maximum",166.07
"KY2","c(30, 60)","2023-06-22","2023-07-22","PRECTOTCORR","maximum",263.75
"KY3","c(30, 60)","2023-08-04","2023-09-03","PRECTOTCORR","maximum",80.81
"KY4","c(30, 60)","2023-05-22","2023-06-21","PRECTOTCORR","maximum",166.07
"KY5","c(30, 60)","2023-08-06","2023-09-05","PRECTOTCORR","maximum",80.81
"KY6","c(30, 60)","2021-05-25","2021-06-24","PRECTOTCORR","maximum",147.2
"KY7","c(30, 60)","2021-07-07","2021-08-06","PRECTOTCORR","maximum",301.9
"KY8","c(30, 60)","2021-09-06","2021-10-06","PRECTOTCORR","maximum",261.2
"KY9","c(30, 60)","2021-05-15","2021-06-14","PRECTOTCORR","maximum",81.96
"KY10","c(30, 60)","2021-06-26","2021-07-26","PRECTOTCORR","minimum",0
"KY11","c(30, 60)","2020-05-18","2020-06-17","PRECTOTCORR","minimum",0
"KY12","c(30, 60)","2020-06-27","2020-07-27","PRECTOTCORR","minimum",0
"KY13","c(30, 60)","2020-07-11","2020-08-10","PRECTOTCORR","minimum",0
"KY14","c(30, 60)","2020-08-18","2020-09-17","PRECTOTCORR","minimum",0
"KY15","c(30, 60)","2022-05-27","2022-06-26","PRECTOTCORR","minimum",0
"KY16","c(30, 60)","2022-07-08","2022-08-07","PRECTOTCORR","minimum",0
"KY17","c(30, 60)","2022-08-17","2022-09-16","PRECTOTCORR","minimum",0
"KY18","c(30, 60)","2022-05-27","2022-06-26","PRECTOTCORR","minimum",0
"KY19","c(30, 60)","2022-07-11","2022-08-10","PRECTOTCORR","minimum",0
"KY1","c(30, 60)","2023-05-20","2023-06-19","PRECTOTCORR","minimum",0
"KY20","c(30, 60)","2023-05-22","2023-06-21","PRECTOTCORR","minimum",0
"KY2","c(30, 60)","2023-06-22","2023-07-22","PRECTOTCORR","minimum",0
"KY3","c(30, 60)","2023-08-04","2023-09-03","PRECTOTCORR","minimum",0
"KY4","c(30, 60)","2023-05-22","2023-06-21","PRECTOTCORR","minimum",0
"KY5","c(30, 60)","2023-08-06","2023-09-05","PRECTOTCORR","minimum",0
"KY6","c(30, 60)","2021-05-25","2021-06-24","PRECTOTCORR","minimum",0
"KY7","c(30, 60)","2021-07-07","2021-08-06","PRECTOTCORR","minimum",0
"KY8","c(30, 60)","2021-09-06","2021-10-06","PRECTOTCORR","minimum",0
"KY9","c(30, 60)","2021-05-15","2021-06-14","PRECTOTCORR","minimum",0
"KY10","c(30, 60)","2021-06-26","2021-07-26","PRECTOTCORR","variance",172.909930409383
"KY11","c(30, 60)","2020-05-18","2020-06-17","PRECTOTCORR","variance",143.733690065401
"KY12","c(30, 60)","2020-06-27","2020-07-27","PRECTOTCORR","variance",79.6014984915867
"KY13","c(30, 60)","2020-07-11","2020-08-10","PRECTOTCORR","variance",91.9728361395543
"KY14","c(30, 60)","2020-08-18","2020-09-17","PRECTOTCORR","variance",197.976475165004
"KY15","c(30, 60)","2022-05-27","2022-06-26","PRECTOTCORR","variance",76.400306540512
"KY16","c(30, 60)","2022-07-08","2022-08-07","PRECTOTCORR","variance",207.863795814215
"KY17","c(30, 60)","2022-08-17","2022-09-16","PRECTOTCORR","variance",43.1255217627584
"KY18","c(30, 60)","2022-05-27","2022-06-26","PRECTOTCORR","variance",76.400306540512
"KY19","c(30, 60)","2022-07-11","2022-08-10","PRECTOTCORR","variance",203.047648638017
"KY1","c(30, 60)","2023-05-20","2023-06-19","PRECTOTCORR","variance",105.022993183758
"KY20","c(30, 60)","2023-05-22","2023-06-21","PRECTOTCORR","variance",90.7719303799597
"KY2","c(30, 60)","2023-06-22","2023-07-22","PRECTOTCORR","variance",206.679439375663
"KY3","c(30, 60)","2023-08-04","2023-09-03","PRECTOTCORR","variance",36.5737530988996
"KY4","c(30, 60)","2023-05-22","2023-06-21","PRECTOTCORR","variance",90.7719303799597
"KY5","c(30, 60)","2023-08-06","2023-09-05","PRECTOTCORR","variance",36.5783614882752
"KY6","c(30, 60)","2021-05-25","2021-06-24","PRECTOTCORR","variance",126.177970852723
"KY7","c(30, 60)","2021-07-07","2021-08-06","PRECTOTCORR","variance",218.284548075754
"KY8","c(30, 60)","2021-09-06","2021-10-06","PRECTOTCORR","variance",182.880813250319
"KY9","c(30, 60)","2021-05-15","2021-06-14","PRECTOTCORR","variance",73.2055740763584
"KY10","c(30, 60)","2021-06-26","2021-07-26","RH2M","mean",79.8565658602151
"KY11","c(30, 60)","2020-05-18","2020-06-17","RH2M","mean",81.3476996527778
"KY12","c(30, 60)","2020-06-27","2020-07-27","RH2M","mean",79.1789717741935
"KY13","c(30, 60)","2020-07-11","2020-08-10","RH2M","mean",76.5433870967742
"KY14","c(30, 60)","2020-08-18","2020-09-17","RH2M","mean",76.0854838709677
"KY15","c(30, 60)","2022-05-27","2022-06-26","RH2M","mean",74.7551545698925
"KY16","c(30, 60)","2022-07-08","2022-08-07","RH2M","mean",77.958561827957
"KY17","c(30, 60)","2022-08-17","2022-09-16","RH2M","mean",73.7269018817204
"KY18","c(30, 60)","2022-05-27","2022-06-26","RH2M","mean",74.7551545698925
"KY19","c(30, 60)","2022-07-11","2022-08-10","RH2M","mean",78.0483938172043
"KY1","c(30, 60)","2023-05-20","2023-06-19","RH2M","mean",66.923313172043
"KY20","c(30, 60)","2023-05-22","2023-06-21","RH2M","mean",67.0567405913979
"KY2","c(30, 60)","2023-06-22","2023-07-22","RH2M","mean",77.4768212365591
"KY3","c(30, 60)","2023-08-04","2023-09-03","RH2M","mean",69.4152688172043
"KY4","c(30, 60)","2023-05-22","2023-06-21","RH2M","mean",67.0567405913979
"KY5","c(30, 60)","2023-08-06","2023-09-05","RH2M","mean",69.136001344086
"KY6","c(30, 60)","2021-05-25","2021-06-24","RH2M","mean",81.1079233870968
"KY7","c(30, 60)","2021-07-07","2021-08-06","RH2M","mean",76.6395094086022
"KY8","c(30, 60)","2021-09-06","2021-10-06","RH2M","mean",75.0290860215054
"KY9","c(30, 60)","2021-05-15","2021-06-14","RH2M","mean",79.9616801075269
"KY10","c(30, 60)","2021-06-26","2021-07-26","RH2M","maximum",100
"KY11","c(30, 60)","2020-05-18","2020-06-17","RH2M","maximum",100
"KY12","c(30, 60)","2020-06-27","2020-07-27","RH2M","maximum",100
"KY13","c(30, 60)","2020-07-11","2020-08-10","RH2M","maximum",100
"KY14","c(30, 60)","2020-08-18","2020-09-17","RH2M","maximum",100
"KY15","c(30, 60)","2022-05-27","2022-06-26","RH2M","maximum",100
"KY16","c(30, 60)","2022-07-08","2022-08-07","RH2M","maximum",100
"KY17","c(30, 60)","2022-08-17","2022-09-16","RH2M","maximum",100
"KY18","c(30, 60)","2022-05-27","2022-06-26","RH2M","maximum",100
"KY19","c(30, 60)","2022-07-11","2022-08-10","RH2M","maximum",100
"KY1","c(30, 60)","2023-05-20","2023-06-19","RH2M","maximum",100
"KY20","c(30, 60)","2023-05-22","2023-06-21","RH2M","maximum",100
"KY2","c(30, 60)","2023-06-22","2023-07-22","RH2M","maximum",100
"KY3","c(30, 60)","2023-08-04","2023-09-03","RH2M","maximum",100
"KY4","c(30, 60)","2023-05-22","2023-06-21","RH2M","maximum",100
"KY5","c(30, 60)","2023-08-06","2023-09-05","RH2M","maximum",100
"KY6","c(30, 60)","2021-05-25","2021-06-24","RH2M","maximum",100
"KY7","c(30, 60)","2021-07-07","2021-08-06","RH2M","maximum",100
"KY8","c(30, 60)","2021-09-06","2021-10-06","RH2M","maximum",100
"KY9","c(30, 60)","2021-05-15","2021-06-14","RH2M","maximum",100
"KY10","c(30, 60)","2021-06-26","2021-07-26","RH2M","minimum",40.41
"KY11","c(30, 60)","2020-05-18","2020-06-17","RH2M","minimum",40.76
"KY12","c(30, 60)","2020-06-27","2020-07-27","RH2M","minimum",44.89
"KY13","c(30, 60)","2020-07-11","2020-08-10","RH2M","minimum",31.08
"KY14","c(30, 60)","2020-08-18","2020-09-17","RH2M","minimum",36.98
"KY15","c(30, 60)","2022-05-27","2022-06-26","RH2M","minimum",20.88
"KY16","c(30, 60)","2022-07-08","2022-08-07","RH2M","minimum",32.63
"KY17","c(30, 60)","2022-08-17","2022-09-16","RH2M","minimum",35.47
"KY18","c(30, 60)","2022-05-27","2022-06-26","RH2M","minimum",20.88
"KY19","c(30, 60)","2022-07-11","2022-08-10","RH2M","minimum",32.63
"KY1","c(30, 60)","2023-05-20","2023-06-19","RH2M","minimum",26.33
"KY20","c(30, 60)","2023-05-22","2023-06-21","RH2M","minimum",26.33
"KY2","c(30, 60)","2023-06-22","2023-07-22","RH2M","minimum",38.07
"KY3","c(30, 60)","2023-08-04","2023-09-03","RH2M","minimum",27.26
"KY4","c(30, 60)","2023-05-22","2023-06-21","RH2M","minimum",26.33
"KY5","c(30, 60)","2023-08-06","2023-09-05","RH2M","minimum",27.26
"KY6","c(30, 60)","2021-05-25","2021-06-24","RH2M","minimum",46.24
"KY7","c(30, 60)","2021-07-07","2021-08-06","RH2M","minimum",36.3
"KY8","c(30, 60)","2021-09-06","2021-10-06","RH2M","minimum",30.79
"KY9","c(30, 60)","2021-05-15","2021-06-14","RH2M","minimum",42.76
"KY10","c(30, 60)","2021-06-26","2021-07-26","RH2M","variance",226.956084970777
"KY11","c(30, 60)","2020-05-18","2020-06-17","RH2M","variance",231.178702696855
"KY12","c(30, 60)","2020-06-27","2020-07-27","RH2M","variance",217.370911181449
"KY13","c(30, 60)","2020-07-11","2020-08-10","RH2M","variance",283.243636132503
"KY14","c(30, 60)","2020-08-18","2020-09-17","RH2M","variance",306.991882079094
"KY15","c(30, 60)","2022-05-27","2022-06-26","RH2M","variance",351.645440729286
"KY16","c(30, 60)","2022-07-08","2022-08-07","RH2M","variance",285.582834782994
"KY17","c(30, 60)","2022-08-17","2022-09-16","RH2M","variance",335.779307745578
"KY18","c(30, 60)","2022-05-27","2022-06-26","RH2M","variance",351.645440729286
"KY19","c(30, 60)","2022-07-11","2022-08-10","RH2M","variance",282.599917458792
"KY1","c(30, 60)","2023-05-20","2023-06-19","RH2M","variance",401.82322754947
"KY20","c(30, 60)","2023-05-22","2023-06-21","RH2M","variance",393.208474708721
"KY2","c(30, 60)","2023-06-22","2023-07-22","RH2M","variance",274.822116519467
"KY3","c(30, 60)","2023-08-04","2023-09-03","RH2M","variance",382.770727432733
"KY4","c(30, 60)","2023-05-22","2023-06-21","RH2M","variance",393.208474708721
"KY5","c(30, 60)","2023-08-06","2023-09-05","RH2M","variance",387.655471222594
"KY6","c(30, 60)","2021-05-25","2021-06-24","RH2M","variance",222.302067170992
"KY7","c(30, 60)","2021-07-07","2021-08-06","RH2M","variance",293.904490613227
"KY8","c(30, 60)","2021-09-06","2021-10-06","RH2M","variance",312.881930166099
"KY9","c(30, 60)","2021-05-15","2021-06-14","RH2M","variance",242.8526425015
"KY10","c(60, 90)","2021-05-27","2021-06-26","T2M","mean",21.1430376344086
"KY11","c(60, 90)","2020-04-18","2020-05-18","T2M","mean",13.023373655914
"KY12","c(60, 90)","2020-05-28","2020-06-27","T2M","mean",21.5517097701149
"KY13","c(60, 90)","2020-06-11","2020-07-11","T2M","mean",22.9634274193548
"KY14","c(60, 90)","2020-07-19","2020-08-18","T2M","mean",24.8593413978495
"KY15","c(60, 90)","2022-04-27","2022-05-27","T2M","mean",18.1995362903226
"KY16","c(60, 90)","2022-06-08","2022-07-08","T2M","mean",24.6585282258065
"KY17","c(60, 90)","2022-07-18","2022-08-17","T2M","mean",24.7571706989247
"KY18","c(60, 90)","2022-04-27","2022-05-27","T2M","mean",18.1995362903226
"KY19","c(60, 90)","2022-06-11","2022-07-11","T2M","mean",24.9910215053763
"KY1","c(60, 90)","2023-04-20","2023-05-20","T2M","mean",15.2217607526882
"KY20","c(60, 90)","2023-04-22","2023-05-22","T2M","mean",15.1233870967742
"KY2","c(60, 90)","2023-05-23","2023-06-22","T2M","mean",20.187439516129
"KY3","c(60, 90)","2023-07-05","2023-08-04","T2M","mean",24.9069086021505
"KY4","c(60, 90)","2023-04-22","2023-05-22","T2M","mean",15.1233870967742
"KY5","c(60, 90)","2023-07-07","2023-08-06","T2M","mean",24.9665456989247
"KY6","c(60, 90)","2021-04-25","2021-05-25","T2M","mean",16.3526948924731
"KY7","c(60, 90)","2021-06-07","2021-07-07","T2M","mean",23.1702889784946
"KY8","c(60, 90)","2021-08-07","2021-09-06","T2M","mean",24.3761357526882
"KY9","c(60, 90)","2021-04-15","2021-05-15","T2M","mean",12.5043481182796
"KY10","c(60, 90)","2021-05-27","2021-06-26","T2M","maximum",29.59
"KY11","c(60, 90)","2020-04-18","2020-05-18","T2M","maximum",26.48
"KY12","c(60, 90)","2020-05-28","2020-06-27","T2M","maximum",29.95
"KY13","c(60, 90)","2020-06-11","2020-07-11","T2M","maximum",32.05
"KY14","c(60, 90)","2020-07-19","2020-08-18","T2M","maximum",33.78
"KY15","c(60, 90)","2022-04-27","2022-05-27","T2M","maximum",28.67
"KY16","c(60, 90)","2022-06-08","2022-07-08","T2M","maximum",34.98
"KY17","c(60, 90)","2022-07-18","2022-08-17","T2M","maximum",34.98
"KY18","c(60, 90)","2022-04-27","2022-05-27","T2M","maximum",28.67
"KY19","c(60, 90)","2022-06-11","2022-07-11","T2M","maximum",34.98
"KY1","c(60, 90)","2023-04-20","2023-05-20","T2M","maximum",26.02
"KY20","c(60, 90)","2023-04-22","2023-05-22","T2M","maximum",26.02
"KY2","c(60, 90)","2023-05-23","2023-06-22","T2M","maximum",31.83
"KY3","c(60, 90)","2023-07-05","2023-08-04","T2M","maximum",36.65
"KY4","c(60, 90)","2023-04-22","2023-05-22","T2M","maximum",26.02
"KY5","c(60, 90)","2023-07-07","2023-08-06","T2M","maximum",36.65
"KY6","c(60, 90)","2021-04-25","2021-05-25","T2M","maximum",29.66
"KY7","c(60, 90)","2021-06-07","2021-07-07","T2M","maximum",33.02
"KY8","c(60, 90)","2021-08-07","2021-09-06","T2M","maximum",34.45
"KY9","c(60, 90)","2021-04-15","2021-05-15","T2M","maximum",25.46
"KY10","c(60, 90)","2021-05-27","2021-06-26","T2M","minimum",4.75
"KY11","c(60, 90)","2020-04-18","2020-05-18","T2M","minimum",-1.78
"KY12","c(60, 90)","2020-05-28","2020-06-27","T2M","minimum",7.25
"KY13","c(60, 90)","2020-06-11","2020-07-11","T2M","minimum",12.23
"KY14","c(60, 90)","2020-07-19","2020-08-18","T2M","minimum",14.77
"KY15","c(60, 90)","2022-04-27","2022-05-27","T2M","minimum",2.24
"KY16","c(60, 90)","2022-06-08","2022-07-08","T2M","minimum",10.56
"KY17","c(60, 90)","2022-07-18","2022-08-17","T2M","minimum",14.67
"KY18","c(60, 90)","2022-04-27","2022-05-27","T2M","minimum",2.24
"KY19","c(60, 90)","2022-06-11","2022-07-11","T2M","minimum",10.56
"KY1","c(60, 90)","2023-04-20","2023-05-20","T2M","minimum",-0.1
"KY20","c(60, 90)","2023-04-22","2023-05-22","T2M","minimum",-0.1
"KY2","c(60, 90)","2023-05-23","2023-06-22","T2M","minimum",8.06
"KY3","c(60, 90)","2023-07-05","2023-08-04","T2M","minimum",14.58
"KY4","c(60, 90)","2023-04-22","2023-05-22","T2M","minimum",-0.1
"KY5","c(60, 90)","2023-07-07","2023-08-06","T2M","minimum",14.58
"KY6","c(60, 90)","2021-04-25","2021-05-25","T2M","minimum",1.71
"KY7","c(60, 90)","2021-06-07","2021-07-07","T2M","minimum",9.84
"KY8","c(60, 90)","2021-08-07","2021-09-06","T2M","minimum",12.58
"KY9","c(60, 90)","2021-04-15","2021-05-15","T2M","minimum",-1.4
"KY10","c(60, 90)","2021-05-27","2021-06-26","T2M","prop. max",0
"KY11","c(60, 90)","2020-04-18","2020-05-18","T2M","prop. max",0
"KY12","c(60, 90)","2020-05-28","2020-06-27","T2M","prop. max",0
"KY13","c(60, 90)","2020-06-11","2020-07-11","T2M","prop. max",0.0333333333333333
"KY14","c(60, 90)","2020-07-19","2020-08-18","T2M","prop. max",0.266666666666667
"KY15","c(60, 90)","2022-04-27","2022-05-27","T2M","prop. max",0
"KY16","c(60, 90)","2022-06-08","2022-07-08","T2M","prop. max",0.5
"KY17","c(60, 90)","2022-07-18","2022-08-17","T2M","prop. max",0.2
"KY18","c(60, 90)","2022-04-27","2022-05-27","T2M","prop. max",0
"KY19","c(60, 90)","2022-06-11","2022-07-11","T2M","prop. max",0.533333333333333
"KY1","c(60, 90)","2023-04-20","2023-05-20","T2M","prop. max",0
"KY20","c(60, 90)","2023-04-22","2023-05-22","T2M","prop. max",0
"KY2","c(60, 90)","2023-05-23","2023-06-22","T2M","prop. max",0
"KY3","c(60, 90)","2023-07-05","2023-08-04","T2M","prop. max",0.233333333333333
"KY4","c(60, 90)","2023-04-22","2023-05-22","T2M","prop. max",0
"KY5","c(60, 90)","2023-07-07","2023-08-06","T2M","prop. max",0.3
"KY6","c(60, 90)","2021-04-25","2021-05-25","T2M","prop. max",0
"KY7","c(60, 90)","2021-06-07","2021-07-07","T2M","prop. max",0.1
"KY8","c(60, 90)","2021-08-07","2021-09-06","T2M","prop. max",0.3
"KY9","c(60, 90)","2021-04-15","2021-05-15","T2M","prop. max",0
"KY10","c(60, 90)","2021-05-27","2021-06-26","T2M","prop. min",0.0333333333333333
"KY11","c(60, 90)","2020-04-18","2020-05-18","T2M","prop. min",0.333333333333333
"KY12","c(60, 90)","2020-05-28","2020-06-27","T2M","prop. min",0
"KY13","c(60, 90)","2020-06-11","2020-07-11","T2M","prop. min",0
"KY14","c(60, 90)","2020-07-19","2020-08-18","T2M","prop. min",0
"KY15","c(60, 90)","2022-04-27","2022-05-27","T2M","prop. min",0.0333333333333333
"KY16","c(60, 90)","2022-06-08","2022-07-08","T2M","prop. min",0
"KY17","c(60, 90)","2022-07-18","2022-08-17","T2M","prop. min",0
"KY18","c(60, 90)","2022-04-27","2022-05-27","T2M","prop. min",0.0333333333333333
"KY19","c(60, 90)","2022-06-11","2022-07-11","T2M","prop. min",0
"KY1","c(60, 90)","2023-04-20","2023-05-20","T2M","prop. min",0.1
"KY20","c(60, 90)","2023-04-22","2023-05-22","T2M","prop. min",0.1
"KY2","c(60, 90)","2023-05-23","2023-06-22","T2M","prop. min",0
"KY3","c(60, 90)","2023-07-05","2023-08-04","T2M","prop. min",0
"KY4","c(60, 90)","2023-04-22","2023-05-22","T2M","prop. min",0.1
"KY5","c(60, 90)","2023-07-07","2023-08-06","T2M","prop. min",0
"KY6","c(60, 90)","2021-04-25","2021-05-25","T2M","prop. min",0.2
"KY7","c(60, 90)","2021-06-07","2021-07-07","T2M","prop. min",0
"KY8","c(60, 90)","2021-08-07","2021-09-06","T2M","prop. min",0
"KY9","c(60, 90)","2021-04-15","2021-05-15","T2M","prop. min",0.4
"KY10","c(60, 90)","2021-05-27","2021-06-26","T2M","variance",24.4997775856708
"KY11","c(60, 90)","2020-04-18","2020-05-18","T2M","variance",32.7925701643656
"KY12","c(60, 90)","2020-05-28","2020-06-27","T2M","variance",19.3273014599188
"KY13","c(60, 90)","2020-06-11","2020-07-11","T2M","variance",17.7414522664165
"KY14","c(60, 90)","2020-07-19","2020-08-18","T2M","variance",17.0512471785944
"KY15","c(60, 90)","2022-04-27","2022-05-27","T2M","variance",27.8672266173775
"KY16","c(60, 90)","2022-06-08","2022-07-08","T2M","variance",26.7193389891154
"KY17","c(60, 90)","2022-07-18","2022-08-17","T2M","variance",14.886679481266
"KY18","c(60, 90)","2022-04-27","2022-05-27","T2M","variance",27.8672266173775
"KY19","c(60, 90)","2022-06-11","2022-07-11","T2M","variance",25.9361307648364
"KY1","c(60, 90)","2023-04-20","2023-05-20","T2M","variance",35.0280960234216
"KY20","c(60, 90)","2023-04-22","2023-05-22","T2M","variance",35.3105531466255
"KY2","c(60, 90)","2023-05-23","2023-06-22","T2M","variance",27.0022477098564
"KY3","c(60, 90)","2023-07-05","2023-08-04","T2M","variance",16.825689293591
"KY4","c(60, 90)","2023-04-22","2023-05-22","T2M","variance",35.3105531466255
"KY5","c(60, 90)","2023-07-07","2023-08-06","T2M","variance",17.4867178513063
"KY6","c(60, 90)","2021-04-25","2021-05-25","T2M","variance",36.0914928671697
"KY7","c(60, 90)","2021-06-07","2021-07-07","T2M","variance",17.6321586924945
"KY8","c(60, 90)","2021-08-07","2021-09-06","T2M","variance",19.3831475995817
"KY9","c(60, 90)","2021-04-15","2021-05-15","T2M","variance",32.7944186736212
"KY10","c(60, 90)","2021-05-27","2021-06-26","PRECTOTCORR","mean",4.23944892473118
"KY11","c(60, 90)","2020-04-18","2020-05-18","PRECTOTCORR","mean",4.4647311827957
"KY12","c(60, 90)","2020-05-28","2020-06-27","PRECTOTCORR","mean",2.52751436781609
"KY13","c(60, 90)","2020-06-11","2020-07-11","PRECTOTCORR","mean",3.33977822580645
"KY14","c(60, 90)","2020-07-19","2020-08-18","PRECTOTCORR","mean",3.24559811827957
"KY15","c(60, 90)","2022-04-27","2022-05-27","PRECTOTCORR","mean",3.83446908602151
"KY16","c(60, 90)","2022-06-08","2022-07-08","PRECTOTCORR","mean",2.08270161290323
"KY17","c(60, 90)","2022-07-18","2022-08-17","PRECTOTCORR","mean",6.21390456989247
"KY18","c(60, 90)","2022-04-27","2022-05-27","PRECTOTCORR","mean",3.83446908602151
"KY19","c(60, 90)","2022-06-11","2022-07-11","PRECTOTCORR","mean",2.4786491935484
"KY1","c(60, 90)","2023-04-20","2023-05-20","PRECTOTCORR","mean",2.95752016129032
"KY20","c(60, 90)","2023-04-22","2023-05-22","PRECTOTCORR","mean",2.56968413978495
"KY2","c(60, 90)","2023-05-23","2023-06-22","PRECTOTCORR","mean",2.13254032258063
"KY3","c(60, 90)","2023-07-05","2023-08-04","PRECTOTCORR","mean",2.69247311827957
"KY4","c(60, 90)","2023-04-22","2023-05-22","PRECTOTCORR","mean",2.56968413978495
"KY5","c(60, 90)","2023-07-07","2023-08-06","PRECTOTCORR","mean",2.71474462365591
"KY6","c(60, 90)","2021-04-25","2021-05-25","PRECTOTCORR","mean",2.34040994623655
"KY7","c(60, 90)","2021-06-07","2021-07-07","PRECTOTCORR","mean",4.7127688172043
"KY8","c(60, 90)","2021-08-07","2021-09-06","PRECTOTCORR","mean",4.56945564516129
"KY9","c(60, 90)","2021-04-15","2021-05-15","PRECTOTCORR","mean",2.91344086021505
"KY10","c(60, 90)","2021-05-27","2021-06-26","PRECTOTCORR","maximum",147.2
"KY11","c(60, 90)","2020-04-18","2020-05-18","PRECTOTCORR","maximum",162.32
"KY12","c(60, 90)","2020-05-28","2020-06-27","PRECTOTCORR","maximum",63.36
"KY13","c(60, 90)","2020-06-11","2020-07-11","PRECTOTCORR","maximum",121.04
"KY14","c(60, 90)","2020-07-19","2020-08-18","PRECTOTCORR","maximum",158.82
"KY15","c(60, 90)","2022-04-27","2022-05-27","PRECTOTCORR","maximum",240.44
"KY16","c(60, 90)","2022-06-08","2022-07-08","PRECTOTCORR","maximum",87.14
"KY17","c(60, 90)","2022-07-18","2022-08-17","PRECTOTCORR","maximum",210.36
"KY18","c(60, 90)","2022-04-27","2022-05-27","PRECTOTCORR","maximum",240.44
"KY19","c(60, 90)","2022-06-11","2022-07-11","PRECTOTCORR","maximum",87.14
"KY1","c(60, 90)","2023-04-20","2023-05-20","PRECTOTCORR","maximum",110.58
"KY20","c(60, 90)","2023-04-22","2023-05-22","PRECTOTCORR","maximum",110.58
"KY2","c(60, 90)","2023-05-23","2023-06-22","PRECTOTCORR","maximum",166.07
"KY3","c(60, 90)","2023-07-05","2023-08-04","PRECTOTCORR","maximum",86.85
"KY4","c(60, 90)","2023-04-22","2023-05-22","PRECTOTCORR","maximum",110.58
"KY5","c(60, 90)","2023-07-07","2023-08-06","PRECTOTCORR","maximum",86.85
"KY6","c(60, 90)","2021-04-25","2021-05-25","PRECTOTCORR","maximum",119.52
"KY7","c(60, 90)","2021-06-07","2021-07-07","PRECTOTCORR","maximum",171.3
"KY8","c(60, 90)","2021-08-07","2021-09-06","PRECTOTCORR","maximum",155.53
"KY9","c(60, 90)","2021-04-15","2021-05-15","PRECTOTCORR","maximum",119.52
"KY10","c(60, 90)","2021-05-27","2021-06-26","PRECTOTCORR","minimum",0
"KY11","c(60, 90)","2020-04-18","2020-05-18","PRECTOTCORR","minimum",0
"KY12","c(60, 90)","2020-05-28","2020-06-27","PRECTOTCORR","minimum",0
"KY13","c(60, 90)","2020-06-11","2020-07-11","PRECTOTCORR","minimum",0
"KY14","c(60, 90)","2020-07-19","2020-08-18","PRECTOTCORR","minimum",0
"KY15","c(60, 90)","2022-04-27","2022-05-27","PRECTOTCORR","minimum",0
"KY16","c(60, 90)","2022-06-08","2022-07-08","PRECTOTCORR","minimum",0
"KY17","c(60, 90)","2022-07-18","2022-08-17","PRECTOTCORR","minimum",0
"KY18","c(60, 90)","2022-04-27","2022-05-27","PRECTOTCORR","minimum",0
"KY19","c(60, 90)","2022-06-11","2022-07-11","PRECTOTCORR","minimum",0
"KY1","c(60, 90)","2023-04-20","2023-05-20","PRECTOTCORR","minimum",0
"KY20","c(60, 90)","2023-04-22","2023-05-22","PRECTOTCORR","minimum",0
"KY2","c(60, 90)","2023-05-23","2023-06-22","PRECTOTCORR","minimum",0
"KY3","c(60, 90)","2023-07-05","2023-08-04","PRECTOTCORR","minimum",0
"KY4","c(60, 90)","2023-04-22","2023-05-22","PRECTOTCORR","minimum",0
"KY5","c(60, 90)","2023-07-07","2023-08-06","PRECTOTCORR","minimum",0
"KY6","c(60, 90)","2021-04-25","2021-05-25","PRECTOTCORR","minimum",0
"KY7","c(60, 90)","2021-06-07","2021-07-07","PRECTOTCORR","minimum",0
"KY8","c(60, 90)","2021-08-07","2021-09-06","PRECTOTCORR","minimum",0
"KY9","c(60, 90)","2021-04-15","2021-05-15","PRECTOTCORR","minimum",0
"KY10","c(60, 90)","2021-05-27","2021-06-26","PRECTOTCORR","variance",122.754523838682
"KY11","c(60, 90)","2020-04-18","2020-05-18","PRECTOTCORR","variance",191.877270990897
"KY12","c(60, 90)","2020-05-28","2020-06-27","PRECTOTCORR","variance",49.1641519767887
"KY13","c(60, 90)","2020-06-11","2020-07-11","PRECTOTCORR","variance",93.138422613863
"KY14","c(60, 90)","2020-07-19","2020-08-18","PRECTOTCORR","variance",96.4363228430895
"KY15","c(60, 90)","2022-04-27","2022-05-27","PRECTOTCORR","variance",177.815630921707
"KY16","c(60, 90)","2022-06-08","2022-07-08","PRECTOTCORR","variance",39.9176564489011
"KY17","c(60, 90)","2022-07-18","2022-08-17","PRECTOTCORR","variance",203.602756835542
"KY18","c(60, 90)","2022-04-27","2022-05-27","PRECTOTCORR","variance",177.815630921707
"KY19","c(60, 90)","2022-06-11","2022-07-11","PRECTOTCORR","variance",48.766885127693
"KY1","c(60, 90)","2023-04-20","2023-05-20","PRECTOTCORR","variance",106.843952218828
"KY20","c(60, 90)","2023-04-22","2023-05-22","PRECTOTCORR","variance",79.732691964724
"KY2","c(60, 90)","2023-05-23","2023-06-22","PRECTOTCORR","variance",90.7554854052323
"KY3","c(60, 90)","2023-07-05","2023-08-04","PRECTOTCORR","variance",59.1272954263111
"KY4","c(60, 90)","2023-04-22","2023-05-22","PRECTOTCORR","variance",79.732691964724
"KY5","c(60, 90)","2023-07-07","2023-08-06","PRECTOTCORR","variance",60.5518445884042
"KY6","c(60, 90)","2021-04-25","2021-05-25","PRECTOTCORR","variance",76.7671186616906
"KY7","c(60, 90)","2021-06-07","2021-07-07","PRECTOTCORR","variance",203.56259676696
"KY8","c(60, 90)","2021-08-07","2021-09-06","PRECTOTCORR","variance",128.182751082093
"KY9","c(60, 90)","2021-04-15","2021-05-15","PRECTOTCORR","variance",95.901490640749
"KY10","c(60, 90)","2021-05-27","2021-06-26","RH2M","mean",81.1031989247312
"KY11","c(60, 90)","2020-04-18","2020-05-18","RH2M","mean",80.5394892473118
"KY12","c(60, 90)","2020-05-28","2020-06-27","RH2M","mean",80.1048994252874
"KY13","c(60, 90)","2020-06-11","2020-07-11","RH2M","mean",79.6991129032258
"KY14","c(60, 90)","2020-07-19","2020-08-18","RH2M","mean",75.6932594086021
"KY15","c(60, 90)","2022-04-27","2022-05-27","RH2M","mean",81.5631451612903
"KY16","c(60, 90)","2022-06-08","2022-07-08","RH2M","mean",70.3067741935484
"KY17","c(60, 90)","2022-07-18","2022-08-17","RH2M","mean",80.221875
"KY18","c(60, 90)","2022-04-27","2022-05-27","RH2M","mean",81.5631451612903
"KY19","c(60, 90)","2022-06-11","2022-07-11","RH2M","mean",70.1083803763441
"KY1","c(60, 90)","2023-04-20","2023-05-20","RH2M","mean",78.2382459677419
"KY20","c(60, 90)","2023-04-22","2023-05-22","RH2M","mean",77.667251344086
"KY2","c(60, 90)","2023-05-23","2023-06-22","RH2M","mean",67.383313172043
"KY3","c(60, 90)","2023-07-05","2023-08-04","RH2M","mean",72.6216935483871
"KY4","c(60, 90)","2023-04-22","2023-05-22","RH2M","mean",77.667251344086
"KY5","c(60, 90)","2023-07-07","2023-08-06","RH2M","mean",72.0091935483871
"KY6","c(60, 90)","2021-04-25","2021-05-25","RH2M","mean",76.5919220430108
"KY7","c(60, 90)","2021-06-07","2021-07-07","RH2M","mean",80.1255309139785
"KY8","c(60, 90)","2021-08-07","2021-09-06","RH2M","mean",76.6211424731183
"KY9","c(60, 90)","2021-04-15","2021-05-15","RH2M","mean",77.1177419354839
"KY10","c(60, 90)","2021-05-27","2021-06-26","RH2M","maximum",100
"KY11","c(60, 90)","2020-04-18","2020-05-18","RH2M","maximum",100
"KY12","c(60, 90)","2020-05-28","2020-06-27","RH2M","maximum",100
"KY13","c(60, 90)","2020-06-11","2020-07-11","RH2M","maximum",100
"KY14","c(60, 90)","2020-07-19","2020-08-18","RH2M","maximum",100
"KY15","c(60, 90)","2022-04-27","2022-05-27","RH2M","maximum",100
"KY16","c(60, 90)","2022-06-08","2022-07-08","RH2M","maximum",100
"KY17","c(60, 90)","2022-07-18","2022-08-17","RH2M","maximum",100
"KY18","c(60, 90)","2022-04-27","2022-05-27","RH2M","maximum",100
"KY19","c(60, 90)","2022-06-11","2022-07-11","RH2M","maximum",100
"KY1","c(60, 90)","2023-04-20","2023-05-20","RH2M","maximum",100
"KY20","c(60, 90)","2023-04-22","2023-05-22","RH2M","maximum",100
"KY2","c(60, 90)","2023-05-23","2023-06-22","RH2M","maximum",100
"KY3","c(60, 90)","2023-07-05","2023-08-04","RH2M","maximum",100
"KY4","c(60, 90)","2023-04-22","2023-05-22","RH2M","maximum",100
"KY5","c(60, 90)","2023-07-07","2023-08-06","RH2M","maximum",100
"KY6","c(60, 90)","2021-04-25","2021-05-25","RH2M","maximum",100
"KY7","c(60, 90)","2021-06-07","2021-07-07","RH2M","maximum",100
"KY8","c(60, 90)","2021-08-07","2021-09-06","RH2M","maximum",100
"KY9","c(60, 90)","2021-04-15","2021-05-15","RH2M","maximum",100
"KY10","c(60, 90)","2021-05-27","2021-06-26","RH2M","minimum",46.24
"KY11","c(60, 90)","2020-04-18","2020-05-18","RH2M","minimum",35.23
"KY12","c(60, 90)","2020-05-28","2020-06-27","RH2M","minimum",40.76
"KY13","c(60, 90)","2020-06-11","2020-07-11","RH2M","minimum",43.45
"KY14","c(60, 90)","2020-07-19","2020-08-18","RH2M","minimum",31.08
"KY15","c(60, 90)","2022-04-27","2022-05-27","RH2M","minimum",46.75
"KY16","c(60, 90)","2022-06-08","2022-07-08","RH2M","minimum",20.88
"KY17","c(60, 90)","2022-07-18","2022-08-17","RH2M","minimum",40.27
"KY18","c(60, 90)","2022-04-27","2022-05-27","RH2M","minimum",46.75
"KY19","c(60, 90)","2022-06-11","2022-07-11","RH2M","minimum",20.88
"KY1","c(60, 90)","2023-04-20","2023-05-20","RH2M","minimum",35.37
"KY20","c(60, 90)","2023-04-22","2023-05-22","RH2M","minimum",35.37
"KY2","c(60, 90)","2023-05-23","2023-06-22","RH2M","minimum",26.33
"KY3","c(60, 90)","2023-07-05","2023-08-04","RH2M","minimum",33.77
"KY4","c(60, 90)","2023-04-22","2023-05-22","RH2M","minimum",35.37
"KY5","c(60, 90)","2023-07-07","2023-08-06","RH2M","minimum",33.77
"KY6","c(60, 90)","2021-04-25","2021-05-25","RH2M","minimum",34.68
"KY7","c(60, 90)","2021-06-07","2021-07-07","RH2M","minimum",46.24
"KY8","c(60, 90)","2021-08-07","2021-09-06","RH2M","minimum",38.62
"KY9","c(60, 90)","2021-04-15","2021-05-15","RH2M","minimum",34.68
"KY10","c(60, 90)","2021-05-27","2021-06-26","RH2M","variance",220.971646249576
"KY11","c(60, 90)","2020-04-18","2020-05-18","RH2M","variance",280.614579819534
"KY12","c(60, 90)","2020-05-28","2020-06-27","RH2M","variance",220.835577559971
"KY13","c(60, 90)","2020-06-11","2020-07-11","RH2M","variance",199.281521337614
"KY14","c(60, 90)","2020-07-19","2020-08-18","RH2M","variance",301.854647808923
"KY15","c(60, 90)","2022-04-27","2022-05-27","RH2M","variance",226.271554728073
"KY16","c(60, 90)","2022-06-08","2022-07-08","RH2M","variance",395.27171023277
"KY17","c(60, 90)","2022-07-18","2022-08-17","RH2M","variance",249.232172742939
"KY18","c(60, 90)","2022-04-27","2022-05-27","RH2M","variance",226.271554728073
"KY19","c(60, 90)","2022-06-11","2022-07-11","RH2M","variance",410.750554268128
"KY1","c(60, 90)","2023-04-20","2023-05-20","RH2M","variance",308.797706201732
"KY20","c(60, 90)","2023-04-22","2023-05-22","RH2M","variance",312.844630166776
"KY2","c(60, 90)","2023-05-23","2023-06-22","RH2M","variance",393.767025397486
"KY3","c(60, 90)","2023-07-05","2023-08-04","RH2M","variance",310.305989732521
"KY4","c(60, 90)","2023-04-22","2023-05-22","RH2M","variance",312.844630166776
"KY5","c(60, 90)","2023-07-07","2023-08-06","RH2M","variance",319.9037057379
"KY6","c(60, 90)","2021-04-25","2021-05-25","RH2M","variance",314.460908609924
"KY7","c(60, 90)","2021-06-07","2021-07-07","RH2M","variance",216.936671674901
"KY8","c(60, 90)","2021-08-07","2021-09-06","RH2M","variance",282.329666481369
"KY9","c(60, 90)","2021-04-15","2021-05-15","RH2M","variance",332.444191131743
"KY10","c(15, 45)","2021-07-11","2021-08-10","T2M","mean",23.9258266129032
"KY11","c(15, 45)","2020-06-02","2020-07-02","T2M","mean",22.2197110215054
"KY12","c(15, 45)","2020-07-12","2020-08-11","T2M","mean",24.895873655914
"KY13","c(15, 45)","2020-07-26","2020-08-25","T2M","mean",24.2423319892473
"KY14","c(15, 45)","2020-09-02","2020-10-02","T2M","mean",19.0394556451613
"KY15","c(15, 45)","2022-06-11","2022-07-11","T2M","mean",24.9910215053763
"KY16","c(15, 45)","2022-07-23","2022-08-22","T2M","mean",24.3068548387097
"KY17","c(15, 45)","2022-09-01","2022-10-01","T2M","mean",20.0128830645161
"KY18","c(15, 45)","2022-06-11","2022-07-11","T2M","mean",24.9910215053763
"KY19","c(15, 45)","2022-07-26","2022-08-25","T2M","mean",23.9862029569892
"KY1","c(15, 45)","2023-06-04","2023-07-04","T2M","mean",21.7398588709677
"KY20","c(15, 45)","2023-06-06","2023-07-06","T2M","mean",21.8515456989247
"KY2","c(15, 45)","2023-07-07","2023-08-06","T2M","mean",24.9665456989247
"KY3","c(15, 45)","2023-08-19","2023-09-18","T2M","mean",23.506310483871
"KY4","c(15, 45)","2023-06-06","2023-07-06","T2M","mean",21.8515456989247
"KY5","c(15, 45)","2023-08-21","2023-09-20","T2M","mean",23.2850806451613
"KY6","c(15, 45)","2021-06-09","2021-07-09","T2M","mean",23.2526209677419
"KY7","c(15, 45)","2021-07-22","2021-08-21","T2M","mean",24.2993548387097
"KY8","c(15, 45)","2021-09-21","2021-10-21","T2M","mean",18.3079637096774
"KY9","c(15, 45)","2021-05-30","2021-06-29","T2M","mean",21.9430981182796
"KY10","c(15, 45)","2021-07-11","2021-08-10","T2M","maximum",33.42
"KY11","c(15, 45)","2020-06-02","2020-07-02","T2M","maximum",29.95
"KY12","c(15, 45)","2020-07-12","2020-08-11","T2M","maximum",33.78
"KY13","c(15, 45)","2020-07-26","2020-08-25","T2M","maximum",33.88
"KY14","c(15, 45)","2020-09-02","2020-10-02","T2M","maximum",31.29
"KY15","c(15, 45)","2022-06-11","2022-07-11","T2M","maximum",34.98
"KY16","c(15, 45)","2022-07-23","2022-08-22","T2M","maximum",34.98
"KY17","c(15, 45)","2022-09-01","2022-10-01","T2M","maximum",34.41
"KY18","c(15, 45)","2022-06-11","2022-07-11","T2M","maximum",34.98
"KY19","c(15, 45)","2022-07-26","2022-08-25","T2M","maximum",32.2
"KY1","c(15, 45)","2023-06-04","2023-07-04","T2M","maximum",30.95
"KY20","c(15, 45)","2023-06-06","2023-07-06","T2M","maximum",30.66
"KY2","c(15, 45)","2023-07-07","2023-08-06","T2M","maximum",36.65
"KY3","c(15, 45)","2023-08-19","2023-09-18","T2M","maximum",36.03
"KY4","c(15, 45)","2023-06-06","2023-07-06","T2M","maximum",30.66
"KY5","c(15, 45)","2023-08-21","2023-09-20","T2M","maximum",36.03
"KY6","c(15, 45)","2021-06-09","2021-07-09","T2M","maximum",33.02
"KY7","c(15, 45)","2021-07-22","2021-08-21","T2M","maximum",33.42
"KY8","c(15, 45)","2021-09-21","2021-10-21","T2M","maximum",29.16
"KY9","c(15, 45)","2021-05-30","2021-06-29","T2M","maximum",33.02
"KY10","c(15, 45)","2021-07-11","2021-08-10","T2M","minimum",13.84
"KY11","c(15, 45)","2020-06-02","2020-07-02","T2M","minimum",12.23
"KY12","c(15, 45)","2020-07-12","2020-08-11","T2M","minimum",15.02
"KY13","c(15, 45)","2020-07-26","2020-08-25","T2M","minimum",14.1
"KY14","c(15, 45)","2020-09-02","2020-10-02","T2M","minimum",4.76
"KY15","c(15, 45)","2022-06-11","2022-07-11","T2M","minimum",10.56
"KY16","c(15, 45)","2022-07-23","2022-08-22","T2M","minimum",14.67
"KY17","c(15, 45)","2022-09-01","2022-10-01","T2M","minimum",4.53
"KY18","c(15, 45)","2022-06-11","2022-07-11","T2M","minimum",10.56
"KY19","c(15, 45)","2022-07-26","2022-08-25","T2M","minimum",14.67
"KY1","c(15, 45)","2023-06-04","2023-07-04","T2M","minimum",9.75
"KY20","c(15, 45)","2023-06-06","2023-07-06","T2M","minimum",9.75
"KY2","c(15, 45)","2023-07-07","2023-08-06","T2M","minimum",14.58
"KY3","c(15, 45)","2023-08-19","2023-09-18","T2M","minimum",11.02
"KY4","c(15, 45)","2023-06-06","2023-07-06","T2M","minimum",9.75
"KY5","c(15, 45)","2023-08-21","2023-09-20","T2M","minimum",11.02
"KY6","c(15, 45)","2021-06-09","2021-07-09","T2M","minimum",9.84
"KY7","c(15, 45)","2021-07-22","2021-08-21","T2M","minimum",13.84
"KY8","c(15, 45)","2021-09-21","2021-10-21","T2M","minimum",4.32
"KY9","c(15, 45)","2021-05-30","2021-06-29","T2M","minimum",4.75
"KY10","c(15, 45)","2021-07-11","2021-08-10","T2M","prop. max",0.166666666666667
"KY11","c(15, 45)","2020-06-02","2020-07-02","T2M","prop. max",0
"KY12","c(15, 45)","2020-07-12","2020-08-11","T2M","prop. max",0.233333333333333
"KY13","c(15, 45)","2020-07-26","2020-08-25","T2M","prop. max",0.233333333333333
"KY14","c(15, 45)","2020-09-02","2020-10-02","T2M","prop. max",0
"KY15","c(15, 45)","2022-06-11","2022-07-11","T2M","prop. max",0.533333333333333
"KY16","c(15, 45)","2022-07-23","2022-08-22","T2M","prop. max",0.1
"KY17","c(15, 45)","2022-09-01","2022-10-01","T2M","prop. max",0.1
"KY18","c(15, 45)","2022-06-11","2022-07-11","T2M","prop. max",0.533333333333333
"KY19","c(15, 45)","2022-07-26","2022-08-25","T2M","prop. max",0.0333333333333333
"KY1","c(15, 45)","2023-06-04","2023-07-04","T2M","prop. max",0
"KY20","c(15, 45)","2023-06-06","2023-07-06","T2M","prop. max",0
"KY2","c(15, 45)","2023-07-07","2023-08-06","T2M","prop. max",0.3
"KY3","c(15, 45)","2023-08-19","2023-09-18","T2M","prop. max",0.4
"KY4","c(15, 45)","2023-06-06","2023-07-06","T2M","prop. max",0
"KY5","c(15, 45)","2023-08-21","2023-09-20","T2M","prop. max",0.366666666666667
"KY6","c(15, 45)","2021-06-09","2021-07-09","T2M","prop. max",0.1
"KY7","c(15, 45)","2021-07-22","2021-08-21","T2M","prop. max",0.233333333333333
"KY8","c(15, 45)","2021-09-21","2021-10-21","T2M","prop. max",0
"KY9","c(15, 45)","2021-05-30","2021-06-29","T2M","prop. max",0.0666666666666667
"KY10","c(15, 45)","2021-07-11","2021-08-10","T2M","prop. min",0
"KY11","c(15, 45)","2020-06-02","2020-07-02","T2M","prop. min",0
"KY12","c(15, 45)","2020-07-12","2020-08-11","T2M","prop. min",0
"KY13","c(15, 45)","2020-07-26","2020-08-25","T2M","prop. min",0
"KY14","c(15, 45)","2020-09-02","2020-10-02","T2M","prop. min",0.0333333333333333
"KY15","c(15, 45)","2022-06-11","2022-07-11","T2M","prop. min",0
"KY16","c(15, 45)","2022-07-23","2022-08-22","T2M","prop. min",0
"KY17","c(15, 45)","2022-09-01","2022-10-01","T2M","prop. min",0.0333333333333333
"KY18","c(15, 45)","2022-06-11","2022-07-11","T2M","prop. min",0
"KY19","c(15, 45)","2022-07-26","2022-08-25","T2M","prop. min",0
"KY1","c(15, 45)","2023-06-04","2023-07-04","T2M","prop. min",0
"KY20","c(15, 45)","2023-06-06","2023-07-06","T2M","prop. min",0
"KY2","c(15, 45)","2023-07-07","2023-08-06","T2M","prop. min",0
"KY3","c(15, 45)","2023-08-19","2023-09-18","T2M","prop. min",0
"KY4","c(15, 45)","2023-06-06","2023-07-06","T2M","prop. min",0
"KY5","c(15, 45)","2023-08-21","2023-09-20","T2M","prop. min",0
"KY6","c(15, 45)","2021-06-09","2021-07-09","T2M","prop. min",0
"KY7","c(15, 45)","2021-07-22","2021-08-21","T2M","prop. min",0
"KY8","c(15, 45)","2021-09-21","2021-10-21","T2M","prop. min",0.0333333333333333
"KY9","c(15, 45)","2021-05-30","2021-06-29","T2M","prop. min",0.0333333333333333
"KY10","c(15, 45)","2021-07-11","2021-08-10","T2M","variance",16.3851102779194
"KY11","c(15, 45)","2020-06-02","2020-07-02","T2M","variance",16.3941698559107
"KY12","c(15, 45)","2020-07-12","2020-08-11","T2M","variance",17.2366750936431
"KY13","c(15, 45)","2020-07-26","2020-08-25","T2M","variance",18.4472474835221
"KY14","c(15, 45)","2020-09-02","2020-10-02","T2M","variance",34.0482561258053
"KY15","c(15, 45)","2022-06-11","2022-07-11","T2M","variance",25.9361307648364
"KY16","c(15, 45)","2022-07-23","2022-08-22","T2M","variance",14.4672401349329
"KY17","c(15, 45)","2022-09-01","2022-10-01","T2M","variance",35.8397440024568
"KY18","c(15, 45)","2022-06-11","2022-07-11","T2M","variance",25.9361307648364
"KY19","c(15, 45)","2022-07-26","2022-08-25","T2M","variance",14.2778522170188
"KY1","c(15, 45)","2023-06-04","2023-07-04","T2M","variance",20.71268787516
"KY20","c(15, 45)","2023-06-06","2023-07-06","T2M","variance",20.3446171115618
"KY2","c(15, 45)","2023-07-07","2023-08-06","T2M","variance",17.4867178513063
"KY3","c(15, 45)","2023-08-19","2023-09-18","T2M","variance",31.9014902787871
"KY4","c(15, 45)","2023-06-06","2023-07-06","T2M","variance",20.3446171115618
"KY5","c(15, 45)","2023-08-21","2023-09-20","T2M","variance",32.4754090049244
"KY6","c(15, 45)","2021-06-09","2021-07-09","T2M","variance",17.7886715388203
"KY7","c(15, 45)","2021-07-22","2021-08-21","T2M","variance",17.7465108141527
"KY8","c(15, 45)","2021-09-21","2021-10-21","T2M","variance",26.3744156893344
"KY9","c(15, 45)","2021-05-30","2021-06-29","T2M","variance",24.7586727758405
"KY10","c(15, 45)","2021-07-11","2021-08-10","PRECTOTCORR","mean",3.53311827956989
"KY11","c(15, 45)","2020-06-02","2020-07-02","PRECTOTCORR","mean",3.75619623655914
"KY12","c(15, 45)","2020-07-12","2020-08-11","PRECTOTCORR","mean",3.29649193548387
"KY13","c(15, 45)","2020-07-26","2020-08-25","PRECTOTCORR","mean",3.23832661290323
"KY14","c(15, 45)","2020-09-02","2020-10-02","PRECTOTCORR","mean",3.15266129032258
"KY15","c(15, 45)","2022-06-11","2022-07-11","PRECTOTCORR","mean",2.4786491935484
"KY16","c(15, 45)","2022-07-23","2022-08-22","PRECTOTCORR","mean",5.12661962365591
"KY17","c(15, 45)","2022-09-01","2022-10-01","PRECTOTCORR","mean",1.55489919354838
"KY18","c(15, 45)","2022-06-11","2022-07-11","PRECTOTCORR","mean",2.4786491935484
"KY19","c(15, 45)","2022-07-26","2022-08-25","PRECTOTCORR","mean",4.85817204301075
"KY1","c(15, 45)","2023-06-04","2023-07-04","PRECTOTCORR","mean",5.03998655913977
"KY20","c(15, 45)","2023-06-06","2023-07-06","PRECTOTCORR","mean",5.14931451612903
"KY2","c(15, 45)","2023-07-07","2023-08-06","PRECTOTCORR","mean",2.71474462365591
"KY3","c(15, 45)","2023-08-19","2023-09-18","PRECTOTCORR","mean",1.10819220430107
"KY4","c(15, 45)","2023-06-06","2023-07-06","PRECTOTCORR","mean",5.14931451612903
"KY5","c(15, 45)","2023-08-21","2023-09-20","PRECTOTCORR","mean",1.10823252688172
"KY6","c(15, 45)","2021-06-09","2021-07-09","PRECTOTCORR","mean",4.83781586021505
"KY7","c(15, 45)","2021-07-22","2021-08-21","PRECTOTCORR","mean",3.59083333333334
"KY8","c(15, 45)","2021-09-21","2021-10-21","PRECTOTCORR","mean",3.86304435483871
"KY9","c(15, 45)","2021-05-30","2021-06-29","PRECTOTCORR","mean",3.82823252688172
"KY10","c(15, 45)","2021-07-11","2021-08-10","PRECTOTCORR","maximum",301.9
"KY11","c(15, 45)","2020-06-02","2020-07-02","PRECTOTCORR","maximum",121.04
"KY12","c(15, 45)","2020-07-12","2020-08-11","PRECTOTCORR","maximum",158.82
"KY13","c(15, 45)","2020-07-26","2020-08-25","PRECTOTCORR","maximum",158.82
"KY14","c(15, 45)","2020-09-02","2020-10-02","PRECTOTCORR","maximum",163.39
"KY15","c(15, 45)","2022-06-11","2022-07-11","PRECTOTCORR","maximum",87.14
"KY16","c(15, 45)","2022-07-23","2022-08-22","PRECTOTCORR","maximum",88.58
"KY17","c(15, 45)","2022-09-01","2022-10-01","PRECTOTCORR","maximum",50.24
"KY18","c(15, 45)","2022-06-11","2022-07-11","PRECTOTCORR","maximum",87.14
"KY19","c(15, 45)","2022-07-26","2022-08-25","PRECTOTCORR","maximum",88.58
"KY1","c(15, 45)","2023-06-04","2023-07-04","PRECTOTCORR","maximum",263.75
"KY20","c(15, 45)","2023-06-06","2023-07-06","PRECTOTCORR","maximum",263.75
"KY2","c(15, 45)","2023-07-07","2023-08-06","PRECTOTCORR","maximum",86.85
"KY3","c(15, 45)","2023-08-19","2023-09-18","PRECTOTCORR","maximum",50.61
"KY4","c(15, 45)","2023-06-06","2023-07-06","PRECTOTCORR","maximum",263.75
"KY5","c(15, 45)","2023-08-21","2023-09-20","PRECTOTCORR","maximum",50.61
"KY6","c(15, 45)","2021-06-09","2021-07-09","PRECTOTCORR","maximum",171.3
"KY7","c(15, 45)","2021-07-22","2021-08-21","PRECTOTCORR","maximum",301.9
"KY8","c(15, 45)","2021-09-21","2021-10-21","PRECTOTCORR","maximum",261.2
"KY9","c(15, 45)","2021-05-30","2021-06-29","PRECTOTCORR","maximum",147.2
"KY10","c(15, 45)","2021-07-11","2021-08-10","PRECTOTCORR","minimum",0
"KY11","c(15, 45)","2020-06-02","2020-07-02","PRECTOTCORR","minimum",0
"KY12","c(15, 45)","2020-07-12","2020-08-11","PRECTOTCORR","minimum",0
"KY13","c(15, 45)","2020-07-26","2020-08-25","PRECTOTCORR","minimum",0
"KY14","c(15, 45)","2020-09-02","2020-10-02","PRECTOTCORR","minimum",0
"KY15","c(15, 45)","2022-06-11","2022-07-11","PRECTOTCORR","minimum",0
"KY16","c(15, 45)","2022-07-23","2022-08-22","PRECTOTCORR","minimum",0
"KY17","c(15, 45)","2022-09-01","2022-10-01","PRECTOTCORR","minimum",0
"KY18","c(15, 45)","2022-06-11","2022-07-11","PRECTOTCORR","minimum",0
"KY19","c(15, 45)","2022-07-26","2022-08-25","PRECTOTCORR","minimum",0
"KY1","c(15, 45)","2023-06-04","2023-07-04","PRECTOTCORR","minimum",0
"KY20","c(15, 45)","2023-06-06","2023-07-06","PRECTOTCORR","minimum",0
"KY2","c(15, 45)","2023-07-07","2023-08-06","PRECTOTCORR","minimum",0
"KY3","c(15, 45)","2023-08-19","2023-09-18","PRECTOTCORR","minimum",0
"KY4","c(15, 45)","2023-06-06","2023-07-06","PRECTOTCORR","minimum",0
"KY5","c(15, 45)","2023-08-21","2023-09-20","PRECTOTCORR","minimum",0
"KY6","c(15, 45)","2021-06-09","2021-07-09","PRECTOTCORR","minimum",0
"KY7","c(15, 45)","2021-07-22","2021-08-21","PRECTOTCORR","minimum",0
"KY8","c(15, 45)","2021-09-21","2021-10-21","PRECTOTCORR","minimum",0
"KY9","c(15, 45)","2021-05-30","2021-06-29","PRECTOTCORR","minimum",0
"KY10","c(15, 45)","2021-07-11","2021-08-10","PRECTOTCORR","variance",221.468690740541
"KY11","c(15, 45)","2020-06-02","2020-07-02","PRECTOTCORR","variance",107.706574089239
"KY12","c(15, 45)","2020-07-12","2020-08-11","PRECTOTCORR","variance",95.4777426280447
"KY13","c(15, 45)","2020-07-26","2020-08-25","PRECTOTCORR","variance",95.6687558394533
"KY14","c(15, 45)","2020-09-02","2020-10-02","PRECTOTCORR","variance",158.385635817947
"KY15","c(15, 45)","2022-06-11","2022-07-11","PRECTOTCORR","variance",48.766885127693
"KY16","c(15, 45)","2022-07-23","2022-08-22","PRECTOTCORR","variance",104.424301208277
"KY17","c(15, 45)","2022-09-01","2022-10-01","PRECTOTCORR","variance",29.4529227874095
"KY18","c(15, 45)","2022-06-11","2022-07-11","PRECTOTCORR","variance",48.766885127693
"KY19","c(15, 45)","2022-07-26","2022-08-25","PRECTOTCORR","variance",103.351934248794
"KY1","c(15, 45)","2023-06-04","2023-07-04","PRECTOTCORR","variance",256.592413987712
"KY20","c(15, 45)","2023-06-06","2023-07-06","PRECTOTCORR","variance",256.036148689178
"KY2","c(15, 45)","2023-07-07","2023-08-06","PRECTOTCORR","variance",60.5518445884042
"KY3","c(15, 45)","2023-08-19","2023-09-18","PRECTOTCORR","variance",16.3971992179085
"KY4","c(15, 45)","2023-06-06","2023-07-06","PRECTOTCORR","variance",256.036148689178
"KY5","c(15, 45)","2023-08-21","2023-09-20","PRECTOTCORR","variance",16.3971105928347
"KY6","c(15, 45)","2021-06-09","2021-07-09","PRECTOTCORR","variance",204.95158534065
"KY7","c(15, 45)","2021-07-22","2021-08-21","PRECTOTCORR","variance",220.804448397222
"KY8","c(15, 45)","2021-09-21","2021-10-21","PRECTOTCORR","variance",184.104064094872
"KY9","c(15, 45)","2021-05-30","2021-06-29","PRECTOTCORR","variance",113.054266746162
"KY10","c(15, 45)","2021-07-11","2021-08-10","RH2M","mean",75.7383534946237
"KY11","c(15, 45)","2020-06-02","2020-07-02","RH2M","mean",81.4290524193548
"KY12","c(15, 45)","2020-07-12","2020-08-11","RH2M","mean",76.7414852150538
"KY13","c(15, 45)","2020-07-26","2020-08-25","RH2M","mean",74.5993817204301
"KY14","c(15, 45)","2020-09-02","2020-10-02","RH2M","mean",74.8479905913978
"KY15","c(15, 45)","2022-06-11","2022-07-11","RH2M","mean",70.1083803763441
"KY16","c(15, 45)","2022-07-23","2022-08-22","RH2M","mean",80.3254838709677
"KY17","c(15, 45)","2022-09-01","2022-10-01","RH2M","mean",68.5697110215054
"KY18","c(15, 45)","2022-06-11","2022-07-11","RH2M","mean",70.1083803763441
"KY19","c(15, 45)","2022-07-26","2022-08-25","RH2M","mean",79.9412029569892
"KY1","c(15, 45)","2023-06-04","2023-07-04","RH2M","mean",71.2527956989247
"KY20","c(15, 45)","2023-06-06","2023-07-06","RH2M","mean",72.3047715053764
"KY2","c(15, 45)","2023-07-07","2023-08-06","RH2M","mean",72.0091935483871
"KY3","c(15, 45)","2023-08-19","2023-09-18","RH2M","mean",65.1472043010753
"KY4","c(15, 45)","2023-06-06","2023-07-06","RH2M","mean",72.3047715053764
"KY5","c(15, 45)","2023-08-21","2023-09-20","RH2M","mean",65.193998655914
"KY6","c(15, 45)","2021-06-09","2021-07-09","RH2M","mean",79.6991733870968
"KY7","c(15, 45)","2021-07-22","2021-08-21","RH2M","mean",74.1538440860215
"KY8","c(15, 45)","2021-09-21","2021-10-21","RH2M","mean",78.3551747311828
"KY9","c(15, 45)","2021-05-30","2021-06-29","RH2M","mean",79.8729905913979
"KY10","c(15, 45)","2021-07-11","2021-08-10","RH2M","maximum",100
"KY11","c(15, 45)","2020-06-02","2020-07-02","RH2M","maximum",100
"KY12","c(15, 45)","2020-07-12","2020-08-11","RH2M","maximum",100
"KY13","c(15, 45)","2020-07-26","2020-08-25","RH2M","maximum",100
"KY14","c(15, 45)","2020-09-02","2020-10-02","RH2M","maximum",100
"KY15","c(15, 45)","2022-06-11","2022-07-11","RH2M","maximum",100
"KY16","c(15, 45)","2022-07-23","2022-08-22","RH2M","maximum",100
"KY17","c(15, 45)","2022-09-01","2022-10-01","RH2M","maximum",100
"KY18","c(15, 45)","2022-06-11","2022-07-11","RH2M","maximum",100
"KY19","c(15, 45)","2022-07-26","2022-08-25","RH2M","maximum",100
"KY1","c(15, 45)","2023-06-04","2023-07-04","RH2M","maximum",100
"KY20","c(15, 45)","2023-06-06","2023-07-06","RH2M","maximum",100
"KY2","c(15, 45)","2023-07-07","2023-08-06","RH2M","maximum",100
"KY3","c(15, 45)","2023-08-19","2023-09-18","RH2M","maximum",100
"KY4","c(15, 45)","2023-06-06","2023-07-06","RH2M","maximum",100
"KY5","c(15, 45)","2023-08-21","2023-09-20","RH2M","maximum",100
"KY6","c(15, 45)","2021-06-09","2021-07-09","RH2M","maximum",100
"KY7","c(15, 45)","2021-07-22","2021-08-21","RH2M","maximum",100
"KY8","c(15, 45)","2021-09-21","2021-10-21","RH2M","maximum",100
"KY9","c(15, 45)","2021-05-30","2021-06-29","RH2M","maximum",100
"KY10","c(15, 45)","2021-07-11","2021-08-10","RH2M","minimum",36.3
"KY11","c(15, 45)","2020-06-02","2020-07-02","RH2M","minimum",43.45
"KY12","c(15, 45)","2020-07-12","2020-08-11","RH2M","minimum",31.08
"KY13","c(15, 45)","2020-07-26","2020-08-25","RH2M","minimum",31.08
"KY14","c(15, 45)","2020-09-02","2020-10-02","RH2M","minimum",31.44
"KY15","c(15, 45)","2022-06-11","2022-07-11","RH2M","minimum",20.88
"KY16","c(15, 45)","2022-07-23","2022-08-22","RH2M","minimum",40.88
"KY17","c(15, 45)","2022-09-01","2022-10-01","RH2M","minimum",21.86
"KY18","c(15, 45)","2022-06-11","2022-07-11","RH2M","minimum",20.88
"KY19","c(15, 45)","2022-07-26","2022-08-25","RH2M","minimum",38.32
"KY1","c(15, 45)","2023-06-04","2023-07-04","RH2M","minimum",27.61
"KY20","c(15, 45)","2023-06-06","2023-07-06","RH2M","minimum",27.61
"KY2","c(15, 45)","2023-07-07","2023-08-06","RH2M","minimum",33.77
"KY3","c(15, 45)","2023-08-19","2023-09-18","RH2M","minimum",23.42
"KY4","c(15, 45)","2023-06-06","2023-07-06","RH2M","minimum",27.61
"KY5","c(15, 45)","2023-08-21","2023-09-20","RH2M","minimum",23.42
"KY6","c(15, 45)","2021-06-09","2021-07-09","RH2M","minimum",46.24
"KY7","c(15, 45)","2021-07-22","2021-08-21","RH2M","minimum",36.3
"KY8","c(15, 45)","2021-09-21","2021-10-21","RH2M","minimum",30.79
"KY9","c(15, 45)","2021-05-30","2021-06-29","RH2M","minimum",46.24
"KY10","c(15, 45)","2021-07-11","2021-08-10","RH2M","variance",295.763339923377
"KY11","c(15, 45)","2020-06-02","2020-07-02","RH2M","variance",200.285438980438
"KY12","c(15, 45)","2020-07-12","2020-08-11","RH2M","variance",284.130315008524
"KY13","c(15, 45)","2020-07-26","2020-08-25","RH2M","variance",319.101438756679
"KY14","c(15, 45)","2020-09-02","2020-10-02","RH2M","variance",344.969734022776
"KY15","c(15, 45)","2022-06-11","2022-07-11","RH2M","variance",410.750554268128
"KY16","c(15, 45)","2022-07-23","2022-08-22","RH2M","variance",251.817130902228
"KY17","c(15, 45)","2022-09-01","2022-10-01","RH2M","variance",399.987933675683
"KY18","c(15, 45)","2022-06-11","2022-07-11","RH2M","variance",410.750554268128
"KY19","c(15, 45)","2022-07-26","2022-08-25","RH2M","variance",268.963771988371
"KY1","c(15, 45)","2023-06-04","2023-07-04","RH2M","variance",406.551385453862
"KY20","c(15, 45)","2023-06-06","2023-07-06","RH2M","variance",389.316979234911
"KY2","c(15, 45)","2023-07-07","2023-08-06","RH2M","variance",319.9037057379
"KY3","c(15, 45)","2023-08-19","2023-09-18","RH2M","variance",390.194078930661
"KY4","c(15, 45)","2023-06-06","2023-07-06","RH2M","variance",389.316979234911
"KY5","c(15, 45)","2023-08-21","2023-09-20","RH2M","variance",388.315667187624
"KY6","c(15, 45)","2021-06-09","2021-07-09","RH2M","variance",217.67716481726
"KY7","c(15, 45)","2021-07-22","2021-08-21","RH2M","variance",294.883769342184
"KY8","c(15, 45)","2021-09-21","2021-10-21","RH2M","variance",294.944753298298
"KY9","c(15, 45)","2021-05-30","2021-06-29","RH2M","variance",231.375869261512
"KY10","c(45, 75)","2021-06-11","2021-07-11","T2M","mean",23.2542002688172
"KY11","c(45, 75)","2020-05-03","2020-06-02","T2M","mean",16.6719570707071
"KY12","c(45, 75)","2020-06-12","2020-07-12","T2M","mean",23.037002688172
"KY13","c(45, 75)","2020-06-26","2020-07-26","T2M","mean",25.117002688172
"KY14","c(45, 75)","2020-08-03","2020-09-02","T2M","mean",23.9891196236559
"KY15","c(45, 75)","2022-05-12","2022-06-11","T2M","mean",20.6631989247312
"KY16","c(45, 75)","2022-06-23","2022-07-23","T2M","mean",25.8637432795699
"KY17","c(45, 75)","2022-08-02","2022-09-01","T2M","mean",24.0430779569892
"KY18","c(45, 75)","2022-05-12","2022-06-11","T2M","mean",20.6631989247312
"KY19","c(45, 75)","2022-06-26","2022-07-26","T2M","mean",25.8188172043011
"KY1","c(45, 75)","2023-05-05","2023-06-04","T2M","mean",18.9789247311828
"KY20","c(45, 75)","2023-05-07","2023-06-06","T2M","mean",19.3919018817204
"KY2","c(45, 75)","2023-06-07","2023-07-07","T2M","mean",21.9850067204301
"KY3","c(45, 75)","2023-07-20","2023-08-19","T2M","mean",24.7440524193548
"KY4","c(45, 75)","2023-05-07","2023-06-06","T2M","mean",19.3919018817204
"KY5","c(45, 75)","2023-07-22","2023-08-21","T2M","mean",24.8240120967742
"KY6","c(45, 75)","2021-05-10","2021-06-09","T2M","mean",18.5460483870968
"KY7","c(45, 75)","2021-06-22","2021-07-22","T2M","mean",23.3170766129032
"KY8","c(45, 75)","2021-08-22","2021-09-21","T2M","mean",23.1509879032258
"KY9","c(45, 75)","2021-04-30","2021-05-30","T2M","mean",16.6043413978495
"KY10","c(45, 75)","2021-06-11","2021-07-11","T2M","maximum",33.02
"KY11","c(45, 75)","2020-05-03","2020-06-02","T2M","maximum",28.06
"KY12","c(45, 75)","2020-06-12","2020-07-12","T2M","maximum",32.05
"KY13","c(45, 75)","2020-06-26","2020-07-26","T2M","maximum",33.04
"KY14","c(45, 75)","2020-08-03","2020-09-02","T2M","maximum",34.12
"KY15","c(45, 75)","2022-05-12","2022-06-11","T2M","maximum",30.32
"KY16","c(45, 75)","2022-06-23","2022-07-23","T2M","maximum",34.98
"KY17","c(45, 75)","2022-08-02","2022-09-01","T2M","maximum",34.03
"KY18","c(45, 75)","2022-05-12","2022-06-11","T2M","maximum",30.32
"KY19","c(45, 75)","2022-06-26","2022-07-26","T2M","maximum",34.98
"KY1","c(45, 75)","2023-05-05","2023-06-04","T2M","maximum",31.83
"KY20","c(45, 75)","2023-05-07","2023-06-06","T2M","maximum",31.83
"KY2","c(45, 75)","2023-06-07","2023-07-07","T2M","maximum",30.66
"KY3","c(45, 75)","2023-07-20","2023-08-19","T2M","maximum",36.65
"KY4","c(45, 75)","2023-05-07","2023-06-06","T2M","maximum",31.83
"KY5","c(45, 75)","2023-07-22","2023-08-21","T2M","maximum",36.65
"KY6","c(45, 75)","2021-05-10","2021-06-09","T2M","maximum",29.66
"KY7","c(45, 75)","2021-06-22","2021-07-22","T2M","maximum",33.02
"KY8","c(45, 75)","2021-08-22","2021-09-21","T2M","maximum",34.45
"KY9","c(45, 75)","2021-04-30","2021-05-30","T2M","maximum",29.66
"KY10","c(45, 75)","2021-06-11","2021-07-11","T2M","minimum",9.84
"KY11","c(45, 75)","2020-05-03","2020-06-02","T2M","minimum",-1.78
"KY12","c(45, 75)","2020-06-12","2020-07-12","T2M","minimum",12.23
"KY13","c(45, 75)","2020-06-26","2020-07-26","T2M","minimum",16.08
"KY14","c(45, 75)","2020-08-03","2020-09-02","T2M","minimum",14.1
"KY15","c(45, 75)","2022-05-12","2022-06-11","T2M","minimum",11.16
"KY16","c(45, 75)","2022-06-23","2022-07-23","T2M","minimum",14.29
"KY17","c(45, 75)","2022-08-02","2022-09-01","T2M","minimum",14.67
"KY18","c(45, 75)","2022-05-12","2022-06-11","T2M","minimum",11.16
"KY19","c(45, 75)","2022-06-26","2022-07-26","T2M","minimum",14.29
"KY1","c(45, 75)","2023-05-05","2023-06-04","T2M","minimum",7
"KY20","c(45, 75)","2023-05-07","2023-06-06","T2M","minimum",7.13
"KY2","c(45, 75)","2023-06-07","2023-07-07","T2M","minimum",9.75
"KY3","c(45, 75)","2023-07-20","2023-08-19","T2M","minimum",13.25
"KY4","c(45, 75)","2023-05-07","2023-06-06","T2M","minimum",7.13
"KY5","c(45, 75)","2023-07-22","2023-08-21","T2M","minimum",13.25
"KY6","c(45, 75)","2021-05-10","2021-06-09","T2M","minimum",3.33
"KY7","c(45, 75)","2021-06-22","2021-07-22","T2M","minimum",9.84
"KY8","c(45, 75)","2021-08-22","2021-09-21","T2M","minimum",12.58
"KY9","c(45, 75)","2021-04-30","2021-05-30","T2M","minimum",1.71
"KY10","c(45, 75)","2021-06-11","2021-07-11","T2M","prop. max",0.1
"KY11","c(45, 75)","2020-05-03","2020-06-02","T2M","prop. max",0
"KY12","c(45, 75)","2020-06-12","2020-07-12","T2M","prop. max",0.0333333333333333
"KY13","c(45, 75)","2020-06-26","2020-07-26","T2M","prop. max",0.166666666666667
"KY14","c(45, 75)","2020-08-03","2020-09-02","T2M","prop. max",0.166666666666667
"KY15","c(45, 75)","2022-05-12","2022-06-11","T2M","prop. max",0
"KY16","c(45, 75)","2022-06-23","2022-07-23","T2M","prop. max",0.566666666666667
"KY17","c(45, 75)","2022-08-02","2022-09-01","T2M","prop. max",0.1
"KY18","c(45, 75)","2022-05-12","2022-06-11","T2M","prop. max",0
"KY19","c(45, 75)","2022-06-26","2022-07-26","T2M","prop. max",0.533333333333333
"KY1","c(45, 75)","2023-05-05","2023-06-04","T2M","prop. max",0
"KY20","c(45, 75)","2023-05-07","2023-06-06","T2M","prop. max",0
"KY2","c(45, 75)","2023-06-07","2023-07-07","T2M","prop. max",0
"KY3","c(45, 75)","2023-07-20","2023-08-19","T2M","prop. max",0.3
"KY4","c(45, 75)","2023-05-07","2023-06-06","T2M","prop. max",0
"KY5","c(45, 75)","2023-07-22","2023-08-21","T2M","prop. max",0.366666666666667
"KY6","c(45, 75)","2021-05-10","2021-06-09","T2M","prop. max",0
"KY7","c(45, 75)","2021-06-22","2021-07-22","T2M","prop. max",0.1
"KY8","c(45, 75)","2021-08-22","2021-09-21","T2M","prop. max",0.2
"KY9","c(45, 75)","2021-04-30","2021-05-30","T2M","prop. max",0
"KY10","c(45, 75)","2021-06-11","2021-07-11","T2M","prop. min",0
"KY11","c(45, 75)","2020-05-03","2020-06-02","T2M","prop. min",0.166666666666667
"KY12","c(45, 75)","2020-06-12","2020-07-12","T2M","prop. min",0
"KY13","c(45, 75)","2020-06-26","2020-07-26","T2M","prop. min",0
"KY14","c(45, 75)","2020-08-03","2020-09-02","T2M","prop. min",0
"KY15","c(45, 75)","2022-05-12","2022-06-11","T2M","prop. min",0
"KY16","c(45, 75)","2022-06-23","2022-07-23","T2M","prop. min",0
"KY17","c(45, 75)","2022-08-02","2022-09-01","T2M","prop. min",0
"KY18","c(45, 75)","2022-05-12","2022-06-11","T2M","prop. min",0
"KY19","c(45, 75)","2022-06-26","2022-07-26","T2M","prop. min",0
"KY1","c(45, 75)","2023-05-05","2023-06-04","T2M","prop. min",0
"KY20","c(45, 75)","2023-05-07","2023-06-06","T2M","prop. min",0
"KY2","c(45, 75)","2023-06-07","2023-07-07","T2M","prop. min",0
"KY3","c(45, 75)","2023-07-20","2023-08-19","T2M","prop. min",0
"KY4","c(45, 75)","2023-05-07","2023-06-06","T2M","prop. min",0
"KY5","c(45, 75)","2023-07-22","2023-08-21","T2M","prop. min",0
"KY6","c(45, 75)","2021-05-10","2021-06-09","T2M","prop. min",0.1
"KY7","c(45, 75)","2021-06-22","2021-07-22","T2M","prop. min",0
"KY8","c(45, 75)","2021-08-22","2021-09-21","T2M","prop. min",0
"KY9","c(45, 75)","2021-04-30","2021-05-30","T2M","prop. min",0.2
"KY10","c(45, 75)","2021-06-11","2021-07-11","T2M","variance",18.1326145583859
"KY11","c(45, 75)","2020-05-03","2020-06-02","T2M","variance",36.8582764431611
"KY12","c(45, 75)","2020-06-12","2020-07-12","T2M","variance",17.5456162958905
"KY13","c(45, 75)","2020-06-26","2020-07-26","T2M","variance",13.9492645810284
"KY14","c(45, 75)","2020-08-03","2020-09-02","T2M","variance",18.3253601524593
"KY15","c(45, 75)","2022-05-12","2022-06-11","T2M","variance",18.3329389193802
"KY16","c(45, 75)","2022-06-23","2022-07-23","T2M","variance",20.9827432750052
"KY17","c(45, 75)","2022-08-02","2022-09-01","T2M","variance",16.9737509771063
"KY18","c(45, 75)","2022-05-12","2022-06-11","T2M","variance",18.3329389193802
"KY19","c(45, 75)","2022-06-26","2022-07-26","T2M","variance",19.5742540136379
"KY1","c(45, 75)","2023-05-05","2023-06-04","T2M","variance",27.5621747677
"KY20","c(45, 75)","2023-05-07","2023-06-06","T2M","variance",27.1729462795392
"KY2","c(45, 75)","2023-06-07","2023-07-07","T2M","variance",19.9433585742655
"KY3","c(45, 75)","2023-07-20","2023-08-19","T2M","variance",19.4994418721663
"KY4","c(45, 75)","2023-05-07","2023-06-06","T2M","variance",27.1729462795392
"KY5","c(45, 75)","2023-07-22","2023-08-21","T2M","variance",21.7421432063096
"KY6","c(45, 75)","2021-05-10","2021-06-09","T2M","variance",34.1246182680001
"KY7","c(45, 75)","2021-06-22","2021-07-22","T2M","variance",16.5092995180001
"KY8","c(45, 75)","2021-08-22","2021-09-21","T2M","variance",22.9111430045609
"KY9","c(45, 75)","2021-04-30","2021-05-30","T2M","variance",36.8636237757699
"KY10","c(45, 75)","2021-06-11","2021-07-11","PRECTOTCORR","mean",4.88588037634409
"KY11","c(45, 75)","2020-05-03","2020-06-02","PRECTOTCORR","mean",4.38502525252525
"KY12","c(45, 75)","2020-06-12","2020-07-12","PRECTOTCORR","mean",3.62463709677419
"KY13","c(45, 75)","2020-06-26","2020-07-26","PRECTOTCORR","mean",3.12061155913979
"KY14","c(45, 75)","2020-08-03","2020-09-02","PRECTOTCORR","mean",3.4684005376344
"KY15","c(45, 75)","2022-05-12","2022-06-11","PRECTOTCORR","mean",3.54340725806452
"KY16","c(45, 75)","2022-06-23","2022-07-23","PRECTOTCORR","mean",3.73637096774194
"KY17","c(45, 75)","2022-08-02","2022-09-01","PRECTOTCORR","mean",3.04897849462366
"KY18","c(45, 75)","2022-05-12","2022-06-11","PRECTOTCORR","mean",3.54340725806452
"KY19","c(45, 75)","2022-06-26","2022-07-26","PRECTOTCORR","mean",4.66661962365591
"KY1","c(45, 75)","2023-05-05","2023-06-04","PRECTOTCORR","mean",1.87994623655914
"KY20","c(45, 75)","2023-05-07","2023-06-06","PRECTOTCORR","mean",1.87991263440861
"KY2","c(45, 75)","2023-06-07","2023-07-07","PRECTOTCORR","mean",5.16244623655914
"KY3","c(45, 75)","2023-07-20","2023-08-19","PRECTOTCORR","mean",2.7359811827957
"KY4","c(45, 75)","2023-05-07","2023-06-06","PRECTOTCORR","mean",1.87991263440861
"KY5","c(45, 75)","2023-07-22","2023-08-21","PRECTOTCORR","mean",2.61052419354839
"KY6","c(45, 75)","2021-05-10","2021-06-09","PRECTOTCORR","mean",2.40450268817203
"KY7","c(45, 75)","2021-06-22","2021-07-22","PRECTOTCORR","mean",4.42934139784946
"KY8","c(45, 75)","2021-08-22","2021-09-21","PRECTOTCORR","mean",3.51559139784946
"KY9","c(45, 75)","2021-04-30","2021-05-30","PRECTOTCORR","mean",2.31292338709677
"KY10","c(45, 75)","2021-06-11","2021-07-11","PRECTOTCORR","maximum",171.3
"KY11","c(45, 75)","2020-05-03","2020-06-02","PRECTOTCORR","maximum",207.48
"KY12","c(45, 75)","2020-06-12","2020-07-12","PRECTOTCORR","maximum",121.04
"KY13","c(45, 75)","2020-06-26","2020-07-26","PRECTOTCORR","maximum",121.04
"KY14","c(45, 75)","2020-08-03","2020-09-02","PRECTOTCORR","maximum",120.18
"KY15","c(45, 75)","2022-05-12","2022-06-11","PRECTOTCORR","maximum",146.05
"KY16","c(45, 75)","2022-06-23","2022-07-23","PRECTOTCORR","maximum",210.36
"KY17","c(45, 75)","2022-08-02","2022-09-01","PRECTOTCORR","maximum",77.04
"KY18","c(45, 75)","2022-05-12","2022-06-11","PRECTOTCORR","maximum",146.05
"KY19","c(45, 75)","2022-06-26","2022-07-26","PRECTOTCORR","maximum",210.36
"KY1","c(45, 75)","2023-05-05","2023-06-04","PRECTOTCORR","maximum",110.58
"KY20","c(45, 75)","2023-05-07","2023-06-06","PRECTOTCORR","maximum",110.58
"KY2","c(45, 75)","2023-06-07","2023-07-07","PRECTOTCORR","maximum",263.75
"KY3","c(45, 75)","2023-07-20","2023-08-19","PRECTOTCORR","maximum",84.23
"KY4","c(45, 75)","2023-05-07","2023-06-06","PRECTOTCORR","maximum",110.58
"KY5","c(45, 75)","2023-07-22","2023-08-21","PRECTOTCORR","maximum",84.23
"KY6","c(45, 75)","2021-05-10","2021-06-09","PRECTOTCORR","maximum",81.96
"KY7","c(45, 75)","2021-06-22","2021-07-22","PRECTOTCORR","maximum",171.3
"KY8","c(45, 75)","2021-08-22","2021-09-21","PRECTOTCORR","maximum",86.27
"KY9","c(45, 75)","2021-04-30","2021-05-30","PRECTOTCORR","maximum",119.52
"KY10","c(45, 75)","2021-06-11","2021-07-11","PRECTOTCORR","minimum",0
"KY11","c(45, 75)","2020-05-03","2020-06-02","PRECTOTCORR","minimum",0
"KY12","c(45, 75)","2020-06-12","2020-07-12","PRECTOTCORR","minimum",0
"KY13","c(45, 75)","2020-06-26","2020-07-26","PRECTOTCORR","minimum",0
"KY14","c(45, 75)","2020-08-03","2020-09-02","PRECTOTCORR","minimum",0
"KY15","c(45, 75)","2022-05-12","2022-06-11","PRECTOTCORR","minimum",0
"KY16","c(45, 75)","2022-06-23","2022-07-23","PRECTOTCORR","minimum",0
"KY17","c(45, 75)","2022-08-02","2022-09-01","PRECTOTCORR","minimum",0
"KY18","c(45, 75)","2022-05-12","2022-06-11","PRECTOTCORR","minimum",0
"KY19","c(45, 75)","2022-06-26","2022-07-26","PRECTOTCORR","minimum",0
"KY1","c(45, 75)","2023-05-05","2023-06-04","PRECTOTCORR","minimum",0
"KY20","c(45, 75)","2023-05-07","2023-06-06","PRECTOTCORR","minimum",0
"KY2","c(45, 75)","2023-06-07","2023-07-07","PRECTOTCORR","minimum",0
"KY3","c(45, 75)","2023-07-20","2023-08-19","PRECTOTCORR","minimum",0
"KY4","c(45, 75)","2023-05-07","2023-06-06","PRECTOTCORR","minimum",0
"KY5","c(45, 75)","2023-07-22","2023-08-21","PRECTOTCORR","minimum",0
"KY6","c(45, 75)","2021-05-10","2021-06-09","PRECTOTCORR","minimum",0
"KY7","c(45, 75)","2021-06-22","2021-07-22","PRECTOTCORR","minimum",0
"KY8","c(45, 75)","2021-08-22","2021-09-21","PRECTOTCORR","minimum",0
"KY9","c(45, 75)","2021-04-30","2021-05-30","PRECTOTCORR","minimum",0
"KY10","c(45, 75)","2021-06-11","2021-07-11","PRECTOTCORR","variance",240.686525922465
"KY11","c(45, 75)","2020-05-03","2020-06-02","PRECTOTCORR","variance",234.030367635265
"KY12","c(45, 75)","2020-06-12","2020-07-12","PRECTOTCORR","variance",96.8743297942386
"KY13","c(45, 75)","2020-06-26","2020-07-26","PRECTOTCORR","variance",78.8381055437002
"KY14","c(45, 75)","2020-08-03","2020-09-02","PRECTOTCORR","variance",90.458026491781
"KY15","c(45, 75)","2022-05-12","2022-06-11","PRECTOTCORR","variance",116.771095780231
"KY16","c(45, 75)","2022-06-23","2022-07-23","PRECTOTCORR","variance",152.848803902641
"KY17","c(45, 75)","2022-08-02","2022-09-01","PRECTOTCORR","variance",50.9636180546811
"KY18","c(45, 75)","2022-05-12","2022-06-11","PRECTOTCORR","variance",116.771095780231
"KY19","c(45, 75)","2022-06-26","2022-07-26","PRECTOTCORR","variance",175.461997778553
"KY1","c(45, 75)","2023-05-05","2023-06-04","PRECTOTCORR","variance",54.838585874712
"KY20","c(45, 75)","2023-05-07","2023-06-06","PRECTOTCORR","variance",54.8387096762903
"KY2","c(45, 75)","2023-06-07","2023-07-07","PRECTOTCORR","variance",255.922326224411
"KY3","c(45, 75)","2023-07-20","2023-08-19","PRECTOTCORR","variance",49.0381069048243
"KY4","c(45, 75)","2023-05-07","2023-06-06","PRECTOTCORR","variance",54.8387096762903
"KY5","c(45, 75)","2023-07-22","2023-08-21","PRECTOTCORR","variance",48.7385163356617
"KY6","c(45, 75)","2021-05-10","2021-06-09","PRECTOTCORR","variance",49.356179174168
"KY7","c(45, 75)","2021-06-22","2021-07-22","PRECTOTCORR","variance",189.633845699107
"KY8","c(45, 75)","2021-08-22","2021-09-21","PRECTOTCORR","variance",97.9307059042157
"KY9","c(45, 75)","2021-04-30","2021-05-30","PRECTOTCORR","variance",68.2549615220369
"KY10","c(45, 75)","2021-06-11","2021-07-11","RH2M","mean",79.5953965053763
"KY11","c(45, 75)","2020-05-03","2020-06-02","RH2M","mean",81.8553156565657
"KY12","c(45, 75)","2020-06-12","2020-07-12","RH2M","mean",80.0383669354839
"KY13","c(45, 75)","2020-06-26","2020-07-26","RH2M","mean",79.3082930107527
"KY14","c(45, 75)","2020-08-03","2020-09-02","RH2M","mean",74.6913911290323
"KY15","c(45, 75)","2022-05-12","2022-06-11","RH2M","mean",80.5689583333333
"KY16","c(45, 75)","2022-06-23","2022-07-23","RH2M","mean",69.2854301075269
"KY17","c(45, 75)","2022-08-02","2022-09-01","RH2M","mean",76.9109341397849
"KY18","c(45, 75)","2022-05-12","2022-06-11","RH2M","mean",80.5689583333333
"KY19","c(45, 75)","2022-06-26","2022-07-26","RH2M","mean",70.887997311828
"KY1","c(45, 75)","2023-05-05","2023-06-04","RH2M","mean",75.8371102150538
"KY20","c(45, 75)","2023-05-07","2023-06-06","RH2M","mean",74.7412298387097
"KY2","c(45, 75)","2023-06-07","2023-07-07","RH2M","mean",73.2236626344086
"KY3","c(45, 75)","2023-07-20","2023-08-19","RH2M","mean",71.3170094086021
"KY4","c(45, 75)","2023-05-07","2023-06-06","RH2M","mean",74.7412298387097
"KY5","c(45, 75)","2023-07-22","2023-08-21","RH2M","mean",69.5880040322581
"KY6","c(45, 75)","2021-05-10","2021-06-09","RH2M","mean",77.805813172043
"KY7","c(45, 75)","2021-06-22","2021-07-22","RH2M","mean",80.4917002688172
"KY8","c(45, 75)","2021-08-22","2021-09-21","RH2M","mean",74.6303696236559
"KY9","c(45, 75)","2021-04-30","2021-05-30","RH2M","mean",76.5828494623656
"KY10","c(45, 75)","2021-06-11","2021-07-11","RH2M","maximum",100
"KY11","c(45, 75)","2020-05-03","2020-06-02","RH2M","maximum",100
"KY12","c(45, 75)","2020-06-12","2020-07-12","RH2M","maximum",100
"KY13","c(45, 75)","2020-06-26","2020-07-26","RH2M","maximum",100
"KY14","c(45, 75)","2020-08-03","2020-09-02","RH2M","maximum",100
"KY15","c(45, 75)","2022-05-12","2022-06-11","RH2M","maximum",100
"KY16","c(45, 75)","2022-06-23","2022-07-23","RH2M","maximum",100
"KY17","c(45, 75)","2022-08-02","2022-09-01","RH2M","maximum",100
"KY18","c(45, 75)","2022-05-12","2022-06-11","RH2M","maximum",100
"KY19","c(45, 75)","2022-06-26","2022-07-26","RH2M","maximum",100
"KY1","c(45, 75)","2023-05-05","2023-06-04","RH2M","maximum",100
"KY20","c(45, 75)","2023-05-07","2023-06-06","RH2M","maximum",100
"KY2","c(45, 75)","2023-06-07","2023-07-07","RH2M","maximum",100
"KY3","c(45, 75)","2023-07-20","2023-08-19","RH2M","maximum",100
"KY4","c(45, 75)","2023-05-07","2023-06-06","RH2M","maximum",100
"KY5","c(45, 75)","2023-07-22","2023-08-21","RH2M","maximum",100
"KY6","c(45, 75)","2021-05-10","2021-06-09","RH2M","maximum",100
"KY7","c(45, 75)","2021-06-22","2021-07-22","RH2M","maximum",100
"KY8","c(45, 75)","2021-08-22","2021-09-21","RH2M","maximum",100
"KY9","c(45, 75)","2021-04-30","2021-05-30","RH2M","maximum",100
"KY10","c(45, 75)","2021-06-11","2021-07-11","RH2M","minimum",46.24
"KY11","c(45, 75)","2020-05-03","2020-06-02","RH2M","minimum",40.76
"KY12","c(45, 75)","2020-06-12","2020-07-12","RH2M","minimum",43.45
"KY13","c(45, 75)","2020-06-26","2020-07-26","RH2M","minimum",44.89
"KY14","c(45, 75)","2020-08-03","2020-09-02","RH2M","minimum",31.08
"KY15","c(45, 75)","2022-05-12","2022-06-11","RH2M","minimum",45.41
"KY16","c(45, 75)","2022-06-23","2022-07-23","RH2M","minimum",25.25
"KY17","c(45, 75)","2022-08-02","2022-09-01","RH2M","minimum",35.47
"KY18","c(45, 75)","2022-05-12","2022-06-11","RH2M","minimum",45.41
"KY19","c(45, 75)","2022-06-26","2022-07-26","RH2M","minimum",25.25
"KY1","c(45, 75)","2023-05-05","2023-06-04","RH2M","minimum",26.33
"KY20","c(45, 75)","2023-05-07","2023-06-06","RH2M","minimum",26.33
"KY2","c(45, 75)","2023-06-07","2023-07-07","RH2M","minimum",28.86
"KY3","c(45, 75)","2023-07-20","2023-08-19","RH2M","minimum",28.14
"KY4","c(45, 75)","2023-05-07","2023-06-06","RH2M","minimum",26.33
"KY5","c(45, 75)","2023-07-22","2023-08-21","RH2M","minimum",27.26
"KY6","c(45, 75)","2021-05-10","2021-06-09","RH2M","minimum",39.92
"KY7","c(45, 75)","2021-06-22","2021-07-22","RH2M","minimum",46.24
"KY8","c(45, 75)","2021-08-22","2021-09-21","RH2M","minimum",38.37
"KY9","c(45, 75)","2021-04-30","2021-05-30","RH2M","minimum",34.68
"KY10","c(45, 75)","2021-06-11","2021-07-11","RH2M","variance",216.029069378657
"KY11","c(45, 75)","2020-05-03","2020-06-02","RH2M","variance",253.061032011486
"KY12","c(45, 75)","2020-06-12","2020-07-12","RH2M","variance",196.014897734804
"KY13","c(45, 75)","2020-06-26","2020-07-26","RH2M","variance",212.30307549714
"KY14","c(45, 75)","2020-08-03","2020-09-02","RH2M","variance",317.427814405086
"KY15","c(45, 75)","2022-05-12","2022-06-11","RH2M","variance",222.078227629736
"KY16","c(45, 75)","2022-06-23","2022-07-23","RH2M","variance",358.648061415421
"KY17","c(45, 75)","2022-08-02","2022-09-01","RH2M","variance",316.998944990952
"KY18","c(45, 75)","2022-05-12","2022-06-11","RH2M","variance",222.078227629736
"KY19","c(45, 75)","2022-06-26","2022-07-26","RH2M","variance",345.331926988561
"KY1","c(45, 75)","2023-05-05","2023-06-04","RH2M","variance",334.372691576278
"KY20","c(45, 75)","2023-05-07","2023-06-06","RH2M","variance",359.427013348619
"KY2","c(45, 75)","2023-06-07","2023-07-07","RH2M","variance",379.283275950667
"KY3","c(45, 75)","2023-07-20","2023-08-19","RH2M","variance",360.177156282359
"KY4","c(45, 75)","2023-05-07","2023-06-06","RH2M","variance",359.427013348619
"KY5","c(45, 75)","2023-07-22","2023-08-21","RH2M","variance",367.279807782096
"KY6","c(45, 75)","2021-05-10","2021-06-09","RH2M","variance",277.333732895805
"KY7","c(45, 75)","2021-06-22","2021-07-22","RH2M","variance",220.652121720457
"KY8","c(45, 75)","2021-08-22","2021-09-21","RH2M","variance",305.019479553939
"KY9","c(45, 75)","2021-04-30","2021-05-30","RH2M","variance",304.099405997498
"KY10","c(0, 60)","2021-06-26","2021-08-25","T2M","mean",24.2921892076503
"KY11","c(0, 60)","2020-05-18","2020-07-17","T2M","mean",22.5866473765432
"KY12","c(0, 60)","2020-06-27","2020-08-26","T2M","mean",24.7061680327869
"KY13","c(0, 60)","2020-07-11","2020-09-09","T2M","mean",24.3387226775956
"KY14","c(0, 60)","2020-08-18","2020-10-17","T2M","mean",19.2141666666667
"KY15","c(0, 60)","2022-05-27","2022-07-26","T2M","mean",24.2548736338798
"KY16","c(0, 60)","2022-07-08","2022-09-06","T2M","mean",24.5369842896175
"KY17","c(0, 60)","2022-08-17","2022-10-16","T2M","mean",19.4696721311475
"KY18","c(0, 60)","2022-05-27","2022-07-26","T2M","mean",24.2548736338798
"KY19","c(0, 60)","2022-07-11","2022-09-09","T2M","mean",24.385037568306
"KY1","c(0, 60)","2023-05-20","2023-07-19","T2M","mean",21.7764617486339
"KY20","c(0, 60)","2023-05-22","2023-07-21","T2M","mean",22.0383538251366
"KY2","c(0, 60)","2023-06-22","2023-08-21","T2M","mean",24.4124931693989
"KY3","c(0, 60)","2023-08-04","2023-10-03","T2M","mean",23.1243203551913
"KY4","c(0, 60)","2023-05-22","2023-07-21","T2M","mean",22.0383538251366
"KY5","c(0, 60)","2023-08-06","2023-10-05","T2M","mean",23.0041803278689
"KY6","c(0, 60)","2021-05-25","2021-07-24","T2M","mean",22.3925819672131
"KY7","c(0, 60)","2021-07-07","2021-09-05","T2M","mean",24.1473224043716
"KY8","c(0, 60)","2021-09-06","2021-11-05","T2M","mean",17.0779986338798
"KY9","c(0, 60)","2021-05-15","2021-07-14","T2M","mean",21.840956284153
"KY10","c(0, 60)","2021-06-26","2021-08-25","T2M","maximum",34.43
"KY11","c(0, 60)","2020-05-18","2020-07-17","T2M","maximum",32.05
"KY12","c(0, 60)","2020-06-27","2020-08-26","T2M","maximum",34.12
"KY13","c(0, 60)","2020-07-11","2020-09-09","T2M","maximum",34.12
"KY14","c(0, 60)","2020-08-18","2020-10-17","T2M","maximum",34.12
"KY15","c(0, 60)","2022-05-27","2022-07-26","T2M","maximum",34.98
"KY16","c(0, 60)","2022-07-08","2022-09-06","T2M","maximum",34.98
"KY17","c(0, 60)","2022-08-17","2022-10-16","T2M","maximum",34.41
"KY18","c(0, 60)","2022-05-27","2022-07-26","T2M","maximum",34.98
"KY19","c(0, 60)","2022-07-11","2022-09-09","T2M","maximum",34.98
"KY1","c(0, 60)","2023-05-20","2023-07-19","T2M","maximum",33.32
"KY20","c(0, 60)","2023-05-22","2023-07-21","T2M","maximum",33.32
"KY2","c(0, 60)","2023-06-22","2023-08-21","T2M","maximum",36.65
"KY3","c(0, 60)","2023-08-04","2023-10-03","T2M","maximum",36.03
"KY4","c(0, 60)","2023-05-22","2023-07-21","T2M","maximum",33.32
"KY5","c(0, 60)","2023-08-06","2023-10-05","T2M","maximum",36.03
"KY6","c(0, 60)","2021-05-25","2021-07-24","T2M","maximum",33.02
"KY7","c(0, 60)","2021-07-07","2021-09-05","T2M","maximum",34.45
"KY8","c(0, 60)","2021-09-06","2021-11-05","T2M","maximum",31.69
"KY9","c(0, 60)","2021-05-15","2021-07-14","T2M","maximum",33.02
"KY10","c(0, 60)","2021-06-26","2021-08-25","T2M","minimum",13.4
"KY11","c(0, 60)","2020-05-18","2020-07-17","T2M","minimum",7.25
"KY12","c(0, 60)","2020-06-27","2020-08-26","T2M","minimum",14.1
"KY13","c(0, 60)","2020-07-11","2020-09-09","T2M","minimum",12.23
"KY14","c(0, 60)","2020-08-18","2020-10-17","T2M","minimum",1.7
"KY15","c(0, 60)","2022-05-27","2022-07-26","T2M","minimum",10.56
"KY16","c(0, 60)","2022-07-08","2022-09-06","T2M","minimum",14.67
"KY17","c(0, 60)","2022-08-17","2022-10-16","T2M","minimum",2
"KY18","c(0, 60)","2022-05-27","2022-07-26","T2M","minimum",10.56
"KY19","c(0, 60)","2022-07-11","2022-09-09","T2M","minimum",13.42
"KY1","c(0, 60)","2023-05-20","2023-07-19","T2M","minimum",7.8
"KY20","c(0, 60)","2023-05-22","2023-07-21","T2M","minimum",8.06
"KY2","c(0, 60)","2023-06-22","2023-08-21","T2M","minimum",13.25
"KY3","c(0, 60)","2023-08-04","2023-10-03","T2M","minimum",11.02
"KY4","c(0, 60)","2023-05-22","2023-07-21","T2M","minimum",8.06
"KY5","c(0, 60)","2023-08-06","2023-10-05","T2M","minimum",11.02
"KY6","c(0, 60)","2021-05-25","2021-07-24","T2M","minimum",4.75
"KY7","c(0, 60)","2021-07-07","2021-09-05","T2M","minimum",12.58
"KY8","c(0, 60)","2021-09-06","2021-11-05","T2M","minimum",-3.64
"KY9","c(0, 60)","2021-05-15","2021-07-14","T2M","minimum",4.75
"KY10","c(0, 60)","2021-06-26","2021-08-25","T2M","prop. max",0.233333333333333
"KY11","c(0, 60)","2020-05-18","2020-07-17","T2M","prop. max",0.0166666666666667
"KY12","c(0, 60)","2020-06-27","2020-08-26","T2M","prop. max",0.2
"KY13","c(0, 60)","2020-07-11","2020-09-09","T2M","prop. max",0.183333333333333
"KY14","c(0, 60)","2020-08-18","2020-10-17","T2M","prop. max",0.05
"KY15","c(0, 60)","2022-05-27","2022-07-26","T2M","prop. max",0.383333333333333
"KY16","c(0, 60)","2022-07-08","2022-09-06","T2M","prop. max",0.2
"KY17","c(0, 60)","2022-08-17","2022-10-16","T2M","prop. max",0.0833333333333333
"KY18","c(0, 60)","2022-05-27","2022-07-26","T2M","prop. max",0.383333333333333
"KY19","c(0, 60)","2022-07-11","2022-09-09","T2M","prop. max",0.2
"KY1","c(0, 60)","2023-05-20","2023-07-19","T2M","prop. max",0.0166666666666667
"KY20","c(0, 60)","2023-05-22","2023-07-21","T2M","prop. max",0.0166666666666667
"KY2","c(0, 60)","2023-06-22","2023-08-21","T2M","prop. max",0.2
"KY3","c(0, 60)","2023-08-04","2023-10-03","T2M","prop. max",0.266666666666667
"KY4","c(0, 60)","2023-05-22","2023-07-21","T2M","prop. max",0.0166666666666667
"KY5","c(0, 60)","2023-08-06","2023-10-05","T2M","prop. max",0.233333333333333
"KY6","c(0, 60)","2021-05-25","2021-07-24","T2M","prop. max",0.05
"KY7","c(0, 60)","2021-07-07","2021-09-05","T2M","prop. max",0.216666666666667
"KY8","c(0, 60)","2021-09-06","2021-11-05","T2M","prop. max",0
"KY9","c(0, 60)","2021-05-15","2021-07-14","T2M","prop. max",0.05
"KY10","c(0, 60)","2021-06-26","2021-08-25","T2M","prop. min",0
"KY11","c(0, 60)","2020-05-18","2020-07-17","T2M","prop. min",0
"KY12","c(0, 60)","2020-06-27","2020-08-26","T2M","prop. min",0
"KY13","c(0, 60)","2020-07-11","2020-09-09","T2M","prop. min",0
"KY14","c(0, 60)","2020-08-18","2020-10-17","T2M","prop. min",0.0833333333333333
"KY15","c(0, 60)","2022-05-27","2022-07-26","T2M","prop. min",0
"KY16","c(0, 60)","2022-07-08","2022-09-06","T2M","prop. min",0
"KY17","c(0, 60)","2022-08-17","2022-10-16","T2M","prop. min",0.1
"KY18","c(0, 60)","2022-05-27","2022-07-26","T2M","prop. min",0
"KY19","c(0, 60)","2022-07-11","2022-09-09","T2M","prop. min",0
"KY1","c(0, 60)","2023-05-20","2023-07-19","T2M","prop. min",0
"KY20","c(0, 60)","2023-05-22","2023-07-21","T2M","prop. min",0
"KY2","c(0, 60)","2023-06-22","2023-08-21","T2M","prop. min",0
"KY3","c(0, 60)","2023-08-04","2023-10-03","T2M","prop. min",0
"KY4","c(0, 60)","2023-05-22","2023-07-21","T2M","prop. min",0
"KY5","c(0, 60)","2023-08-06","2023-10-05","T2M","prop. min",0
"KY6","c(0, 60)","2021-05-25","2021-07-24","T2M","prop. min",0.0166666666666667
"KY7","c(0, 60)","2021-07-07","2021-09-05","T2M","prop. min",0
"KY8","c(0, 60)","2021-09-06","2021-11-05","T2M","prop. min",0.116666666666667
"KY9","c(0, 60)","2021-05-15","2021-07-14","T2M","prop. min",0.0166666666666667
"KY10","c(0, 60)","2021-06-26","2021-08-25","T2M","variance",16.6627344267779
"KY11","c(0, 60)","2020-05-18","2020-07-17","T2M","variance",20.3712971693177
"KY12","c(0, 60)","2020-06-27","2020-08-26","T2M","variance",16.4313247712087
"KY13","c(0, 60)","2020-07-11","2020-09-09","T2M","variance",18.3905032534384
"KY14","c(0, 60)","2020-08-18","2020-10-17","T2M","variance",39.570475355882
"KY15","c(0, 60)","2022-05-27","2022-07-26","T2M","variance",25.1725313130319
"KY16","c(0, 60)","2022-07-08","2022-09-06","T2M","variance",16.4332008443038
"KY17","c(0, 60)","2022-08-17","2022-10-16","T2M","variance",43.4227826051403
"KY18","c(0, 60)","2022-05-27","2022-07-26","T2M","variance",25.1725313130319
"KY19","c(0, 60)","2022-07-11","2022-09-09","T2M","variance",17.39458619606
"KY1","c(0, 60)","2023-05-20","2023-07-19","T2M","variance",25.7475430624243
"KY20","c(0, 60)","2023-05-22","2023-07-21","T2M","variance",24.7530839991245
"KY2","c(0, 60)","2023-06-22","2023-08-21","T2M","variance",18.1491754013883
"KY3","c(0, 60)","2023-08-04","2023-10-03","T2M","variance",29.1566071224827
"KY4","c(0, 60)","2023-05-22","2023-07-21","T2M","variance",24.7530839991245
"KY5","c(0, 60)","2023-08-06","2023-10-05","T2M","variance",28.6501871652842
"KY6","c(0, 60)","2021-05-25","2021-07-24","T2M","variance",21.0805696892135
"KY7","c(0, 60)","2021-07-07","2021-09-05","T2M","variance",17.4550274026821
"KY8","c(0, 60)","2021-09-06","2021-11-05","T2M","variance",46.0426166969575
"KY9","c(0, 60)","2021-05-15","2021-07-14","T2M","variance",23.1077858976441
"KY10","c(0, 60)","2021-06-26","2021-08-25","PRECTOTCORR","mean",3.93382172131148
"KY11","c(0, 60)","2020-05-18","2020-07-17","PRECTOTCORR","mean",3.43435570987655
"KY12","c(0, 60)","2020-06-27","2020-08-26","PRECTOTCORR","mean",3.21894467213115
"KY13","c(0, 60)","2020-07-11","2020-09-09","PRECTOTCORR","mean",3.5433606557377
"KY14","c(0, 60)","2020-08-18","2020-10-17","PRECTOTCORR","mean",3.0995286885246
"KY15","c(0, 60)","2022-05-27","2022-07-26","PRECTOTCORR","mean",3.32404713114753
"KY16","c(0, 60)","2022-07-08","2022-09-06","PRECTOTCORR","mean",4.71298838797814
"KY17","c(0, 60)","2022-08-17","2022-10-16","PRECTOTCORR","mean",1.38270833333334
"KY18","c(0, 60)","2022-05-27","2022-07-26","PRECTOTCORR","mean",3.32404713114753
"KY19","c(0, 60)","2022-07-11","2022-09-09","PRECTOTCORR","mean",4.16072404371585
"KY1","c(0, 60)","2023-05-20","2023-07-19","PRECTOTCORR","mean",3.61726434426228
"KY20","c(0, 60)","2023-05-22","2023-07-21","PRECTOTCORR","mean",3.45269808743172
"KY2","c(0, 60)","2023-06-22","2023-08-21","PRECTOTCORR","mean",3.72675546448087
"KY3","c(0, 60)","2023-08-04","2023-10-03","PRECTOTCORR","mean",1.75938183060109
"KY4","c(0, 60)","2023-05-22","2023-07-21","PRECTOTCORR","mean",3.45269808743172
"KY5","c(0, 60)","2023-08-06","2023-10-05","PRECTOTCORR","mean",1.76523224043715
"KY6","c(0, 60)","2021-05-25","2021-07-24","PRECTOTCORR","mean",4.3583162568306
"KY7","c(0, 60)","2021-07-07","2021-09-05","PRECTOTCORR","mean",4.09879098360655
"KY8","c(0, 60)","2021-09-06","2021-11-05","PRECTOTCORR","mean",3.25195696721312
"KY9","c(0, 60)","2021-05-15","2021-07-14","PRECTOTCORR","mean",4.01134221311475
"KY10","c(0, 60)","2021-06-26","2021-08-25","PRECTOTCORR","maximum",301.9
"KY11","c(0, 60)","2020-05-18","2020-07-17","PRECTOTCORR","maximum",207.48
"KY12","c(0, 60)","2020-06-27","2020-08-26","PRECTOTCORR","maximum",158.82
"KY13","c(0, 60)","2020-07-11","2020-09-09","PRECTOTCORR","maximum",158.82
"KY14","c(0, 60)","2020-08-18","2020-10-17","PRECTOTCORR","maximum",163.39
"KY15","c(0, 60)","2022-05-27","2022-07-26","PRECTOTCORR","maximum",210.36
"KY16","c(0, 60)","2022-07-08","2022-09-06","PRECTOTCORR","maximum",210.36
"KY17","c(0, 60)","2022-08-17","2022-10-16","PRECTOTCORR","maximum",107.36
"KY18","c(0, 60)","2022-05-27","2022-07-26","PRECTOTCORR","maximum",210.36
"KY19","c(0, 60)","2022-07-11","2022-09-09","PRECTOTCORR","maximum",210.36
"KY1","c(0, 60)","2023-05-20","2023-07-19","PRECTOTCORR","maximum",263.75
"KY20","c(0, 60)","2023-05-22","2023-07-21","PRECTOTCORR","maximum",263.75
"KY2","c(0, 60)","2023-06-22","2023-08-21","PRECTOTCORR","maximum",263.75
"KY3","c(0, 60)","2023-08-04","2023-10-03","PRECTOTCORR","maximum",80.81
"KY4","c(0, 60)","2023-05-22","2023-07-21","PRECTOTCORR","maximum",263.75
"KY5","c(0, 60)","2023-08-06","2023-10-05","PRECTOTCORR","maximum",80.81
"KY6","c(0, 60)","2021-05-25","2021-07-24","PRECTOTCORR","maximum",171.3
"KY7","c(0, 60)","2021-07-07","2021-09-05","PRECTOTCORR","maximum",301.9
"KY8","c(0, 60)","2021-09-06","2021-11-05","PRECTOTCORR","maximum",261.2
"KY9","c(0, 60)","2021-05-15","2021-07-14","PRECTOTCORR","maximum",171.3
"KY10","c(0, 60)","2021-06-26","2021-08-25","PRECTOTCORR","minimum",0
"KY11","c(0, 60)","2020-05-18","2020-07-17","PRECTOTCORR","minimum",0
"KY12","c(0, 60)","2020-06-27","2020-08-26","PRECTOTCORR","minimum",0
"KY13","c(0, 60)","2020-07-11","2020-09-09","PRECTOTCORR","minimum",0
"KY14","c(0, 60)","2020-08-18","2020-10-17","PRECTOTCORR","minimum",0
"KY15","c(0, 60)","2022-05-27","2022-07-26","PRECTOTCORR","minimum",0
"KY16","c(0, 60)","2022-07-08","2022-09-06","PRECTOTCORR","minimum",0
"KY17","c(0, 60)","2022-08-17","2022-10-16","PRECTOTCORR","minimum",0
"KY18","c(0, 60)","2022-05-27","2022-07-26","PRECTOTCORR","minimum",0
"KY19","c(0, 60)","2022-07-11","2022-09-09","PRECTOTCORR","minimum",0
"KY1","c(0, 60)","2023-05-20","2023-07-19","PRECTOTCORR","minimum",0
"KY20","c(0, 60)","2023-05-22","2023-07-21","PRECTOTCORR","minimum",0
"KY2","c(0, 60)","2023-06-22","2023-08-21","PRECTOTCORR","minimum",0
"KY3","c(0, 60)","2023-08-04","2023-10-03","PRECTOTCORR","minimum",0
"KY4","c(0, 60)","2023-05-22","2023-07-21","PRECTOTCORR","minimum",0
"KY5","c(0, 60)","2023-08-06","2023-10-05","PRECTOTCORR","minimum",0
"KY6","c(0, 60)","2021-05-25","2021-07-24","PRECTOTCORR","minimum",0
"KY7","c(0, 60)","2021-07-07","2021-09-05","PRECTOTCORR","minimum",0
"KY8","c(0, 60)","2021-09-06","2021-11-05","PRECTOTCORR","minimum",0
"KY9","c(0, 60)","2021-05-15","2021-07-14","PRECTOTCORR","minimum",0
"KY10","c(0, 60)","2021-06-26","2021-08-25","PRECTOTCORR","variance",199.870063182415
"KY11","c(0, 60)","2020-05-18","2020-07-17","PRECTOTCORR","variance",119.322795956786
"KY12","c(0, 60)","2020-06-27","2020-08-26","PRECTOTCORR","variance",88.5519927704276
"KY13","c(0, 60)","2020-07-11","2020-09-09","PRECTOTCORR","variance",100.382119416175
"KY14","c(0, 60)","2020-08-18","2020-10-17","PRECTOTCORR","variance",121.47062724619
"KY15","c(0, 60)","2022-05-27","2022-07-26","PRECTOTCORR","variance",129.711465029549
"KY16","c(0, 60)","2022-07-08","2022-09-06","PRECTOTCORR","variance",133.454238247902
"KY17","c(0, 60)","2022-08-17","2022-10-16","PRECTOTCORR","variance",31.1083211557642
"KY18","c(0, 60)","2022-05-27","2022-07-26","PRECTOTCORR","variance",129.711465029549
"KY19","c(0, 60)","2022-07-11","2022-09-09","PRECTOTCORR","variance",124.97736401265
"KY1","c(0, 60)","2023-05-20","2023-07-19","PRECTOTCORR","variance",159.699470374923
"KY20","c(0, 60)","2023-05-22","2023-07-21","PRECTOTCORR","variance",152.709578983637
"KY2","c(0, 60)","2023-06-22","2023-08-21","PRECTOTCORR","variance",130.670657047114
"KY3","c(0, 60)","2023-08-04","2023-10-03","PRECTOTCORR","variance",34.9772614899595
"KY4","c(0, 60)","2023-05-22","2023-07-21","PRECTOTCORR","variance",152.709578983637
"KY5","c(0, 60)","2023-08-06","2023-10-05","PRECTOTCORR","variance",34.9725213672956
"KY6","c(0, 60)","2021-05-25","2021-07-24","PRECTOTCORR","variance",151.738050085121
"KY7","c(0, 60)","2021-07-07","2021-09-05","PRECTOTCORR","variance",176.045540116188
"KY8","c(0, 60)","2021-09-06","2021-11-05","PRECTOTCORR","variance",124.763184587151
"KY9","c(0, 60)","2021-05-15","2021-07-14","PRECTOTCORR","variance",149.195615724328
"KY10","c(0, 60)","2021-06-26","2021-08-25","RH2M","mean",76.736724726776
"KY11","c(0, 60)","2020-05-18","2020-07-17","RH2M","mean",80.616612654321
"KY12","c(0, 60)","2020-06-27","2020-08-26","RH2M","mean",76.8392759562842
"KY13","c(0, 60)","2020-07-11","2020-09-09","RH2M","mean",75.6400239071038
"KY14","c(0, 60)","2020-08-18","2020-10-17","RH2M","mean",73.8308333333333
"KY15","c(0, 60)","2022-05-27","2022-07-26","RH2M","mean",72.8631967213115
"KY16","c(0, 60)","2022-07-08","2022-09-06","RH2M","mean",76.801693989071
"KY17","c(0, 60)","2022-08-17","2022-10-16","RH2M","mean",66.4091051912568
"KY18","c(0, 60)","2022-05-27","2022-07-26","RH2M","mean",72.8631967213115
"KY19","c(0, 60)","2022-07-11","2022-09-09","RH2M","mean",76.3150409836066
"KY1","c(0, 60)","2023-05-20","2023-07-19","RH2M","mean",72.2704132513661
"KY20","c(0, 60)","2023-05-22","2023-07-21","RH2M","mean",72.2962295081967
"KY2","c(0, 60)","2023-06-22","2023-08-21","RH2M","mean",73.5826092896175
"KY3","c(0, 60)","2023-08-04","2023-10-03","RH2M","mean",67.0735484972678
"KY4","c(0, 60)","2023-05-22","2023-07-21","RH2M","mean",72.2962295081967
"KY5","c(0, 60)","2023-08-06","2023-10-05","RH2M","mean",67.0052356557377
"KY6","c(0, 60)","2021-05-25","2021-07-24","RH2M","mean",80.6137056010929
"KY7","c(0, 60)","2021-07-07","2021-09-05","RH2M","mean",76.7193340163934
"KY8","c(0, 60)","2021-09-06","2021-11-05","RH2M","mean",77.8583299180328
"KY9","c(0, 60)","2021-05-15","2021-07-14","RH2M","mean",79.9714719945355
"KY10","c(0, 60)","2021-06-26","2021-08-25","RH2M","maximum",100
"KY11","c(0, 60)","2020-05-18","2020-07-17","RH2M","maximum",100
"KY12","c(0, 60)","2020-06-27","2020-08-26","RH2M","maximum",100
"KY13","c(0, 60)","2020-07-11","2020-09-09","RH2M","maximum",100
"KY14","c(0, 60)","2020-08-18","2020-10-17","RH2M","maximum",100
"KY15","c(0, 60)","2022-05-27","2022-07-26","RH2M","maximum",100
"KY16","c(0, 60)","2022-07-08","2022-09-06","RH2M","maximum",100
"KY17","c(0, 60)","2022-08-17","2022-10-16","RH2M","maximum",100
"KY18","c(0, 60)","2022-05-27","2022-07-26","RH2M","maximum",100
"KY19","c(0, 60)","2022-07-11","2022-09-09","RH2M","maximum",100
"KY1","c(0, 60)","2023-05-20","2023-07-19","RH2M","maximum",100
"KY20","c(0, 60)","2023-05-22","2023-07-21","RH2M","maximum",100
"KY2","c(0, 60)","2023-06-22","2023-08-21","RH2M","maximum",100
"KY3","c(0, 60)","2023-08-04","2023-10-03","RH2M","maximum",100
"KY4","c(0, 60)","2023-05-22","2023-07-21","RH2M","maximum",100
"KY5","c(0, 60)","2023-08-06","2023-10-05","RH2M","maximum",100
"KY6","c(0, 60)","2021-05-25","2021-07-24","RH2M","maximum",100
"KY7","c(0, 60)","2021-07-07","2021-09-05","RH2M","maximum",100
"KY8","c(0, 60)","2021-09-06","2021-11-05","RH2M","maximum",100
"KY9","c(0, 60)","2021-05-15","2021-07-14","RH2M","maximum",100
"KY10","c(0, 60)","2021-06-26","2021-08-25","RH2M","minimum",36.3
"KY11","c(0, 60)","2020-05-18","2020-07-17","RH2M","minimum",40.76
"KY12","c(0, 60)","2020-06-27","2020-08-26","RH2M","minimum",31.08
"KY13","c(0, 60)","2020-07-11","2020-09-09","RH2M","minimum",31.08
"KY14","c(0, 60)","2020-08-18","2020-10-17","RH2M","minimum",22.88
"KY15","c(0, 60)","2022-05-27","2022-07-26","RH2M","minimum",20.88
"KY16","c(0, 60)","2022-07-08","2022-09-06","RH2M","minimum",32.63
"KY17","c(0, 60)","2022-08-17","2022-10-16","RH2M","minimum",17.83
"KY18","c(0, 60)","2022-05-27","2022-07-26","RH2M","minimum",20.88
"KY19","c(0, 60)","2022-07-11","2022-09-09","RH2M","minimum",32.63
"KY1","c(0, 60)","2023-05-20","2023-07-19","RH2M","minimum",26.33
"KY20","c(0, 60)","2023-05-22","2023-07-21","RH2M","minimum",26.33
"KY2","c(0, 60)","2023-06-22","2023-08-21","RH2M","minimum",27.26
"KY3","c(0, 60)","2023-08-04","2023-10-03","RH2M","minimum",22.82
"KY4","c(0, 60)","2023-05-22","2023-07-21","RH2M","minimum",26.33
"KY5","c(0, 60)","2023-08-06","2023-10-05","RH2M","minimum",22.82
"KY6","c(0, 60)","2021-05-25","2021-07-24","RH2M","minimum",40.41
"KY7","c(0, 60)","2021-07-07","2021-09-05","RH2M","minimum",36.3
"KY8","c(0, 60)","2021-09-06","2021-11-05","RH2M","minimum",30.79
"KY9","c(0, 60)","2021-05-15","2021-07-14","RH2M","minimum",42.76
"KY10","c(0, 60)","2021-06-26","2021-08-25","RH2M","variance",273.385934981254
"KY11","c(0, 60)","2020-05-18","2020-07-17","RH2M","variance",211.030810289118
"KY12","c(0, 60)","2020-06-27","2020-08-26","RH2M","variance",274.23359749403
"KY13","c(0, 60)","2020-07-11","2020-09-09","RH2M","variance",304.894965800591
"KY14","c(0, 60)","2020-08-18","2020-10-17","RH2M","variance",366.416681573852
"KY15","c(0, 60)","2022-05-27","2022-07-26","RH2M","variance",352.151817040891
"KY16","c(0, 60)","2022-07-08","2022-09-06","RH2M","variance",303.977011683572
"KY17","c(0, 60)","2022-08-17","2022-10-16","RH2M","variance",441.72239735415
"KY18","c(0, 60)","2022-05-27","2022-07-26","RH2M","variance",352.151817040891
"KY19","c(0, 60)","2022-07-11","2022-09-09","RH2M","variance",310.13936542367
"KY1","c(0, 60)","2023-05-20","2023-07-19","RH2M","variance",363.605133583862
"KY20","c(0, 60)","2023-05-22","2023-07-21","RH2M","variance",361.551306448162
"KY2","c(0, 60)","2023-06-22","2023-08-21","RH2M","variance",336.496189226179
"KY3","c(0, 60)","2023-08-04","2023-10-03","RH2M","variance",409.768555118248
"KY4","c(0, 60)","2023-05-22","2023-07-21","RH2M","variance",361.551306448162
"KY5","c(0, 60)","2023-08-06","2023-10-05","RH2M","variance",408.019332913357
"KY6","c(0, 60)","2021-05-25","2021-07-24","RH2M","variance",225.648378440119
"KY7","c(0, 60)","2021-07-07","2021-09-05","RH2M","variance",283.748720533424
"KY8","c(0, 60)","2021-09-06","2021-11-05","RH2M","variance",307.540070698087
"KY9","c(0, 60)","2021-05-15","2021-07-14","RH2M","variance",229.165915871439
"KY10","c(0, 90)","2021-05-27","2021-08-25","T2M","mean",23.2259981684982
"KY11","c(0, 90)","2020-04-18","2020-07-17","T2M","mean",20.4495289855072
"KY12","c(0, 90)","2020-05-28","2020-08-26","T2M","mean",23.7004845505618
"KY13","c(0, 90)","2020-06-11","2020-09-09","T2M","mean",23.8708745421245
"KY14","c(0, 90)","2020-07-19","2020-10-17","T2M","mean",21.0826396520146
"KY15","c(0, 90)","2022-04-27","2022-07-26","T2M","mean",22.2652701465201
"KY16","c(0, 90)","2022-06-08","2022-09-06","T2M","mean",24.5635393772894
"KY17","c(0, 90)","2022-07-18","2022-10-16","T2M","mean",21.2481387362637
"KY18","c(0, 90)","2022-04-27","2022-07-26","T2M","mean",22.2652701465201
"KY19","c(0, 90)","2022-06-11","2022-09-09","T2M","mean",24.5799061355311
"KY1","c(0, 90)","2023-04-20","2023-07-19","T2M","mean",19.5792216117216
"KY20","c(0, 90)","2023-04-22","2023-07-21","T2M","mean",19.7377335164835
"KY2","c(0, 90)","2023-05-23","2023-08-21","T2M","mean",23.042342032967
"KY3","c(0, 90)","2023-07-05","2023-10-03","T2M","mean",23.7027220695971
"KY4","c(0, 90)","2023-04-22","2023-07-21","T2M","mean",19.7377335164835
"KY5","c(0, 90)","2023-07-07","2023-10-05","T2M","mean",23.6375
"KY6","c(0, 90)","2021-04-25","2021-07-24","T2M","mean",20.315592948718
"KY7","c(0, 90)","2021-06-07","2021-09-05","T2M","mean",23.8067216117216
"KY8","c(0, 90)","2021-08-07","2021-11-05","T2M","mean",19.5247756410256
"KY9","c(0, 90)","2021-04-15","2021-07-14","T2M","mean",18.7351213369963
"KY10","c(0, 90)","2021-05-27","2021-08-25","T2M","maximum",34.43
"KY11","c(0, 90)","2020-04-18","2020-07-17","T2M","maximum",32.05
"KY12","c(0, 90)","2020-05-28","2020-08-26","T2M","maximum",34.12
"KY13","c(0, 90)","2020-06-11","2020-09-09","T2M","maximum",34.12
"KY14","c(0, 90)","2020-07-19","2020-10-17","T2M","maximum",34.12
"KY15","c(0, 90)","2022-04-27","2022-07-26","T2M","maximum",34.98
"KY16","c(0, 90)","2022-06-08","2022-09-06","T2M","maximum",34.98
"KY17","c(0, 90)","2022-07-18","2022-10-16","T2M","maximum",34.98
"KY18","c(0, 90)","2022-04-27","2022-07-26","T2M","maximum",34.98
"KY19","c(0, 90)","2022-06-11","2022-09-09","T2M","maximum",34.98
"KY1","c(0, 90)","2023-04-20","2023-07-19","T2M","maximum",33.32
"KY20","c(0, 90)","2023-04-22","2023-07-21","T2M","maximum",33.32
"KY2","c(0, 90)","2023-05-23","2023-08-21","T2M","maximum",36.65
"KY3","c(0, 90)","2023-07-05","2023-10-03","T2M","maximum",36.65
"KY4","c(0, 90)","2023-04-22","2023-07-21","T2M","maximum",33.32
"KY5","c(0, 90)","2023-07-07","2023-10-05","T2M","maximum",36.65
"KY6","c(0, 90)","2021-04-25","2021-07-24","T2M","maximum",33.02
"KY7","c(0, 90)","2021-06-07","2021-09-05","T2M","maximum",34.45
"KY8","c(0, 90)","2021-08-07","2021-11-05","T2M","maximum",34.45
"KY9","c(0, 90)","2021-04-15","2021-07-14","T2M","maximum",33.02
"KY10","c(0, 90)","2021-05-27","2021-08-25","T2M","minimum",4.75
"KY11","c(0, 90)","2020-04-18","2020-07-17","T2M","minimum",-1.78
"KY12","c(0, 90)","2020-05-28","2020-08-26","T2M","minimum",7.25
"KY13","c(0, 90)","2020-06-11","2020-09-09","T2M","minimum",12.23
"KY14","c(0, 90)","2020-07-19","2020-10-17","T2M","minimum",1.7
"KY15","c(0, 90)","2022-04-27","2022-07-26","T2M","minimum",2.24
"KY16","c(0, 90)","2022-06-08","2022-09-06","T2M","minimum",10.56
"KY17","c(0, 90)","2022-07-18","2022-10-16","T2M","minimum",2
"KY18","c(0, 90)","2022-04-27","2022-07-26","T2M","minimum",2.24
"KY19","c(0, 90)","2022-06-11","2022-09-09","T2M","minimum",10.56
"KY1","c(0, 90)","2023-04-20","2023-07-19","T2M","minimum",-0.1
"KY20","c(0, 90)","2023-04-22","2023-07-21","T2M","minimum",-0.1
"KY2","c(0, 90)","2023-05-23","2023-08-21","T2M","minimum",8.06
"KY3","c(0, 90)","2023-07-05","2023-10-03","T2M","minimum",11.02
"KY4","c(0, 90)","2023-04-22","2023-07-21","T2M","minimum",-0.1
"KY5","c(0, 90)","2023-07-07","2023-10-05","T2M","minimum",11.02
"KY6","c(0, 90)","2021-04-25","2021-07-24","T2M","minimum",1.71
"KY7","c(0, 90)","2021-06-07","2021-09-05","T2M","minimum",9.84
"KY8","c(0, 90)","2021-08-07","2021-11-05","T2M","minimum",-3.64
"KY9","c(0, 90)","2021-04-15","2021-07-14","T2M","minimum",-1.4
"KY10","c(0, 90)","2021-05-27","2021-08-25","T2M","prop. max",0.155555555555556
"KY11","c(0, 90)","2020-04-18","2020-07-17","T2M","prop. max",0.0111111111111111
"KY12","c(0, 90)","2020-05-28","2020-08-26","T2M","prop. max",0.133333333333333
"KY13","c(0, 90)","2020-06-11","2020-09-09","T2M","prop. max",0.133333333333333
"KY14","c(0, 90)","2020-07-19","2020-10-17","T2M","prop. max",0.122222222222222
"KY15","c(0, 90)","2022-04-27","2022-07-26","T2M","prop. max",0.255555555555556
"KY16","c(0, 90)","2022-06-08","2022-09-06","T2M","prop. max",0.3
"KY17","c(0, 90)","2022-07-18","2022-10-16","T2M","prop. max",0.122222222222222
"KY18","c(0, 90)","2022-04-27","2022-07-26","T2M","prop. max",0.255555555555556
"KY19","c(0, 90)","2022-06-11","2022-09-09","T2M","prop. max",0.3
"KY1","c(0, 90)","2023-04-20","2023-07-19","T2M","prop. max",0.0111111111111111
"KY20","c(0, 90)","2023-04-22","2023-07-21","T2M","prop. max",0.0111111111111111
"KY2","c(0, 90)","2023-05-23","2023-08-21","T2M","prop. max",0.133333333333333
"KY3","c(0, 90)","2023-07-05","2023-10-03","T2M","prop. max",0.244444444444444
"KY4","c(0, 90)","2023-04-22","2023-07-21","T2M","prop. max",0.0111111111111111
"KY5","c(0, 90)","2023-07-07","2023-10-05","T2M","prop. max",0.244444444444444
"KY6","c(0, 90)","2021-04-25","2021-07-24","T2M","prop. max",0.0333333333333333
"KY7","c(0, 90)","2021-06-07","2021-09-05","T2M","prop. max",0.177777777777778
"KY8","c(0, 90)","2021-08-07","2021-11-05","T2M","prop. max",0.1
"KY9","c(0, 90)","2021-04-15","2021-07-14","T2M","prop. max",0.0333333333333333
"KY10","c(0, 90)","2021-05-27","2021-08-25","T2M","prop. min",0.0111111111111111
"KY11","c(0, 90)","2020-04-18","2020-07-17","T2M","prop. min",0.111111111111111
"KY12","c(0, 90)","2020-05-28","2020-08-26","T2M","prop. min",0
"KY13","c(0, 90)","2020-06-11","2020-09-09","T2M","prop. min",0
"KY14","c(0, 90)","2020-07-19","2020-10-17","T2M","prop. min",0.0555555555555556
"KY15","c(0, 90)","2022-04-27","2022-07-26","T2M","prop. min",0.0111111111111111
"KY16","c(0, 90)","2022-06-08","2022-09-06","T2M","prop. min",0
"KY17","c(0, 90)","2022-07-18","2022-10-16","T2M","prop. min",0.0666666666666667
"KY18","c(0, 90)","2022-04-27","2022-07-26","T2M","prop. min",0.0111111111111111
"KY19","c(0, 90)","2022-06-11","2022-09-09","T2M","prop. min",0
"KY1","c(0, 90)","2023-04-20","2023-07-19","T2M","prop. min",0.0333333333333333
"KY20","c(0, 90)","2023-04-22","2023-07-21","T2M","prop. min",0.0333333333333333
"KY2","c(0, 90)","2023-05-23","2023-08-21","T2M","prop. min",0
"KY3","c(0, 90)","2023-07-05","2023-10-03","T2M","prop. min",0
"KY4","c(0, 90)","2023-04-22","2023-07-21","T2M","prop. min",0.0333333333333333
"KY5","c(0, 90)","2023-07-07","2023-10-05","T2M","prop. min",0
"KY6","c(0, 90)","2021-04-25","2021-07-24","T2M","prop. min",0.0777777777777778
"KY7","c(0, 90)","2021-06-07","2021-09-05","T2M","prop. min",0
"KY8","c(0, 90)","2021-08-07","2021-11-05","T2M","prop. min",0.0777777777777778
"KY9","c(0, 90)","2021-04-15","2021-07-14","T2M","prop. min",0.144444444444444
"KY10","c(0, 90)","2021-05-27","2021-08-25","T2M","variance",21.6225393285976
"KY11","c(0, 90)","2020-04-18","2020-07-17","T2M","variance",39.2446200136567
"KY12","c(0, 90)","2020-05-28","2020-08-26","T2M","variance",19.7048170210678
"KY13","c(0, 90)","2020-06-11","2020-09-09","T2M","variance",18.6847469336499
"KY14","c(0, 90)","2020-07-19","2020-10-17","T2M","variance",39.2636611552124
"KY15","c(0, 90)","2022-04-27","2022-07-26","T2M","variance",34.3751321001207
"KY16","c(0, 90)","2022-06-08","2022-09-06","T2M","variance",20.0318562127838
"KY17","c(0, 90)","2022-07-18","2022-10-16","T2M","variance",40.3000319596807
"KY18","c(0, 90)","2022-04-27","2022-07-26","T2M","variance",34.3751321001207
"KY19","c(0, 90)","2022-06-11","2022-09-09","T2M","variance",20.30897248947
"KY1","c(0, 90)","2023-04-20","2023-07-19","T2M","variance",38.8564028288254
"KY20","c(0, 90)","2023-04-22","2023-07-21","T2M","variance",39.0302531627691
"KY2","c(0, 90)","2023-05-23","2023-08-21","T2M","variance",25.0470662104427
"KY3","c(0, 90)","2023-07-05","2023-10-03","T2M","variance",25.6889587209967
"KY4","c(0, 90)","2023-04-22","2023-07-21","T2M","variance",39.0302531627691
"KY5","c(0, 90)","2023-07-07","2023-10-05","T2M","variance",25.7710967483398
"KY6","c(0, 90)","2021-04-25","2021-07-24","T2M","variance",34.3235415306304
"KY7","c(0, 90)","2021-06-07","2021-09-05","T2M","variance",17.7964326662423
"KY8","c(0, 90)","2021-08-07","2021-11-05","T2M","variance",49.2323970185776
"KY9","c(0, 90)","2021-04-15","2021-07-14","T2M","variance",45.9502150070282
"KY10","c(0, 90)","2021-05-27","2021-08-25","PRECTOTCORR","mean",4.08105769230769
"KY11","c(0, 90)","2020-04-18","2020-07-17","PRECTOTCORR","mean",3.63586654589372
"KY12","c(0, 90)","2020-05-28","2020-08-26","PRECTOTCORR","mean",2.97140449438202
"KY13","c(0, 90)","2020-06-11","2020-09-09","PRECTOTCORR","mean",3.51124313186814
"KY14","c(0, 90)","2020-07-19","2020-10-17","PRECTOTCORR","mean",3.10919413919413
"KY15","c(0, 90)","2022-04-27","2022-07-26","PRECTOTCORR","mean",3.42815247252748
"KY16","c(0, 90)","2022-06-08","2022-09-06","PRECTOTCORR","mean",3.66764880952381
"KY17","c(0, 90)","2022-07-18","2022-10-16","PRECTOTCORR","mean",3.04330586080584
"KY18","c(0, 90)","2022-04-27","2022-07-26","PRECTOTCORR","mean",3.42815247252748
"KY19","c(0, 90)","2022-06-11","2022-09-09","PRECTOTCORR","mean",3.63341346153845
"KY1","c(0, 90)","2023-04-20","2023-07-19","PRECTOTCORR","mean",3.27956501831503
"KY20","c(0, 90)","2023-04-22","2023-07-21","PRECTOTCORR","mean",3.18981227106228
"KY2","c(0, 90)","2023-05-23","2023-08-21","PRECTOTCORR","mean",3.20372481684981
"KY3","c(0, 90)","2023-07-05","2023-10-03","PRECTOTCORR","mean",2.0964880952381
"KY4","c(0, 90)","2023-04-22","2023-07-21","PRECTOTCORR","mean",3.18981227106228
"KY5","c(0, 90)","2023-07-07","2023-10-05","PRECTOTCORR","mean",2.06394001831501
"KY6","c(0, 90)","2021-04-25","2021-07-24","PRECTOTCORR","mean",3.71879120879121
"KY7","c(0, 90)","2021-06-07","2021-09-05","PRECTOTCORR","mean",4.33816620879121
"KY8","c(0, 90)","2021-08-07","2021-11-05","PRECTOTCORR","mean",3.73565476190476
"KY9","c(0, 90)","2021-04-15","2021-07-14","PRECTOTCORR","mean",3.68138965201466
"KY10","c(0, 90)","2021-05-27","2021-08-25","PRECTOTCORR","maximum",301.9
"KY11","c(0, 90)","2020-04-18","2020-07-17","PRECTOTCORR","maximum",207.48
"KY12","c(0, 90)","2020-05-28","2020-08-26","PRECTOTCORR","maximum",158.82
"KY13","c(0, 90)","2020-06-11","2020-09-09","PRECTOTCORR","maximum",158.82
"KY14","c(0, 90)","2020-07-19","2020-10-17","PRECTOTCORR","maximum",163.39
"KY15","c(0, 90)","2022-04-27","2022-07-26","PRECTOTCORR","maximum",240.44
"KY16","c(0, 90)","2022-06-08","2022-09-06","PRECTOTCORR","maximum",210.36
"KY17","c(0, 90)","2022-07-18","2022-10-16","PRECTOTCORR","maximum",210.36
"KY18","c(0, 90)","2022-04-27","2022-07-26","PRECTOTCORR","maximum",240.44
"KY19","c(0, 90)","2022-06-11","2022-09-09","PRECTOTCORR","maximum",210.36
"KY1","c(0, 90)","2023-04-20","2023-07-19","PRECTOTCORR","maximum",263.75
"KY20","c(0, 90)","2023-04-22","2023-07-21","PRECTOTCORR","maximum",263.75
"KY2","c(0, 90)","2023-05-23","2023-08-21","PRECTOTCORR","maximum",263.75
"KY3","c(0, 90)","2023-07-05","2023-10-03","PRECTOTCORR","maximum",86.85
"KY4","c(0, 90)","2023-04-22","2023-07-21","PRECTOTCORR","maximum",263.75
"KY5","c(0, 90)","2023-07-07","2023-10-05","PRECTOTCORR","maximum",86.85
"KY6","c(0, 90)","2021-04-25","2021-07-24","PRECTOTCORR","maximum",171.3
"KY7","c(0, 90)","2021-06-07","2021-09-05","PRECTOTCORR","maximum",301.9
"KY8","c(0, 90)","2021-08-07","2021-11-05","PRECTOTCORR","maximum",261.2
"KY9","c(0, 90)","2021-04-15","2021-07-14","PRECTOTCORR","maximum",171.3
"KY10","c(0, 90)","2021-05-27","2021-08-25","PRECTOTCORR","minimum",0
"KY11","c(0, 90)","2020-04-18","2020-07-17","PRECTOTCORR","minimum",0
"KY12","c(0, 90)","2020-05-28","2020-08-26","PRECTOTCORR","minimum",0
"KY13","c(0, 90)","2020-06-11","2020-09-09","PRECTOTCORR","minimum",0
"KY14","c(0, 90)","2020-07-19","2020-10-17","PRECTOTCORR","minimum",0
"KY15","c(0, 90)","2022-04-27","2022-07-26","PRECTOTCORR","minimum",0
"KY16","c(0, 90)","2022-06-08","2022-09-06","PRECTOTCORR","minimum",0
"KY17","c(0, 90)","2022-07-18","2022-10-16","PRECTOTCORR","minimum",0
"KY18","c(0, 90)","2022-04-27","2022-07-26","PRECTOTCORR","minimum",0
"KY19","c(0, 90)","2022-06-11","2022-09-09","PRECTOTCORR","minimum",0
"KY1","c(0, 90)","2023-04-20","2023-07-19","PRECTOTCORR","minimum",0
"KY20","c(0, 90)","2023-04-22","2023-07-21","PRECTOTCORR","minimum",0
"KY2","c(0, 90)","2023-05-23","2023-08-21","PRECTOTCORR","minimum",0
"KY3","c(0, 90)","2023-07-05","2023-10-03","PRECTOTCORR","minimum",0
"KY4","c(0, 90)","2023-04-22","2023-07-21","PRECTOTCORR","minimum",0
"KY5","c(0, 90)","2023-07-07","2023-10-05","PRECTOTCORR","minimum",0
"KY6","c(0, 90)","2021-04-25","2021-07-24","PRECTOTCORR","minimum",0
"KY7","c(0, 90)","2021-06-07","2021-09-05","PRECTOTCORR","minimum",0
"KY8","c(0, 90)","2021-08-07","2021-11-05","PRECTOTCORR","minimum",0
"KY9","c(0, 90)","2021-04-15","2021-07-14","PRECTOTCORR","minimum",0
"KY10","c(0, 90)","2021-05-27","2021-08-25","PRECTOTCORR","variance",175.603571860189
"KY11","c(0, 90)","2020-04-18","2020-07-17","PRECTOTCORR","variance",135.079129360621
"KY12","c(0, 90)","2020-05-28","2020-08-26","PRECTOTCORR","variance",76.275677305792
"KY13","c(0, 90)","2020-06-11","2020-09-09","PRECTOTCORR","variance",98.8820654338867
"KY14","c(0, 90)","2020-07-19","2020-10-17","PRECTOTCORR","variance",112.53377081827
"KY15","c(0, 90)","2022-04-27","2022-07-26","PRECTOTCORR","variance",145.381567435414
"KY16","c(0, 90)","2022-06-08","2022-09-06","PRECTOTCORR","variance",100.890158862666
"KY17","c(0, 90)","2022-07-18","2022-10-16","PRECTOTCORR","variance",95.3536837791055
"KY18","c(0, 90)","2022-04-27","2022-07-26","PRECTOTCORR","variance",145.381567435414
"KY19","c(0, 90)","2022-06-11","2022-09-09","PRECTOTCORR","variance",100.867957134252
"KY1","c(0, 90)","2023-04-20","2023-07-19","PRECTOTCORR","variance",138.620284628702
"KY20","c(0, 90)","2023-04-22","2023-07-21","PRECTOTCORR","variance",129.569544640728
"KY2","c(0, 90)","2023-05-23","2023-08-21","PRECTOTCORR","variance",118.998884428037
"KY3","c(0, 90)","2023-07-05","2023-10-03","PRECTOTCORR","variance",43.7262940983254
"KY4","c(0, 90)","2023-04-22","2023-07-21","PRECTOTCORR","variance",129.569544640728
"KY5","c(0, 90)","2023-07-07","2023-10-05","PRECTOTCORR","variance",43.682635514607
"KY6","c(0, 90)","2021-04-25","2021-07-24","PRECTOTCORR","variance",128.612502637415
"KY7","c(0, 90)","2021-06-07","2021-09-05","PRECTOTCORR","variance",187.273118665291
"KY8","c(0, 90)","2021-08-07","2021-11-05","PRECTOTCORR","variance",127.516698907119
"KY9","c(0, 90)","2021-04-15","2021-07-14","PRECTOTCORR","variance",132.779390855233
"KY10","c(0, 90)","2021-05-27","2021-08-25","RH2M","mean",78.2144597069597
"KY11","c(0, 90)","2020-04-18","2020-07-17","RH2M","mean",80.5247916666667
"KY12","c(0, 90)","2020-05-28","2020-08-26","RH2M","mean",77.7840823970037
"KY13","c(0, 90)","2020-06-11","2020-09-09","RH2M","mean",76.9936217948718
"KY14","c(0, 90)","2020-07-19","2020-10-17","RH2M","mean",74.5428502747253
"KY15","c(0, 90)","2022-04-27","2022-07-26","RH2M","mean",75.6680471611722
"KY16","c(0, 90)","2022-06-08","2022-09-06","RH2M","mean",74.4698145604396
"KY17","c(0, 90)","2022-07-18","2022-10-16","RH2M","mean",71.0013301282051
"KY18","c(0, 90)","2022-04-27","2022-07-26","RH2M","mean",75.6680471611722
"KY19","c(0, 90)","2022-06-11","2022-09-09","RH2M","mean",74.271543040293
"KY1","c(0, 90)","2023-04-20","2023-07-19","RH2M","mean",74.1392445054945
"KY20","c(0, 90)","2023-04-22","2023-07-21","RH2M","mean",74.1656021062271
"KY2","c(0, 90)","2023-05-23","2023-08-21","RH2M","mean",71.413331043956
"KY3","c(0, 90)","2023-07-05","2023-10-03","RH2M","mean",68.973244047619
"KY4","c(0, 90)","2023-04-22","2023-07-21","RH2M","mean",74.1656021062271
"KY5","c(0, 90)","2023-07-07","2023-10-05","RH2M","mean",68.6259798534798
"KY6","c(0, 90)","2021-04-25","2021-07-24","RH2M","mean",79.3678960622711
"KY7","c(0, 90)","2021-06-07","2021-09-05","RH2M","mean",77.8851442307692
"KY8","c(0, 90)","2021-08-07","2021-11-05","RH2M","mean",77.5100297619048
"KY9","c(0, 90)","2021-04-15","2021-07-14","RH2M","mean",79.2574473443223
"KY10","c(0, 90)","2021-05-27","2021-08-25","RH2M","maximum",100
"KY11","c(0, 90)","2020-04-18","2020-07-17","RH2M","maximum",100
"KY12","c(0, 90)","2020-05-28","2020-08-26","RH2M","maximum",100
"KY13","c(0, 90)","2020-06-11","2020-09-09","RH2M","maximum",100
"KY14","c(0, 90)","2020-07-19","2020-10-17","RH2M","maximum",100
"KY15","c(0, 90)","2022-04-27","2022-07-26","RH2M","maximum",100
"KY16","c(0, 90)","2022-06-08","2022-09-06","RH2M","maximum",100
"KY17","c(0, 90)","2022-07-18","2022-10-16","RH2M","maximum",100
"KY18","c(0, 90)","2022-04-27","2022-07-26","RH2M","maximum",100
"KY19","c(0, 90)","2022-06-11","2022-09-09","RH2M","maximum",100
"KY1","c(0, 90)","2023-04-20","2023-07-19","RH2M","maximum",100
"KY20","c(0, 90)","2023-04-22","2023-07-21","RH2M","maximum",100
"KY2","c(0, 90)","2023-05-23","2023-08-21","RH2M","maximum",100
"KY3","c(0, 90)","2023-07-05","2023-10-03","RH2M","maximum",100
"KY4","c(0, 90)","2023-04-22","2023-07-21","RH2M","maximum",100
"KY5","c(0, 90)","2023-07-07","2023-10-05","RH2M","maximum",100
"KY6","c(0, 90)","2021-04-25","2021-07-24","RH2M","maximum",100
"KY7","c(0, 90)","2021-06-07","2021-09-05","RH2M","maximum",100
"KY8","c(0, 90)","2021-08-07","2021-11-05","RH2M","maximum",100
"KY9","c(0, 90)","2021-04-15","2021-07-14","RH2M","maximum",100
"KY10","c(0, 90)","2021-05-27","2021-08-25","RH2M","minimum",36.3
"KY11","c(0, 90)","2020-04-18","2020-07-17","RH2M","minimum",35.23
"KY12","c(0, 90)","2020-05-28","2020-08-26","RH2M","minimum",31.08
"KY13","c(0, 90)","2020-06-11","2020-09-09","RH2M","minimum",31.08
"KY14","c(0, 90)","2020-07-19","2020-10-17","RH2M","minimum",22.88
"KY15","c(0, 90)","2022-04-27","2022-07-26","RH2M","minimum",20.88
"KY16","c(0, 90)","2022-06-08","2022-09-06","RH2M","minimum",20.88
"KY17","c(0, 90)","2022-07-18","2022-10-16","RH2M","minimum",17.83
"KY18","c(0, 90)","2022-04-27","2022-07-26","RH2M","minimum",20.88
"KY19","c(0, 90)","2022-06-11","2022-09-09","RH2M","minimum",20.88
"KY1","c(0, 90)","2023-04-20","2023-07-19","RH2M","minimum",26.33
"KY20","c(0, 90)","2023-04-22","2023-07-21","RH2M","minimum",26.33
"KY2","c(0, 90)","2023-05-23","2023-08-21","RH2M","minimum",26.33
"KY3","c(0, 90)","2023-07-05","2023-10-03","RH2M","minimum",22.82
"KY4","c(0, 90)","2023-04-22","2023-07-21","RH2M","minimum",26.33
"KY5","c(0, 90)","2023-07-07","2023-10-05","RH2M","minimum",22.82
"KY6","c(0, 90)","2021-04-25","2021-07-24","RH2M","minimum",34.68
"KY7","c(0, 90)","2021-06-07","2021-09-05","RH2M","minimum",36.3
"KY8","c(0, 90)","2021-08-07","2021-11-05","RH2M","minimum",30.79
"KY9","c(0, 90)","2021-04-15","2021-07-14","RH2M","minimum",34.68
"KY10","c(0, 90)","2021-05-27","2021-08-25","RH2M","variance",260.685372641381
"KY11","c(0, 90)","2020-04-18","2020-07-17","RH2M","variance",226.946193312066
"KY12","c(0, 90)","2020-05-28","2020-08-26","RH2M","variance",260.603616999063
"KY13","c(0, 90)","2020-06-11","2020-09-09","RH2M","variance",273.12473476144
"KY14","c(0, 90)","2020-07-19","2020-10-17","RH2M","variance",346.382085187561
"KY15","c(0, 90)","2022-04-27","2022-07-26","RH2M","variance",326.783936899996
"KY16","c(0, 90)","2022-06-08","2022-09-06","RH2M","variance",344.819857465033
"KY17","c(0, 90)","2022-07-18","2022-10-16","RH2M","variance",420.234625182497
"KY18","c(0, 90)","2022-04-27","2022-07-26","RH2M","variance",326.783936899996
"KY19","c(0, 90)","2022-06-11","2022-09-09","RH2M","variance",351.740394916398
"KY1","c(0, 90)","2023-04-20","2023-07-19","RH2M","variance",352.910815092025
"KY20","c(0, 90)","2023-04-22","2023-07-21","RH2M","variance",353.021892286802
"KY2","c(0, 90)","2023-05-23","2023-08-21","RH2M","variance",366.942775597278
"KY3","c(0, 90)","2023-07-05","2023-10-03","RH2M","variance",383.375666162548
"KY4","c(0, 90)","2023-04-22","2023-07-21","RH2M","variance",353.021892286802
"KY5","c(0, 90)","2023-07-07","2023-10-05","RH2M","variance",384.3130703472
"KY6","c(0, 90)","2021-04-25","2021-07-24","RH2M","variance",259.087946912025
"KY7","c(0, 90)","2021-06-07","2021-09-05","RH2M","variance",264.838910673034
"KY8","c(0, 90)","2021-08-07","2021-11-05","RH2M","variance",296.479159353363
"KY9","c(0, 90)","2021-04-15","2021-07-14","RH2M","variance",261.914220846782
